time[s], wr_x[mm], wr_y[mm] 
0.0001,2136.7280,2358.9144,-81.6502
0.0568,2136.7378,2358.9302,-81.6682
0.0636,2136.7157,2358.9607,-81.6455
0.0678,2136.7212,2358.8948,-81.6391
0.0773,2136.7706,2358.9481,-81.7456
0.0962,2136.9854,2358.8434,-82.2782
0.0981,2137.0956,2358.8226,-83.0937
0.1042,2137.3837,2358.8771,-84.2012
0.1151,2137.9640,2359.0393,-85.5950
0.1241,2138.3131,2359.0664,-87.1725
0.1341,2138.8896,2359.1794,-88.9544
0.1442,2139.6221,2359.2667,-90.8996
0.1545,2140.0115,2359.3508,-92.9824
0.1646,2140.9781,2359.4205,-95.2966
0.1752,2141.6963,2359.5659,-97.5124
0.1854,2142.4672,2359.5272,-100.0229
0.1987,2143.3568,2359.5320,-102.3536
0.2046,2144.2416,2359.4210,-104.8495
0.2146,2144.9474,2359.1473,-107.4246
0.2253,2145.6437,2358.9606,-110.0209
0.2357,2146.5176,2358.7441,-112.8266
0.2457,2147.4392,2358.5883,-112.8266
0.2561,2148.5544,2358.3132,-112.8266
0.2650,2149.3486,2357.9581,-112.8266
0.2763,2150.0905,2357.4371,-112.8266
0.2861,2150.5187,2356.8704,-112.8266
0.2968,2151.4587,2356.2867,-112.8266
0.3042,2152.6342,2355.7207,-112.8266
0.3147,2153.6721,2355.1089,-112.8266
0.3246,2154.3831,2354.3866,-112.8266
0.3348,2154.6956,2353.8171,-112.8266
0.3447,2154.7538,2353.4677,-112.8266
0.3545,2154.9196,2353.1940,-112.8266
0.3644,2154.9828,2353.2473,-112.8266
0.3740,2154.8920,2353.3411,-112.8266
0.3846,2154.8838,2353.4435,-112.8266
0.3945,2154.9600,2353.4397,-112.8266
0.4047,2155.0649,2353.3809,-112.8266
0.4142,2155.0718,2353.3954,-112.8266
0.4243,2155.0173,2353.4401,-112.8266
0.4353,2154.9875,2353.4584,-112.8266
0.4458,2155.0485,2353.4565,-112.8266
0.4555,2155.1094,2353.4556,-112.8266
0.4647,2155.0938,2353.4814,-112.8266
0.4741,2155.0874,2353.4948,-112.8266
0.4845,2155.1128,2353.4784,-112.8266
0.4946,2155.1312,2353.5179,-112.8266
0.5049,2155.1207,2353.4685,-112.8266
0.5150,2155.1171,2353.5059,-112.8266
0.5245,2155.1288,2353.5259,-112.8266
0.5350,2155.1312,2353.4857,-112.8266
0.5460,2155.0974,2353.5204,-112.8266
0.5546,2155.1057,2353.4607,-112.8266
0.5648,2155.0981,2353.4972,-112.8266
0.5756,2155.0897,2353.5059,-112.8266
0.5849,2155.1268,2353.5006,-112.8266
0.5940,2155.0979,2353.5266,-112.8266
0.6041,2155.1176,2353.4890,-112.8266
0.6148,2155.1390,2353.5439,-112.8266
0.6248,2155.1327,2353.5029,-112.8266
0.6342,2155.1201,2353.5314,-112.8266
0.6453,2155.1071,2353.5107,-112.8266
0.6554,2155.0966,2353.4763,-112.8266
0.6650,2155.1083,2353.4994,-112.8266
0.6744,2155.0988,2353.4996,-112.8266
0.6846,2155.0974,2353.5005,-112.8266
0.6952,2155.1183,2353.5522,-112.8266
0.7066,2155.1160,2353.5013,-112.8266
0.7149,2155.1112,2353.5150,-112.8266
0.7241,2155.1035,2353.4922,-112.8266
0.7346,2155.1133,2353.4919,-112.8266
0.7444,2155.1042,2353.4785,-112.8266
0.7542,2155.0959,2353.5012,-112.8266
0.7650,2155.1173,2353.5465,-112.8266
0.7742,2155.1097,2353.5002,-112.8266
0.7848,2155.0923,2353.5109,-112.8266
0.7949,2155.0829,2353.4934,-112.8266
0.8046,2155.1265,2353.5048,-112.8266
0.8145,2155.1083,2353.4917,-112.8266
0.8242,2155.1093,2353.5049,-112.8266
0.8346,2155.1271,2353.5178,-112.8266
0.8442,2155.1075,2353.5187,-112.8266
0.8557,2155.0829,2353.4426,-112.8266
0.8642,2155.0178,2353.4021,-112.8266
0.8746,2154.8636,2353.2145,-112.8266
0.8842,2154.6483,2353.0321,-112.8266
0.8944,2154.4047,2352.8262,-112.8266
0.9047,2154.1897,2352.5870,-112.8266
0.9143,2153.9612,2352.4122,-112.8266
0.9249,2153.8478,2352.2422,-112.8266
0.9339,2153.7946,2352.2551,-112.8266
0.9443,2153.8020,2352.2256,-112.8266
0.9548,2153.7921,2352.2095,-112.8266
0.9647,2153.6979,2352.0687,-112.8266
0.9748,2153.3068,2351.7267,-112.8266
0.9846,2152.7848,2351.2250,-112.8266
0.9944,2152.2562,2350.7203,-112.8266
1.0047,2151.7896,2350.2898,-112.8266
1.0143,2151.3285,2349.8394,-112.8266
1.0247,2150.8297,2349.3654,-112.8266
1.0346,2150.4337,2348.9702,-112.8266
1.0446,2149.9667,2348.5062,-112.8266
1.0551,2149.5026,2348.0532,-112.8266
1.0645,2148.8994,2347.4597,-112.8266
1.0753,2148.2625,2346.8212,-112.8266
1.0857,2147.6295,2346.1632,-112.8266
1.0955,2147.0054,2345.5444,-112.8266
1.1057,2146.3834,2344.9811,-112.8266
1.1142,2145.7640,2344.3796,-112.8266
1.1246,2145.2148,2343.8231,-112.8266
1.1346,2144.6686,2343.2698,-112.8266
1.1445,2144.1930,2342.7264,-112.8266
1.1546,2143.7133,2342.2474,-112.8266
1.1640,2143.1865,2341.7291,-112.8266
1.1747,2142.6276,2341.1552,-112.8266
1.1846,2142.0251,2340.5774,-112.8266
1.1942,2141.4087,2339.9025,-112.8266
1.2044,2140.7869,2339.3140,-112.8266
1.2148,2140.1385,2338.7228,-112.8266
1.2242,2139.5790,2338.1864,-112.8266
1.2346,2139.0774,2337.6345,-112.8266
1.2450,2138.5931,2337.1058,-112.8266
1.2547,2138.0748,2336.6350,-112.8266
1.2643,2137.5472,2336.1072,-112.8266
1.2746,2136.9734,2335.5276,-112.8266
1.2854,2136.4108,2334.9287,-112.8266
1.2955,2135.8219,2334.3359,-112.8266
1.3053,2135.2479,2333.7645,-112.8266
1.3147,2134.6602,2333.1903,-112.8266
1.3244,2134.0817,2332.6436,-112.8266
1.3343,2133.5729,2332.1624,-112.8266
1.3442,2133.0253,2331.6066,-112.8266
1.3543,2132.5055,2331.1886,-112.8266
1.3647,2131.9772,2330.7103,-112.8266
1.3744,2131.5425,2330.2953,-112.8266
1.3848,2131.0470,2329.7877,-112.8266
1.3948,2130.4604,2329.2277,-112.8266
1.4049,2129.8802,2328.7147,-112.8266
1.4145,2129.3069,2328.1520,-112.8266
1.4243,2128.7540,2327.6249,-112.8266
1.4345,2128.1838,2327.0924,-112.8266
1.4448,2127.6241,2326.5542,-112.8266
1.4553,2127.1097,2326.0990,-112.8266
1.4653,2126.6843,2325.5880,-112.8266
1.4760,2126.2089,2325.0835,-112.8266
1.4843,2125.6992,2324.5559,-112.8266
1.4958,2125.1642,2324.0538,-112.8266
1.5050,2124.6289,2323.5388,-112.8266
1.5150,2124.1273,2322.9913,-112.8266
1.5254,2123.5780,2322.4816,-112.8266
1.5351,2123.0721,2321.9669,-112.8266
1.5443,2122.5258,2321.4385,-112.8266
1.5544,2121.9780,2320.9111,-112.8266
1.5653,2121.4386,2320.3260,-112.8266
1.5744,2120.9351,2319.8677,-112.8266
1.5851,2120.4633,2319.3765,-112.8266
1.5944,2120.0145,2318.9182,-112.8266
1.6049,2119.5382,2318.4249,-112.8266
1.6159,2118.9960,2317.9070,-112.8266
1.6241,2118.4710,2317.3610,-112.8266
1.6342,2117.9694,2316.8710,-112.8266
1.6444,2117.4682,2316.3453,-112.8266
1.6546,2116.9380,2315.8472,-112.8266
1.6640,2116.4218,2315.3307,-112.8266
1.6747,2115.9005,2314.8253,-112.8266
1.6845,2115.3552,2314.2479,-112.8266
1.6940,2114.8612,2313.7424,-112.8266
1.7046,2114.4100,2313.2427,-112.8266
1.7153,2113.9470,2312.7184,-112.8266
1.7257,2113.4730,2312.2904,-112.8266
1.7356,2112.9739,2311.7982,-112.8266
1.7443,2112.4567,2311.2980,-112.8266
1.7544,2111.9317,2310.7693,-112.8266
1.7642,2111.4017,2310.1926,-112.8266
1.7744,2110.8293,2309.6843,-112.8266
1.7846,2110.2744,2309.0878,-112.8266
1.7955,2109.7486,2308.4899,-112.8266
1.8046,2109.2274,2307.9053,-112.8266
1.8145,2108.7415,2307.4056,-112.8266
1.8247,2108.2623,2306.8895,-112.8266
1.8344,2107.7858,2306.3965,-112.8266
1.8442,2107.3138,2305.9414,-112.8266
1.8545,2106.8358,2305.3845,-112.8266
1.8647,2106.3174,2304.9291,-112.8266
1.8746,2105.7905,2304.4205,-112.8266
1.8848,2105.2918,2303.8876,-112.8266
1.8945,2104.8176,2303.4187,-112.8266
1.9043,2104.2013,2302.8535,-112.8266
1.9146,2103.6537,2302.2872,-112.8266
1.9255,2103.1154,2301.7297,-112.8266
1.9349,2102.6495,2301.1799,-112.8266
1.9443,2102.1951,2300.6924,-112.8266
1.9556,2101.7350,2300.1753,-112.8266
1.9667,2101.2457,2299.7335,-112.8266
1.9761,2100.7112,2299.2023,-112.8266
1.9843,2100.1584,2298.6674,-112.8266
1.9946,2099.6508,2298.1597,-112.8266
2.0046,2099.1039,2297.6067,-112.8266
2.0153,2098.5497,2297.0724,-112.8266
2.0246,2098.0057,2296.5210,-112.8266
2.0361,2097.4370,2295.9553,-112.8266
2.0441,2096.9099,2295.3368,-112.8266
2.0547,2096.4099,2294.7437,-112.8266
2.0644,2095.8764,2294.2003,-112.8266
2.0743,2095.3814,2293.7439,-112.8266
2.0846,2094.9181,2293.2465,-112.8266
2.0945,2094.4480,2292.8112,-112.8266
2.1043,2093.9581,2292.2848,-112.8266
2.1142,2093.4148,2291.7850,-112.8266
2.1241,2092.9116,2291.2462,-112.8266
2.1348,2092.3555,2290.7307,-112.8266
2.1443,2091.8235,2290.2007,-112.8266
2.1557,2091.3287,2289.6754,-112.8266
2.1679,2090.7936,2289.1729,-112.8266
2.1744,2090.3887,2288.6874,-112.8266
2.1842,2089.9717,2288.2163,-112.8266
2.1943,2089.5161,2287.7928,-112.8266
2.2047,2089.0370,2287.3062,-112.8266
2.2149,2088.5444,2286.8734,-112.8266
2.2242,2088.0327,2286.3802,-112.8266
2.2349,2087.5811,2285.9302,-112.8266
2.2442,2087.0995,2285.4712,-112.8266
2.2544,2086.5827,2284.9795,-112.8266
2.2645,2086.0664,2284.4866,-112.8266
2.2750,2085.5729,2283.9893,-112.8266
2.2848,2085.0231,2283.4503,-112.8266
2.2945,2084.5072,2282.9447,-112.8266
2.3044,2084.0896,2282.4260,-112.8266
2.3148,2083.6684,2282.0082,-112.8266
2.3260,2083.2427,2281.5492,-112.8266
2.3347,2082.7556,2281.1057,-112.8266
2.3446,2082.2697,2280.6422,-112.8266
2.3545,2081.7383,2280.0920,-112.8266
2.3640,2081.2249,2279.6200,-112.8266
2.3743,2080.7369,2279.0886,-112.8266
2.3842,2080.2159,2278.6504,-112.8266
2.3945,2079.6621,2278.1237,-112.8266
2.4046,2079.1274,2277.4889,-112.8266
2.4145,2078.6066,2276.9224,-112.8266
2.4253,2078.1738,2276.3848,-112.8266
2.4346,2077.7344,2275.9554,-112.8266
2.4442,2077.2913,2275.4980,-112.8266
2.4551,2076.8622,2275.0691,-112.8266
2.4643,2076.3500,2274.5869,-112.8266
2.4746,2075.8831,2274.1056,-112.8266
2.4843,2075.3934,2273.5785,-112.8266
2.4943,2074.8748,2273.0695,-112.8266
2.5044,2074.3552,2272.5360,-112.8266
2.5153,2073.7631,2271.9961,-112.8266
2.5248,2073.2441,2271.4340,-112.8266
2.5345,2072.7922,2270.9382,-112.8266
2.5443,2072.3381,2270.4534,-112.8266
2.5541,2071.9175,2269.9884,-112.8266
2.5642,2071.5107,2269.5891,-112.8266
2.5744,2071.0498,2269.1027,-112.8266
2.5842,2070.6731,2268.7253,-112.8266
2.5943,2070.1735,2268.2521,-112.8266
2.6044,2069.6205,2267.7245,-112.8266
2.6160,2069.0913,2267.1851,-112.8266
2.6264,2068.5982,2266.6925,-112.8266
2.6363,2068.0712,2266.1763,-112.8266
2.6460,2067.5333,2265.6964,-112.8266
2.6547,2067.1042,2265.2295,-112.8266
2.6649,2066.7000,2264.7307,-112.8266
2.6753,2066.2905,2264.2701,-112.8266
2.6850,2065.9305,2263.8917,-112.8266
2.6942,2065.5219,2263.4371,-112.8266
2.7051,2065.0569,2262.9429,-112.8266
2.7144,2064.5799,2262.4580,-112.8266
2.7243,2064.1018,2261.9602,-112.8266
2.7345,2063.5410,2261.4504,-112.8266
2.7443,2063.0153,2260.9016,-112.8266
2.7547,2062.5198,2260.4507,-112.8266
2.7647,2061.9272,2259.8843,-112.8266
2.7745,2061.4094,2259.3604,-112.8266
2.7848,2060.9354,2258.8705,-112.8266
2.7945,2060.5267,2258.4132,-112.8266
2.8046,2060.1506,2257.9629,-112.8266
2.8142,2059.7648,2257.4985,-112.8266
2.8243,2059.2712,2257.0283,-112.8266
2.8344,2058.7612,2256.5242,-112.8266
2.8440,2058.2893,2256.0331,-112.8266
2.8544,2057.7202,2255.5262,-112.8266
2.8644,2057.2064,2255.0212,-112.8266
2.8746,2056.7099,2254.5245,-112.8266
2.8855,2056.1528,2253.9993,-112.8266
2.8941,2055.6229,2253.4742,-112.8266
2.9053,2055.1151,2252.9436,-112.8266
2.9144,2054.6470,2252.4075,-112.8266
2.9245,2054.2349,2251.9614,-112.8266
2.9356,2053.8065,2251.4427,-112.8266
2.9444,2053.3779,2250.9839,-112.8266
2.9547,2052.9180,2250.5265,-112.8266
2.9641,2052.3979,2250.0204,-112.8266
2.9748,2051.8912,2249.5624,-112.8266
2.9846,2051.3522,2249.0233,-112.8266
2.9947,2050.8521,2248.5015,-112.8266
3.0043,2050.2897,2248.0181,-112.8266
3.0146,2049.7213,2247.4355,-112.8266
3.0242,2049.2221,2246.9303,-112.8266
3.0342,2048.7169,2246.3370,-112.8266
3.0444,2048.3073,2245.7686,-112.8266
3.0543,2047.8919,2245.3287,-112.8266
3.0645,2047.4399,2244.8557,-112.8266
3.0755,2047.0211,2244.3866,-112.8266
3.0842,2046.5460,2243.9067,-112.8266
3.0942,2046.0992,2243.5122,-112.8266
3.1040,2045.5377,2242.9723,-112.8266
3.1145,2045.0199,2242.4501,-112.8266
3.1245,2044.4819,2241.9205,-112.8266
3.1343,2043.9174,2241.3198,-112.8266
3.1444,2043.4195,2240.7522,-112.8266
3.1546,2042.9027,2240.2124,-112.8266
3.1644,2042.4422,2239.6200,-112.8266
3.1747,2042.0657,2239.1644,-112.8266
3.1850,2041.5959,2238.6670,-112.8266
3.1940,2041.1671,2238.2205,-112.8266
3.2045,2040.7442,2237.7570,-112.8266
3.2147,2040.2721,2237.2789,-112.8266
3.2245,2039.6878,2236.7408,-112.8266
3.2357,2039.1686,2236.2074,-112.8266
3.2462,2038.6030,2235.6980,-112.8266
3.2541,2038.0994,2235.1725,-112.8266
3.2640,2037.5944,2234.5663,-112.8266
3.2745,2037.0903,2234.0044,-112.8266
3.2844,2036.6140,2233.4584,-112.8266
3.2946,2036.2224,2232.9476,-112.8266
3.3052,2035.7784,2232.4796,-112.8266
3.3155,2035.3813,2232.0026,-112.8266
3.3244,2034.9648,2231.5562,-112.8266
3.3342,2034.5092,2231.1003,-112.8266
3.3442,2034.0328,2230.6143,-112.8266
3.3546,2033.4459,2230.0273,-112.8266
3.3640,2032.8799,2229.4913,-112.8266
3.3742,2032.3287,2228.9808,-112.8266
3.3849,2031.7664,2228.3468,-112.8266
3.3944,2031.2930,2227.8167,-112.8266
3.4044,2030.7720,2227.2251,-112.8266
3.4139,2030.3757,2226.7333,-112.8266
3.4242,2029.9260,2226.2993,-112.8266
3.4348,2029.5255,2225.8085,-112.8266
3.4443,2029.0801,2225.3319,-112.8266
3.4558,2028.6223,2224.8380,-112.8266
3.4642,2028.1677,2224.4071,-112.8266
3.4743,2027.6221,2223.8466,-112.8266
3.4845,2027.1120,2223.2905,-112.8266
3.4951,2026.5671,2222.8107,-112.8266
3.5048,2025.9681,2222.1742,-112.8266
3.5148,2025.4545,2221.6036,-112.8266
3.5265,2024.9987,2221.0743,-112.8266
3.5344,2024.5308,2220.5226,-112.8266
3.5450,2024.0909,2220.0221,-112.8266
3.5549,2023.6428,2219.5468,-112.8266
3.5643,2023.1313,2219.0197,-112.8266
3.5749,2022.5834,2218.5410,-112.8266
3.5846,2022.1000,2218.0735,-112.8266
3.5943,2021.5690,2217.5463,-112.8266
3.6044,2021.0641,2217.0308,-112.8266
3.6144,2020.5311,2216.5083,-112.8266
3.6248,2019.9315,2215.9564,-112.8266
3.6361,2019.4461,2215.3995,-112.8266
3.6443,2018.9611,2214.8401,-112.8266
3.6544,2018.5068,2214.2621,-112.8266
3.6642,2018.0421,2213.8312,-112.8266
3.6743,2017.5581,2213.3210,-112.8266
3.6844,2017.0851,2212.8162,-112.8266
3.6944,2016.5779,2212.3336,-112.8266
3.7045,2016.0722,2211.8330,-112.8266
3.7142,2015.5491,2211.3311,-112.8266
3.7262,2015.0837,2210.8870,-112.8266
3.7343,2014.5040,2210.3469,-112.8266
3.7441,2013.9686,2209.8259,-112.8266
3.7544,2013.4258,2209.2721,-112.8266
3.7644,2012.9442,2208.7161,-112.8266
3.7745,2012.4315,2208.1066,-112.8266
3.7840,2012.0358,2207.6593,-112.8266
3.7952,2011.5845,2207.2480,-112.8266
3.8046,2011.1733,2206.7581,-112.8266
3.8145,2010.7587,2206.3684,-112.8266
3.8250,2010.2883,2205.9229,-112.8266
3.8350,2009.7976,2205.4880,-112.8266
3.8443,2009.2764,2204.9978,-112.8266
3.8554,2008.8007,2204.5126,-112.8266
3.8652,2008.2490,2204.0266,-112.8266
3.8747,2007.7194,2203.4447,-112.8266
3.8843,2007.2362,2202.9147,-112.8266
3.8941,2006.7499,2202.3578,-112.8266
3.9045,2006.3484,2201.8669,-112.8266
3.9144,2005.9476,2201.4556,-112.8266
3.9241,2005.5316,2200.9840,-112.8266
3.9348,2005.0984,2200.5022,-112.8266
3.9447,2004.6431,2200.0531,-112.8266
3.9552,2004.1984,2199.5920,-112.8266
3.9654,2003.6721,2199.0907,-112.8266
3.9743,2003.1901,2198.6119,-112.8266
3.9847,2002.6447,2198.1124,-112.8266
3.9943,2002.1033,2197.5555,-112.8266
4.0067,2001.5743,2196.9882,-112.8266
4.0145,2001.0730,2196.5028,-112.8266
4.0246,2000.6466,2195.9321,-112.8266
4.0341,2000.2571,2195.4891,-112.8266
4.0447,1999.8523,2195.0631,-112.8266
4.0546,1999.4362,2194.5829,-112.8266
4.0639,1998.9722,2194.0874,-112.8266
4.0744,1998.5519,2193.6061,-112.8266
4.0848,1998.0339,2193.0621,-112.8266
4.0942,1997.5743,2192.5952,-112.8266
4.1047,1997.0771,2192.1445,-112.8266
4.1143,1996.4830,2191.5739,-112.8266
4.1245,1996.0032,2191.0238,-112.8266
4.1347,1995.5583,2190.4733,-112.8266
4.1453,1995.1423,2189.9991,-112.8266
4.1545,1994.6865,2189.5421,-112.8266
4.1654,1994.2845,2189.1565,-112.8266
4.1764,1993.8593,2188.7062,-112.8266
4.1863,1993.4424,2188.2540,-112.8266
4.1941,1993.0043,2187.7815,-112.8266
4.2055,1992.5364,2187.3730,-112.8266
4.2143,1992.0134,2186.9197,-112.8266
4.2240,1991.5018,2186.4264,-112.8266
4.2348,1990.9456,2185.9510,-112.8266
4.2455,1990.4025,2185.3762,-112.8266
4.2543,1989.8749,2184.7899,-112.8266
4.2656,1989.4146,2184.2202,-112.8266
4.2763,1988.9743,2183.6754,-112.8266
4.2845,1988.5292,2183.1854,-112.8266
4.2945,1988.1027,2182.6835,-112.8266
4.3045,1987.7047,2182.2456,-112.8266
4.3146,1987.2989,2181.7438,-112.8266
4.3247,1986.8718,2181.2825,-112.8266
4.3347,1986.3563,2180.8198,-112.8266
4.3447,1985.8011,2180.3092,-112.8266
4.3555,1985.2255,2179.7941,-112.8266
4.3645,1984.6249,2179.2157,-112.8266
4.3746,1984.1056,2178.6481,-112.8266
4.3845,1983.6241,2178.0457,-112.8266
4.3946,1983.2372,2177.4902,-112.8266
4.4045,1982.7898,2177.0277,-112.8266
4.4143,1982.3534,2176.5471,-112.8266
4.4242,1981.9253,2176.0703,-112.8266
4.4343,1981.5244,2175.6239,-112.8266
4.4444,1981.0428,2175.1302,-112.8266
4.4561,1980.5641,2174.6570,-112.8266
4.4640,1980.0535,2174.1112,-112.8266
4.4747,1979.4143,2173.5940,-112.8266
4.4848,1978.9172,2173.0416,-112.8266
4.4942,1978.3744,2172.4160,-112.8266
4.5041,1977.9002,2171.8417,-112.8266
4.5139,1977.4600,2171.2806,-112.8266
4.5244,1976.9958,2170.7698,-112.8266
4.5340,1976.5646,2170.2815,-112.8266
4.5443,1976.1481,2169.8049,-112.8266
4.5545,1975.7497,2169.4032,-112.8266
4.5643,1975.3190,2168.9498,-112.8266
4.5741,1974.8397,2168.4614,-112.8266
4.5846,1974.3264,2167.9709,-112.8266
4.5942,1973.7688,2167.4838,-112.8266
4.6047,1973.1936,2166.9299,-112.8266
4.6153,1972.6898,2166.3152,-112.8266
4.6251,1972.2025,2165.7612,-112.8266
4.6347,1971.7529,2165.1829,-112.8266
4.6441,1971.3071,2164.6346,-112.8266
4.6543,1970.8250,2164.1428,-112.8266
4.6644,1970.3940,2163.6510,-112.8266
4.6747,1969.9666,2163.1863,-112.8266
4.6842,1969.5328,2162.7152,-112.8266
4.6948,1969.0837,2162.1971,-112.8266
4.7043,1968.6236,2161.7352,-112.8266
4.7142,1968.1180,2161.2422,-112.8266
4.7252,1967.5321,2160.7274,-112.8266
4.7348,1966.9863,2160.0939,-112.8266
4.7442,1966.4606,2159.5388,-112.8266
4.7540,1965.9642,2158.9285,-112.8266
4.7640,1965.5095,2158.3235,-112.8266
4.7745,1965.0370,2157.7644,-112.8266
4.7848,1964.5572,2157.1859,-112.8266
4.7945,1964.0946,2156.6615,-112.8266
4.8047,1963.6276,2156.1761,-112.8266
4.8144,1963.1371,2155.6667,-112.8266
4.8248,1962.6580,2155.2045,-112.8266
4.8347,1962.1887,2154.7122,-112.8266
4.8446,1961.6432,2154.2299,-112.8266
4.8556,1961.0935,2153.6218,-112.8266
4.8650,1960.6172,2153.0393,-112.8266
4.8744,1960.1257,2152.5032,-112.8266
4.8850,1959.6596,2151.9242,-112.8266
4.8943,1959.2838,2151.4924,-112.8266
4.9041,1958.8385,2150.9677,-112.8266
4.9148,1958.4026,2150.4604,-112.8266
4.9243,1957.9200,2149.9552,-112.8266
4.9346,1957.4359,2149.4777,-112.8266
4.9452,1956.9462,2148.9708,-112.8266
4.9551,1956.4017,2148.4270,-112.8266
4.9643,1955.8240,2147.9197,-112.8266
4.9742,1955.2625,2147.3698,-112.8266
4.9842,1954.7479,2146.7277,-112.8266
4.9941,1954.2656,2146.1815,-112.8266
5.0041,1953.7735,2145.6216,-112.8266
5.0144,1953.3164,2145.0190,-112.8266
5.0247,1952.8562,2144.4701,-112.8266
5.0341,1952.3658,2143.9192,-112.8266
5.0444,1951.9116,2143.4093,-112.8266
5.0544,1951.4208,2142.9070,-112.8266
5.0658,1950.9318,2142.4076,-112.8266
5.0742,1950.3976,2141.9163,-112.8266
5.0861,1949.8652,2141.3804,-112.8266
5.0945,1949.3398,2140.8903,-112.8266
5.1045,1948.8643,2140.2770,-112.8266
5.1145,1948.4257,2139.7341,-112.8266
5.1247,1947.9529,2139.1774,-112.8266
5.1349,1947.4824,2138.6326,-112.8266
5.1439,1946.9661,2138.1571,-112.8266
5.1545,1946.5080,2137.6218,-112.8266
5.1643,1946.0585,2137.2162,-112.8266
5.1748,1945.6246,2136.7104,-112.8266
5.1844,1945.1661,2136.2240,-112.8266
5.1946,1944.6635,2135.7668,-112.8266
5.2049,1944.1281,2135.2507,-112.8266
5.2144,1943.5961,2134.7585,-112.8266
5.2254,1943.1169,2134.2068,-112.8266
5.2345,1942.6815,2133.6797,-112.8266
5.2443,1942.2192,2133.1593,-112.8266
5.2544,1941.7614,2132.6196,-112.8266
5.2652,1941.3088,2132.1118,-112.8266
5.2741,1940.8674,2131.5963,-112.8266
5.2843,1940.4197,2131.1504,-112.8266
5.2940,1939.9573,2130.7213,-112.8266
5.3061,1939.5284,2130.2465,-112.8266
5.3149,1939.1108,2129.8146,-112.8266
5.3242,1938.6114,2129.3301,-112.8266
5.3350,1938.1268,2128.8260,-112.8266
5.3446,1937.6340,2128.2816,-112.8266
5.3543,1937.1680,2127.7285,-112.8266
5.3641,1936.6958,2127.2283,-112.8266
5.3752,1936.2455,2126.6650,-112.8266
5.3859,1935.7687,2126.1176,-112.8266
5.3945,1935.3002,2125.5833,-112.8266
5.4043,1934.8334,2125.0403,-112.8266
5.4149,1934.3528,2124.5875,-112.8266
5.4244,1933.9161,2124.1088,-112.8266
5.4350,1933.4732,2123.6245,-112.8266
5.4450,1933.0059,2123.1528,-112.8266
5.4575,1932.5127,2122.6328,-112.8266
5.4640,1931.9902,2122.0892,-112.8266
5.4745,1931.5516,2121.5175,-112.8266
5.4840,1931.1046,2120.9892,-112.8266
5.4943,1930.6163,2120.4612,-112.8266
5.5049,1930.1555,2119.8818,-112.8266
5.5143,1929.7029,2119.3763,-112.8266
5.5247,1929.2239,2118.8530,-112.8266
5.5352,1928.7903,2118.3937,-112.8266
5.5463,1928.3387,2117.9408,-112.8266
5.5556,1927.8964,2117.4448,-112.8266
5.5656,1927.4365,2117.0032,-112.8266
5.5757,1926.9872,2116.5125,-112.8266
5.5843,1926.4510,2116.0675,-112.8266
5.5944,1925.9824,2115.5250,-112.8266
5.6044,1925.5336,2114.9991,-112.8266
5.6141,1925.0792,2114.4630,-112.8266
5.6243,1924.5953,2113.8580,-112.8266
5.6347,1924.1040,2113.3633,-112.8266
5.6457,1923.6385,2112.8071,-112.8266
5.6543,1923.1661,2112.3409,-112.8266
5.6648,1922.7363,2111.9026,-112.8266
5.6749,1922.3146,2111.4319,-112.8266
5.6849,1921.8559,2110.9924,-112.8266
5.6940,1921.4111,2110.4706,-112.8266
5.7048,1920.9301,2109.9825,-112.8266
5.7140,1920.4572,2109.4807,-112.8266
5.7240,1919.9977,2108.9411,-112.8266
5.7341,1919.5191,2108.4675,-112.8266
5.7446,1919.0558,2107.8671,-112.8266
5.7542,1918.5643,2107.3121,-112.8266
5.7647,1918.0661,2106.7856,-112.8266
5.7747,1917.6013,2106.2563,-112.8266
5.7846,1917.1370,2105.8170,-112.8266
5.7944,1916.6933,2105.3309,-112.8266
5.8043,1916.2630,2104.8570,-112.8266
5.8140,1915.8057,2104.3802,-112.8266
5.8246,1915.3398,2103.8811,-112.8266
5.8345,1914.8430,2103.3998,-112.8266
5.8443,1914.3589,2102.8942,-112.8266
5.8541,1913.9327,2102.4044,-112.8266
5.8644,1913.5009,2101.8852,-112.8266
5.8745,1913.0461,2101.3768,-112.8266
5.8849,1912.5601,2100.8270,-112.8266
5.8939,1912.1047,2100.2769,-112.8266
5.9046,1911.6319,2099.7936,-112.8266
5.9145,1911.1577,2099.2880,-112.8266
5.9255,1910.7090,2098.8083,-112.8266
5.9362,1910.2411,2098.3787,-112.8266
5.9462,1909.7334,2097.8646,-112.8266
5.9549,1909.2561,2097.3425,-112.8266
5.9660,1908.7852,2096.8310,-112.8266
5.9762,1908.3633,2096.2819,-112.8266
5.9851,1907.8793,2095.7688,-112.8266
5.9946,1907.4438,2095.2194,-112.8266
6.0043,1906.9639,2094.6757,-112.8266
6.0159,1906.4841,2094.0640,-112.8266
6.0260,1905.9788,2093.5042,-112.8266
6.0349,1905.4503,2093.0020,-112.8266
6.0443,1904.9502,2092.4759,-112.8266
6.0546,1904.5002,2092.0244,-112.8266
6.0645,1904.0437,2091.4946,-112.8266
6.0746,1903.5840,2090.9719,-112.8266
6.0856,1903.1111,2090.4401,-112.8266
6.0946,1902.6757,2089.8787,-112.8266
6.1047,1902.2094,2089.3344,-112.8266
6.1143,1901.7571,2088.7651,-112.8266
6.1260,1901.2753,2088.2261,-112.8266
6.1349,1900.7673,2087.6414,-112.8266
6.1448,1900.2864,2087.0788,-112.8266
6.1553,1899.8279,2086.6042,-112.8266
6.1645,1899.3505,2086.1025,-112.8266
6.1741,1898.8927,2085.6155,-112.8266
6.1845,1898.4248,2085.1100,-112.8266
6.1948,1897.9962,2084.5936,-112.8266
6.2042,1897.5169,2084.0930,-112.8266
6.2145,1897.0828,2083.5279,-112.8266
6.2245,1896.5916,2083.0181,-112.8266
6.2340,1896.0965,2082.4318,-112.8266
6.2443,1895.6489,2081.8641,-112.8266
6.2559,1895.1666,2081.2783,-112.8266
6.2646,1894.6887,2080.7270,-112.8266
6.2760,1894.2324,2080.2256,-112.8266
6.2848,1893.7645,2079.7569,-112.8266
6.2945,1893.3243,2079.2893,-112.8266
6.3044,1892.8942,2078.8354,-112.8266
6.3141,1892.4897,2078.3157,-112.8266
6.3249,1892.0055,2077.8152,-112.8266
6.3344,1891.5468,2077.2495,-112.8266
6.3440,1891.0864,2076.7609,-112.8266
6.3548,1890.6075,2076.2093,-112.8266
6.3651,1890.1407,2075.6505,-112.8266
6.3742,1889.6553,2075.0805,-112.8266
6.3854,1889.1758,2074.4777,-112.8266
6.3945,1888.6515,2073.9554,-112.8266
6.4045,1888.2258,2073.4435,-112.8266
6.4144,1887.7477,2072.9557,-112.8266
6.4247,1887.2780,2072.5112,-112.8266
6.4351,1886.8168,2072.0126,-112.8266
6.4446,1886.3585,2071.5201,-112.8266
6.4560,1885.9134,2070.9464,-112.8266
6.4646,1885.4717,2070.4193,-112.8266
6.4744,1884.9833,2069.8997,-112.8266
6.4845,1884.4836,2069.3317,-112.8266
6.4945,1884.0111,2068.7815,-112.8266
6.5059,1883.5429,2068.1677,-112.8266
6.5163,1883.0170,2067.5865,-112.8266
6.5242,1882.5045,2067.0533,-112.8266
6.5345,1882.0318,2066.4766,-112.8266
6.5445,1881.5632,2066.0174,-112.8266
6.5544,1881.1091,2065.5129,-112.8266
6.5644,1880.6474,2065.0181,-112.8266
6.5750,1880.1241,2064.5033,-112.8266
6.5854,1879.6031,2063.9579,-112.8266
6.5951,1879.1403,2063.4426,-112.8266
6.6048,1878.6860,2062.8304,-112.8266
6.6147,1878.1981,2062.2816,-112.8266
6.6259,1877.6948,2061.7128,-112.8266
6.6345,1877.2000,2061.1215,-112.8266
6.6441,1876.7006,2060.5841,-112.8266
6.6547,1876.0908,2060.2031,-112.8266
6.6650,1875.6455,2059.7111,-112.8266
6.6744,1875.1646,2059.2570,-112.8266
6.6844,1874.7115,2058.7139,-112.8266
6.6945,1874.2429,2058.2396,-112.8266
6.7048,1873.7540,2057.7281,-112.8266
6.7145,1873.2689,2057.1940,-112.8266
6.7244,1872.7650,2056.6227,-112.8266
6.7345,1872.2861,2056.0435,-112.8266
6.7447,1871.8132,2055.5242,-112.8266
6.7547,1871.3495,2054.9477,-112.8266
6.7652,1870.8740,2054.4467,-112.8266
6.7747,1870.3903,2053.9309,-112.8266
6.7849,1869.9260,2053.4636,-112.8266
6.7945,1869.4808,2053.0359,-112.8266
6.8050,1869.0064,2052.5034,-112.8266
6.8147,1868.5621,2051.9921,-112.8266
6.8245,1868.0930,2051.4714,-112.8266
6.8344,1867.5992,2050.9642,-112.8266
6.8443,1867.1236,2050.4075,-112.8266
6.8548,1866.6652,2049.8569,-112.8266
6.8645,1866.1843,2049.3041,-112.8266
6.8744,1865.6663,2048.7274,-112.8266
6.8845,1865.2115,2048.1868,-112.8266
6.8947,1864.7380,2047.7117,-112.8266
6.9047,1864.2814,2047.2377,-112.8266
6.9142,1863.8347,2046.7966,-112.8266
6.9244,1863.4199,2046.2875,-112.8266
6.9342,1862.9358,2045.8531,-112.8266
6.9441,1862.5417,2045.3342,-112.8266
6.9547,1862.1473,2044.8662,-112.8266
6.9660,1861.7311,2044.3481,-112.8266
6.9742,1861.2745,2043.8021,-112.8266
6.9842,1860.8032,2043.2715,-112.8266
6.9945,1860.3022,2042.7242,-112.8266
7.0043,1859.8244,2042.1349,-112.8266
7.0144,1859.3339,2041.6220,-112.8266
7.0243,1858.8506,2041.1084,-112.8266
7.0343,1858.3837,2040.6451,-112.8266
7.0447,1857.9371,2040.1779,-112.8266
7.0555,1857.5364,2039.7101,-112.8266
7.0644,1857.1633,2039.2445,-112.8266
7.0741,1856.7998,2038.7136,-112.8266
7.0842,1856.4171,2038.2246,-112.8266
7.0941,1855.9720,2037.6919,-112.8266
7.1047,1855.5305,2037.1602,-112.8266
7.1144,1855.0414,2036.6407,-112.8266
7.1244,1854.5414,2036.0361,-112.8266
7.1345,1854.0353,2035.4758,-112.8266
7.1445,1853.5480,2034.9310,-112.8266
7.1547,1853.0838,2034.4152,-112.8266
7.1645,1852.6047,2033.9513,-112.8266
7.1741,1852.1453,2033.4193,-112.8266
7.1848,1851.7109,2032.9185,-112.8266
7.1948,1851.2715,2032.3710,-112.8266
7.2050,1850.8784,2031.8619,-112.8266
7.2141,1850.4573,2031.3406,-112.8266
7.2245,1849.9835,2030.7933,-112.8266
7.2347,1849.5092,2030.2648,-112.8266
7.2441,1849.0239,2029.7003,-112.8266
7.2546,1848.5411,2029.0909,-112.8266
7.2643,1848.0488,2028.5616,-112.8266
7.2748,1847.5635,2028.0090,-112.8266
7.2846,1847.0667,2027.5493,-112.8266
7.2942,1846.6330,2027.0109,-112.8266
7.3045,1846.2401,2026.5524,-112.8266
7.3146,1845.8595,2026.0618,-112.8266
7.3243,1845.4879,2025.5688,-112.8266
7.3342,1845.0641,2025.0850,-112.8266
7.3443,1844.5917,2024.5480,-112.8266
7.3555,1844.1057,2024.0028,-112.8266
7.3647,1843.6154,2023.4341,-112.8266
7.3748,1843.1171,2022.8313,-112.8266
7.3844,1842.5953,2022.3159,-112.8266
7.3945,1842.1182,2021.7750,-112.8266
7.4045,1841.6730,2021.2989,-112.8266
7.4158,1841.1953,2020.7909,-112.8266
7.4249,1840.7661,2020.2714,-112.8266
7.4342,1840.3468,2019.7661,-112.8266
7.4442,1839.9362,2019.2292,-112.8266
7.4546,1839.5453,2018.7724,-112.8266
7.4643,1839.0990,2018.2743,-112.8266
7.4742,1838.6253,2017.7362,-112.8266
7.4843,1838.1210,2017.1602,-112.8266
7.4943,1837.6310,2016.5839,-112.8266
7.5050,1837.1491,2016.0913,-112.8266
7.5143,1836.6639,2015.5281,-112.8266
7.5244,1836.1832,2015.0352,-112.8266
7.5344,1835.6956,2014.5457,-112.8266
7.5455,1835.1844,2014.0302,-112.8266
7.5557,1834.7938,2013.5259,-112.8266
7.5644,1834.4318,2012.9929,-112.8266
7.5743,1834.0230,2012.4711,-112.8266
7.5847,1833.5848,2011.9413,-112.8266
7.5940,1833.1422,2011.4379,-112.8266
7.6045,1832.6345,2010.8824,-112.8266
7.6169,1832.1368,2010.2935,-112.8266
7.6244,1831.6243,2009.7560,-112.8266
7.6342,1831.1075,2009.2054,-112.8266
7.6439,1830.6415,2008.6552,-112.8266
7.6551,1830.1633,2008.1890,-112.8266
7.6643,1829.7330,2007.6315,-112.8266
7.6756,1829.2986,2007.1307,-112.8266
7.6851,1828.9401,2006.6029,-112.8266
7.6944,1828.5620,2006.1149,-112.8266
7.7044,1828.1478,2005.6236,-112.8266
7.7144,1827.7344,2005.1000,-112.8266
7.7247,1827.2782,2004.5916,-112.8266
7.7344,1826.7933,2004.0365,-112.8266
7.7440,1826.3015,2003.4992,-112.8266
7.7543,1825.8368,2002.9482,-112.8266
7.7643,1825.3252,2002.3154,-112.8266
7.7743,1824.8287,2001.7621,-112.8266
7.7853,1824.2757,2001.1488,-112.8266
7.7945,1823.7692,2000.5614,-112.8266
7.8047,1823.3211,2000.0446,-112.8266
7.8144,1822.9337,1999.4630,-112.8266
7.8246,1822.5299,1998.9984,-112.8266
7.8346,1822.1227,1998.4694,-112.8266
7.8442,1821.6688,1997.9922,-112.8266
7.8550,1821.1956,1997.4399,-112.8266
7.8639,1820.6971,1996.8427,-112.8266
7.8745,1820.1632,1996.2620,-112.8266
7.8843,1819.6573,1995.6957,-112.8266
7.8940,1819.1655,1995.1443,-112.8266
7.9044,1818.6552,1994.6506,-112.8266
7.9146,1818.2142,1994.0856,-112.8266
7.9255,1817.7613,1993.5681,-112.8266
7.9345,1817.3819,1992.9800,-112.8266
7.9442,1816.9485,1992.4664,-112.8266
7.9549,1816.4825,1991.9498,-112.8266
7.9646,1816.0114,1991.3792,-112.8266
7.9754,1815.5274,1990.8151,-112.8266
7.9860,1815.0287,1990.1788,-112.8266
7.9941,1814.4943,1989.5922,-112.8266
8.0049,1813.9890,1988.9824,-112.8266
8.0140,1813.4438,1988.3937,-112.8266
8.0243,1812.9084,1987.8364,-112.8266
8.0341,1812.4313,1987.2635,-112.8266
8.0443,1811.9671,1986.7667,-112.8266
8.0545,1811.5553,1986.2339,-112.8266
8.0640,1811.1999,1985.6953,-112.8266
8.0745,1810.7721,1985.2421,-112.8266
8.0845,1810.3349,1984.7159,-112.8266
8.0947,1809.8391,1984.1786,-112.8266
8.1063,1809.3767,1983.5703,-112.8266
8.1152,1808.8317,1982.9885,-112.8266
8.1251,1808.2961,1982.4113,-112.8266
8.1355,1807.7772,1981.8280,-112.8266
8.1443,1807.2676,1981.3505,-112.8266
8.1544,1806.7597,1980.8586,-112.8266
8.1645,1806.3674,1980.3560,-112.8266
8.1740,1805.9749,1979.8776,-112.8266
8.1844,1805.6001,1979.3857,-112.8266
8.1948,1805.2378,1978.9356,-112.8266
8.2051,1804.8369,1978.4219,-112.8266
8.2146,1804.3815,1977.9028,-112.8266
8.2242,1803.9047,1977.3718,-112.8266
8.2345,1803.4126,1976.8476,-112.8266
8.2444,1802.9190,1976.3262,-112.8266
8.2556,1802.4734,1975.7228,-112.8266
8.2653,1801.9709,1975.1909,-112.8266
8.2741,1801.4219,1974.6881,-112.8266
8.2843,1800.9715,1974.1929,-112.8266
8.2940,1800.6025,1973.7316,-112.8266
8.3041,1800.2523,1973.2441,-112.8266
8.3145,1799.9145,1972.7948,-112.8266
8.3250,1799.5503,1972.3261,-112.8266
8.3342,1799.1450,1971.8300,-112.8266
8.3443,1798.6946,1971.3094,-112.8266
8.3545,1798.2160,1970.7493,-112.8266
8.3642,1797.7465,1970.2321,-112.8266
8.3744,1797.1969,1969.6807,-112.8266
8.3841,1796.7311,1969.1017,-112.8266
8.3957,1796.2441,1968.5759,-112.8266
8.4055,1795.7673,1968.0306,-112.8266
8.4147,1795.3527,1967.5173,-112.8266
8.4246,1794.9691,1966.9943,-112.8266
8.4344,1794.5712,1966.5070,-112.8266
8.4440,1794.1720,1965.9770,-112.8266
8.4544,1793.7526,1965.4285,-112.8266
8.4644,1793.2878,1964.9227,-112.8266
8.4745,1792.8206,1964.3448,-112.8266
8.4843,1792.3408,1963.8224,-112.8266
8.4943,1791.8546,1963.2691,-112.8266
8.5046,1791.2025,1962.8822,-112.8266
8.5144,1790.7359,1962.3143,-112.8266
8.5247,1790.2477,1961.8063,-112.8266
8.5345,1789.7836,1961.3223,-112.8266
8.5450,1789.3752,1960.8525,-112.8266
8.5551,1789.0183,1960.3513,-112.8266
8.5658,1788.6451,1959.8685,-112.8266
8.5760,1788.2399,1959.2928,-112.8266
8.5853,1787.8123,1958.7861,-112.8266
8.5941,1787.3225,1958.2461,-112.8266
8.6051,1786.8328,1957.6566,-112.8266
8.6157,1786.3442,1957.1149,-112.8266
8.6250,1785.8315,1956.5370,-112.8266
8.6346,1785.2970,1955.9644,-112.8266
8.6441,1784.8159,1955.4084,-112.8266
8.6542,1784.3627,1954.9189,-112.8266
8.6646,1783.9492,1954.4877,-112.8266
8.6756,1783.6119,1954.0270,-112.8266
8.6856,1783.2482,1953.6003,-112.8266
8.6939,1782.8829,1953.0971,-112.8266
8.7041,1782.4614,1952.5859,-112.8266
8.7153,1782.0374,1952.0837,-112.8266
8.7247,1781.5769,1951.5165,-112.8266
8.7349,1781.0821,1950.9827,-112.8266
8.7461,1780.5931,1950.4396,-112.8266
8.7542,1780.0720,1949.8740,-112.8266
8.7645,1779.5766,1949.3150,-112.8266
8.7746,1779.1097,1948.7632,-112.8266
8.7848,1778.6277,1948.2870,-112.8266
8.7939,1778.2208,1947.8021,-112.8266
8.8045,1777.8689,1947.3702,-112.8266
8.8140,1777.4911,1946.8765,-112.8266
8.8243,1777.1204,1946.3645,-112.8266
8.8356,1776.6872,1945.8681,-112.8266
8.8443,1776.2023,1945.3140,-112.8266
8.8542,1775.7040,1944.7662,-112.8266
8.8645,1775.2283,1944.2159,-112.8266
8.8747,1774.7054,1943.6498,-112.8266
8.8842,1774.1669,1943.0831,-112.8266
8.8939,1773.6227,1942.4835,-112.8266
8.9039,1773.1574,1941.9453,-112.8266
8.9140,1772.7570,1941.4231,-112.8266
8.9244,1772.3946,1940.9457,-112.8266
8.9351,1772.0394,1940.4957,-112.8266
8.9445,1771.6439,1939.9838,-112.8266
8.9549,1771.2498,1939.4839,-112.8266
8.9656,1770.7902,1938.8917,-112.8266
8.9743,1770.3184,1938.3414,-112.8266
8.9842,1769.7948,1937.7815,-112.8266
8.9950,1769.2768,1937.1847,-112.8266
9.0045,1768.7751,1936.5992,-112.8266
9.0157,1768.2651,1935.9967,-112.8266
9.0244,1767.7656,1935.4033,-112.8266
9.0345,1767.3294,1934.8817,-112.8266
9.0444,1766.9343,1934.3709,-112.8266
9.0541,1766.5438,1933.8807,-112.8266
9.0639,1766.2156,1933.3684,-112.8266
9.0746,1765.8371,1932.8717,-112.8266
9.0844,1765.4286,1932.3383,-112.8266
9.0944,1764.9990,1931.7794,-112.8266
9.1046,1764.5191,1931.2621,-112.8266
9.1150,1764.0156,1930.6742,-112.8266
9.1256,1763.5170,1930.1179,-112.8266
9.1357,1763.0104,1929.5442,-112.8266
9.1447,1762.4954,1928.9343,-112.8266
9.1544,1762.0348,1928.4189,-112.8266
9.1643,1761.6697,1927.8993,-112.8266
9.1750,1761.3015,1927.4120,-112.8266
9.1847,1760.9157,1926.9075,-112.8266
9.1955,1760.5326,1926.3621,-112.8266
9.2064,1760.1021,1925.8586,-112.8266
9.2151,1759.6733,1925.3036,-112.8266
9.2246,1759.1981,1924.7677,-112.8266
9.2349,1758.6796,1924.1995,-112.8266
9.2448,1758.1599,1923.5862,-112.8266
9.2549,1757.6399,1923.0041,-112.8266
9.2649,1757.1010,1922.4020,-112.8266
9.2743,1756.6240,1921.8225,-112.8266
9.2841,1756.2121,1921.3168,-112.8266
9.2941,1755.8513,1920.8230,-112.8266
9.3046,1755.4783,1920.3735,-112.8266
9.3147,1755.1218,1919.8497,-112.8266
9.3243,1754.7433,1919.3367,-112.8266
9.3346,1754.3306,1918.7842,-112.8266
9.3461,1753.8821,1918.2300,-112.8266
9.3543,1753.3961,1917.7018,-112.8266
9.3649,1752.8796,1917.1280,-112.8266
9.3745,1752.3407,1916.5302,-112.8266
9.3847,1751.8073,1915.9096,-112.8266
9.3944,1751.2670,1915.2966,-112.8266
9.4043,1750.8084,1914.7662,-112.8266
9.4143,1750.4275,1914.2689,-112.8266
9.4243,1750.0809,1913.8350,-112.8266
9.4343,1749.7481,1913.3438,-112.8266
9.4445,1749.4084,1912.8502,-112.8266
9.4543,1748.9764,1912.3068,-112.8266
9.4643,1748.5220,1911.7400,-112.8266
9.4755,1748.0568,1911.1943,-112.8266
9.4850,1747.5720,1910.6126,-112.8266
9.4952,1747.0296,1910.0544,-112.8266
9.5049,1746.4977,1909.4544,-112.8266
9.5147,1745.9965,1908.8351,-112.8266
9.5252,1745.4652,1908.2703,-112.8266
9.5346,1745.0283,1907.6852,-112.8266
9.5452,1744.6091,1907.1804,-112.8266
9.5550,1744.2537,1906.6700,-112.8266
9.5646,1743.8785,1906.1370,-112.8266
9.5753,1743.4536,1905.6382,-112.8266
9.5850,1742.9714,1905.0502,-112.8266
9.5942,1742.4436,1904.4988,-112.8266
9.6045,1741.9249,1903.8905,-112.8266
9.6149,1741.3786,1903.2894,-112.8266
9.6239,1740.8373,1902.6657,-112.8266
9.6345,1740.3105,1901.9990,-112.8266
9.6443,1739.7787,1901.4272,-112.8266
9.6549,1739.3439,1900.8754,-112.8266
9.6652,1738.9778,1900.3686,-112.8266
9.6753,1738.6351,1899.9169,-112.8266
9.6842,1738.2532,1899.4306,-112.8266
9.6940,1737.8357,1898.9465,-112.8266
9.7043,1737.4172,1898.3928,-112.8266
9.7142,1736.9313,1897.8459,-112.8266
9.7246,1736.4081,1897.2914,-112.8266
9.7344,1735.8802,1896.7027,-112.8266
9.7440,1735.3415,1896.1458,-112.8266
9.7562,1734.8334,1895.5466,-112.8266
9.7646,1734.3596,1895.0010,-112.8266
9.7749,1733.9675,1894.5040,-112.8266
9.7846,1733.5859,1894.0115,-112.8266
9.7942,1733.2201,1893.5466,-112.8266
9.8046,1732.8635,1893.0245,-112.8266
9.8160,1732.4114,1892.5333,-112.8266
9.8251,1732.0038,1891.9736,-112.8266
9.8352,1731.5510,1891.4243,-112.8266
9.8441,1731.0582,1890.9156,-112.8266
9.8552,1730.5656,1890.3835,-112.8266
9.8657,1730.0715,1889.8536,-112.8266
9.8751,1729.5719,1889.2910,-112.8266
9.8861,1729.0941,1888.7119,-112.8266
9.8943,1728.6499,1888.2059,-112.8266
9.9041,1728.2761,1887.7224,-112.8266
9.9144,1727.9296,1887.3058,-112.8266
9.9247,1727.5735,1886.8155,-112.8266
9.9347,1727.1820,1886.3021,-112.8266
9.9452,1726.7468,1885.8030,-112.8266
9.9543,1726.3090,1885.2288,-112.8266
9.9648,1725.8746,1884.7014,-112.8266
9.9758,1725.4537,1884.1373,-112.8266
9.9847,1724.9806,1883.5876,-112.8266
9.9942,1724.4855,1883.0319,-112.8266
10.0044,1723.9977,1882.4611,-112.8266
10.0154,1723.5107,1881.9496,-112.8266
10.0257,1723.1357,1881.3936,-112.8266
10.0360,1722.7495,1880.9058,-112.8266
10.0445,1722.3757,1880.4124,-112.8266
10.0553,1721.9754,1879.9180,-112.8266
10.0641,1721.5869,1879.4570,-112.8266
10.0749,1721.1439,1878.8910,-112.8266
10.0846,1720.7339,1878.3344,-112.8266
10.0944,1720.2987,1877.7973,-112.8266
10.1046,1719.8270,1877.2188,-112.8266
10.1158,1719.3519,1876.6918,-112.8266
10.1247,1718.8658,1876.0952,-112.8266
10.1352,1718.3605,1875.5135,-112.8266
10.1452,1717.8828,1874.9169,-112.8266
10.1548,1717.5164,1874.4058,-112.8266
10.1653,1717.1305,1873.9152,-112.8266
10.1747,1716.7547,1873.3763,-112.8266
10.1845,1716.3755,1872.9073,-112.8266
10.1945,1715.9590,1872.4034,-112.8266
10.2048,1715.5347,1871.8666,-112.8266
10.2145,1715.1192,1871.3404,-112.8266
10.2245,1714.6636,1870.7581,-112.8266
10.2354,1714.1555,1870.2007,-112.8266
10.2443,1713.6335,1869.6127,-112.8266
10.2555,1713.1607,1869.0508,-112.8266
10.2662,1712.7202,1868.4592,-112.8266
10.2743,1712.3437,1867.8873,-112.8266
10.2860,1711.9478,1867.4014,-112.8266
10.2960,1711.5187,1866.8842,-112.8266
10.3042,1711.1377,1866.3898,-112.8266
10.3146,1710.7542,1865.8998,-112.8266
10.3252,1710.3573,1865.3564,-112.8266
10.3350,1709.9171,1864.8487,-112.8266
10.3471,1709.4638,1864.3022,-112.8266
10.3556,1708.9796,1863.7910,-112.8266
10.3646,1708.4578,1863.2211,-112.8266
10.3750,1707.9302,1862.5989,-112.8266
10.3864,1707.4335,1862.0276,-112.8266
10.3961,1707.0172,1861.4397,-112.8266
10.4042,1706.6197,1860.9369,-112.8266
10.4145,1706.2735,1860.5016,-112.8266
10.4240,1705.9158,1860.0093,-112.8266
10.4341,1705.5406,1859.4976,-112.8266
10.4442,1705.1379,1858.9544,-112.8266
10.4546,1704.6723,1858.4421,-112.8266
10.4653,1704.2349,1857.8802,-112.8266
10.4743,1703.7735,1857.3411,-112.8266
10.4844,1703.2544,1856.7811,-112.8266
10.4951,1702.7130,1856.1934,-112.8266
10.5049,1702.2203,1855.5847,-112.8266
10.5143,1701.7900,1854.9566,-112.8266
10.5244,1701.4005,1854.3989,-112.8266
10.5342,1700.9800,1853.8782,-112.8266
10.5442,1700.5692,1853.3868,-112.8266
10.5543,1700.1624,1852.8694,-112.8266
10.5669,1699.7506,1852.3105,-112.8266
10.5745,1699.3479,1851.7844,-112.8266
10.5862,1698.8785,1851.2787,-112.8266
10.5951,1698.4086,1850.6828,-112.8266
10.6051,1697.9078,1850.1548,-112.8266
10.6149,1697.3734,1849.5708,-112.8266
10.6250,1696.8769,1848.9369,-112.8266
10.6340,1696.4482,1848.3394,-112.8266
10.6441,1696.0440,1847.7716,-112.8266
10.6545,1695.6627,1847.2645,-112.8266
10.6643,1695.2640,1846.7567,-112.8266
10.6743,1694.8740,1846.2685,-112.8266
10.6847,1694.4395,1845.7187,-112.8266
10.6941,1694.0408,1845.1859,-112.8266
10.7044,1693.5895,1844.6844,-112.8266
10.7144,1693.1648,1844.1119,-112.8266
10.7251,1692.7247,1843.5524,-112.8266
10.7349,1692.2318,1842.9691,-112.8266
10.7440,1691.6859,1842.3519,-112.8266
10.7550,1691.2098,1841.7452,-112.8266
10.7653,1690.7863,1841.0799,-112.8266
10.7756,1690.3237,1840.4591,-112.8266
10.7843,1689.8632,1839.8649,-112.8266
10.7944,1689.4105,1839.2892,-112.8266
10.8045,1688.9713,1838.7447,-112.8266
10.8144,1688.5335,1838.1648,-112.8266
10.8241,1688.0963,1837.6396,-112.8266
10.8348,1687.6239,1837.0974,-112.8266
10.8445,1687.1497,1836.5513,-112.8266
10.8546,1686.6674,1836.0209,-112.8266
10.8640,1686.2167,1835.4097,-112.8266
10.8747,1685.7392,1834.8118,-112.8266
10.8846,1685.2988,1834.2078,-112.8266
10.8943,1684.8485,1833.6531,-112.8266
10.9045,1684.4402,1833.1202,-112.8266
10.9144,1684.0609,1832.5737,-112.8266
10.9241,1683.6316,1832.0673,-112.8266
10.9342,1683.1857,1831.5413,-112.8266
10.9443,1682.7408,1831.0031,-112.8266
10.9542,1682.3217,1830.4469,-112.8266
10.9644,1681.8610,1829.8721,-112.8266
10.9751,1681.3752,1829.3051,-112.8266
10.9846,1680.8501,1828.6816,-112.8266
10.9945,1680.3243,1828.1027,-112.8266
11.0044,1679.9090,1827.4751,-112.8266
11.0147,1679.4612,1826.8364,-112.8266
11.0258,1679.0048,1826.2661,-112.8266
11.0341,1678.5627,1825.6844,-112.8266
11.0442,1678.1309,1825.1624,-112.8266
11.0542,1677.7161,1824.6355,-112.8266
11.0656,1677.2876,1824.1090,-112.8266
11.0747,1676.8521,1823.5807,-112.8266
11.0846,1676.4159,1823.0225,-112.8266
11.0943,1675.9372,1822.4744,-112.8266
11.1045,1675.4296,1821.8961,-112.8266
11.1155,1674.9683,1821.3192,-112.8266
11.1241,1674.5292,1820.7404,-112.8266
11.1341,1674.0878,1820.1412,-112.8266
11.1444,1673.6835,1819.6603,-112.8266
11.1543,1673.3010,1819.1768,-112.8266
11.1643,1672.9013,1818.6996,-112.8266
11.1748,1672.4879,1818.1959,-112.8266
11.1855,1672.0507,1817.6734,-112.8266
11.1948,1671.5984,1817.1519,-112.8266
11.2052,1671.1797,1816.5735,-112.8266
11.2139,1670.7234,1816.0368,-112.8266
11.2241,1670.2490,1815.5054,-112.8266
11.2347,1669.7999,1814.9344,-112.8266
11.2450,1669.3768,1814.4124,-112.8266
11.2541,1668.9641,1813.8094,-112.8266
11.2641,1668.5414,1813.2938,-112.8266
11.2746,1668.1356,1812.7855,-112.8266
11.2853,1667.7087,1812.2847,-112.8266
11.2944,1667.2971,1811.8065,-112.8266
11.3046,1666.9205,1811.2864,-112.8266
11.3143,1666.5304,1810.8077,-112.8266
11.3244,1666.0933,1810.2791,-112.8266
11.3343,1665.6643,1809.7407,-112.8266
11.3447,1665.2114,1809.1937,-112.8266
11.3543,1664.7826,1808.6201,-112.8266
11.3645,1664.3542,1808.0786,-112.8266
11.3744,1663.9130,1807.5093,-112.8266
11.3843,1663.4628,1806.9520,-112.8266
11.3943,1663.0259,1806.3694,-112.8266
11.4048,1662.6251,1805.8042,-112.8266
11.4142,1662.1680,1805.2798,-112.8266
11.4246,1661.7335,1804.7444,-112.8266
11.4345,1661.3261,1804.2119,-112.8266
11.4443,1660.8884,1803.6863,-112.8266
11.4542,1660.4572,1803.1132,-112.8266
11.4641,1660.0638,1802.6002,-112.8266
11.4748,1659.6586,1802.0757,-112.8266
11.4845,1659.2413,1801.5505,-112.8266
11.4941,1658.7963,1801.0214,-112.8266
11.5053,1658.3527,1800.4560,-112.8266
11.5144,1657.9354,1799.8594,-112.8266
11.5250,1657.4942,1799.2908,-112.8266
11.5348,1657.0471,1798.7681,-112.8266
11.5445,1656.5893,1798.2672,-112.8266
11.5557,1656.1710,1797.7372,-112.8266
11.5657,1655.7681,1797.2441,-112.8266
11.5748,1655.3312,1796.7186,-112.8266
11.5844,1654.8878,1796.2059,-112.8266
11.5943,1654.4539,1795.6369,-112.8266
11.6045,1654.0146,1795.0676,-112.8266
11.6144,1653.5748,1794.5115,-112.8266
11.6250,1653.1295,1793.9933,-112.8266
11.6353,1652.6907,1793.4648,-112.8266
11.6448,1652.2817,1792.8939,-112.8266
11.6551,1651.8629,1792.4044,-112.8266
11.6643,1651.4347,1791.9128,-112.8266
11.6761,1651.0460,1791.4136,-112.8266
11.6852,1650.6183,1790.9210,-112.8266
11.6940,1650.2188,1790.3558,-112.8266
11.7044,1649.7449,1789.8284,-112.8266
11.7150,1649.3270,1789.2983,-112.8266
11.7256,1648.9381,1788.7149,-112.8266
11.7342,1648.4840,1788.1935,-112.8266
11.7440,1648.0497,1787.6409,-112.8266
11.7546,1647.6086,1787.1183,-112.8266
11.7651,1647.1914,1786.6056,-112.8266
11.7740,1646.8011,1786.0633,-112.8266
11.7856,1646.3713,1785.5591,-112.8266
11.7949,1645.9190,1785.0642,-112.8266
11.8044,1645.4924,1784.5471,-112.8266
11.8144,1645.0891,1784.0337,-112.8266
11.8241,1644.6623,1783.4835,-112.8266
11.8344,1644.2095,1782.9637,-112.8266
11.8441,1643.8042,1782.3814,-112.8266
11.8546,1643.3840,1781.8438,-112.8266
11.8644,1642.9689,1781.2975,-112.8266
11.8743,1642.5546,1780.7673,-112.8266
11.8848,1642.1542,1780.2371,-112.8266
11.8943,1641.7161,1779.6663,-112.8266
11.9042,1641.2662,1779.1001,-112.8266
11.9151,1640.8212,1778.5496,-112.8266
11.9252,1640.3719,1777.9943,-112.8266
11.9346,1639.9456,1777.4752,-112.8266
11.9443,1639.5132,1776.9240,-112.8266
11.9553,1639.0383,1776.4103,-112.8266
11.9654,1638.6047,1775.8503,-112.8266
11.9741,1638.2050,1775.2414,-112.8266
11.9843,1637.7830,1774.6925,-112.8266
11.9942,1637.3615,1774.1002,-112.8266
12.0044,1636.9216,1773.5159,-112.8266
12.0146,1636.4791,1772.9308,-112.8266
12.0243,1636.0246,1772.3712,-112.8266
12.0341,1635.5633,1771.7960,-112.8266
12.0440,1635.1436,1771.2367,-112.8266
12.0546,1634.6945,1770.7181,-112.8266
12.0649,1634.2664,1770.1684,-112.8266
12.0752,1633.8577,1769.6411,-112.8266
12.0846,1633.4354,1769.0984,-112.8266
12.0957,1633.0421,1768.5266,-112.8266
12.1061,1632.6538,1768.0034,-112.8266
12.1142,1632.2462,1767.4121,-112.8266
12.1242,1631.8180,1766.8439,-112.8266
12.1355,1631.3539,1766.2125,-112.8266
12.1442,1630.8748,1765.5899,-112.8266
12.1552,1630.4087,1765.0140,-112.8266
12.1658,1629.9529,1764.4603,-112.8266
12.1760,1629.5355,1763.9412,-112.8266
12.1858,1629.1313,1763.4485,-112.8266
12.1940,1628.7290,1762.9395,-112.8266
12.2041,1628.3073,1762.4117,-112.8266
12.2146,1627.9110,1761.8243,-112.8266
12.2244,1627.4874,1761.2653,-112.8266
12.2356,1627.0693,1760.6976,-112.8266
12.2443,1626.6266,1760.1470,-112.8266
12.2553,1626.1812,1759.5586,-112.8266
12.2642,1625.7356,1758.9285,-112.8266
12.2744,1625.2875,1758.3824,-112.8266
12.2848,1624.8340,1757.8397,-112.8266
12.2956,1624.4086,1757.2982,-112.8266
12.3046,1623.9919,1756.7968,-112.8266
12.3145,1623.5405,1756.2491,-112.8266
12.3245,1623.1031,1755.6995,-112.8266
12.3345,1622.6620,1755.1226,-112.8266
12.3443,1622.2255,1754.5292,-112.8266
12.3545,1621.7991,1753.9430,-112.8266
12.3646,1621.3943,1753.3724,-112.8266
12.3749,1620.9288,1752.8458,-112.8266
12.3841,1620.5107,1752.2429,-112.8266
12.3945,1620.0878,1751.6868,-112.8266
12.4056,1619.6199,1751.1554,-112.8266
12.4154,1619.1828,1750.5990,-112.8266
12.4241,1618.7421,1750.1055,-112.8266
12.4344,1618.3430,1749.5666,-112.8266
12.4440,1617.9194,1749.0177,-112.8266
12.4546,1617.5186,1748.4561,-112.8266
12.4644,1617.0901,1747.8938,-112.8266
12.4747,1616.6515,1747.3110,-112.8266
12.4846,1616.2640,1746.7289,-112.8266
12.4947,1615.8635,1746.1640,-112.8266
12.5044,1615.4128,1745.5593,-112.8266
12.5145,1614.9530,1744.9579,-112.8266
12.5247,1614.4982,1744.3686,-112.8266
12.5344,1614.0030,1743.7518,-112.8266
12.5444,1613.5613,1743.2169,-112.8266
12.5542,1613.1263,1742.7047,-112.8266
12.5649,1612.6954,1742.1605,-112.8266
12.5751,1612.2759,1741.6257,-112.8266
12.5843,1611.8625,1741.0079,-112.8266
12.5942,1611.4021,1740.4363,-112.8266
12.6042,1610.9235,1739.8519,-112.8266
12.6144,1610.4662,1739.2469,-112.8266
12.6246,1609.9939,1738.6516,-112.8266
12.6343,1609.5410,1737.9864,-112.8266
12.6440,1609.0717,1737.3660,-112.8266
12.6545,1608.5827,1736.8112,-112.8266
12.6646,1608.1218,1736.2858,-112.8266
12.6739,1607.6913,1735.7493,-112.8266
12.6847,1607.2882,1735.2149,-112.8266
12.6943,1606.8428,1734.6864,-112.8266
12.7047,1606.4205,1734.1071,-112.8266
12.7144,1605.9892,1733.5710,-112.8266
12.7249,1605.5469,1733.0188,-112.8266
12.7346,1605.1138,1732.4303,-112.8266
12.7445,1604.6735,1731.8566,-112.8266
12.7552,1604.2250,1731.2519,-112.8266
12.7667,1603.7384,1730.6771,-112.8266
12.7753,1603.3100,1730.1697,-112.8266
12.7844,1602.8824,1729.6707,-112.8266
12.7947,1602.4514,1729.1713,-112.8266
12.8048,1602.0248,1728.6560,-112.8266
12.8143,1601.5931,1728.1357,-112.8266
12.8255,1601.1817,1727.5680,-112.8266
12.8346,1600.8212,1727.0149,-112.8266
12.8442,1600.4582,1726.5164,-112.8266
12.8546,1600.0764,1726.0202,-112.8266
12.8643,1599.6113,1725.4645,-112.8266
12.8749,1599.1871,1724.8767,-112.8266
12.8858,1598.7125,1724.2874,-112.8266
12.8943,1598.2565,1723.7455,-112.8266
12.9046,1597.8170,1723.2302,-112.8266
12.9139,1597.4117,1722.7664,-112.8266
12.9245,1596.9990,1722.2610,-112.8266
12.9342,1596.6099,1721.7145,-112.8266
12.9445,1596.2102,1721.2367,-112.8266
12.9543,1595.8114,1720.7223,-112.8266
12.9642,1595.4755,1720.2114,-112.8266
12.9747,1595.1063,1719.6319,-112.8266
12.9843,1594.7020,1719.0606,-112.8266
12.9941,1594.3029,1718.4944,-112.8266
13.0051,1593.8533,1717.9319,-112.8266
13.0147,1593.4068,1717.3488,-112.8266
13.0247,1592.9532,1716.7789,-112.8266
13.0343,1592.5211,1716.2416,-112.8266
13.0440,1592.0684,1715.7501,-112.8266
13.0541,1591.6490,1715.2330,-112.8266
13.0642,1591.2246,1714.7255,-112.8266
13.0743,1590.8033,1714.1503,-112.8266
13.0843,1590.4238,1713.6401,-112.8266
13.0939,1590.0615,1713.0703,-112.8266
13.1045,1589.6877,1712.4856,-112.8266
13.1141,1589.2941,1711.9240,-112.8266
13.1240,1588.8784,1711.3352,-112.8266
13.1346,1588.4421,1710.7910,-112.8266
13.1439,1588.0101,1710.2513,-112.8266
13.1541,1587.5994,1709.7134,-112.8266
13.1644,1587.1840,1709.1983,-112.8266
13.1750,1586.7890,1708.6411,-112.8266
13.1852,1586.3602,1708.1204,-112.8266
13.1943,1585.9526,1707.5609,-112.8266
13.2042,1585.5339,1707.0740,-112.8266
13.2145,1585.1587,1706.4927,-112.8266
13.2251,1584.7919,1705.9315,-112.8266
13.2340,1584.4249,1705.3821,-112.8266
13.2445,1583.9851,1704.8243,-112.8266
13.2545,1583.5533,1704.2432,-112.8266
13.2647,1583.1019,1703.6443,-112.8266
13.2744,1582.6321,1703.0319,-112.8266
13.2845,1582.1675,1702.4830,-112.8266
13.2942,1581.7209,1701.9720,-112.8266
13.3043,1581.2863,1701.4556,-112.8266
13.3148,1580.8941,1700.9191,-112.8266
13.3245,1580.5050,1700.4035,-112.8266
13.3355,1580.1342,1699.8859,-112.8266
13.3445,1579.7635,1699.3088,-112.8266
13.3544,1579.3874,1698.7610,-112.8266
13.3645,1578.9561,1698.1984,-112.8266
13.3753,1578.4721,1697.5685,-112.8266
13.3862,1578.0065,1696.9894,-112.8266
13.3941,1577.5320,1696.3971,-112.8266
13.4041,1577.0836,1695.8715,-112.8266
13.4143,1576.6603,1695.3315,-112.8266
13.4241,1576.2521,1694.8203,-112.8266
13.4349,1575.8268,1694.3047,-112.8266
13.4446,1575.4313,1693.7462,-112.8266
13.4543,1575.0409,1693.2549,-112.8266
13.4644,1574.6722,1692.7178,-112.8266
13.4748,1574.3256,1692.1420,-112.8266
13.4849,1573.9293,1691.5891,-112.8266
13.4939,1573.4935,1690.9606,-112.8266
13.5043,1573.0001,1690.3915,-112.8266
13.5144,1572.5331,1689.7540,-112.8266
13.5241,1572.0278,1689.1594,-112.8266
13.5349,1571.5783,1688.6036,-112.8266
13.5442,1571.1355,1688.0848,-112.8266
13.5545,1570.6887,1687.5765,-112.8266
13.5660,1570.2797,1687.0416,-112.8266
13.5743,1569.9033,1686.4691,-112.8266
13.5843,1569.5267,1685.9203,-112.8266
13.5959,1569.1654,1685.3449,-112.8266
13.6041,1568.7759,1684.7806,-112.8266
13.6159,1568.3497,1684.1678,-112.8266
13.6245,1567.8812,1683.5684,-112.8266
13.6349,1567.4298,1682.9830,-112.8266
13.6446,1566.9698,1682.4057,-112.8266
13.6540,1566.4999,1681.8341,-112.8266
13.6642,1566.0825,1681.3005,-112.8266
13.6746,1565.6642,1680.7670,-112.8266
13.6840,1565.2379,1680.2636,-112.8266
13.6940,1564.8152,1679.7141,-112.8266
13.7045,1564.4406,1679.1748,-112.8266
13.7141,1564.0898,1678.5996,-112.8266
13.7244,1563.7095,1678.0305,-112.8266
13.7340,1563.3068,1677.4372,-112.8266
13.7443,1562.8710,1676.8174,-112.8266
13.7540,1562.3743,1676.2025,-112.8266
13.7643,1561.8754,1675.5403,-112.8266
13.7747,1561.3573,1674.9208,-112.8266
13.7842,1560.8809,1674.2914,-112.8266
13.7943,1560.4052,1673.7124,-112.8266
13.8058,1559.9270,1673.1489,-112.8266
13.8145,1559.5128,1672.5742,-112.8266
13.8265,1559.1246,1671.9954,-112.8266
13.8341,1558.7579,1671.4193,-112.8266
13.8440,1558.3986,1670.8973,-112.8266
13.8540,1558.0038,1670.3578,-112.8266
13.8642,1557.6257,1669.7554,-112.8266
13.8744,1557.1781,1669.2106,-112.8266
13.8846,1556.7059,1668.6256,-112.8266
13.8946,1556.2238,1668.0681,-112.8266
13.9048,1555.7922,1667.5255,-112.8266
13.9143,1555.3684,1666.9866,-112.8266
13.9247,1554.9680,1666.4929,-112.8266
13.9341,1554.5763,1665.9849,-112.8266
13.9439,1554.1755,1665.4535,-112.8266
13.9541,1553.7879,1664.8491,-112.8266
13.9646,1553.3974,1664.2503,-112.8266
13.9743,1553.0036,1663.6635,-112.8266
13.9849,1552.5640,1663.0231,-112.8266
13.9954,1552.1160,1662.4526,-112.8266
14.0046,1551.6328,1661.8182,-112.8266
14.0142,1551.1290,1661.1692,-112.8266
14.0250,1550.6473,1660.5587,-112.8266
14.0345,1550.1686,1659.9926,-112.8266
14.0442,1549.6810,1659.4449,-112.8266
14.0552,1549.2575,1658.8986,-112.8266
14.0644,1548.8870,1658.3825,-112.8266
14.0751,1548.5060,1657.8597,-112.8266
14.0856,1548.1854,1657.3004,-112.8266
14.0942,1547.8110,1656.7589,-112.8266
14.1047,1547.4026,1656.1346,-112.8266
14.1145,1546.9473,1655.5143,-112.8266
14.1250,1546.4789,1654.9002,-112.8266
14.1357,1545.9741,1654.3123,-112.8266
14.1452,1545.5052,1653.7535,-112.8266
14.1551,1545.0547,1653.2285,-112.8266
14.1642,1544.6411,1652.7238,-112.8266
14.1742,1544.2584,1652.2129,-112.8266
14.1845,1543.8776,1651.7373,-112.8266
14.1957,1543.5089,1651.2286,-112.8266
14.2055,1543.1490,1650.6520,-112.8266
14.2143,1542.7867,1650.1096,-112.8266
14.2245,1542.4097,1649.5677,-112.8266
14.2352,1542.0084,1649.0164,-112.8266
14.2461,1541.5764,1648.4377,-112.8266
14.2545,1541.1310,1647.8251,-112.8266
14.2641,1540.6413,1647.2592,-112.8266
14.2743,1540.1735,1646.7435,-112.8266
14.2842,1539.7579,1646.2629,-112.8266
14.2941,1539.3718,1645.7856,-112.8266
14.3043,1539.0279,1645.2920,-112.8266
14.3143,1538.7027,1644.8220,-112.8266
14.3243,1538.3568,1644.3408,-112.8266
14.3342,1538.0023,1643.7963,-112.8266
14.3439,1537.6022,1643.2300,-112.8266
14.3539,1537.2186,1642.6281,-112.8266
14.3641,1536.8057,1642.0549,-112.8266
14.3745,1536.3682,1641.4752,-112.8266
14.3847,1535.9117,1640.8924,-112.8266
14.3957,1535.4460,1640.3258,-112.8266
14.4046,1534.9886,1639.7390,-112.8266
14.4142,1534.5471,1639.2051,-112.8266
14.4244,1534.1429,1638.6794,-112.8266
14.4344,1533.7916,1638.1660,-112.8266
14.4442,1533.4272,1637.6771,-112.8266
14.4544,1533.0682,1637.1191,-112.8266
14.4639,1532.6911,1636.5897,-112.8266
14.4742,1532.3154,1635.9828,-112.8266
14.4843,1531.9177,1635.4119,-112.8266
14.4941,1531.4832,1634.7751,-112.8266
14.5042,1531.0119,1634.1382,-112.8266
14.5144,1530.5211,1633.5432,-112.8266
14.5249,1530.0363,1632.9728,-112.8266
14.5354,1529.5811,1632.4270,-112.8266
14.5444,1529.1633,1631.9590,-112.8266
14.5541,1528.7886,1631.4432,-112.8266
14.5647,1528.4150,1630.9647,-112.8266
14.5740,1528.0491,1630.4627,-112.8266
14.5842,1527.6703,1629.9460,-112.8266
14.5941,1527.2945,1629.3530,-112.8266
14.6041,1526.9264,1628.7719,-112.8266
14.6156,1526.4912,1628.1684,-112.8266
14.6255,1526.0371,1627.5649,-112.8266
14.6344,1525.5553,1626.9931,-112.8266
14.6443,1525.0861,1626.4474,-112.8266
14.6541,1524.6281,1625.8818,-112.8266
14.6650,1524.2120,1625.3827,-112.8266
14.6749,1523.8102,1624.8636,-112.8266
14.6854,1523.4121,1624.3834,-112.8266
14.6945,1523.0521,1623.9084,-112.8266
14.7057,1522.7048,1623.4065,-112.8266
14.7160,1522.3120,1622.8508,-112.8266
14.7257,1521.9459,1622.2629,-112.8266
14.7343,1521.5214,1621.6908,-112.8266
14.7439,1521.0669,1621.0578,-112.8266
14.7552,1520.5775,1620.4305,-112.8266
14.7645,1520.0935,1619.8647,-112.8266
14.7741,1519.6169,1619.2912,-112.8266
14.7846,1519.1774,1618.7942,-112.8266
14.7941,1518.7869,1618.3133,-112.8266
14.8043,1518.4223,1617.8379,-112.8266
14.8142,1518.0519,1617.3246,-112.8266
14.8243,1517.7036,1616.7913,-112.8266
14.8351,1517.3214,1616.2467,-112.8266
14.8459,1516.9222,1615.6208,-112.8266
14.8542,1516.5057,1615.0123,-112.8266
14.8639,1516.0820,1614.3802,-112.8266
14.8740,1515.6194,1613.7401,-112.8266
14.8843,1515.1351,1613.1472,-112.8266
14.8951,1514.6480,1612.5516,-112.8266
14.9062,1514.1673,1612.0049,-112.8266
14.9139,1513.7253,1611.4532,-112.8266
14.9240,1513.3369,1610.9164,-112.8266
14.9342,1512.9716,1610.4158,-112.8266
14.9450,1512.6317,1609.8926,-112.8266
14.9540,1512.2877,1609.3354,-112.8266
14.9645,1511.9063,1608.7607,-112.8266
14.9762,1511.5261,1608.1697,-112.8266
14.9842,1511.1205,1607.5945,-112.8266
14.9950,1510.7203,1606.9666,-112.8266
15.0054,1510.2651,1606.3893,-112.8266
15.0143,1509.7909,1605.7772,-112.8266
15.0242,1509.3152,1605.2138,-112.8266
15.0340,1508.8610,1604.6364,-112.8266
15.0441,1508.4598,1604.0953,-112.8266
15.0541,1508.0946,1603.5855,-112.8266
15.0648,1507.7361,1603.0423,-112.8266
15.0742,1507.3445,1602.4872,-112.8266
15.0846,1506.9762,1601.9177,-112.8266
15.0941,1506.5906,1601.3477,-112.8266
15.1042,1506.2286,1600.7661,-112.8266
15.1139,1505.8465,1600.1342,-112.8266
15.1245,1505.4144,1599.5457,-112.8266
15.1350,1504.9304,1598.9417,-112.8266
15.1438,1504.4583,1598.3588,-112.8266
15.1548,1504.0010,1597.7920,-112.8266
15.1643,1503.5949,1597.2152,-112.8266
15.1745,1503.1824,1596.6526,-112.8266
15.1846,1502.8162,1596.1771,-112.8266
15.1956,1502.4488,1595.6913,-112.8266
15.2052,1502.0923,1595.1412,-112.8266
15.2151,1501.7324,1594.5326,-112.8266
15.2251,1501.2870,1593.8979,-112.8266
15.2350,1500.8411,1593.2499,-112.8266
15.2449,1500.4026,1592.6170,-112.8266
15.2542,1499.9102,1591.9740,-112.8266
15.2641,1499.4327,1591.3609,-112.8266
15.2764,1498.9688,1590.7972,-112.8266
15.2844,1498.5230,1590.2693,-112.8266
15.2951,1498.0972,1589.7416,-112.8266
15.3047,1497.7553,1589.2466,-112.8266
15.3141,1497.4019,1588.7423,-112.8266
15.3243,1497.0270,1588.1826,-112.8266
15.3343,1496.6561,1587.5953,-112.8266
15.3439,1496.2344,1586.9978,-112.8266
15.3540,1495.8214,1586.3558,-112.8266
15.3641,1495.3793,1585.7534,-112.8266
15.3747,1494.9155,1585.1372,-112.8266
15.3846,1494.4075,1584.5739,-112.8266
15.3946,1493.9514,1584.0006,-112.8266
15.4050,1493.5496,1583.4341,-112.8266
15.4148,1493.1263,1582.9037,-112.8266
15.4258,1492.7269,1582.3958,-112.8266
15.4344,1492.3671,1581.8807,-112.8266
15.4442,1492.0060,1581.3613,-112.8266
15.4550,1491.6415,1580.7841,-112.8266
15.4650,1491.2436,1580.1888,-112.8266
15.4741,1490.8354,1579.5579,-112.8266
15.4844,1490.4265,1578.9151,-112.8266
15.4944,1490.0132,1578.2811,-112.8266
15.5044,1489.5661,1577.6935,-112.8266
15.5147,1489.0811,1577.0891,-112.8266
15.5244,1488.6205,1576.4944,-112.8266
15.5370,1488.1646,1575.8976,-112.8266
15.5443,1487.7421,1575.3346,-112.8266
15.5545,1487.3632,1574.7977,-112.8266
15.5643,1487.0175,1574.2952,-112.8266
15.5744,1486.6335,1573.6896,-112.8266
15.5844,1486.2512,1573.0778,-112.8266
15.5942,1485.8311,1572.4590,-112.8266
15.6064,1485.3865,1571.8444,-112.8266
15.6143,1484.9517,1571.2438,-112.8266
15.6245,1484.4521,1570.6196,-112.8266
15.6343,1483.9631,1569.9945,-112.8266
15.6438,1483.4609,1569.3885,-112.8266
15.6543,1483.0226,1568.7987,-112.8266
15.6644,1482.6005,1568.2582,-112.8266
15.6743,1482.2369,1567.7363,-112.8266
15.6843,1481.8911,1567.2334,-112.8266
15.6943,1481.5338,1566.7203,-112.8266
15.7048,1481.1750,1566.1500,-112.8266
15.7145,1480.7775,1565.5424,-112.8266
15.7246,1480.3623,1564.9158,-112.8266
15.7340,1479.8793,1564.3107,-112.8266
15.7445,1479.4214,1563.7302,-112.8266
15.7547,1478.9477,1563.1616,-112.8266
15.7641,1478.4814,1562.6163,-112.8266
15.7746,1478.0657,1562.0755,-112.8266
15.7846,1477.6865,1561.5846,-112.8266
15.7955,1477.3427,1561.0767,-112.8266
15.8045,1476.9648,1560.5396,-112.8266
15.8150,1476.6062,1560.0073,-112.8266
15.8240,1476.2362,1559.4588,-112.8266
15.8342,1475.8417,1558.8632,-112.8266
15.8441,1475.4849,1558.3324,-112.8266
15.8548,1475.0894,1557.7441,-112.8266
15.8656,1474.6224,1557.1490,-112.8266
15.8741,1474.1613,1556.5425,-112.8266
15.8839,1473.7026,1556.0052,-112.8266
15.8941,1473.2575,1555.4942,-112.8266
15.9047,1472.8760,1554.9858,-112.8266
15.9144,1472.5235,1554.5267,-112.8266
15.9242,1472.1420,1553.9955,-112.8266
15.9343,1471.8155,1553.4764,-112.8266
15.9447,1471.4358,1552.9533,-112.8266
15.9546,1471.0550,1552.4109,-112.8266
15.9644,1470.6592,1551.8528,-112.8266
15.9745,1470.2791,1551.2672,-112.8266
15.9845,1469.8641,1550.6484,-112.8266
15.9943,1469.4478,1550.0714,-112.8266
16.0047,1468.9988,1549.4801,-112.8266
16.0145,1468.5582,1548.9206,-112.8266
16.0241,1468.1410,1548.3747,-112.8266
16.0344,1467.7683,1547.8837,-112.8266
16.0442,1467.4250,1547.3490,-112.8266
16.0542,1467.0881,1546.8581,-112.8266
16.0646,1466.7320,1546.3206,-112.8266
16.0752,1466.3435,1545.7484,-112.8266
16.0843,1465.9476,1545.1605,-112.8266
16.0954,1465.5494,1544.5850,-112.8266
16.1040,1465.1619,1543.9877,-112.8266
16.1142,1464.7923,1543.4018,-112.8266
16.1242,1464.3677,1542.7494,-112.8266
16.1342,1463.9329,1542.1411,-112.8266
16.1440,1463.4750,1541.5764,-112.8266
16.1545,1463.0885,1541.0928,-112.8266
16.1646,1462.7594,1540.5901,-112.8266
16.1743,1462.4240,1540.0984,-112.8266
16.1845,1462.0588,1539.5542,-112.8266
16.1958,1461.6677,1539.0151,-112.8266
16.2046,1461.2756,1538.4410,-112.8266
16.2142,1460.8636,1537.8364,-112.8266
16.2247,1460.4236,1537.1667,-112.8266
16.2345,1459.9885,1536.5445,-112.8266
16.2447,1459.5275,1535.8943,-112.8266
16.2551,1459.0233,1535.2412,-112.8266
16.2641,1458.5803,1534.6442,-112.8266
16.2745,1458.1660,1534.1176,-112.8266
16.2841,1457.8234,1533.6168,-112.8266
16.2943,1457.4818,1533.1342,-112.8266
16.3045,1457.1221,1532.6223,-112.8266
16.3146,1456.7511,1532.0960,-112.8266
16.3243,1456.3317,1531.5041,-112.8266
16.3346,1455.9352,1530.9212,-112.8266
16.3444,1455.4967,1530.2858,-112.8266
16.3556,1455.0757,1529.6780,-112.8266
16.3658,1454.6610,1529.0454,-112.8266
16.3750,1454.2010,1528.4017,-112.8266
16.3840,1453.7292,1527.7997,-112.8266
16.3948,1453.3124,1527.2750,-112.8266
16.4047,1452.9473,1526.7426,-112.8266
16.4137,1452.5869,1526.2089,-112.8266
16.4241,1452.2316,1525.7048,-112.8266
16.4339,1451.8427,1525.2249,-112.8266
16.4440,1451.4460,1524.6650,-112.8266
16.4547,1451.0673,1524.0968,-112.8266
16.4649,1450.6721,1523.4598,-112.8266
16.4743,1450.2477,1522.8461,-112.8266
16.4844,1449.8164,1522.1857,-112.8266
16.4941,1449.4097,1521.5514,-112.8266
16.5047,1448.9379,1520.9542,-112.8266
16.5147,1448.4980,1520.3867,-112.8266
16.5241,1448.0781,1519.8721,-112.8266
16.5345,1447.7148,1519.3533,-112.8266
16.5441,1447.3741,1518.8586,-112.8266
16.5545,1447.0032,1518.3432,-112.8266
16.5643,1446.6215,1517.7653,-112.8266
16.5747,1446.2446,1517.1860,-112.8266
16.5844,1445.8153,1516.5600,-112.8266
16.5946,1445.4135,1515.9349,-112.8266
16.6050,1445.0023,1515.2689,-112.8266
16.6146,1444.5558,1514.6021,-112.8266
16.6253,1444.0867,1513.9989,-112.8266
16.6342,1443.5940,1513.4304,-112.8266
16.6442,1443.1830,1512.8746,-112.8266
16.6545,1442.8447,1512.3704,-112.8266
16.6641,1442.4895,1511.8498,-112.8266
16.6746,1442.0939,1511.3163,-112.8266
16.6842,1441.7103,1510.7621,-112.8266
16.6945,1441.3400,1510.1832,-112.8266
16.7048,1440.9266,1509.5292,-112.8266
16.7150,1440.5203,1508.8766,-112.8266
16.7240,1440.0547,1508.2553,-112.8266
16.7342,1439.6297,1507.6290,-112.8266
16.7442,1439.2067,1507.0480,-112.8266
16.7543,1438.7463,1506.4438,-112.8266
16.7640,1438.2875,1505.8029,-112.8266
16.7742,1437.8391,1505.2330,-112.8266
16.7840,1437.4401,1504.6373,-112.8266
16.7940,1437.0656,1504.0866,-112.8266
16.8042,1436.6810,1503.4780,-112.8266
16.8144,1436.2858,1502.8543,-112.8266
16.8248,1435.8445,1502.2365,-112.8266
16.8345,1435.4445,1501.6252,-112.8266
16.8446,1435.0370,1501.0217,-112.8266
16.8549,1434.6107,1500.3990,-112.8266
16.8640,1434.1740,1499.8169,-112.8266
16.8755,1433.7545,1499.2900,-112.8266
16.8843,1433.3265,1498.7599,-112.8266
16.8942,1432.9454,1498.2289,-112.8266
16.9039,1432.5865,1497.6704,-112.8266
16.9148,1432.1932,1497.0786,-112.8266
16.9241,1431.7845,1496.4757,-112.8266
16.9342,1431.3768,1495.8611,-112.8266
16.9439,1430.9740,1495.2712,-112.8266
16.9544,1430.5746,1494.6412,-112.8266
16.9658,1430.1735,1494.0571,-112.8266
16.9760,1429.7407,1493.4951,-112.8266
16.9863,1429.2933,1492.9126,-112.8266
16.9943,1428.8749,1492.3225,-112.8266
17.0050,1428.4443,1491.7149,-112.8266
17.0157,1427.9838,1491.1133,-112.8266
17.0243,1427.5639,1490.5254,-112.8266
17.0342,1427.1936,1489.9052,-112.8266
17.0442,1426.7796,1489.2784,-112.8266
17.0555,1426.3655,1488.6613,-112.8266
17.0644,1425.9522,1488.0625,-112.8266
17.0741,1425.5573,1487.5242,-112.8266
17.0863,1425.1679,1486.9485,-112.8266
17.0944,1424.7734,1486.4064,-112.8266
17.1049,1424.4003,1485.8601,-112.8266
17.1139,1423.9905,1485.2939,-112.8266
17.1250,1423.5766,1484.7206,-112.8266
17.1347,1423.1523,1484.1874,-112.8266
17.1439,1422.7457,1483.6588,-112.8266
17.1540,1422.3871,1483.0823,-112.8266
17.1671,1422.0247,1482.5357,-112.8266
17.1742,1421.6341,1481.9907,-112.8266
17.1842,1421.2338,1481.4326,-112.8266
17.1944,1420.8516,1480.9038,-112.8266
17.2041,1420.4807,1480.3627,-112.8266
17.2142,1420.0786,1479.8424,-112.8266
17.2252,1419.6877,1479.2701,-112.8266
17.2344,1419.3378,1478.7320,-112.8266
17.2442,1418.9713,1478.1548,-112.8266
17.2546,1418.5942,1477.5524,-112.8266
17.2644,1418.1680,1477.0264,-112.8266
17.2748,1417.7803,1476.4637,-112.8266
17.2843,1417.4217,1475.9175,-112.8266
17.2944,1417.0378,1475.3553,-112.8266
17.3042,1416.6382,1474.7885,-112.8266
17.3146,1416.2271,1474.2446,-112.8266
17.3252,1415.8479,1473.7161,-112.8266
17.3341,1415.4612,1473.1710,-112.8266
17.3438,1415.0775,1472.6045,-112.8266
17.3542,1414.7195,1472.0399,-112.8266
17.3643,1414.3618,1471.4717,-112.8266
17.3744,1414.0089,1470.8953,-112.8266
17.3852,1413.6262,1470.3369,-112.8266
17.3940,1413.2382,1469.7833,-112.8266
17.4056,1412.8358,1469.1961,-112.8266
17.4148,1412.4420,1468.6284,-112.8266
17.4244,1412.0325,1468.0402,-112.8266
17.4341,1411.6173,1467.4789,-112.8266
17.4439,1411.2485,1466.9403,-112.8266
17.4548,1410.8584,1466.3665,-112.8266
17.4659,1410.4327,1465.8311,-112.8266
17.4754,1410.0267,1465.2127,-112.8266
17.4845,1409.6384,1464.6299,-112.8266
17.4943,1409.2791,1464.0366,-112.8266
17.5044,1408.8609,1463.4340,-112.8266
17.5153,1408.4510,1462.8793,-112.8266
17.5238,1408.0453,1462.3837,-112.8266
17.5342,1407.6829,1461.8828,-112.8266
17.5440,1407.3029,1461.3268,-112.8266
17.5551,1406.9191,1460.7723,-112.8266
17.5647,1406.5014,1460.2287,-112.8266
17.5755,1406.1049,1459.6420,-112.8266
17.5858,1405.6843,1459.0869,-112.8266
17.5938,1405.2722,1458.4785,-112.8266
17.6047,1404.8557,1457.8505,-112.8266
17.6144,1404.4565,1457.2386,-112.8266
17.6241,1404.0649,1456.6762,-112.8266
17.6345,1403.6464,1456.1365,-112.8266
17.6441,1403.2574,1455.6401,-112.8266
17.6543,1402.8795,1455.2023,-112.8266
17.6642,1402.5325,1454.6465,-112.8266
17.6743,1402.1635,1454.1422,-112.8266
17.6844,1401.7441,1453.5958,-112.8266
17.6944,1401.3160,1453.0128,-112.8266
17.7047,1400.9150,1452.3981,-112.8266
17.7140,1400.4949,1451.8021,-112.8266
17.7257,1400.0541,1451.1691,-112.8266
17.7357,1399.6110,1450.5665,-112.8266
17.7454,1399.2526,1449.9518,-112.8266
17.7543,1398.8723,1449.3652,-112.8266
17.7643,1398.4789,1448.8353,-112.8266
17.7747,1398.1309,1448.3716,-112.8266
17.7839,1397.7507,1447.8669,-112.8266
17.7940,1397.4068,1447.3120,-112.8266
17.8043,1396.9786,1446.7299,-112.8266
17.8141,1396.5657,1446.1550,-112.8266
17.8245,1396.1279,1445.5434,-112.8266
17.8340,1395.7507,1444.9663,-112.8266
17.8446,1395.3490,1444.3356,-112.8266
17.8544,1394.9376,1443.7641,-112.8266
17.8642,1394.5663,1443.1444,-112.8266
17.8748,1394.1725,1442.5494,-112.8266
17.8846,1393.7699,1441.9764,-112.8266
17.8943,1393.3865,1441.4244,-112.8266
17.9041,1393.0307,1440.8986,-112.8266
17.9142,1392.6598,1440.3464,-112.8266
17.9244,1392.2734,1439.7410,-112.8266
17.9340,1391.8510,1439.1958,-112.8266
17.9441,1391.4460,1438.6030,-112.8266
17.9542,1391.0521,1438.0334,-112.8266
17.9641,1390.6827,1437.4534,-112.8266
17.9745,1390.2686,1436.8801,-112.8266
17.9863,1389.8600,1436.2831,-112.8266
17.9944,1389.4982,1435.6938,-112.8266
18.0044,1389.1594,1435.0937,-112.8266
18.0147,1388.7844,1434.5211,-112.8266
18.0244,1388.3934,1433.9412,-112.8266
18.0358,1387.9796,1433.3533,-112.8266
18.0457,1387.5643,1432.7328,-112.8266
18.0567,1387.1553,1432.1430,-112.8266
18.0645,1386.7748,1431.5756,-112.8266
18.0743,1386.3558,1430.9991,-112.8266
18.0843,1385.9521,1430.3962,-112.8266
18.0939,1385.5452,1429.7846,-112.8266
18.1043,1385.1369,1429.1569,-112.8266
18.1142,1384.7565,1428.5457,-112.8266
18.1247,1384.3787,1427.9561,-112.8266
18.1346,1384.0137,1427.3834,-112.8266
18.1442,1383.6507,1426.8063,-112.8266
18.1546,1383.2623,1426.2816,-112.8266
18.1643,1382.8909,1425.7439,-112.8266
18.1744,1382.4742,1425.1771,-112.8266
18.1843,1382.0950,1424.5709,-112.8266
18.1953,1381.6707,1423.9777,-112.8266
18.2042,1381.2484,1423.3767,-112.8266
18.2147,1380.8431,1422.7507,-112.8266
18.2254,1380.4207,1422.1227,-112.8266
18.2346,1380.0096,1421.5101,-112.8266
18.2442,1379.5997,1420.8511,-112.8266
18.2542,1379.2053,1420.2238,-112.8266
18.2643,1378.7856,1419.6298,-112.8266
18.2744,1378.3902,1419.0853,-112.8266
18.2850,1378.0306,1418.5536,-112.8266
18.2942,1377.6627,1418.0213,-112.8266
18.3045,1377.2821,1417.4329,-112.8266
18.3143,1376.8826,1416.8545,-112.8266
18.3248,1376.4332,1416.2786,-112.8266
18.3352,1375.9755,1415.6141,-112.8266
18.3446,1375.5452,1414.9786,-112.8266
18.3542,1375.1156,1414.3677,-112.8266
18.3646,1374.7380,1413.7249,-112.8266
18.3741,1374.3826,1413.1232,-112.8266
18.3842,1374.0002,1412.5504,-112.8266
18.3946,1373.6118,1412.0254,-112.8266
18.4043,1373.2708,1411.4884,-112.8266
18.4145,1372.9087,1410.9525,-112.8266
18.4243,1372.5153,1410.3406,-112.8266
18.4343,1372.0959,1409.7115,-112.8266
18.4442,1371.6698,1409.1089,-112.8266
18.4545,1371.2291,1408.5366,-112.8266
18.4661,1370.8035,1407.9130,-112.8266
18.4761,1370.4250,1407.2971,-112.8266
18.4845,1370.0128,1406.6439,-112.8266
18.4956,1369.6157,1406.0114,-112.8266
18.5050,1369.2618,1405.3895,-112.8266
18.5141,1368.8989,1404.7919,-112.8266
18.5281,1368.5216,1404.2359,-112.8266
18.5359,1368.1664,1403.6850,-112.8266
18.5440,1367.7939,1403.1623,-112.8266
18.5542,1367.3939,1402.5927,-112.8266
18.5645,1366.9710,1401.9896,-112.8266
18.5741,1366.5187,1401.3897,-112.8266
18.5841,1366.0765,1400.7368,-112.8266
18.5945,1365.6672,1400.1362,-112.8266
18.6039,1365.3142,1399.4964,-112.8266
18.6140,1364.9368,1398.8795,-112.8266
18.6243,1364.5110,1398.2258,-112.8266
18.6347,1364.0992,1397.6232,-112.8266
18.6442,1363.7125,1397.0945,-112.8266
18.6546,1363.3464,1396.5700,-112.8266
18.6642,1362.9842,1396.0295,-112.8266
18.6746,1362.5865,1395.4455,-112.8266
18.6848,1362.1368,1394.8464,-112.8266
18.6941,1361.7047,1394.2815,-112.8266
18.7042,1361.2756,1393.6580,-112.8266
18.7141,1360.9020,1393.0702,-112.8266
18.7240,1360.5549,1392.4520,-112.8266
18.7342,1360.2009,1391.8643,-112.8266
18.7439,1359.8077,1391.3340,-112.8266
18.7543,1359.4447,1390.7969,-112.8266
18.7647,1359.0809,1390.2883,-112.8266
18.7743,1358.7113,1389.7334,-112.8266
18.7842,1358.3132,1389.1550,-112.8266
18.7947,1357.9037,1388.6080,-112.8266
18.8048,1357.4955,1388.0535,-112.8266
18.8140,1357.0882,1387.4745,-112.8266
18.8248,1356.6973,1386.8663,-112.8266
18.8341,1356.3033,1386.2913,-112.8266
18.8441,1355.9436,1385.7492,-112.8266
18.8541,1355.6119,1385.1924,-112.8266
18.8641,1355.2735,1384.6619,-112.8266
18.8740,1354.9075,1384.0557,-112.8266
18.8843,1354.5335,1383.5297,-112.8266
18.8944,1354.1387,1382.9920,-112.8266
18.9048,1353.7584,1382.4730,-112.8266
18.9142,1353.3484,1381.8914,-112.8266
18.9240,1352.9518,1381.3270,-112.8266
18.9344,1352.5266,1380.7864,-112.8266
18.9465,1352.1066,1380.2117,-112.8266
18.9540,1351.7258,1379.6650,-112.8266
18.9654,1351.3400,1379.0999,-112.8266
18.9743,1350.9772,1378.5188,-112.8266
18.9843,1350.6277,1377.9354,-112.8266
18.9941,1350.2668,1377.3321,-112.8266
19.0046,1349.9487,1376.7246,-112.8266
19.0154,1349.5813,1376.1273,-112.8266
19.0242,1349.2104,1375.5217,-112.8266
19.0342,1348.7838,1374.9849,-112.8266
19.0447,1348.3876,1374.4238,-112.8266
19.0544,1347.9927,1373.8817,-112.8266
19.0647,1347.6094,1373.3180,-112.8266
19.0749,1347.2089,1372.7178,-112.8266
19.0857,1346.8229,1372.1321,-112.8266
19.0955,1346.4522,1371.5811,-112.8266
19.1054,1346.1021,1371.0156,-112.8266
19.1141,1345.7888,1370.4396,-112.8266
19.1242,1345.4648,1369.8268,-112.8266
19.1352,1345.0822,1369.2380,-112.8266
19.1441,1344.6915,1368.6387,-112.8266
19.1554,1344.3204,1368.1302,-112.8266
19.1643,1343.9152,1367.5430,-112.8266
19.1741,1343.5468,1366.9649,-112.8266
19.1852,1343.1422,1366.4095,-112.8266
19.1962,1342.7028,1365.8077,-112.8266
19.2047,1342.3021,1365.2249,-112.8266
19.2145,1341.9414,1364.6282,-112.8266
19.2251,1341.5793,1364.0464,-112.8266
19.2343,1341.2242,1363.4578,-112.8266
19.2451,1340.8784,1362.8394,-112.8266
19.2544,1340.5039,1362.2386,-112.8266
19.2650,1340.0864,1361.5990,-112.8266
19.2745,1339.7170,1361.0324,-112.8266
19.2845,1339.2534,1360.4767,-112.8266
19.2945,1338.8510,1359.8943,-112.8266
19.3042,1338.4439,1359.3391,-112.8266
19.3137,1338.0543,1358.7538,-112.8266
19.3243,1337.6895,1358.1717,-112.8266
19.3345,1337.3031,1357.6008,-112.8266
19.3443,1336.9683,1357.0198,-112.8266
19.3544,1336.6093,1356.4536,-112.8266
19.3641,1336.2870,1355.8085,-112.8266
19.3744,1335.9222,1355.1990,-112.8266
19.3846,1335.5439,1354.6339,-112.8266
19.3944,1335.1467,1354.0697,-112.8266
19.4041,1334.7363,1353.4964,-112.8266
19.4141,1334.3383,1352.9249,-112.8266
19.4245,1333.9308,1352.3485,-112.8266
19.4342,1333.5276,1351.7809,-112.8266
19.4444,1333.0918,1351.2003,-112.8266
19.4544,1332.7094,1350.6369,-112.8266
19.4679,1332.3452,1350.0529,-112.8266
19.4739,1332.0187,1349.4705,-112.8266
19.4847,1331.6750,1348.8719,-112.8266
19.4940,1331.3668,1348.2523,-112.8266
19.5040,1330.9916,1347.6577,-112.8266
19.5142,1330.6129,1347.0320,-112.8266
19.5243,1330.1965,1346.4610,-112.8266
19.5340,1329.7906,1345.9016,-112.8266
19.5442,1329.3711,1345.3400,-112.8266
19.5547,1328.9796,1344.7621,-112.8266
19.5650,1328.6106,1344.1723,-112.8266
19.5746,1328.2056,1343.6099,-112.8266
19.5844,1327.7791,1343.0214,-112.8266
19.5941,1327.4211,1342.4175,-112.8266
19.6043,1327.0762,1341.7944,-112.8266
19.6143,1326.7425,1341.1570,-112.8266
19.6242,1326.3677,1340.5208,-112.8266
19.6341,1325.9511,1339.8918,-112.8266
19.6453,1325.5373,1339.3038,-112.8266
19.6565,1325.1079,1338.6976,-112.8266
19.6646,1324.6942,1338.1313,-112.8266
19.6750,1324.2734,1337.5691,-112.8266
19.6841,1323.8621,1336.9633,-112.8266
19.6949,1323.4628,1336.4156,-112.8266
19.7043,1323.0573,1335.8506,-112.8266
19.7147,1322.6978,1335.2444,-112.8266
19.7249,1322.3374,1334.6469,-112.8266
19.7351,1321.9760,1334.0270,-112.8266
19.7441,1321.6162,1333.3785,-112.8266
19.7540,1321.2495,1332.7151,-112.8266
19.7642,1320.8842,1332.0409,-112.8266
19.7739,1320.4305,1331.4142,-112.8266
19.7841,1319.9680,1330.7581,-112.8266
19.7945,1319.5154,1330.1852,-112.8266
19.8050,1319.1021,1329.5779,-112.8266
19.8141,1318.7093,1328.9818,-112.8266
19.8244,1318.3380,1328.4335,-112.8266
19.8340,1317.9738,1327.8766,-112.8266
19.8441,1317.5981,1327.2971,-112.8266
19.8546,1317.2699,1326.6852,-112.8266
19.8646,1316.9171,1326.0371,-112.8266
19.8741,1316.5226,1325.4141,-112.8266
19.8845,1316.1067,1324.7769,-112.8266
19.8947,1315.6880,1324.2081,-112.8266
19.9052,1315.2780,1323.6145,-112.8266
19.9144,1314.8916,1323.0423,-112.8266
19.9241,1314.4553,1322.4753,-112.8266
19.9346,1314.0404,1321.8774,-112.8266
19.9439,1313.6561,1321.3151,-112.8266
19.9545,1313.3048,1320.7383,-112.8266
19.9643,1312.9552,1320.1870,-112.8266
19.9743,1312.6158,1319.5860,-112.8266
19.9846,1312.2789,1318.9632,-112.8266
19.9944,1311.9140,1318.3419,-112.8266
20.0059,1311.5125,1317.6210,-112.8266
20.0167,1311.1033,1316.9938,-112.8266
20.0245,1310.6412,1316.3700,-112.8266
20.0346,1310.2129,1315.7520,-112.8266
20.0443,1309.8115,1315.1841,-112.8266
20.0541,1309.4277,1314.5883,-112.8266
20.0640,1309.0134,1314.0277,-112.8266
20.0740,1308.6454,1313.4855,-112.8266
20.0840,1308.2972,1312.9180,-112.8266
20.0952,1307.9644,1312.3250,-112.8266
20.1044,1307.6725,1311.7038,-112.8266
20.1145,1307.3164,1311.1172,-112.8266
20.1243,1306.9121,1310.4648,-112.8266
20.1346,1306.5155,1309.8655,-112.8266
20.1442,1306.0706,1309.3126,-112.8266
20.1543,1305.6526,1308.7526,-112.8266
20.1649,1305.2734,1308.2105,-112.8266
20.1739,1304.8926,1307.6487,-112.8266
20.1844,1304.5168,1307.1134,-112.8266
20.1951,1304.1719,1306.5963,-112.8266
20.2044,1303.8386,1306.0399,-112.8266
20.2144,1303.5099,1305.4903,-112.8266
20.2253,1303.1728,1304.9146,-112.8266
20.2349,1302.8490,1304.3240,-112.8266
20.2440,1302.4945,1303.7503,-112.8266
20.2544,1302.1545,1303.0902,-112.8266
20.2642,1301.7781,1302.5240,-112.8266
20.2744,1301.3604,1301.9612,-112.8266
20.2848,1300.9535,1301.4293,-112.8266
20.2943,1300.5880,1300.8995,-112.8266
20.3052,1300.2341,1300.3492,-112.8266
20.3143,1299.8462,1299.8455,-112.8266
20.3243,1299.4911,1299.2788,-112.8266
20.3338,1299.1450,1298.7524,-112.8266
20.3446,1298.8287,1298.1774,-112.8266
20.3548,1298.5089,1297.6023,-112.8266
20.3640,1298.1440,1297.0051,-112.8266
20.3742,1297.7867,1296.3697,-112.8266
20.3844,1297.4054,1295.7230,-112.8266
20.3944,1297.0155,1295.0909,-112.8266
20.4047,1296.5967,1294.4926,-112.8266
20.4147,1296.1686,1293.9548,-112.8266
20.4240,1295.7939,1293.3967,-112.8266
20.4341,1295.4150,1292.8649,-112.8266
20.4441,1295.0500,1292.3018,-112.8266
20.4543,1294.6995,1291.7630,-112.8266
20.4659,1294.3456,1291.2070,-112.8266
20.4740,1293.9698,1290.5906,-112.8266
20.4839,1293.6159,1289.9826,-112.8266
20.4963,1293.2745,1289.3482,-112.8266
20.5059,1292.9376,1288.7292,-112.8266
20.5141,1292.5496,1288.1216,-112.8266
20.5239,1292.1154,1287.5378,-112.8266
20.5342,1291.6819,1287.0328,-112.8266
20.5438,1291.2747,1286.4515,-112.8266
20.5543,1290.9067,1285.9024,-112.8266
20.5640,1290.5452,1285.3734,-112.8266
20.5741,1290.1711,1284.8439,-112.8266
20.5854,1289.7920,1284.3270,-112.8266
20.5948,1289.4789,1283.7787,-112.8266
20.6057,1289.1111,1283.2118,-112.8266
20.6150,1288.7791,1282.6145,-112.8266
20.6245,1288.4083,1281.9750,-112.8266
20.6339,1287.9907,1281.3599,-112.8266
20.6445,1287.5690,1280.7025,-112.8266
20.6546,1287.1296,1280.1482,-112.8266
20.6640,1286.7139,1279.5962,-112.8266
20.6741,1286.3470,1279.0534,-112.8266
20.6841,1285.9849,1278.5577,-112.8266
20.6940,1285.6108,1278.0262,-112.8266
20.7040,1285.2653,1277.5125,-112.8266
20.7143,1284.9224,1276.9554,-112.8266
20.7246,1284.5765,1276.3872,-112.8266
20.7353,1284.1926,1275.7740,-112.8266
20.7450,1283.8061,1275.1023,-112.8266
20.7559,1283.4293,1274.4577,-112.8266
20.7647,1283.0259,1273.7886,-112.8266
20.7749,1282.5966,1273.1862,-112.8266
20.7850,1282.1497,1272.6260,-112.8266
20.7953,1281.7227,1272.0091,-112.8266
20.8047,1281.3405,1271.4816,-112.8266
20.8141,1280.9810,1270.9033,-112.8266
20.8243,1280.6348,1270.3615,-112.8266
20.8344,1280.2618,1269.7463,-112.8266
20.8441,1279.9299,1269.1259,-112.8266
20.8541,1279.5706,1268.5143,-112.8266
20.8649,1279.2025,1267.8481,-112.8266
20.8741,1278.8244,1267.2034,-112.8266
20.8844,1278.4369,1266.5829,-112.8266
20.8949,1278.0441,1265.9633,-112.8266
20.9036,1277.6465,1265.4237,-112.8266
20.9140,1277.2781,1264.8741,-112.8266
20.9240,1276.9097,1264.3326,-112.8266
20.9342,1276.5363,1263.7659,-112.8266
20.9444,1276.1698,1263.2107,-112.8266
20.9550,1275.8161,1262.6389,-112.8266
20.9646,1275.5020,1262.0742,-112.8266
20.9747,1275.1824,1261.4843,-112.8266
20.9850,1274.8246,1260.8590,-112.8266
20.9941,1274.4598,1260.1981,-112.8266
21.0040,1274.0615,1259.5715,-112.8266
21.0139,1273.6742,1258.8828,-112.8266
21.0250,1273.2641,1258.2822,-112.8266
21.0343,1272.8614,1257.6785,-112.8266
21.0441,1272.4623,1257.0989,-112.8266
21.0545,1272.0886,1256.5481,-112.8266
21.0641,1271.7280,1255.9945,-112.8266
21.0740,1271.3699,1255.4730,-112.8266
21.0839,1271.0032,1254.8871,-112.8266
21.0939,1270.6655,1254.2620,-112.8266
21.1042,1270.3214,1253.6591,-112.8266
21.1143,1269.9516,1252.9865,-112.8266
21.1263,1269.5683,1252.3702,-112.8266
21.1358,1269.1727,1251.7026,-112.8266
21.1442,1268.7948,1251.0654,-112.8266
21.1542,1268.3923,1250.4562,-112.8266
21.1641,1268.0098,1249.8846,-112.8266
21.1741,1267.6111,1249.3254,-112.8266
21.1844,1267.2090,1248.7298,-112.8266
21.1943,1266.8384,1248.1734,-112.8266
21.2048,1266.4727,1247.5972,-112.8266
21.2156,1266.1150,1246.9751,-112.8266
21.2249,1265.7593,1246.3691,-112.8266
21.2349,1265.4124,1245.7039,-112.8266
21.2449,1265.0110,1245.0462,-112.8266
21.2544,1264.6078,1244.3849,-112.8266
21.2647,1264.2220,1243.7962,-112.8266
21.2743,1263.8033,1243.2286,-112.8266
21.2842,1263.4016,1242.6401,-112.8266
21.2941,1263.0197,1242.0828,-112.8266
21.3048,1262.6390,1241.5284,-112.8266
21.3143,1262.2748,1240.9617,-112.8266
21.3247,1261.8979,1240.4034,-112.8266
21.3342,1261.5460,1239.7704,-112.8266
21.3442,1261.1965,1239.1648,-112.8266
21.3543,1260.8351,1238.5111,-112.8266
21.3647,1260.4517,1237.8594,-112.8266
21.3741,1260.0638,1237.2075,-112.8266
21.3846,1259.7092,1236.5887,-112.8266
21.3939,1259.3296,1236.0145,-112.8266
21.4064,1258.9250,1235.4413,-112.8266
21.4159,1258.5447,1234.8776,-122.7137
21.4252,1258.1618,1234.3674,-122.7007
21.4340,1257.7922,1233.7586,-122.7122
21.4444,1257.4481,1233.2123,-122.7441
21.4542,1257.1529,1232.5427,-122.7441
21.4640,1256.9147,1231.6213,-122.7441
21.4741,1256.5600,1230.8712,-122.7441
21.4838,1256.4622,1230.1366,-122.7441
21.4939,1256.3314,1229.3857,-122.7441
21.5041,1256.1517,1228.6609,-122.7441
21.5142,1256.2057,1227.8254,-122.7441
21.5242,1256.2549,1227.0471,-122.7441
21.5347,1256.2978,1226.3175,-122.7441
21.5443,1256.1599,1225.7817,-122.7441
21.5548,1255.6914,1225.3764,-122.7441
21.5665,1255.1543,1224.9877,-122.7441
21.5740,1254.7422,1224.4263,-122.7441
21.5840,1254.3420,1223.7241,-122.7441
21.5942,1253.7993,1223.0537,-122.7441
21.6040,1253.1927,1222.4452,-122.7441
21.6141,1252.6398,1221.9243,-122.7441
21.6239,1252.1710,1221.3557,-122.7441
21.6342,1251.7577,1220.8150,-122.7441
21.6455,1251.3651,1220.3272,-122.7441
21.6540,1250.9597,1219.8611,-122.7441
21.6640,1250.5752,1219.4002,-122.7441
21.6752,1250.2387,1218.9050,-122.7441
21.6852,1249.8904,1218.4185,-122.7441
21.6941,1249.4945,1217.9016,-122.7441
21.7043,1249.0632,1217.3438,-122.7441
21.7144,1248.6044,1216.8018,-122.7441
21.7246,1248.1036,1216.2211,-122.7441
21.7350,1247.6139,1215.6215,-122.7441
21.7457,1247.0938,1215.0435,-122.7441
21.7548,1246.6129,1214.4773,-122.7441
21.7651,1246.1874,1213.9898,-122.7441
21.7743,1245.8092,1213.5098,-122.7441
21.7840,1245.4384,1213.0300,-122.7441
21.7936,1245.0557,1212.5454,-122.7441
21.8041,1244.6926,1212.0461,-122.7441
21.8155,1244.2940,1211.5374,-122.7441
21.8237,1243.8571,1210.9436,-122.7441
21.8343,1243.4009,1210.3379,-122.7441
21.8454,1242.9333,1209.7162,-122.7441
21.8546,1242.4410,1209.1016,-122.7441
21.8643,1241.9066,1208.5529,-122.7441
21.8743,1241.4352,1207.9938,-122.7441
21.8843,1241.0377,1207.5082,-122.7441
21.8941,1240.6937,1207.0242,-122.7441
21.9043,1240.3293,1206.5632,-122.7441
21.9141,1239.9280,1206.1185,-122.7441
21.9243,1239.5269,1205.5922,-122.7441
21.9341,1239.1474,1205.0750,-122.7441
21.9438,1238.7505,1204.4982,-122.7441
21.9545,1238.3447,1203.9009,-122.7441
21.9639,1237.8923,1203.3057,-122.7441
21.9742,1237.4272,1202.7141,-122.7441
21.9846,1236.9290,1202.1521,-122.7441
21.9942,1236.4612,1201.5933,-122.7441
22.0042,1236.0847,1201.1003,-122.7441
22.0142,1235.7147,1200.6326,-122.7441
22.0243,1235.3456,1200.1724,-122.7441
22.0345,1234.9360,1199.7306,-122.7441
22.0445,1234.5466,1199.1804,-122.7441
22.0553,1234.1445,1198.6196,-122.7441
22.0642,1233.7253,1198.0628,-122.7441
22.0740,1233.3152,1197.4955,-122.7441
22.0844,1232.8737,1196.9096,-122.7441
22.0945,1232.4495,1196.2894,-122.7441
22.1043,1231.9821,1195.7053,-122.7441
22.1138,1231.4490,1195.1001,-122.7441
22.1239,1230.9749,1194.4980,-122.7441
22.1340,1230.5331,1193.9897,-122.7441
22.1445,1230.1524,1193.4487,-122.7441
22.1560,1229.7959,1192.9957,-122.7441
22.1651,1229.3918,1192.4991,-122.7441
22.1745,1229.0043,1191.9445,-122.7441
22.1852,1228.6211,1191.4141,-122.7441
22.1939,1228.2239,1190.8304,-122.7441
22.2046,1227.8064,1190.2651,-122.7441
22.2144,1227.3418,1189.6574,-122.7441
22.2249,1226.8797,1189.0569,-122.7441
22.2343,1226.3560,1188.4804,-122.7441
22.2443,1225.8968,1187.9028,-122.7441
22.2541,1225.5232,1187.4163,-122.7441
22.2645,1225.1693,1186.9443,-122.7441
22.2742,1224.7869,1186.4932,-122.7441
22.2841,1224.3812,1186.0249,-122.7441
22.2940,1224.0007,1185.4789,-122.7441
22.3044,1223.5971,1184.9208,-122.7441
22.3157,1223.1855,1184.3148,-122.7441
22.3245,1222.7655,1183.7364,-122.7441
22.3359,1222.2927,1183.1406,-122.7441
22.3451,1221.8533,1182.5394,-122.7441
22.3554,1221.3496,1181.9871,-122.7441
22.3646,1220.8508,1181.4144,-122.7441
22.3744,1220.3925,1180.8522,-122.7441
22.3842,1219.9955,1180.3613,-122.7441
22.3942,1219.6072,1179.8772,-122.7441
22.4045,1219.2224,1179.4493,-122.7441
22.4157,1218.8470,1178.9498,-122.7441
22.4254,1218.4410,1178.4128,-122.7441
22.4358,1218.0316,1177.8396,-122.7441
22.4446,1217.6236,1177.2361,-122.7441
22.4541,1217.1962,1176.6710,-122.7441
22.4644,1216.7378,1176.0396,-122.7441
22.4744,1216.2556,1175.4575,-122.7441
22.4846,1215.7458,1174.8846,-122.7441
22.4954,1215.2910,1174.3464,-122.7441
22.5065,1214.8569,1173.8366,-122.7441
22.5160,1214.4937,1173.3263,-122.7441
22.5256,1214.0688,1172.8870,-122.7441
22.5347,1213.6672,1172.3748,-122.7441
22.5441,1213.2889,1171.8616,-122.7441
22.5545,1212.8840,1171.2932,-122.7441
22.5645,1212.4662,1170.6721,-122.7441
22.5741,1212.0299,1170.0651,-122.7441
22.5848,1211.5697,1169.4329,-122.7441
22.5939,1211.0881,1168.7726,-122.7441
22.6076,1210.5901,1168.1525,-122.7441
22.6160,1210.1096,1167.5560,-122.7441
22.6247,1209.6571,1167.0110,-122.7441
22.6366,1209.2596,1166.4536,-122.7441
22.6450,1208.8832,1165.9683,-122.7441
22.6548,1208.4764,1165.4631,-122.7441
22.6656,1208.0916,1164.9011,-122.7441
22.6739,1207.6762,1164.3743,-122.7441
22.6839,1207.2654,1163.7798,-122.7441
22.6943,1206.8495,1163.2029,-122.7441
22.7055,1206.4363,1162.6130,-122.7441
22.7140,1206.0023,1162.0231,-122.7441
22.7242,1205.5173,1161.4602,-122.7441
22.7343,1205.0621,1160.8934,-122.7441
22.7443,1204.5861,1160.3459,-122.7441
22.7542,1204.1620,1159.8018,-122.7441
22.7651,1203.7698,1159.2852,-122.7441
22.7740,1203.3588,1158.8054,-122.7441
22.7845,1202.9368,1158.2675,-122.7441
22.7948,1202.5425,1157.7130,-122.7441
22.8040,1202.1237,1157.1247,-122.7441
22.8140,1201.6774,1156.4824,-122.7441
22.8246,1201.2365,1155.8761,-122.7441
22.8351,1200.8062,1155.2264,-122.7441
22.8442,1200.3146,1154.6337,-122.7441
22.8552,1199.8484,1153.9880,-122.7441
22.8642,1199.3672,1153.3918,-122.7441
22.8741,1198.8697,1152.8392,-122.7441
22.8846,1198.4242,1152.2565,-122.7441
22.8940,1198.0145,1151.7413,-122.7441
22.9050,1197.5868,1151.1638,-122.7441
22.9144,1197.1932,1150.6193,-122.7441
22.9244,1196.7884,1150.0443,-122.7441
22.9345,1196.3828,1149.4692,-122.7441
22.9447,1195.9537,1148.8831,-122.7441
22.9553,1195.5107,1148.2583,-122.7441
22.9639,1195.0316,1147.6376,-122.7441
22.9741,1194.5626,1147.0291,-122.7441
22.9842,1194.0717,1146.4296,-122.7441
22.9939,1193.5907,1145.9346,-122.7441
23.0054,1193.1567,1145.4298,-122.7441
23.0149,1192.7627,1144.9615,-128.0178
23.0241,1192.3656,1144.4869,-128.0055
23.0343,1191.9554,1143.9912,-128.0065
23.0444,1191.5778,1143.4756,-128.0594
23.0542,1191.2339,1142.8256,-128.0594
23.0642,1190.9214,1141.9632,-128.0594
23.0753,1190.3194,1141.3441,-128.0594
23.0849,1190.1609,1140.6776,-128.0594
23.0945,1190.2760,1140.0114,-128.0594
23.1045,1190.2445,1139.3380,-128.0594
23.1152,1190.5179,1138.6082,-128.0594
23.1252,1190.5791,1137.9012,-128.0594
23.1348,1190.4005,1137.2763,-128.0594
23.1444,1190.0744,1136.7301,-128.0594
23.1549,1189.6009,1136.2696,-128.0594
23.1655,1188.9571,1135.8350,-128.0594
23.1742,1188.3929,1135.2331,-128.0594
23.1843,1187.8865,1134.5510,-128.0594
23.1939,1187.3545,1133.9489,-128.0594
23.2044,1186.8282,1133.4437,-128.0594
23.2148,1186.3362,1133.0563,-128.0594
23.2243,1185.9437,1132.6310,-128.0594
23.2347,1185.5230,1132.1813,-128.0594
23.2440,1185.1165,1131.7949,-128.0594
23.2549,1184.7047,1131.3773,-128.0594
23.2642,1184.2424,1130.9738,-128.0594
23.2740,1183.7518,1130.4709,-128.0594
23.2849,1183.2242,1129.9384,-128.0594
23.2948,1182.6463,1129.3586,-128.0594
23.3046,1182.0365,1128.7526,-128.0594
23.3140,1181.4561,1128.1976,-128.0594
23.3245,1180.8934,1127.6493,-128.0594
23.3341,1180.4225,1127.1765,-128.0594
23.3457,1180.0165,1126.7712,-128.0594
23.3553,1179.6223,1126.3467,-128.0594
23.3639,1179.1895,1125.9383,-128.0594
23.3744,1178.8065,1125.5173,-128.0594
23.3845,1178.3638,1125.1170,-128.0594
23.3947,1177.9080,1124.6237,-128.0594
23.4046,1177.4034,1124.0956,-128.0594
23.4142,1176.8603,1123.5862,-128.0594
23.4244,1176.3031,1123.0107,-128.0594
23.4344,1175.7577,1122.4312,-128.0594
23.4444,1175.2153,1121.8729,-128.0594
23.4559,1174.7137,1121.3635,-128.0594
23.4648,1174.2447,1120.9266,-128.0594
23.4740,1173.8262,1120.4958,-128.0594
23.4839,1173.4156,1120.0989,-128.0594
23.4942,1172.9917,1119.6427,-128.0594
23.5044,1172.5799,1119.2039,-128.0594
23.5152,1172.1031,1118.7326,-128.0594
23.5243,1171.6154,1118.1726,-128.0594
23.5343,1171.1011,1117.6801,-128.0594
23.5446,1170.5703,1117.1295,-128.0594
23.5548,1170.0372,1116.5713,-128.0594
23.5644,1169.4774,1116.0240,-128.0594
23.5741,1168.9438,1115.4720,-128.0594
23.5842,1168.4517,1114.9860,-128.0594
23.5942,1168.0397,1114.5199,-128.0594
23.6043,1167.6460,1114.1416,-128.0594
23.6143,1167.2251,1113.7092,-128.0594
23.6246,1166.7998,1113.2596,-128.0594
23.6349,1166.3489,1112.7814,-128.0594
23.6440,1165.8770,1112.2772,-128.0594
23.6543,1165.4243,1111.7495,-128.0594
23.6643,1164.9325,1111.2244,-128.0594
23.6742,1164.3940,1110.6551,-128.0594
23.6846,1163.8466,1110.1206,-128.0594
23.6939,1163.3315,1109.5405,-128.0594
23.7045,1162.8501,1109.0339,-128.0594
23.7146,1162.3911,1108.5382,-128.0594
23.7246,1161.9963,1108.0919,-128.0594
23.7352,1161.5608,1107.6809,-128.0594
23.7442,1161.1331,1107.2532,-128.0594
23.7543,1160.7077,1106.8221,-128.0594
23.7645,1160.2596,1106.3287,-128.0594
23.7751,1159.7931,1105.7910,-128.0594
23.7846,1159.3137,1105.2379,-128.0594
23.7942,1158.7993,1104.6857,-128.0594
23.8042,1158.2487,1104.1486,-128.0594
23.8139,1157.7060,1103.5886,-128.0594
23.8241,1157.2082,1103.0317,-128.0594
23.8343,1156.7238,1102.5226,-128.0594
23.8439,1156.3047,1102.0616,-128.0594
23.8541,1155.8956,1101.6629,-128.0594
23.8645,1155.4777,1101.2361,-128.0594
23.8744,1155.0513,1100.7719,-128.0594
23.8843,1154.6052,1100.3205,-128.0594
23.8941,1154.1439,1099.8192,-128.0594
23.9044,1153.6454,1099.3337,-128.0594
23.9160,1153.1359,1098.7980,-128.0594
23.9239,1152.6000,1098.2585,-128.0594
23.9341,1152.0509,1097.6964,-128.0594
23.9442,1151.5253,1097.1085,-128.0594
23.9544,1151.0343,1096.5921,-128.0594
23.9645,1150.5692,1096.0810,-128.0594
23.9745,1150.1659,1095.6277,-128.0594
23.9843,1149.7250,1095.2160,-128.0594
23.9940,1149.3360,1094.8026,-128.0594
24.0044,1148.8574,1094.3792,-128.0594
24.0142,1148.4117,1093.8847,-128.0594
24.0244,1147.9048,1093.3990,-128.0594
24.0341,1147.3881,1092.8629,-128.0594
24.0438,1146.8811,1092.3152,-128.0594
24.0544,1146.3492,1091.8063,-128.0594
24.0647,1145.8086,1091.2488,-128.0594
24.0742,1145.2747,1090.6635,-128.0594
24.0845,1144.7455,1090.1276,-128.0594
24.0942,1144.2831,1089.6501,-128.0594
24.1042,1143.8554,1089.2523,-128.0594
24.1142,1143.4446,1088.8149,-128.0594
24.1240,1143.0311,1088.4090,-128.0594
24.1348,1142.5724,1087.8996,-128.0594
24.1448,1142.1074,1087.3742,-128.0594
24.1546,1141.6508,1086.8528,-128.0594
24.1646,1141.1594,1086.2663,-128.0594
24.1746,1140.6531,1085.7338,-128.0594
24.1844,1140.0896,1085.1901,-128.0594
24.1943,1139.5780,1084.6508,-128.0594
24.2044,1139.0844,1084.1121,-128.0594
24.2141,1138.6279,1083.5616,-128.0594
24.2241,1138.1251,1083.0608,-128.0594
24.2341,1137.6402,1082.5654,-128.0594
24.2442,1137.2116,1082.1340,-128.0594
24.2543,1136.7509,1081.6425,-128.0594
24.2641,1136.3208,1081.1559,-128.0594
24.2752,1135.8496,1080.6602,-128.0594
24.2855,1135.3337,1080.0831,-134.3164
24.2949,1134.7901,1079.5185,-134.2966
24.3052,1134.2286,1078.9692,-134.2950
24.3141,1133.7001,1078.3830,-134.3480
24.3245,1133.1981,1077.6641,-134.6382
24.3348,1132.7088,1076.7964,-134.6382
24.3441,1132.0551,1076.2203,-134.6382
24.3544,1131.6009,1075.4346,-134.6382
24.3648,1131.1951,1074.5068,-134.6382
24.3740,1130.7365,1073.8427,-134.6382
24.3842,1130.6361,1072.9548,-134.6382
24.3941,1130.5613,1072.0388,-134.6382
24.4039,1130.3182,1071.1767,-134.6382
24.4140,1130.1486,1070.2638,-134.6382
24.4239,1129.7718,1069.5616,-134.6382
24.4341,1129.3380,1069.0127,-134.6382
24.4441,1128.7584,1068.5885,-134.6382
24.4542,1128.0826,1068.2511,-134.6382
24.4642,1127.4614,1067.8698,-134.6382
24.4745,1126.9179,1067.3829,-134.6382
24.4844,1126.4207,1066.8890,-134.6382
24.4942,1125.9037,1066.5499,-134.6382
24.5040,1125.4061,1066.1968,-134.6382
24.5140,1124.9249,1065.8582,-134.6382
24.5242,1124.4922,1065.4788,-134.6382
24.5351,1124.0969,1065.1266,-134.6382
24.5440,1123.5936,1064.7805,-134.6382
24.5544,1123.0804,1064.3692,-134.6382
24.5642,1122.5445,1063.9524,-134.6382
24.5740,1121.9316,1063.5267,-134.6382
24.5846,1121.2897,1063.0340,-134.6382
24.5938,1120.6610,1062.5822,-134.6382
24.6039,1120.0676,1062.1023,-134.6382
24.6151,1119.5409,1061.6959,-134.6382
24.6242,1119.0732,1061.3322,-134.6382
24.6341,1118.6187,1060.9732,-134.6382
24.6450,1118.1912,1060.6282,-134.6382
24.6556,1117.7004,1060.2245,-134.6382
24.6657,1117.2014,1059.8617,-134.6382
24.6748,1116.6318,1059.4525,-134.6382
24.6860,1116.0515,1059.0366,-134.6382
24.6937,1115.4402,1058.6237,-134.6382
24.7040,1114.8190,1058.1310,-134.6382
24.7145,1114.2205,1057.6720,-134.6382
24.7240,1113.6154,1057.1909,-134.6382
24.7353,1113.0575,1056.7371,-134.6382
24.7439,1112.5465,1056.3439,-134.6382
24.7545,1112.0962,1055.9754,-134.6382
24.7647,1111.6523,1055.6685,-134.6382
24.7744,1111.2478,1055.3041,-134.6382
24.7840,1110.7900,1054.9366,-134.6382
24.7940,1110.2637,1054.5566,-134.6382
24.8043,1109.6583,1054.1153,-134.6382
24.8142,1109.0707,1053.7434,-134.6382
24.8241,1108.4756,1053.3008,-134.6382
24.8345,1107.8299,1052.8438,-134.6382
24.8442,1107.2134,1052.4350,-134.6382
24.8541,1106.5807,1051.9792,-134.6382
24.8642,1105.9656,1051.5559,-134.6382
24.8744,1105.4644,1051.1223,-134.6382
24.8853,1104.9854,1050.7457,-134.6382
24.8963,1104.5192,1050.3716,-134.6382
24.9039,1104.0723,1049.9893,-134.6382
24.9149,1103.5537,1049.6362,-134.6382
24.9242,1103.0400,1049.2219,-134.6382
24.9345,1102.4814,1048.8336,-134.6382
24.9442,1101.8672,1048.4314,-134.6382
24.9541,1101.2328,1047.9763,-134.6382
24.9640,1100.6054,1047.5502,-134.6382
24.9742,1100.0290,1047.0927,-134.6382
24.9849,1099.4352,1046.6762,-134.6382
24.9955,1098.8724,1046.2432,-134.6382
25.0046,1098.3420,1045.8062,-134.6382
25.0143,1097.8172,1045.4207,-134.6382
25.0241,1097.3527,1045.0350,-134.6382
25.0339,1096.8594,1044.6855,-134.6382
25.0442,1096.3824,1044.2729,-134.6382
25.0546,1095.8441,1043.8427,-134.6382
25.0643,1095.2747,1043.4563,-134.6382
25.0763,1094.6726,1043.0363,-134.6382
25.0844,1094.0186,1042.6226,-134.6382
25.0950,1093.3569,1042.1321,-134.6382
25.1044,1092.7086,1041.6631,-134.6382
25.1140,1092.0970,1041.2478,-134.6382
25.1239,1091.5473,1040.8251,-134.6382
25.1342,1091.0643,1040.4491,-134.6382
25.1444,1090.6004,1040.0429,-143.5323
25.1542,1090.1262,1039.6668,-143.5562
25.1645,1089.6074,1039.3138,-143.5566
25.1747,1089.1265,1038.9326,-143.5070
25.1840,1088.4819,1038.5905,-143.1817
25.1941,1087.7723,1038.1019,-142.5455
25.2050,1087.1459,1037.4255,-141.7047
25.2151,1086.4110,1037.1286,-140.5606
25.2250,1085.6085,1036.9873,-139.2326
25.2343,1085.0693,1036.3898,-137.6550
25.2440,1084.4067,1036.3216,-135.7798
25.2540,1083.7547,1036.4498,-134.0526
25.2646,1083.1920,1036.4130,-132.0224
25.2743,1082.5597,1036.3974,-129.8624
25.2851,1081.9152,1036.5535,-127.5985
25.2952,1081.2191,1036.7818,-125.1781
25.3040,1080.4919,1036.9903,-122.7076
25.3140,1079.7670,1037.1558,-120.0215
25.3252,1078.9404,1037.5434,-117.3653
25.3365,1078.0870,1038.0542,-114.5358
25.3460,1077.2090,1038.5657,-111.7373
25.3542,1076.2753,1038.9978,-108.8288
25.3639,1075.2890,1039.3557,-105.9573
25.3739,1074.2280,1039.6512,-103.0337
25.3851,1073.0499,1039.9473,-100.0703
25.3941,1071.9019,1040.3160,-97.0870
25.4040,1070.5040,1040.8063,-94.0457
25.4147,1069.1499,1041.2446,-91.0035
25.4250,1067.7344,1041.7283,-87.9456
25.4344,1066.1743,1042.0948,-84.7913
25.4442,1064.6888,1042.3542,-81.7131
25.4540,1063.1886,1042.5682,-78.5456
25.4660,1061.5645,1042.7436,-75.4055
25.4743,1059.9206,1042.9192,-72.1972
25.4843,1058.2227,1043.0233,-69.0362
25.4950,1056.3497,1043.0818,-65.8047
25.5049,1054.5588,1043.0898,-62.5715
25.5144,1052.7580,1042.9593,-59.3117
25.5256,1051.1405,1042.8159,-56.0328
25.5362,1049.4665,1042.5408,-52.8107
25.5444,1048.1536,1042.1743,-49.5580
25.5548,1046.8141,1041.7679,-46.2769
25.5639,1045.4630,1041.2313,-43.0650
25.5743,1043.8746,1040.5991,-39.8316
25.5846,1042.4245,1039.9753,-36.6020
25.5941,1041.1133,1039.3422,-33.3964
25.6042,1039.5940,1038.4655,-30.2009
25.6143,1038.1879,1037.5092,-27.0685
25.6238,1036.7255,1036.3738,-23.9000
25.6344,1035.2316,1035.1739,-20.7328
25.6443,1033.5634,1033.7395,-17.5360
25.6543,1031.9481,1032.3953,-14.3084
25.6645,1030.2740,1030.9388,-11.0618
25.6746,1028.6306,1029.1939,-7.7720
25.6847,1027.3332,1027.7453,-4.5382
25.6945,1026.2076,1026.3475,-1.2531
25.7046,1025.2467,1024.8582,1.9697
25.7140,1024.2224,1023.3404,5.2047
25.7246,1023.3753,1021.8141,8.4613
25.7349,1022.3929,1020.1046,8.4613
25.7442,1021.6344,1018.3893,8.4613
25.7540,1021.0186,1016.8955,8.4613
25.7643,1020.5677,1015.4186,8.4613
25.7741,1020.3159,1014.2082,8.4613
25.7845,1019.9983,1012.7846,8.4613
25.7942,1019.7408,1011.5079,8.4613
25.8046,1019.6443,1010.7249,8.4613
25.8139,1019.7512,1010.2088,8.4613
25.8241,1019.9048,1009.8379,8.4613
25.8348,1020.1045,1009.5690,8.4613
25.8449,1020.3849,1009.4667,8.4613
25.8544,1020.7679,1009.5179,8.4613
25.8642,1021.1858,1009.8243,8.4613
25.8739,1021.6587,1010.3384,8.4613
25.8839,1022.1918,1010.6676,8.4613
25.8940,1022.5552,1010.9538,8.4613
25.9045,1022.8795,1011.2121,8.4613
25.9143,1023.3133,1011.5159,8.4613
25.9241,1023.7637,1011.8642,8.4613
25.9340,1024.1307,1012.0695,8.4613
25.9439,1024.3448,1012.2838,8.4613
25.9541,1024.5473,1012.3627,8.4613
25.9650,1024.7450,1012.4791,8.4613
25.9747,1024.9984,1012.6591,8.4613
25.9860,1025.2708,1012.8784,8.4613
25.9944,1025.7005,1013.2238,8.4613
26.0044,1026.1831,1013.5620,8.4613
26.0144,1026.6988,1013.9324,8.4613
26.0239,1027.1890,1014.3505,8.4613
26.0339,1027.7217,1014.7385,8.4613
26.0438,1028.2264,1015.1792,8.4613
26.0542,1028.8207,1015.5331,8.4613
26.0640,1029.3946,1015.9708,8.4613
26.0742,1029.9277,1016.4059,8.4613
26.0842,1030.4279,1016.7679,8.4613
26.0943,1030.8877,1017.1272,8.4613
26.1044,1031.3304,1017.4358,8.4613
26.1144,1031.7922,1017.7574,8.4613
26.1241,1032.3128,1018.1440,8.4613
26.1348,1032.7897,1018.5160,8.4613
26.1446,1033.3362,1018.9314,8.4613
26.1546,1033.8711,1019.3519,8.4613
26.1643,1034.4730,1019.8011,8.4613
26.1740,1035.0721,1020.2401,8.4613
26.1843,1035.7270,1020.6946,8.4613
26.1943,1036.2966,1021.1874,8.4613
26.2042,1036.8527,1021.6190,8.4613
26.2140,1037.3125,1022.0183,8.4613
26.2258,1037.8609,1022.3786,8.4613
26.2344,1038.3056,1022.7152,8.4613
26.2448,1038.8149,1023.1062,8.4613
26.2543,1039.3264,1023.4818,8.4613
26.2644,1039.8722,1023.8813,8.4613
26.2740,1040.4634,1024.2647,8.4613
26.2841,1041.0489,1024.6962,8.4613
26.2941,1041.5993,1025.1589,8.4613
26.3056,1042.2090,1025.5735,8.4613
26.3141,1042.8171,1026.0766,8.4613
26.3244,1043.3783,1026.5150,8.4613
26.3345,1043.9279,1026.9392,8.4613
26.3437,1044.3856,1027.3447,8.4613
26.3545,1044.9035,1027.7033,8.4613
26.3646,1045.3856,1028.0876,8.4613
26.3742,1045.9102,1028.4538,8.4613
26.3844,1046.4343,1028.8344,8.4613
26.3942,1046.9877,1029.2686,8.4613
26.4044,1047.5392,1029.6348,8.4613
26.4156,1048.1488,1030.1019,8.4613
26.4243,1048.7494,1030.5581,8.4613
26.4347,1049.3793,1031.0450,8.4613
26.4459,1049.9489,1031.4988,8.4613
26.4561,1050.5529,1031.9339,8.4613
26.4659,1051.0305,1032.3460,8.4613
26.4750,1051.5584,1032.6906,8.4613
26.4842,1052.0210,1033.0971,8.4613
26.4937,1052.5276,1033.4725,8.4613
26.5047,1053.0564,1033.8221,8.4613
26.5145,1053.5841,1034.2241,8.4613
26.5239,1054.1526,1034.6269,8.4613
26.5337,1054.7300,1035.0806,8.4613
26.5440,1055.3416,1035.5004,8.4613
26.5540,1055.9778,1035.9948,8.4613
26.5643,1056.5774,1036.5040,8.4613
26.5742,1057.1476,1036.9567,8.4613
26.5837,1057.6925,1037.4019,8.4613
26.5943,1058.2010,1037.7561,8.4613
26.6046,1058.6759,1038.1127,8.4613
26.6146,1059.1451,1038.4807,8.4613
26.6241,1059.6450,1038.8200,8.4613
26.6342,1060.1660,1039.2370,8.4613
26.6447,1060.7216,1039.6097,8.4613
26.6543,1061.2538,1040.0423,8.4613
26.6642,1061.8227,1040.4870,8.4613
26.6750,1062.4110,1040.8840,8.4613
26.6845,1063.0285,1041.3795,8.4613
26.6942,1063.6556,1041.8226,8.4613
26.7047,1064.2367,1042.3104,8.4613
26.7165,1064.8270,1042.7682,8.4613
26.7256,1065.3283,1043.1486,8.4613
26.7340,1065.8230,1043.5809,8.4613
26.7448,1066.3448,1043.9180,8.4613
26.7545,1066.8439,1044.3078,8.4613
26.7641,1067.4093,1044.6636,8.4613
26.7746,1067.9584,1045.0946,8.4613
26.7843,1068.5463,1045.5287,8.4613
26.7952,1069.1709,1045.9688,8.4613
26.8044,1069.7617,1046.4383,8.4613
26.8144,1070.3544,1046.9351,8.4613
26.8248,1070.9490,1047.3929,8.4613
26.8340,1071.5315,1047.8895,8.4613
26.8451,1072.1115,1048.3265,8.4613
26.8545,1072.6733,1048.7487,8.4613
26.8638,1073.2021,1049.1763,8.4613
26.8741,1073.7680,1049.5374,8.4613
26.8839,1074.3011,1049.9997,8.4613
26.8942,1074.8779,1050.4050,8.4613
26.9040,1075.4507,1050.8511,8.4613
26.9151,1076.0089,1051.2484,8.4613
26.9246,1076.5950,1051.7037,8.4613
26.9341,1077.1757,1052.1968,8.4613
26.9443,1077.7350,1052.6114,8.4613
26.9542,1078.2768,1053.0711,8.4613
26.9640,1078.7767,1053.4450,8.4613
26.9742,1079.2584,1053.8300,8.4613
26.9838,1079.7462,1054.2469,8.4613
26.9940,1080.2883,1054.6093,8.4613
27.0043,1080.8068,1055.0475,8.4613
27.0144,1081.3220,1055.4579,8.4613
27.0238,1081.8751,1055.9081,8.4613
27.0346,1082.4365,1056.3912,8.4613
27.0460,1083.0262,1056.8393,8.4613
27.0541,1083.6729,1057.3564,8.4613
27.0648,1084.2611,1057.8245,8.4613
27.0743,1084.8377,1058.3270,8.4613
27.0843,1085.3729,1058.7760,8.4613
27.0940,1085.9458,1059.2158,8.4613
27.1039,1086.4872,1059.6769,8.4613
27.1142,1086.9844,1060.0385,8.4613
27.1241,1087.4877,1060.4688,8.4613
27.1348,1088.0490,1060.8723,8.4613
27.1442,1088.5917,1061.3109,8.4613
27.1551,1089.1104,1061.7398,8.4613
27.1649,1089.7236,1062.1588,8.4613
27.1739,1090.3104,1062.6669,8.4613
27.1843,1090.9400,1063.1776,8.4613
27.1945,1091.5238,1063.6335,8.4613
27.2040,1092.0587,1064.0941,8.4613
27.2146,1092.5898,1064.4644,8.4613
27.2260,1093.0649,1064.8094,8.4613
27.2357,1093.5636,1065.1321,8.4613
27.2435,1094.0184,1065.5009,8.4613
27.2540,1094.5252,1065.9135,8.4613
27.2638,1095.0698,1066.2979,8.4613
27.2741,1095.6267,1066.7363,8.4613
27.2850,1096.1982,1067.1652,8.4613
27.2941,1096.7407,1067.5901,8.4613
27.3043,1097.3569,1068.0647,8.4613
27.3140,1097.9280,1068.4964,8.4613
27.3241,1098.5394,1068.9804,8.4613
27.3359,1099.0704,1069.4152,8.4613
27.3442,1099.5947,1069.8311,8.4613
27.3539,1100.0989,1070.2147,8.4613
27.3644,1100.5898,1070.5260,8.4613
27.3745,1101.0816,1070.9016,8.4613
27.3845,1101.5695,1071.2553,8.4613
27.3951,1102.0817,1071.6583,8.4613
27.4044,1102.6085,1072.0612,8.4613
27.4149,1103.1674,1072.5124,8.4613
27.4243,1103.6708,1072.9753,8.4613
27.4342,1104.2938,1073.4241,8.4613
27.4455,1104.8956,1073.8813,8.4613
27.4556,1105.4844,1074.3423,8.4613
27.4648,1106.0526,1074.7640,8.4613
27.4744,1106.5689,1075.2095,8.4613
27.4867,1107.0762,1075.5568,8.4613
27.4941,1107.6104,1075.9149,8.4613
27.5040,1108.1342,1076.2993,8.4613
27.5138,1108.6256,1076.7215,8.4613
27.5245,1109.1330,1077.1438,8.4613
27.5346,1109.7130,1077.5314,8.4613
27.5442,1110.2734,1078.0534,8.4613
27.5544,1110.8723,1078.5168,8.4613
27.5643,1111.5060,1079.0047,8.4613
27.5749,1112.0994,1079.5014,8.4613
27.5859,1112.6446,1079.9369,8.4613
27.5939,1113.1727,1080.3652,8.4613
27.6037,1113.6778,1080.7313,8.4613
27.6139,1114.1736,1081.0562,8.4613
27.6238,1114.6802,1081.4012,8.4613
27.6341,1115.2106,1081.8051,8.4613
27.6439,1115.7261,1082.2333,8.4613
27.6549,1116.2286,1082.6292,8.4613
27.6650,1116.7695,1083.1106,8.4613
27.6753,1117.3158,1083.5906,8.4613
27.6844,1117.9031,1084.0588,8.4613
27.6940,1118.4681,1084.5060,8.4613
27.7050,1118.9781,1084.9066,8.4613
27.7143,1119.4863,1085.3295,8.4613
27.7240,1119.9952,1085.7178,8.4613
27.7349,1120.5162,1086.0592,8.4613
27.7440,1121.0011,1086.4307,8.4613
27.7541,1121.5205,1086.7769,8.4613
27.7644,1122.0229,1087.2136,8.4613
27.7742,1122.5173,1087.6403,8.4613
27.7853,1123.0513,1088.0671,8.4613
27.7939,1123.5930,1088.5385,8.4613
27.8043,1124.1605,1088.9528,8.4613
27.8147,1124.7438,1089.4442,8.4613
27.8244,1125.3278,1089.8878,8.4613
27.8342,1125.9288,1090.3655,8.4613
27.8443,1126.4688,1090.8063,8.4613
27.8543,1127.0220,1091.1735,8.4613
27.8641,1127.5326,1091.5690,8.4613
27.8740,1128.0385,1091.9033,8.4613
27.8851,1128.5851,1092.2900,8.4613
27.8945,1129.1032,1092.7307,8.4613
27.9040,1129.6282,1093.1301,8.4613
27.9140,1130.1278,1093.6132,8.4613
27.9243,1130.6805,1094.1138,8.4613
27.9344,1131.2642,1094.5942,8.4613
27.9443,1131.8486,1095.0637,8.4613
27.9542,1132.4333,1095.4806,8.4613
27.9652,1132.9828,1095.9694,8.4613
27.9748,1133.5523,1096.3912,8.4613
27.9848,1134.1086,1096.8291,8.4613
27.9947,1134.6494,1097.2130,8.4613
28.0042,1135.1671,1097.5806,8.4613
28.0143,1135.7151,1098.0327,8.4613
28.0239,1136.2463,1098.4719,8.4613
28.0352,1136.7969,1098.9519,8.4613
28.0448,1137.3452,1099.4108,8.4613
28.0544,1137.9274,1099.8651,8.4613
28.0644,1138.4597,1100.3351,8.4613
28.0740,1139.0599,1100.7751,8.4613
28.0837,1139.6572,1101.2922,8.4613
28.0940,1140.1966,1101.7274,8.4613
28.1044,1140.7520,1102.1496,8.4613
28.1140,1141.3128,1102.5572,8.4613
28.1242,1141.8411,1102.9361,8.4613
28.1343,1142.3665,1103.3745,8.4613
28.1442,1142.9343,1103.8309,8.4613
28.1543,1143.4828,1104.3085,8.4613
28.1640,1144.0097,1104.7755,8.4613
28.1741,1144.6323,1105.2442,8.4613
28.1843,1145.2102,1105.7398,8.4613
28.1943,1145.7825,1106.1721,8.4613
28.2044,1146.3159,1106.6116,8.4613
28.2137,1146.8884,1107.0820,8.4613
28.2248,1147.4338,1107.4843,8.4613
28.2342,1148.0145,1107.9213,8.4613
28.2451,1148.5636,1108.2934,8.4613
28.2550,1149.1144,1108.7613,8.4613
28.2650,1149.6786,1109.2290,8.4613
28.2740,1150.2370,1109.6780,8.4613
28.2858,1150.8334,1110.2347,8.4613
28.2940,1151.3811,1110.6748,8.4613
28.3046,1151.9578,1111.1559,8.4613
28.3140,1152.5426,1111.5942,8.4613
28.3244,1153.1041,1112.0401,8.4613
28.3342,1153.6776,1112.5440,8.4613
28.3443,1154.2265,1112.9443,8.4613
28.3542,1154.8098,1113.3721,8.4613
28.3640,1155.3714,1113.7451,8.4613
28.3750,1155.9193,1114.1863,8.4613
28.3850,1156.4485,1114.6288,8.4613
28.3944,1156.9884,1115.0786,8.4613
28.4038,1157.5353,1115.5881,8.4613
28.4145,1158.0715,1116.0082,8.4613
28.4240,1158.6512,1116.4371,8.4613
28.4343,1159.1746,1116.8902,8.4613
28.4453,1159.7531,1117.2903,8.4613
28.4548,1160.2754,1117.7600,8.4613
28.4641,1160.8753,1118.1977,8.4613
28.4739,1161.4227,1118.6050,8.4613
28.4846,1161.9308,1119.0003,8.4613
28.4944,1162.4573,1119.3953,8.4613
28.5056,1162.9747,1119.8527,8.4613
28.5142,1163.4839,1120.2548,8.4613
28.5242,1164.0325,1120.7023,8.4613
28.5343,1164.5760,1121.2064,8.4613
28.5444,1165.1077,1121.6554,8.4613
28.5544,1165.6558,1122.1252,8.4613
28.5637,1166.2004,1122.5396,8.4613
28.5741,1166.7321,1122.9630,8.4613
28.5843,1167.2772,1123.4172,8.4613
28.5939,1167.8666,1123.8673,8.4613
28.6045,1168.4390,1124.2998,8.4613
28.6138,1169.0414,1124.7368,8.4613
28.6243,1169.5868,1125.2216,8.4613
28.6350,1170.0906,1125.6571,8.4613
28.6445,1170.6510,1126.1081,8.4613
28.6550,1171.2233,1126.5943,8.4613
28.6663,1171.7656,1127.0966,8.4613
28.6740,1172.2996,1127.5570,8.4613
28.6840,1172.8647,1128.0024,8.4613
28.6940,1173.4324,1128.4363,8.4613
28.7045,1173.9846,1128.8984,8.4613
28.7151,1174.5596,1129.3239,8.4613
28.7241,1175.1190,1129.7443,8.4613
28.7343,1175.6746,1130.1643,8.4613
28.7443,1176.2075,1130.5710,8.4613
28.7540,1176.7657,1131.0732,8.4613
28.7639,1177.2727,1131.5197,8.4613
28.7746,1177.7899,1131.9921,8.4613
28.7843,1178.2925,1132.4440,8.4613
28.7951,1178.8094,1132.9056,8.4613
28.8042,1179.3585,1133.3619,8.4613
28.8142,1179.9219,1133.7553,8.4613
28.8245,1180.4758,1134.2237,8.4613
28.8346,1181.0281,1134.6599,8.4613
28.8443,1181.5982,1135.0830,8.4613
28.8543,1182.1461,1135.4975,8.4613
28.8645,1182.7095,1135.8842,8.4613
28.8740,1183.2164,1136.3380,8.4613
28.8848,1183.7280,1136.7748,8.4613
28.8950,1184.2866,1137.2401,8.4613
28.9045,1184.8193,1137.7042,8.4613
28.9143,1185.3226,1138.1706,8.4613
28.9243,1185.8367,1138.6074,8.4613
28.9338,1186.3623,1138.9825,8.4613
28.9441,1186.9351,1139.4244,8.4613
28.9543,1187.5084,1139.9026,8.4613
28.9640,1188.0518,1140.2996,8.4613
28.9744,1188.6057,1140.7313,8.4613
28.9845,1189.1634,1141.1166,8.4613
28.9942,1189.6813,1141.5683,8.4613
29.0045,1190.2146,1141.9876,8.4613
29.0149,1190.7665,1142.4232,8.4613
29.0244,1191.2663,1142.8604,8.4613
29.0343,1191.7422,1143.2753,8.4613
29.0441,1192.2166,1143.7785,8.4613
29.0542,1192.7610,1144.1707,8.4613
29.0646,1193.3364,1144.6000,8.4613
29.0745,1193.8992,1145.0620,8.4613
29.0851,1194.4432,1145.5066,8.4613
29.0940,1194.9824,1145.9161,8.4613
29.1048,1195.5331,1146.3328,8.4613
29.1142,1196.0397,1146.7327,8.4613
29.1248,1196.5505,1147.1395,8.4613
29.1364,1197.0732,1147.5629,8.4613
29.1455,1197.5731,1148.0397,8.4613
29.1544,1198.0960,1148.4670,8.4613
29.1640,1198.5954,1148.9163,8.4613
29.1739,1199.0948,1149.3775,8.4613
29.1842,1199.6182,1149.7924,8.4613
29.1943,1200.2054,1150.2997,8.4613
29.2039,1200.8063,1150.7418,38.6077
29.2142,1201.3586,1151.1758,38.6332
29.2247,1201.9033,1151.6168,38.6700
29.2358,1202.4257,1152.0106,38.6349
29.2442,1202.9441,1152.6351,38.6349
29.2542,1203.4887,1153.3196,38.6349
29.2643,1204.1995,1153.9808,38.6349
29.2744,1204.7236,1154.7823,38.6349
29.2842,1205.1076,1155.4846,38.6349
29.2953,1205.2988,1156.2868,38.6349
29.3044,1205.3301,1157.2163,38.6349
29.3145,1205.5519,1158.0818,38.6349
29.3241,1205.9023,1158.7925,38.6349
29.3341,1206.3290,1159.2915,38.6349
29.3437,1206.7908,1159.6534,38.6349
29.3550,1207.3862,1159.8392,38.6349
29.3643,1207.9780,1160.0817,38.6349
29.3744,1208.4827,1160.4699,38.6349
29.3851,1208.9847,1160.8851,38.6349
29.3948,1209.5474,1161.2460,38.6349
29.4048,1210.1507,1161.5123,38.6349
29.4145,1210.7086,1161.9001,38.6349
29.4250,1211.2511,1162.3179,38.6349
29.4342,1211.7974,1162.7045,38.6349
29.4445,1212.3874,1163.0611,38.6349
29.4542,1212.9936,1163.3619,38.6349
29.4641,1213.5391,1163.6975,38.6349
29.4744,1214.0932,1164.0767,38.6349
29.4841,1214.6516,1164.4284,38.6349
29.4939,1215.2654,1164.7755,38.6349
29.5052,1215.8480,1165.1252,38.6349
29.5140,1216.4347,1165.5493,38.6349
29.5244,1216.9917,1165.9543,38.6349
29.5350,1217.5812,1166.4006,38.6349
29.5441,1218.2000,1166.7784,38.6349
29.5548,1218.8093,1167.1545,38.6349
29.5641,1219.3645,1167.5056,38.6349
29.5744,1219.9238,1167.8036,38.6349
29.5848,1220.4582,1168.1307,38.6349
29.5943,1221.0115,1168.4974,38.6349
29.6043,1221.6054,1168.8698,38.6349
29.6144,1222.1888,1169.2694,38.6349
29.6242,1222.8021,1169.6595,38.6349
29.6354,1223.3898,1170.0507,38.6349
29.6456,1223.9749,1170.4458,38.6349
29.6551,1224.5573,1170.8081,38.6349
29.6644,1225.1080,1171.1949,38.6349
29.6743,1225.6876,1171.5693,38.6349
29.6845,1226.2894,1172.0088,38.6349
29.6943,1226.8829,1172.4041,38.6349
29.7048,1227.4908,1172.8005,38.6349
29.7143,1228.1243,1173.2168,38.6349
29.7241,1228.6874,1173.5522,38.6349
29.7339,1229.2678,1173.9575,38.6349
29.7444,1229.8359,1174.2762,38.6349
29.7545,1230.3908,1174.6423,38.6349
29.7644,1230.9263,1174.9778,38.6349
29.7745,1231.4785,1175.3279,38.6349
29.7840,1232.0269,1175.7214,38.6349
29.7939,1232.6251,1176.0840,38.6349
29.8041,1233.2149,1176.4703,38.6349
29.8138,1233.8082,1176.8705,38.6349
29.8241,1234.3736,1177.2353,38.6349
29.8342,1234.9288,1177.6086,38.6349
29.8444,1235.4933,1177.9308,38.6349
29.8545,1236.0822,1178.3206,38.6349
29.8650,1236.6749,1178.6760,38.6349
29.8741,1237.2955,1179.0157,38.6349
29.8839,1237.8853,1179.3936,38.6349
29.8940,1238.5159,1179.7683,38.6349
29.9038,1239.1223,1180.1915,38.6349
29.9138,1239.7200,1180.6039,38.6349
29.9243,1240.3616,1181.0428,38.6349
29.9340,1240.9337,1181.4700,38.6349
29.9440,1241.5687,1181.8677,38.6349
29.9541,1242.1232,1182.2440,38.6349
29.9639,1242.7316,1182.5762,38.6349
29.9741,1243.3306,1182.9136,38.6349
29.9845,1243.9140,1183.2526,38.6349
29.9945,1244.4927,1183.5937,38.6349
30.0042,1245.0689,1183.9500,38.6349
30.0141,1245.6953,1184.3279,38.6349
30.0239,1246.2879,1184.6941,38.6349
30.0340,1246.8725,1185.1446,38.6349
30.0439,1247.4997,1185.5959,38.6349
30.0541,1248.0823,1185.9946,38.6349
30.0640,1248.6904,1186.3444,38.6349
30.0744,1249.2301,1186.6342,38.6349
30.0842,1249.7458,1186.9507,38.6349
30.0950,1250.2739,1187.2300,38.6349
30.1047,1250.8290,1187.5663,38.6349
30.1144,1251.4125,1187.8978,38.6349
30.1241,1251.9548,1188.2528,38.6349
30.1350,1252.5236,1188.6475,38.6349
30.1439,1253.0977,1189.0013,38.6349
30.1545,1253.6492,1189.3759,38.6349
30.1642,1254.2368,1189.7545,38.6349
30.1744,1254.8016,1190.1257,38.6349
30.1843,1255.3815,1190.5118,38.6349
30.1949,1255.9663,1190.8503,38.6349
30.2064,1256.5301,1191.2166,38.6349
30.2139,1257.0826,1191.4959,38.6349
30.2241,1257.6273,1191.8735,38.6349
30.2341,1258.1251,1192.2524,38.6349
30.2438,1258.6747,1192.6543,38.6349
30.2537,1259.2057,1193.0324,38.6349
30.2640,1259.8092,1193.3760,38.6349
30.2740,1260.3322,1193.7141,38.6349
30.2846,1260.8843,1194.0811,38.6349
30.2946,1261.4170,1194.4618,38.6349
30.3044,1262.0014,1194.8566,38.6349
30.3141,1262.6228,1195.1931,38.6349
30.3238,1263.1990,1195.5743,38.6349
30.3342,1263.7490,1195.9047,38.6349
30.3456,1264.2741,1196.2728,38.6349
30.3556,1264.8255,1196.6313,38.6349
30.3652,1265.3762,1196.9935,38.6349
30.3750,1265.9430,1197.3950,38.6349
30.3848,1266.5109,1197.7801,38.6349
30.3942,1267.1036,1198.1741,38.6349
30.4043,1267.7136,1198.5463,38.6349
30.4141,1268.3346,1198.9378,38.6349
30.4239,1268.9347,1199.3489,38.6349
30.4342,1269.5293,1199.7254,38.6349
30.4459,1270.1535,1200.1350,38.6349
30.4546,1270.7816,1200.5218,38.6349
30.4640,1271.3324,1200.8468,38.6349
30.4754,1271.8906,1201.1965,38.6349
30.4841,1272.4268,1201.5583,38.6349
30.4937,1272.9603,1201.9363,38.6349
30.5044,1273.5298,1202.3261,38.6349
30.5145,1274.1486,1202.6792,38.6349
30.5241,1274.7944,1203.0742,38.6349
30.5342,1275.4124,1203.4328,38.6349
30.5449,1276.0025,1203.8622,38.6349
30.5550,1276.5906,1204.2466,38.6349
30.5641,1277.1968,1204.6193,38.6349
30.5744,1277.7892,1204.9752,38.6349
30.5844,1278.3771,1205.2946,38.6349
30.5946,1278.9408,1205.6531,38.6349
30.6048,1279.5482,1205.9948,38.6349
30.6140,1280.1131,1206.4086,38.6349
30.6240,1280.6867,1206.8046,38.6349
30.6338,1281.2798,1207.1883,38.6349
30.6438,1281.8768,1207.5492,38.6349
30.6538,1282.4807,1207.8872,38.6349
30.6641,1283.0546,1208.2227,38.6349
30.6741,1283.6633,1208.6452,38.6349
30.6840,1284.2440,1209.0264,38.6349
30.6939,1284.8292,1209.4182,38.6349
30.7041,1285.4258,1209.7607,38.6349
30.7142,1285.9877,1210.1180,38.6349
30.7243,1286.5442,1210.4545,38.6349
30.7340,1287.1122,1210.7911,38.6349
30.7452,1287.6524,1211.1947,38.6349
30.7547,1288.2213,1211.5394,38.6349
30.7641,1288.8110,1211.9412,38.6349
30.7741,1289.4213,1212.3283,38.6349
30.7840,1290.0287,1212.6834,38.6349
30.7937,1290.6038,1213.1073,38.6349
30.8038,1291.2126,1213.5360,38.6349
30.8149,1291.8002,1213.9290,38.6349
30.8240,1292.4513,1214.3212,38.6349
30.8340,1293.0762,1214.7119,38.6349
30.8441,1293.6855,1215.0739,38.6349
30.8548,1294.2593,1215.4151,38.6349
30.8642,1294.7955,1215.7750,38.6349
30.8739,1295.3340,1216.1812,38.6349
30.8840,1295.8676,1216.5377,38.6349
30.8941,1296.4511,1216.9465,38.6349
30.9048,1297.0436,1217.2999,38.6349
30.9143,1297.6717,1217.7402,38.6349
30.9245,1298.3320,1218.1823,38.6349
30.9343,1298.9651,1218.6194,38.6349
30.9439,1299.5984,1219.0134,38.6349
30.9538,1300.2269,1219.3474,38.6349
30.9653,1300.8290,1219.7408,38.6349
30.9744,1301.4279,1220.0893,38.6349
30.9854,1301.9738,1220.4745,38.6349
30.9941,1302.4836,1220.8907,38.6349
31.0045,1302.9993,1221.2491,38.6349
31.0140,1303.5926,1221.6649,38.6349
31.0244,1304.2201,1222.0527,38.6349
31.0340,1304.8436,1222.4841,38.6349
31.0442,1305.4531,1222.8949,38.6349
31.0542,1306.0834,1223.2802,38.6349
31.0655,1306.7363,1223.6553,38.6349
31.0762,1307.3583,1224.0118,38.6349
31.0843,1307.9503,1224.3890,38.6349
31.0946,1308.5621,1224.7557,38.6349
31.1051,1309.1571,1225.1668,38.6349
31.1140,1309.7429,1225.6065,38.6349
31.1240,1310.3047,1226.0298,38.6349
31.1341,1310.8704,1226.4298,38.6349
31.1445,1311.4625,1226.8107,38.6349
31.1554,1312.0770,1227.2091,38.6349
31.1643,1312.6641,1227.6005,38.6349
31.1740,1313.2706,1227.9489,38.6349
31.1855,1313.8774,1228.3254,38.6349
31.1942,1314.4742,1228.6843,38.6349
31.2044,1315.0691,1229.0135,38.6349
31.2146,1315.6700,1229.4282,38.6349
31.2245,1316.2418,1229.8737,38.6349
31.2339,1316.7474,1230.2809,38.6349
31.2440,1317.2693,1230.6497,38.6349
31.2547,1317.7729,1231.0390,38.6349
31.2650,1318.2796,1231.4156,38.6349
31.2750,1318.8501,1231.7474,38.6349
31.2857,1319.4498,1232.1412,38.6349
31.2938,1320.0514,1232.5098,38.6349
31.3041,1320.6995,1232.9133,38.6349
31.3139,1321.3497,1233.3459,38.6349
31.3243,1321.9758,1233.7220,38.6349
31.3343,1322.5745,1234.1189,38.6349
31.3446,1323.1613,1234.5016,38.6349
31.3541,1323.6824,1234.9256,38.6349
31.3642,1324.1830,1235.3113,38.6349
31.3745,1324.6814,1235.6770,38.6349
31.3844,1325.2115,1236.0326,38.6349
31.3946,1325.7626,1236.3594,38.6349
31.4043,1326.3313,1236.7305,38.6349
31.4141,1326.9673,1237.1460,38.6349
31.4243,1327.6275,1237.5640,38.6349
31.4346,1328.2615,1238.0109,38.6349
31.4439,1328.9230,1238.4078,38.6349
31.4539,1329.5465,1238.8438,38.6349
31.4641,1330.1454,1239.2576,38.6349
31.4776,1330.7221,1239.6414,38.6349
31.4844,1331.2302,1240.0015,38.6349
31.4953,1331.7017,1240.3598,38.6349
31.5041,1332.2573,1240.7505,38.6349
31.5141,1332.8211,1241.1279,38.6349
31.5242,1333.4237,1241.5051,38.6349
31.5348,1334.0637,1241.9318,38.6349
31.5442,1334.7119,1242.3578,38.6349
31.5540,1335.3385,1242.7659,38.6349
31.5640,1335.9753,1243.1797,38.6349
31.5742,1336.5974,1243.5533,38.6349
31.5841,1337.2200,1243.9736,38.6349
31.5938,1337.7961,1244.3397,38.6349
31.6051,1338.3219,1244.7251,38.6349
31.6139,1338.8210,1245.0995,38.6349
31.6240,1339.3292,1245.4396,38.6349
31.6341,1339.8597,1245.8441,38.6349
31.6443,1340.4460,1246.2056,38.6349
31.6551,1341.0528,1246.6014,38.6349
31.6643,1341.6740,1246.9636,38.6349
31.6741,1342.2938,1247.3779,38.6349
31.6846,1342.9070,1247.7548,38.6349
31.6942,1343.4988,1248.1101,38.6349
31.7044,1344.1002,1248.4872,38.6349
31.7144,1344.6979,1248.8543,38.6349
31.7239,1345.2894,1249.2816,38.6349
31.7340,1345.8312,1249.6763,38.6349
31.7440,1346.3862,1250.0527,38.6349
31.7543,1346.9605,1250.4122,38.6349
31.7640,1347.5098,1250.7727,38.6349
31.7739,1348.0924,1251.1565,38.6349
31.7843,1348.6871,1251.5271,38.6349
31.7956,1349.3041,1251.9394,38.6349
31.8039,1349.9312,1252.3645,38.6349
31.8144,1350.5647,1252.7297,38.6349
31.8240,1351.1546,1253.1085,38.6349
31.8360,1351.7303,1253.4918,38.6349
31.8441,1352.2348,1253.8508,38.6349
31.8540,1352.7386,1254.2361,38.6349
31.8647,1353.2233,1254.6119,38.6349
31.8743,1353.7150,1255.0013,38.6349
31.8839,1354.2922,1255.3379,38.6349
31.8939,1354.8660,1255.7061,38.6349
31.9041,1355.4552,1256.1440,38.6349
31.9152,1356.0823,1256.5389,38.6349
31.9240,1356.7128,1256.9592,38.6349
31.9342,1357.3215,1257.3036,38.6349
31.9453,1357.9008,1257.6698,38.6349
31.9545,1358.4944,1258.0812,38.6349
31.9643,1359.0527,1258.4468,38.6349
31.9740,1359.5657,1258.8439,38.6349
31.9860,1360.0943,1259.1999,38.6349
31.9950,1360.5768,1259.6318,38.6349
32.0044,1361.0912,1260.0242,38.6349
32.0150,1361.6701,1260.3961,38.6349
32.0248,1362.2703,1260.7839,38.6349
32.0347,1362.9149,1261.1583,38.6349
32.0440,1363.5463,1261.5724,38.6349
32.0539,1364.1921,1261.9512,38.6349
32.0639,1364.8610,1262.3702,38.6349
32.0739,1365.4853,1262.7883,38.6349
32.0843,1366.0884,1263.1710,38.6349
32.0943,1366.6296,1263.5958,38.6349
32.1040,1367.1515,1263.9974,38.6349
32.1144,1367.6746,1264.3917,38.6349
32.1245,1368.2066,1264.7695,38.6349
32.1362,1368.8070,1265.1526,38.6349
32.1441,1369.4455,1265.5505,38.6349
32.1582,1370.1052,1265.9509,38.6349
32.1656,1370.7432,1266.3420,38.6349
32.1750,1371.3868,1266.7592,38.6349
32.1846,1372.0266,1267.1366,38.6349
32.1944,1372.6312,1267.5615,38.6349
32.2040,1373.2447,1267.9553,38.6349
32.2140,1373.7960,1268.3870,38.6349
32.2241,1374.3420,1268.7538,38.6349
32.2343,1374.8452,1269.1325,38.6349
32.2446,1375.3884,1269.5175,38.6349
32.2553,1375.9243,1269.8367,38.6349
32.2640,1376.4956,1270.1692,38.6349
32.2754,1377.1185,1270.5336,38.6349
32.2854,1377.7206,1270.9001,38.6349
32.2944,1378.3407,1271.3009,38.6349
32.3045,1378.9630,1271.6730,38.6349
32.3141,1379.6132,1272.0893,38.6349
32.3243,1380.2297,1272.5193,38.6349
32.3341,1380.8149,1272.9407,38.6349
32.3442,1381.3225,1273.3439,38.6349
32.3540,1381.8270,1273.7059,38.6349
32.3654,1382.3473,1274.0710,38.6349
32.3739,1382.8947,1274.3923,38.6349
32.3842,1383.5094,1274.7336,38.6349
32.3943,1384.1309,1275.0723,38.6349
32.4040,1384.7667,1275.4843,38.6349
32.4141,1385.4019,1275.9263,38.6349
32.4241,1386.0558,1276.3444,38.6349
32.4342,1386.7020,1276.7794,38.6349
32.4443,1387.3122,1277.2538,38.6349
32.4546,1387.8465,1277.6383,38.6349
32.4649,1388.3471,1278.0300,38.6349
32.4760,1388.8237,1278.3557,38.6349
32.4846,1389.3337,1278.7020,38.6349
32.4953,1389.8761,1279.0786,38.6349
32.5043,1390.4554,1279.4363,38.6349
32.5143,1391.0447,1279.8065,38.6349
32.5244,1391.6984,1280.1808,38.6349
32.5337,1392.3609,1280.6229,38.6349
32.5441,1393.0118,1281.1108,38.6349
32.5541,1393.6823,1281.6003,38.6349
32.5640,1394.2820,1282.0590,38.6349
32.5741,1394.8351,1282.4695,38.6349
32.5850,1395.3248,1282.8242,38.6349
32.5940,1395.8085,1283.1646,38.6349
32.6045,1396.2880,1283.4953,38.6349
32.6142,1396.7616,1283.8296,38.6349
32.6242,1397.2918,1284.1705,38.6349
32.6340,1397.8470,1284.5773,38.6349
32.6440,1398.4376,1284.9857,38.6349
32.6542,1399.0545,1285.3654,38.6349
32.6644,1399.7002,1285.8157,38.6349
32.6742,1400.3430,1286.2687,38.6349
32.6842,1400.9731,1286.7642,38.6349
32.6939,1401.6107,1287.2468,38.6349
32.7044,1402.1805,1287.6936,38.6349
32.7140,1402.7575,1288.0804,38.6349
32.7240,1403.2896,1288.4537,38.6349
32.7344,1403.8069,1288.8124,38.6349
32.7448,1404.3256,1289.1596,38.6349
32.7544,1404.8880,1289.5322,38.6349
32.7640,1405.4368,1289.9349,38.6349
32.7738,1406.0613,1290.3181,38.6349
32.7843,1406.6932,1290.7579,38.6349
32.7939,1407.3498,1291.1934,38.6349
32.8044,1408.0152,1291.6442,38.6349
32.8154,1408.6720,1292.0715,38.6349
32.8242,1409.2277,1292.4651,38.6349
32.8339,1409.7239,1292.8274,38.6349
32.8445,1410.2171,1293.1562,38.6349
32.8544,1410.6813,1293.4874,38.6349
32.8646,1411.1683,1293.8577,38.6349
32.8738,1411.7037,1294.2274,38.6349
32.8836,1412.2877,1294.6606,38.6349
32.8947,1412.9295,1295.0587,38.6349
32.9046,1413.6094,1295.5040,38.6349
32.9140,1414.2864,1295.9160,38.6349
32.9242,1414.9583,1296.3389,38.6349
32.9347,1415.6227,1296.8089,38.6349
32.9440,1416.2745,1297.2108,38.6349
32.9542,1416.8428,1297.6602,38.6349
32.9643,1417.3694,1298.0277,38.6349
32.9747,1417.8809,1298.3807,38.6349
32.9852,1418.3969,1298.7700,38.6349
32.9942,1418.9243,1299.1497,38.6349
33.0038,1419.4570,1299.5194,38.6349
33.0141,1420.0287,1299.9026,38.6349
33.0244,1420.6563,1300.3077,38.6349
33.0358,1421.2841,1300.6740,38.6349
33.0448,1421.9446,1301.1060,33.9957
33.0541,1422.5782,1301.5588,33.9750
33.0640,1423.1861,1301.9789,33.9535
33.0740,1423.7349,1302.3546,33.9535
33.0847,1424.2587,1302.8688,33.9535
33.0948,1424.8832,1303.4291,33.9535
33.1057,1425.6050,1303.9004,33.9535
33.1139,1426.2795,1304.5438,33.9535
33.1238,1426.7261,1305.1298,33.9535
33.1344,1426.8304,1305.9228,33.9535
33.1440,1426.9603,1306.6675,33.9535
33.1557,1427.5106,1307.1000,33.9535
33.1637,1428.1517,1307.4115,33.9535
33.1742,1428.7366,1307.6984,33.9535
33.1841,1429.3376,1307.9720,33.9535
33.1947,1429.9892,1308.3600,33.9535
33.2043,1430.7014,1308.7560,33.9535
33.2142,1431.3071,1309.0842,33.9535
33.2254,1431.8508,1309.3756,33.9535
33.2353,1432.3585,1309.6817,33.9535
33.2438,1432.8297,1309.9819,33.9535
33.2540,1433.2959,1310.2789,33.9535
33.2653,1433.7684,1310.5597,33.9535
33.2740,1434.2362,1310.8172,33.9535
33.2840,1434.7960,1311.1240,33.9535
33.2942,1435.3829,1311.4625,33.9535
33.3044,1435.9927,1311.8572,33.9535
33.3154,1436.5825,1312.1938,33.9535
33.3239,1437.2593,1312.5496,33.9535
33.3340,1437.9206,1312.9056,33.9535
33.3443,1438.5023,1313.2129,33.9535
33.3560,1439.0489,1313.5188,33.9535
33.3641,1439.5444,1313.8189,33.9535
33.3739,1440.0432,1314.1830,33.9535
33.3844,1440.5839,1314.5164,33.9535
33.3941,1441.2001,1314.8908,33.9535
33.4042,1441.8131,1315.2379,33.9535
33.4140,1442.4745,1315.6043,33.9535
33.4238,1443.1366,1316.0037,33.9535
33.4343,1443.7870,1316.3656,33.9535
33.4441,1444.4670,1316.7126,33.9535
33.4541,1445.1287,1317.0136,33.9535
33.4643,1445.7162,1317.2769,33.9535
33.4769,1446.2455,1317.5643,33.9535
33.4841,1446.7645,1317.8844,33.9535
33.4943,1447.2994,1318.2292,33.9535
33.5048,1447.8370,1318.5726,33.9535
33.5151,1448.4050,1318.9583,33.9535
33.5252,1448.9989,1319.3347,33.9535
33.5360,1449.6073,1319.6746,33.9535
33.5441,1450.2502,1320.0078,33.9535
33.5540,1450.9390,1320.3893,33.9535
33.5640,1451.6498,1320.7999,33.9535
33.5743,1452.3071,1321.1693,33.9535
33.5841,1453.0106,1321.4872,33.9535
33.5941,1453.6501,1321.8188,33.9535
33.6041,1454.2890,1322.1835,33.9535
33.6142,1454.8414,1322.5344,33.9535
33.6241,1455.3792,1322.8994,33.9535
33.6350,1455.9097,1323.2176,33.9535
33.6453,1456.4233,1323.5308,33.9535
33.6546,1456.9842,1323.8761,33.9535
33.6652,1457.6090,1324.2580,33.9535
33.6741,1458.2789,1324.6801,33.9535
33.6840,1458.9559,1325.0940,33.9535
33.6942,1459.6772,1325.4997,33.9535
33.7039,1460.3506,1325.7888,33.9535
33.7143,1460.9800,1326.0227,33.9535
33.7244,1461.5881,1326.2588,33.9535
33.7346,1462.1046,1326.4907,33.9535
33.7457,1462.6116,1326.8324,33.9535
33.7543,1463.1934,1327.2048,33.9535
33.7642,1463.7354,1327.6178,33.9535
33.7741,1464.3439,1328.0486,33.9535
33.7839,1465.0135,1328.5691,33.9535
33.7942,1465.7076,1329.0557,33.9535
33.8043,1466.4069,1329.4349,33.9535
33.8146,1467.1409,1329.8239,33.9535
33.8246,1467.8461,1330.1497,33.9535
33.8346,1468.4971,1330.3676,33.9535
33.8453,1469.0903,1330.5827,33.9535
33.8541,1469.6059,1330.7834,33.9535
33.8651,1470.0916,1331.0721,33.9535
33.8755,1470.6093,1331.4673,33.9535
33.8854,1471.1140,1331.9095,33.9535
33.8942,1471.6564,1332.3871,33.9535
33.9042,1472.2898,1332.8880,33.9535
33.9139,1472.9480,1333.3593,33.9535
33.9241,1473.6350,1333.6790,33.9535
33.9340,1474.3367,1333.9662,33.9535
33.9448,1475.0263,1334.2346,33.9535
33.9553,1475.6464,1334.4337,33.9535
33.9643,1476.2530,1334.6755,33.9535
33.9754,1476.7979,1334.9575,33.9535
33.9853,1477.2685,1335.2997,33.9535
33.9943,1477.7866,1335.6807,33.9535
34.0042,1478.3524,1336.1669,33.9535
34.0145,1478.9381,1336.6751,33.9535
34.0239,1479.5366,1337.1461,33.9535
34.0341,1480.1866,1337.5289,33.9535
34.0443,1480.8074,1337.8441,33.9535
34.0539,1481.4728,1338.1073,33.9535
34.0643,1482.1342,1338.4068,33.9535
34.0739,1482.7966,1338.7048,33.9535
34.0842,1483.3761,1339.0132,33.9535
34.0940,1483.9751,1339.3387,33.9535
34.1047,1484.4837,1339.6866,33.9535
34.1153,1485.0249,1340.0867,33.9535
34.1238,1485.5624,1340.5056,33.9535
34.1338,1486.1304,1340.9457,33.9535
34.1448,1486.6984,1341.3370,33.9535
34.1551,1487.2981,1341.6968,33.9535
34.1656,1487.9160,1342.0556,33.9535
34.1745,1488.5562,1342.3484,33.9535
34.1847,1489.2690,1342.7380,33.9535
34.1945,1489.9949,1343.1285,33.9535
34.2041,1490.6453,1343.4406,33.9535
34.2141,1491.2155,1343.7468,33.9535
34.2240,1491.7273,1344.0289,33.9535
34.2346,1492.2269,1344.3759,33.9535
34.2440,1492.7207,1344.7518,33.9535
34.2550,1493.2046,1345.1778,33.9535
34.2648,1493.7690,1345.5764,33.9535
34.2743,1494.3324,1345.9236,33.9535
34.2842,1494.9230,1346.2357,33.9535
34.2940,1495.5184,1346.4202,33.9535
34.3042,1496.1449,1346.6805,33.9535
34.3143,1496.8419,1347.0390,33.9535
34.3240,1497.5494,1347.4630,33.9535
34.3339,1498.1752,1347.9227,33.9535
34.3441,1498.7256,1348.2983,33.9535
34.3555,1499.2501,1348.6881,33.9535
34.3641,1499.7405,1349.0989,33.9535
34.3744,1500.2723,1349.4781,33.9535
34.3841,1500.7781,1349.8290,33.9535
34.3941,1501.3816,1350.1732,33.9535
34.4037,1501.9717,1350.4784,33.9535
34.4139,1502.5865,1350.7769,33.9535
34.4250,1503.2116,1351.0705,33.9535
34.4354,1503.8826,1351.3741,33.9535
34.4440,1504.5853,1351.7541,33.9535
34.4541,1505.2782,1352.2193,33.9535
34.4652,1505.8881,1352.7150,33.9535
34.4756,1506.4694,1353.1454,33.9535
34.4860,1506.9844,1353.5444,33.9535
34.4937,1507.4941,1353.9161,33.9535
34.5041,1508.0027,1354.2536,33.9535
34.5143,1508.5297,1354.5464,33.9535
34.5242,1509.0959,1354.8200,33.9535
34.5340,1509.7104,1355.1184,33.9535
34.5442,1510.3515,1355.4059,33.9535
34.5548,1510.9954,1355.7338,33.9535
34.5642,1511.6720,1356.1357,33.9535
34.5754,1512.3664,1356.6021,33.9535
34.5856,1512.9998,1357.0580,33.9535
34.5956,1513.5264,1357.4605,33.9535
34.6057,1514.0161,1357.8395,33.9535
34.6160,1514.5423,1358.2012,33.9535
34.6250,1515.0697,1358.5048,33.9535
34.6340,1515.6375,1358.7719,33.9535
34.6443,1516.2242,1359.0109,33.9535
34.6543,1516.8225,1359.2809,33.9535
34.6643,1517.4439,1359.5607,33.9535
34.6741,1518.0782,1359.9330,33.9535
34.6854,1518.7495,1360.3300,33.9535
34.6949,1519.4245,1360.7704,33.9535
34.7042,1520.0599,1361.2572,33.9535
34.7159,1520.6453,1361.6770,33.9535
34.7241,1521.1395,1362.0463,33.9535
34.7341,1521.6684,1362.3466,33.9535
34.7440,1522.1770,1362.6384,33.9535
34.7542,1522.7285,1362.9121,33.9535
34.7652,1523.2931,1363.1597,33.9535
34.7742,1523.8525,1363.4182,33.9535
34.7837,1524.4130,1363.7194,33.9535
34.7949,1525.0577,1364.0342,33.9535
34.8042,1525.7178,1364.4613,33.9535
34.8143,1526.4242,1364.9114,33.9535
34.8244,1527.1355,1365.4381,33.9535
34.8343,1527.7998,1365.8824,33.9535
34.8441,1528.3893,1366.2896,33.9535
34.8541,1528.9100,1366.6309,33.9535
34.8645,1529.4185,1366.9013,33.9535
34.8744,1529.9176,1367.1563,33.9535
34.8842,1530.4675,1367.3962,33.9535
34.8944,1531.0433,1367.6990,33.9535
34.9052,1531.6313,1368.0698,33.9535
34.9146,1532.2346,1368.4713,33.9535
34.9262,1532.8841,1368.9055,33.9535
34.9350,1533.5793,1369.3151,33.9535
34.9439,1534.3085,1369.7969,33.9535
34.9543,1535.0111,1370.2342,33.9535
34.9639,1535.6273,1370.5970,33.9535
34.9749,1536.1642,1370.9550,33.9535
34.9840,1536.7070,1371.2574,33.9535
34.9942,1537.2075,1371.5621,33.9535
35.0042,1537.7302,1371.8633,33.9535
35.0147,1538.2808,1372.2032,33.9535
35.0244,1538.9008,1372.5631,33.9535
35.0344,1539.5651,1372.9280,33.9535
35.0449,1540.2698,1373.3470,30.4243
35.0540,1540.9801,1373.7869,30.4308
35.0637,1541.6782,1374.2310,30.4357
35.0740,1542.3239,1374.6285,30.4227
35.0845,1542.9973,1375.0974,30.4227
35.0942,1543.7002,1375.8213,30.4227
35.1044,1544.4691,1376.2621,30.4227
35.1141,1545.1262,1376.8213,30.4227
35.1243,1545.6490,1377.4911,30.4227
35.1340,1546.1404,1378.1158,30.4227
35.1446,1546.3690,1378.9189,30.4227
35.1540,1546.7086,1379.6812,30.4227
35.1644,1547.2168,1380.2830,30.4227
35.1742,1547.6466,1380.7621,30.4227
35.1840,1548.0799,1381.0517,30.4227
35.1940,1548.5919,1381.1895,30.4227
35.2044,1549.1421,1381.3236,30.4227
35.2141,1549.7325,1381.6671,30.4227
35.2248,1550.3802,1382.0847,30.4227
35.2346,1551.0421,1382.3732,30.4227
35.2440,1551.7025,1382.5920,30.4227
35.2550,1552.3516,1382.8706,30.4227
35.2642,1553.0278,1383.2182,30.4227
35.2743,1553.7361,1383.5435,30.4227
35.2844,1554.4821,1383.8331,30.4227
35.2941,1555.1943,1384.1464,30.4227
35.3045,1555.8152,1384.4255,30.4227
35.3140,1556.3846,1384.6951,30.4227
35.3252,1556.9435,1384.9276,30.4227
35.3340,1557.5182,1385.2267,30.4227
35.3439,1558.1194,1385.5724,30.4227
35.3542,1558.7017,1385.8962,30.4227
35.3647,1559.3076,1386.1982,30.4227
35.3741,1559.9765,1386.4747,30.4227
35.3843,1560.6776,1386.7821,30.4227
35.3939,1561.3840,1387.0815,30.4227
35.4044,1562.0997,1387.3992,30.4227
35.4142,1562.7780,1387.7312,30.4227
35.4240,1563.4413,1388.0398,30.4227
35.4345,1564.0571,1388.3635,30.4227
35.4441,1564.6613,1388.6581,30.4227
35.4539,1565.2505,1388.9417,30.4227
35.4652,1565.8364,1389.2650,30.4227
35.4737,1566.4444,1389.5582,30.4227
35.4849,1567.0590,1389.8718,30.4227
35.4939,1567.7213,1390.1454,30.4227
35.5057,1568.4238,1390.4422,30.4227
35.5139,1569.1169,1390.7535,30.4227
35.5239,1569.8174,1391.0480,30.4227
35.5348,1570.4990,1391.3166,30.4227
35.5440,1571.1238,1391.6015,30.4227
35.5543,1571.7114,1391.8883,30.4227
35.5638,1572.2827,1392.1754,30.4227
35.5741,1572.8412,1392.4460,30.4227
35.5842,1573.3821,1392.7271,30.4227
35.5945,1573.9641,1393.0118,30.4227
35.6043,1574.5589,1393.2980,30.4227
35.6151,1575.2385,1393.6029,30.4227
35.6244,1575.9323,1393.9003,30.4227
35.6348,1576.6661,1394.2328,30.4227
35.6446,1577.3865,1394.5704,30.4227
35.6541,1578.0764,1394.8888,30.4227
35.6641,1578.7183,1395.1956,30.4227
35.6745,1579.3594,1395.5260,30.4227
35.6853,1579.9793,1395.8388,30.4227
35.6939,1580.6190,1396.1230,30.4227
35.7045,1581.2123,1396.4188,30.4227
35.7140,1581.8015,1396.7337,30.4227
35.7241,1582.3875,1397.0149,30.4227
35.7342,1582.9955,1397.2833,30.4227
35.7441,1583.6215,1397.5300,30.4227
35.7547,1584.3101,1397.8316,30.4227
35.7642,1584.9547,1398.1670,30.4227
35.7750,1585.6083,1398.4833,30.4227
35.7838,1586.2391,1398.8108,30.4227
35.7938,1586.8801,1399.0883,30.4227
35.8047,1587.4716,1399.3320,30.4227
35.8140,1587.9932,1399.5588,30.4227
35.8240,1588.5461,1399.8442,30.4227
35.8341,1589.1113,1400.1172,30.4227
35.8439,1589.7148,1400.3871,30.4227
35.8543,1590.3619,1400.6866,30.4227
35.8649,1591.0030,1400.9766,30.4227
35.8740,1591.6567,1401.2667,30.4227
35.8841,1592.3315,1401.5466,30.4227
35.8936,1592.9963,1401.8572,30.4227
35.9048,1593.6008,1402.1700,30.4227
35.9154,1594.2127,1402.4770,30.4227
35.9261,1594.8102,1402.7895,30.4227
35.9345,1595.3544,1403.0250,30.4227
35.9439,1595.9136,1403.2567,30.4227
35.9539,1596.4323,1403.5221,30.4227
35.9656,1596.9725,1403.8193,30.4227
35.9741,1597.5446,1404.0930,30.4227
35.9837,1598.1650,1404.3831,30.4227
35.9940,1598.8389,1404.6802,30.4227
36.0048,1599.5259,1404.9865,30.4227
36.0141,1600.2060,1405.2828,30.4227
36.0248,1600.8399,1405.6028,30.4227
36.0343,1601.4389,1405.9017,30.4227
36.0441,1602.0377,1406.1780,30.4227
36.0538,1602.6558,1406.4785,30.4227
36.0638,1603.2106,1406.7302,30.4227
36.0743,1603.7873,1407.0258,30.4227
36.0848,1604.3536,1407.3084,30.4227
36.0941,1604.9552,1407.6042,30.4227
36.1041,1605.5364,1407.9064,30.4227
36.1142,1606.1671,1408.2252,30.4227
36.1239,1606.8367,1408.5516,30.4227
36.1337,1607.5063,1408.8426,30.4227
36.1442,1608.2631,1409.1381,30.4227
36.1555,1608.9586,1409.4902,30.4227
36.1640,1609.5586,1409.7828,30.4227
36.1741,1610.1445,1410.0952,30.4227
36.1840,1610.7114,1410.3450,30.4227
36.1942,1611.2892,1410.5725,30.4227
36.2041,1611.8541,1410.8169,30.4227
36.2139,1612.4409,1411.1025,30.4227
36.2260,1613.0245,1411.3855,30.4227
36.2356,1613.6467,1411.6752,30.4227
36.2442,1614.3070,1411.9744,30.4227
36.2546,1614.9902,1412.2775,30.4227
36.2660,1615.7210,1412.5501,30.4227
36.2757,1616.4358,1412.8748,30.4227
36.2862,1617.1027,1413.2099,30.4227
36.2940,1617.7542,1413.5382,30.4227
36.3044,1618.3563,1413.8102,30.4227
36.3140,1618.9378,1414.0457,30.4227
36.3243,1619.4703,1414.2844,30.4227
36.3345,1620.0308,1414.5252,30.4227
36.3444,1620.6020,1414.8029,30.4227
36.3543,1621.2085,1415.0864,30.4227
36.3641,1621.8090,1415.3444,30.4227
36.3744,1622.4548,1415.6116,30.4227
36.3839,1623.1479,1415.8988,30.4227
36.3944,1623.8558,1416.2309,30.4227
36.4053,1624.5822,1416.5669,30.4227
36.4152,1625.2237,1416.8962,30.4227
36.4239,1625.8409,1417.1954,30.4227
36.4344,1626.4304,1417.4502,30.4227
36.4454,1627.0022,1417.6944,30.4227
36.4554,1627.5836,1417.9412,30.4227
36.4642,1628.1610,1418.2084,30.4227
36.4742,1628.7648,1418.5319,30.4227
36.4842,1629.3757,1418.8179,30.4227
36.4938,1630.0500,1419.1357,30.4227
36.5042,1630.7598,1419.4811,30.4227
36.5137,1631.4399,1419.8073,30.4227
36.5239,1632.1158,1420.1328,30.4227
36.5357,1632.7591,1420.4393,30.4227
36.5437,1633.3652,1420.7534,30.4227
36.5544,1633.9890,1421.0005,30.4227
36.5638,1634.5825,1421.2889,30.4227
36.5741,1635.1602,1421.5862,30.4227
36.5840,1635.7461,1421.8651,30.4227
36.5940,1636.3543,1422.2149,30.4227
36.6042,1636.9552,1422.5441,30.4227
36.6143,1637.5884,1422.8462,30.4227
36.6240,1638.2651,1423.1707,30.4227
36.6345,1638.9781,1423.4884,30.4227
36.6438,1639.6793,1423.8156,30.4227
36.6542,1640.3419,1424.1238,30.4227
36.6645,1640.9969,1424.4624,30.4227
36.6741,1641.6149,1424.7620,30.4227
36.6846,1642.2360,1425.0354,30.4227
36.6940,1642.8889,1425.3792,30.4227
36.7048,1643.4787,1425.6488,30.4227
36.7142,1644.0865,1425.9382,30.4227
36.7241,1644.6935,1426.2573,30.4227
36.7341,1645.2783,1426.5918,30.4227
36.7451,1645.9244,1426.9205,30.4227
36.7549,1646.5853,1427.1981,30.4227
36.7642,1647.2931,1427.5038,30.4227
36.7741,1647.9667,1427.8016,30.4227
36.7839,1648.6390,1428.1409,30.4227
36.7937,1649.3120,1428.4988,30.4227
36.8041,1649.9508,1428.7637,30.4227
36.8143,1650.6003,1429.0771,30.4227
36.8243,1651.2028,1429.3842,30.4227
36.8348,1651.8066,1429.6871,30.4227
36.8440,1652.4315,1430.0325,30.4227
36.8551,1653.0670,1430.3408,30.4227
36.8652,1653.7399,1430.6697,30.4227
36.8754,1654.4436,1430.9576,30.4227
36.8840,1655.1566,1431.2789,30.4227
36.8945,1655.8648,1431.6199,30.4227
36.9058,1656.5634,1431.9114,30.4227
36.9158,1657.2299,1432.2656,30.4227
36.9242,1657.8795,1432.5740,30.4227
36.9339,1658.4935,1432.8600,30.4227
36.9441,1659.1454,1433.1664,30.4227
36.9546,1659.7314,1433.4499,30.4227
36.9641,1660.3162,1433.7375,30.4227
36.9740,1660.9022,1434.0321,30.4227
36.9841,1661.5032,1434.3519,30.4227
36.9945,1662.1632,1434.6857,30.4227
37.0041,1662.8676,1434.9958,30.4227
37.0141,1663.5863,1435.3286,30.4227
37.0249,1664.2658,1435.6413,30.4227
37.0337,1664.9231,1435.9781,30.4227
37.0440,1665.6085,1436.3107,30.4227
37.0545,1666.2396,1436.5851,30.4227
37.0637,1666.8403,1436.8698,30.4227
37.0740,1667.4384,1437.1215,30.4227
37.0840,1667.9761,1437.4290,30.4227
37.0942,1668.5389,1437.7109,30.4227
37.1039,1669.0941,1438.0015,30.4227
37.1148,1669.7120,1438.3463,30.4227
37.1249,1670.3284,1438.6529,30.4227
37.1343,1670.9860,1438.9952,30.4227
37.1440,1671.6580,1439.3064,30.4227
37.1545,1672.2747,1439.6011,30.4227
37.1656,1672.8882,1439.9381,30.4227
37.1753,1673.5341,1440.2267,30.4227
37.1840,1674.1198,1440.5273,25.4008
37.1948,1674.7287,1440.7972,25.4099
37.2045,1675.3192,1441.0946,25.4000
37.2139,1675.9123,1441.4436,25.3254
37.2260,1676.5224,1441.8993,25.3254
37.2339,1677.2303,1442.5245,25.3254
37.2442,1678.0688,1442.9157,25.3254
37.2541,1678.7233,1443.5960,25.3254
37.2643,1679.3749,1444.2383,25.3254
37.2741,1679.6825,1444.9371,25.3254
37.2837,1679.8345,1445.9125,25.3254
37.2938,1680.0591,1446.7092,25.3254
37.3040,1680.5628,1447.2316,25.3254
37.3145,1681.1015,1447.6521,25.3254
37.3244,1681.7623,1447.7714,25.3254
37.3347,1682.4520,1447.8801,25.3254
37.3454,1683.0856,1448.0800,25.3254
37.3543,1683.6827,1448.4009,25.3254
37.3655,1684.2488,1448.6769,25.3254
37.3742,1684.8313,1448.8748,25.3254
37.3835,1685.3962,1449.0281,25.3254
37.3935,1685.9326,1449.2291,25.3254
37.4044,1686.3939,1449.4454,25.3254
37.4139,1686.8732,1449.6014,25.3254
37.4243,1687.4301,1449.7181,25.3254
37.4340,1688.0668,1449.9189,25.3254
37.4442,1688.7339,1450.1213,25.3254
37.4540,1689.3947,1450.3538,25.3254
37.4645,1690.0660,1450.5612,25.3254
37.4740,1690.7524,1450.8279,25.3254
37.4843,1691.4551,1451.0759,25.3254
37.4941,1692.1584,1451.3242,25.3254
37.5054,1692.8171,1451.6000,25.3254
37.5150,1693.4210,1451.8270,25.3254
37.5257,1694.0115,1452.0797,25.3254
37.5343,1694.5646,1452.3084,25.3254
37.5439,1695.1239,1452.4682,25.3254
37.5540,1695.7192,1452.6626,25.3254
37.5648,1696.3469,1452.8245,25.3254
37.5739,1696.9965,1453.0286,25.3254
37.5842,1697.6818,1453.2499,25.3254
37.5939,1698.3575,1453.5271,25.3254
37.6054,1698.9908,1453.7558,25.3254
37.6150,1699.7014,1453.9849,25.3254
37.6256,1700.4179,1454.2751,25.3254
37.6357,1701.0889,1454.5195,25.3254
37.6442,1701.7413,1454.7990,25.3254
37.6544,1702.3172,1455.0258,25.3254
37.6641,1702.8856,1455.1747,25.3254
37.6738,1703.4695,1455.3218,25.3254
37.6846,1704.1244,1455.4923,25.3254
37.6937,1704.7813,1455.6913,25.3254
37.7039,1705.4366,1455.8792,25.3254
37.7142,1706.1068,1456.1022,25.3254
37.7240,1706.8088,1456.3619,25.3254
37.7348,1707.4962,1456.5951,25.3254
37.7456,1708.2020,1456.8286,25.3254
37.7540,1708.8635,1457.1026,25.3254
37.7639,1709.4755,1457.3757,25.3254
37.7743,1710.1045,1457.6238,25.3254
37.7839,1710.7192,1457.8296,25.3254
37.7940,1711.3152,1458.0079,25.3254
37.8042,1711.9081,1458.1534,25.3254
37.8143,1712.5530,1458.3345,25.3254
37.8239,1713.2103,1458.5363,25.3254
37.8342,1713.9038,1458.7734,25.3254
37.8444,1714.6074,1459.0219,25.3254
37.8540,1715.2809,1459.2498,25.3254
37.8644,1716.0009,1459.4721,25.3254
37.8741,1716.7021,1459.7712,25.3254
37.8841,1717.4094,1460.0229,25.3254
37.8951,1718.0242,1460.2610,25.3254
37.9043,1718.6110,1460.4745,25.3254
37.9139,1719.2015,1460.6777,25.3254
37.9257,1719.7902,1460.8398,25.3254
37.9340,1720.4394,1461.0024,25.3254
37.9438,1721.1185,1461.2330,25.3254
37.9543,1721.7861,1461.4663,25.3254
37.9641,1722.4651,1461.7095,25.3254
37.9743,1723.1797,1461.9645,25.3254
37.9841,1723.8777,1462.2039,25.3254
37.9940,1724.5652,1462.4354,25.3254
38.0039,1725.2317,1462.6990,25.3254
38.0149,1725.8778,1462.9454,25.3254
38.0235,1726.4947,1463.1833,25.3254
38.0341,1727.1202,1463.3955,25.3254
38.0442,1727.7183,1463.6210,25.3254
38.0543,1728.3435,1463.7969,25.3254
38.0644,1728.9651,1464.0037,25.3254
38.0740,1729.6050,1464.2493,25.3254
38.0851,1730.2744,1464.4613,25.3254
38.0951,1730.9641,1464.6872,25.3254
38.1041,1731.6558,1464.9028,25.3254
38.1139,1732.3697,1465.1730,25.3254
38.1239,1733.0628,1465.4313,25.3254
38.1350,1733.7286,1465.6668,25.3254
38.1441,1734.3718,1465.9395,25.3254
38.1541,1734.9794,1466.1403,25.3254
38.1646,1735.5609,1466.3575,25.3254
38.1754,1736.1400,1466.5673,25.3254
38.1841,1736.7465,1466.7545,25.3254
38.1949,1737.3853,1467.0065,25.3254
38.2044,1738.0226,1467.2068,25.3254
38.2153,1738.7158,1467.4635,25.3254
38.2241,1739.4348,1467.7148,25.3254
38.2341,1740.1793,1467.9899,25.3254
38.2443,1740.8999,1468.2471,25.3254
38.2543,1741.6052,1468.4858,25.3254
38.2639,1742.2681,1468.7835,25.3254
38.2740,1742.9391,1469.0564,25.3254
38.2858,1743.5948,1469.2998,25.3254
38.2935,1744.2932,1469.5467,25.3254
38.3042,1744.9736,1469.7719,25.3254
38.3142,1745.6632,1470.0212,25.3254
38.3241,1746.3599,1470.2571,25.3254
38.3342,1747.0807,1470.4793,25.3254
38.3436,1747.8169,1470.7269,25.3254
38.3540,1748.5596,1470.9687,25.3254
38.3642,1749.2479,1471.2280,25.3254
38.3749,1749.9041,1471.4693,25.3254
38.3859,1750.5635,1471.7067,25.3254
38.3940,1751.1810,1471.9542,25.3254
38.4044,1751.7874,1472.1675,25.3254
38.4141,1752.4017,1472.4052,25.3254
38.4238,1753.0323,1472.6227,25.3254
38.4338,1753.6732,1472.8186,25.3254
38.4452,1754.3574,1473.0375,25.3254
38.4542,1755.0757,1473.2932,25.3254
38.4640,1755.7974,1473.5757,25.3254
38.4740,1756.4958,1473.8054,25.3254
38.4846,1757.1980,1474.0583,25.3254
38.4941,1757.8649,1474.3179,25.3254
38.5041,1758.5100,1474.5778,25.3254
38.5152,1759.1449,1474.8740,25.3254
38.5256,1759.8287,1475.1352,25.3254
38.5357,1760.4893,1475.3971,25.3254
38.5446,1761.1974,1475.6426,25.3254
38.5545,1761.8893,1475.8721,25.3254
38.5639,1762.5757,1476.1094,25.3254
38.5740,1763.3078,1476.3292,25.3254
38.5839,1764.0367,1476.5612,25.3254
38.5942,1764.7308,1476.8144,25.3254
38.6045,1765.4057,1477.0561,25.3254
38.6144,1766.0378,1477.3223,25.3254
38.6240,1766.6851,1477.5659,25.3254
38.6347,1767.3056,1477.8284,25.3254
38.6440,1767.9362,1478.0621,25.3254
38.6540,1768.5609,1478.2720,25.3254
38.6642,1769.1652,1478.4502,25.3254
38.6744,1769.7798,1478.6364,25.3254
38.6841,1770.3536,1478.8543,25.3254
38.6944,1770.9833,1479.0369,25.3254
38.7045,1771.6543,1479.2571,25.3254
38.7139,1772.3452,1479.5179,25.3254
38.7241,1773.0388,1479.7590,25.3254
38.7342,1773.7136,1480.0157,25.3254
38.7438,1774.3694,1480.2270,25.3254
38.7542,1774.9915,1480.4783,25.3254
38.7646,1775.5969,1480.7075,25.3254
38.7750,1776.2114,1480.9261,25.3254
38.7845,1776.7958,1481.0863,25.3254
38.7940,1777.3940,1481.2108,25.3254
38.8045,1778.0181,1481.4249,25.3254
38.8140,1778.6458,1481.6279,25.3254
38.8240,1779.3121,1481.8300,25.3254
38.8347,1780.0233,1482.0276,25.3254
38.8445,1780.7211,1482.2404,25.3254
38.8545,1781.4002,1482.4785,25.3254
38.8641,1782.0660,1482.7268,25.3254
38.8741,1782.7228,1482.9579,25.3254
38.8843,1783.3508,1483.1683,25.3254
38.8946,1783.9925,1483.4093,25.3254
38.9058,1784.6392,1483.6553,25.3254
38.9147,1785.2481,1483.8682,25.3254
38.9239,1785.9213,1484.0795,25.3254
38.9339,1786.5607,1484.3215,25.3254
38.9437,1787.2151,1484.5236,25.3254
38.9540,1787.8554,1484.7846,25.3254
38.9676,1788.5474,1485.0218,19.0783
38.9741,1789.2150,1485.2697,19.0814
38.9838,1789.8303,1485.4689,19.0845
38.9940,1790.4459,1485.7342,19.0315
39.0040,1791.0773,1486.1379,19.0315
39.0139,1791.9337,1486.5982,19.0315
39.0243,1792.7517,1486.8176,19.0315
39.0344,1793.3135,1487.4849,19.0315
39.0443,1793.9734,1487.9422,19.0315
39.0540,1794.3516,1488.4977,19.0315
39.0639,1794.5078,1489.4215,19.0315
39.0742,1794.8766,1490.1307,19.0315
39.0840,1795.4191,1490.5324,19.0315
39.0940,1795.9915,1490.8184,19.0315
39.1041,1796.5408,1490.9659,19.0315
39.1139,1797.1349,1490.9940,19.0315
39.1245,1797.7541,1491.1219,19.0315
39.1341,1798.3967,1491.3218,19.0315
39.1438,1799.1433,1491.4634,19.0315
39.1541,1799.8583,1491.5875,19.0315
39.1650,1800.5513,1491.6827,19.0315
39.1741,1801.1973,1491.8051,19.0315
39.1850,1801.8494,1491.9611,19.0315
39.1939,1802.4864,1492.1335,19.0315
39.2043,1803.0643,1492.2817,19.0315
39.2139,1803.6562,1492.4054,19.0315
39.2247,1804.2460,1492.6036,19.0315
39.2346,1804.8979,1492.8221,19.0315
39.2446,1805.5893,1493.0123,19.0315
39.2541,1806.2938,1493.1771,19.0315
39.2652,1806.9949,1493.2733,19.0315
39.2740,1807.6702,1493.3927,19.0315
39.2842,1808.3509,1493.4976,19.0315
39.2943,1808.9905,1493.6536,19.0315
39.3043,1809.6504,1493.7916,19.0315
39.3151,1810.3703,1493.9655,19.0315
39.3238,1811.0641,1494.1543,19.0315
39.3340,1811.7615,1494.3114,19.0315
39.3440,1812.4805,1494.5227,19.0315
39.3538,1813.1359,1494.7508,19.0315
39.3655,1813.8148,1494.9576,19.0315
39.3747,1814.4833,1495.1062,19.0315
39.3842,1815.1595,1495.2042,19.0315
39.3942,1815.7917,1495.3351,19.0315
39.4045,1816.4449,1495.4371,19.0315
39.4146,1817.1294,1495.5772,19.0315
39.4258,1817.7912,1495.7372,19.0315
39.4345,1818.4766,1495.8823,19.0315
39.4439,1819.1921,1496.0928,19.0315
39.4537,1819.9053,1496.2909,19.0315
39.4641,1820.6073,1496.4857,19.0315
39.4746,1821.2814,1496.7026,19.0315
39.4845,1821.9421,1496.8924,19.0315
39.4942,1822.5656,1497.0661,19.0315
39.5045,1823.2357,1497.2070,19.0315
39.5144,1823.8566,1497.3183,19.0315
39.5244,1824.5032,1497.4612,19.0315
39.5341,1825.1787,1497.5631,19.0315
39.5449,1825.8843,1497.7341,19.0315
39.5543,1826.5983,1497.8627,19.0315
39.5643,1827.3174,1498.0515,19.0315
39.5740,1828.0407,1498.2479,19.0315
39.5848,1828.7615,1498.4352,19.0315
39.5945,1829.4694,1498.6452,19.0315
39.6052,1830.1437,1498.8634,19.0315
39.6141,1830.7896,1499.0718,19.0315
39.6244,1831.4407,1499.2419,19.0315
39.6348,1832.0856,1499.3437,19.0315
39.6441,1832.7449,1499.4496,19.0315
39.6546,1833.3574,1499.5579,19.0315
39.6636,1834.0665,1499.6857,19.0315
39.6745,1834.7371,1499.8123,19.0315
39.6841,1835.4412,1499.9544,19.0315
39.6937,1836.1697,1500.1364,19.0315
39.7037,1836.8983,1500.3273,19.0315
39.7137,1837.5785,1500.5444,19.0315
39.7241,1838.2144,1500.7259,19.0315
39.7343,1838.8835,1500.9193,19.0315
39.7440,1839.5174,1501.0858,19.0315
39.7543,1840.1732,1501.2136,19.0315
39.7654,1840.8280,1501.3483,19.0315
39.7746,1841.4596,1501.4335,19.0315
39.7849,1842.1223,1501.5452,19.0315
39.7938,1842.7965,1501.6558,19.0315
39.8041,1843.4759,1501.7955,19.0315
39.8156,1844.1457,1501.9384,19.0315
39.8246,1844.8318,1502.1152,19.0315
39.8349,1845.5495,1502.3359,19.0315
39.8442,1846.2397,1502.5323,19.0315
39.8550,1846.9369,1502.7214,19.0315
39.8646,1847.6095,1502.9271,19.0315
39.8746,1848.2758,1503.0991,19.0315
39.8850,1848.9568,1503.2208,19.0315
39.8940,1849.6509,1503.3376,19.0315
39.9042,1850.3473,1503.4454,19.0315
39.9146,1851.0120,1503.5887,19.0315
39.9243,1851.7153,1503.7371,19.0315
39.9346,1852.4224,1503.9064,19.0315
39.9437,1853.1345,1504.0930,19.0315
39.9539,1853.8625,1504.3101,19.0315
39.9642,1854.5330,1504.5367,19.0315
39.9741,1855.1920,1504.7195,19.0315
39.9843,1855.8245,1504.9128,19.0315
39.9939,1856.4893,1505.1039,19.0315
40.0041,1857.1604,1505.2754,19.0315
40.0147,1857.8432,1505.3974,19.0315
40.0249,1858.5263,1505.5248,12.8130
40.0339,1859.1902,1505.6638,12.8157
40.0440,1859.8958,1505.8342,12.8126
40.0542,1860.5942,1506.0047,12.7543
40.0641,1861.3632,1506.3633,12.3877
40.0744,1862.2999,1506.8282,12.3877
40.0838,1863.1215,1506.9097,12.3877
40.0936,1863.7047,1507.2519,12.3877
40.1040,1864.3386,1507.8931,12.3877
40.1139,1865.1484,1508.0925,12.3877
40.1256,1865.7202,1508.5481,12.3877
40.1353,1866.1635,1509.4091,12.3877
40.1442,1866.7786,1510.0111,12.3877
40.1539,1867.4321,1510.5052,12.3877
40.1643,1867.9890,1510.8755,12.3877
40.1756,1868.6201,1510.7803,12.3877
40.1845,1869.2759,1510.5530,12.3877
40.1936,1869.9971,1510.5515,12.3877
40.2037,1870.8178,1510.7203,12.3877
40.2142,1871.6227,1510.8542,12.3877
40.2239,1872.3992,1510.8273,12.3877
40.2344,1873.1448,1510.8444,12.3877
40.2438,1873.8480,1510.9588,12.3877
40.2546,1874.5662,1511.1149,12.3877
40.2646,1875.2577,1511.1799,12.3877
40.2749,1875.9001,1511.1715,12.3877
40.2841,1876.4816,1511.2126,12.3877
40.2941,1877.0864,1511.2629,12.3877
40.3042,1877.7052,1511.3024,12.3877
40.3138,1878.3470,1511.2896,12.3877
40.3239,1878.9324,1511.2725,12.3877
40.3338,1879.5005,1511.3310,12.3877
40.3443,1880.1564,1511.3715,12.3877
40.3537,1880.8113,1511.4643,12.3877
40.3642,1881.4913,1511.5291,12.3877
40.3745,1882.2034,1511.6436,12.3877
40.3848,1882.8998,1511.7659,12.3877
40.3940,1883.6048,1511.8053,12.3877
40.4046,1884.2843,1511.8690,12.3877
40.4140,1885.0363,1511.9183,12.3877
40.4250,1885.7390,1511.9405,12.3877
40.4350,1886.4244,1511.9941,12.3877
40.4450,1887.0881,1512.0251,12.3877
40.4550,1887.7321,1512.0385,12.3877
40.4644,1888.4238,1512.0247,12.3877
40.4740,1889.1594,1512.0823,12.3877
40.4840,1889.8245,1512.1384,12.3877
40.4942,1890.4746,1512.2000,12.3877
40.5042,1891.1324,1512.3489,12.3877
40.5141,1891.7827,1512.4143,12.3877
40.5242,1892.4860,1512.4647,12.3877
40.5353,1893.2283,1512.5239,12.3877
40.5437,1893.9451,1512.5488,12.3877
40.5540,1894.6166,1512.5922,12.3877
40.5651,1895.2839,1512.6387,12.3877
40.5750,1895.9625,1512.6519,12.3877
40.5838,1896.6022,1512.6497,12.3877
40.5939,1897.2974,1512.6536,12.3877
40.6040,1897.9421,1512.7221,12.3877
40.6143,1898.5922,1512.7592,12.3877
40.6238,1899.2272,1512.8406,12.3877
40.6347,1899.8605,1512.9310,12.3877
40.6446,1900.4984,1513.0307,12.3877
40.6539,1901.1563,1513.1437,12.3877
40.6647,1901.8763,1513.2096,4.0678
40.6741,1902.5925,1513.2794,4.0829
40.6845,1903.3316,1513.3053,4.1025
40.6944,1904.0734,1513.3411,4.0741
40.7044,1904.8685,1513.5333,3.8030
40.7143,1905.7839,1513.9341,3.1408
40.7249,1906.6339,1513.9736,2.3042
40.7353,1907.3400,1514.4763,1.0951
40.7437,1908.1227,1515.1824,-0.3179
40.7540,1908.8636,1515.4241,-1.9610
40.7642,1909.4904,1516.2479,-3.8195
40.7737,1910.3627,1516.8789,-5.5171
40.7846,1911.1114,1517.2017,-7.5133
40.7944,1911.6562,1517.9818,-9.7110
40.8039,1912.2634,1519.1115,-9.7110
40.8144,1912.9105,1519.8038,-9.7110
40.8240,1913.5153,1520.6636,-9.7110
40.8345,1914.1063,1521.6185,-9.7110
40.8441,1914.6503,1522.7296,-9.7110
40.8544,1915.2313,1523.8223,-9.7110
40.8643,1915.8826,1525.1356,-9.7110
40.8746,1916.6489,1525.9700,-9.7110
40.8852,1917.5127,1526.1530,-9.7110
40.8943,1918.2767,1526.2032,-9.7110
40.9042,1918.8925,1526.4553,-9.7110
40.9142,1919.4559,1526.5529,-9.7110
40.9246,1920.0347,1526.2462,-9.7110
40.9339,1920.5973,1525.5958,-9.7110
40.9443,1921.1398,1525.1945,-9.7110
40.9546,1921.6849,1525.0526,-9.7110
40.9652,1922.1678,1524.9203,-9.7110
40.9751,1922.6359,1524.6579,-9.7110
40.9850,1923.0879,1524.3039,-9.7110
40.9943,1923.4728,1524.0350,-9.7110
41.0042,1923.8502,1523.8488,-9.7110
41.0140,1924.2464,1523.6544,-9.7110
41.0244,1924.6656,1523.4003,-9.7110
41.0341,1925.1375,1523.0692,-9.7110
41.0439,1925.6907,1522.7559,-9.7110
41.0540,1926.2254,1522.4114,-9.7110
41.0647,1926.7439,1522.0934,-9.7110
41.0739,1927.3088,1521.7758,-9.7110
41.0839,1927.8820,1521.4599,-9.7110
41.0938,1928.4551,1521.1597,-9.7110
41.1040,1929.0405,1520.8615,-9.7110
41.1154,1929.6209,1520.5701,-9.7110
41.1247,1930.1552,1520.2615,-9.7110
41.1352,1930.6624,1519.9578,-9.7110
41.1444,1931.1490,1519.6787,-9.7110
41.1546,1931.6207,1519.3733,-9.7110
41.1641,1932.1290,1519.0561,-9.7110
41.1745,1932.6471,1518.7627,-9.7110
41.1837,1933.1709,1518.4241,-9.7110
41.1942,1933.6848,1518.1097,-9.7110
41.2042,1934.2797,1517.7531,-9.7110
41.2144,1934.8674,1517.3964,-9.7110
41.2239,1935.5027,1517.0196,-9.7110
41.2342,1936.1487,1516.7271,-9.7110
41.2446,1936.7310,1516.4487,-9.7110
41.2545,1937.3080,1516.0795,-9.7110
41.2647,1937.8557,1515.7738,-9.7110
41.2747,1938.4063,1515.4769,-9.7110
41.2842,1938.9365,1515.1270,-9.7110
41.2948,1939.4754,1514.7842,-9.7110
41.3044,1939.9924,1514.4574,-9.7110
41.3144,1940.5219,1514.1404,-9.7110
41.3243,1941.0953,1513.7850,-9.7110
41.3339,1941.6898,1513.4236,-9.7110
41.3452,1942.3001,1513.0556,-9.7110
41.3549,1942.9353,1512.6951,-9.7110
41.3639,1943.5733,1512.4440,-9.7110
41.3741,1944.1877,1512.1411,-9.7110
41.3839,1944.8204,1511.8192,-9.7110
41.3942,1945.4247,1511.4898,-9.7110
41.4042,1945.9896,1511.1459,-9.7110
41.4142,1946.5552,1510.8219,-9.7110
41.4238,1947.1159,1510.4703,-9.7110
41.4344,1947.7056,1510.1190,-9.7110
41.4440,1948.2576,1509.7908,-9.7110
41.4542,1948.8362,1509.4269,-9.7110
41.4643,1949.4323,1509.1166,-9.7110
41.4750,1950.0649,1508.7564,-9.7110
41.4843,1950.7242,1508.4116,-9.7110
41.4935,1951.4077,1508.0933,-9.7110
41.5041,1952.0851,1507.7629,-9.7110
41.5143,1952.7370,1507.3897,-9.7110
41.5238,1953.3798,1506.9957,-9.7110
41.5352,1953.9738,1506.6753,-9.7110
41.5457,1954.5504,1506.3152,-9.7110
41.5553,1955.1158,1505.9697,-9.7110
41.5645,1955.6841,1505.6270,-9.7110
41.5741,1956.2341,1505.2581,-9.7110
41.5839,1956.8494,1504.8766,-9.7110
41.5941,1957.5001,1504.5157,-9.7110
41.6047,1958.1488,1504.1399,-9.7110
41.6142,1958.7849,1503.8293,-9.7110
41.6241,1959.4223,1503.5307,-9.7110
41.6340,1960.0362,1503.2716,-9.7110
41.6445,1960.6595,1502.9563,-9.7110
41.6542,1961.2560,1502.6015,-9.7110
41.6643,1961.8291,1502.2632,-9.7110
41.6740,1962.3951,1501.9266,-9.7110
41.6854,1962.9643,1501.6190,-9.7110
41.6941,1963.5054,1501.2821,-9.7110
41.7041,1964.0829,1500.9344,-9.7110
41.7143,1964.6427,1500.6049,-9.7110
41.7243,1965.2336,1500.2626,-9.7110
41.7341,1965.8608,1499.9744,-9.7110
41.7443,1966.5192,1499.6601,-9.7110
41.7548,1967.1860,1499.3551,-9.7110
41.7648,1967.8095,1499.0612,-9.7110
41.7740,1968.4388,1498.7020,-9.7110
41.7840,1969.0153,1498.4030,-9.7110
41.7943,1969.5987,1498.0457,-9.7110
41.8038,1970.1644,1497.7365,-9.7110
41.8144,1970.7260,1497.4041,-9.7110
41.8248,1971.2686,1497.0725,-9.7110
41.8340,1971.8013,1496.7744,-9.7110
41.8444,1972.3945,1496.4371,-9.7110
41.8546,1973.0337,1496.1251,-9.7110
41.8640,1973.6638,1495.7585,-9.7110
41.8741,1974.2845,1495.4259,-9.7110
41.8850,1974.9564,1495.1749,-9.7110
41.8941,1975.5659,1494.8751,-9.7110
41.9045,1976.1954,1494.5606,-9.7110
41.9141,1976.7736,1494.1917,-9.7110
41.9243,1977.3548,1493.8234,-9.7110
41.9341,1977.9373,1493.4958,-9.7110
41.9444,1978.5201,1493.1568,-9.7110
41.9545,1979.0815,1492.8483,-9.7110
41.9639,1979.6523,1492.4814,-9.7110
41.9743,1980.2553,1492.1323,-9.7110
41.9843,1980.8798,1491.7920,-9.7110
41.9936,1981.4586,1491.4933,-9.7110
42.0038,1982.0991,1491.2393,-9.7110
42.0149,1982.7098,1490.9830,-9.7110
42.0255,1983.3442,1490.7025,-9.7110
42.0354,1983.9856,1490.3876,-9.7110
42.0442,1984.6124,1490.0211,-9.7110
42.0550,1985.2030,1489.6926,-9.7110
42.0648,1985.8044,1489.3285,-9.7110
42.0751,1986.4026,1488.9926,-9.7110
42.0843,1986.9568,1488.6553,-9.7110
42.0942,1987.5464,1488.3052,-9.7110
42.1045,1988.1964,1487.9742,-9.7110
42.1142,1988.8267,1487.6267,-9.7110
42.1240,1989.4721,1487.3109,-9.7110
42.1345,1990.1552,1487.0300,-9.7110
42.1442,1990.8126,1486.7168,-9.7110
42.1545,1991.4683,1486.4187,-9.7110
42.1648,1992.1161,1486.0430,-9.7110
42.1746,1992.7513,1485.6859,-9.7110
42.1840,1993.3280,1485.3303,-9.7110
42.1939,1993.9167,1484.9974,-9.7110
42.2046,1994.4752,1484.6796,-9.7110
42.2148,1994.9965,1484.3394,-9.7110
42.2254,1995.5958,1484.0224,-9.7110
42.2340,1996.2375,1483.6971,-9.7110
42.2443,1996.8585,1483.3937,-9.7110
42.2547,1997.4732,1483.1373,-9.7110
42.2641,1998.1090,1482.8407,-9.7110
42.2743,1998.7279,1482.5921,-9.7110
42.2850,1999.3370,1482.2371,-9.7110
42.2939,1999.9142,1481.8988,-9.7110
42.3042,2000.4567,1481.5526,-9.7110
42.3152,2001.0039,1481.2081,-9.7110
42.3240,2001.5865,1480.8716,-9.7110
42.3337,2002.1686,1480.5306,-9.7110
42.3448,2002.7449,1480.1757,-9.7110
42.3556,2003.3488,1479.8272,-9.7110
42.3647,2003.9814,1479.5074,-9.7110
42.3753,2004.6172,1479.2260,-9.7110
42.3848,2005.2295,1478.9731,-9.7110
42.3942,2005.8597,1478.7110,-9.7110
42.4037,2006.4521,1478.4192,-9.7110
42.4145,2007.0391,1478.1075,-9.7110
42.4239,2007.6210,1477.7733,-9.7110
42.4342,2008.1790,1477.4092,-9.7110
42.4439,2008.7507,1477.0771,-9.7110
42.4545,2009.2906,1476.7388,-9.7110
42.4646,2009.8585,1476.4016,-9.7110
42.4744,2010.4461,1476.0969,-9.7110
42.4838,2011.0856,1475.7853,-9.7110
42.4941,2011.7328,1475.4836,-9.7110
42.5050,2012.3430,1475.1467,-9.7110
42.5145,2012.9772,1474.8541,-9.7110
42.5242,2013.6086,1474.5637,-9.7110
42.5341,2014.3028,1473.9743,-9.7110
42.5440,2014.9219,1473.6211,-9.7110
42.5539,2015.5217,1473.2587,-9.7110
42.5640,2016.1103,1472.8939,-9.7110
42.5740,2016.6741,1472.5583,-9.7110
42.5840,2017.2320,1472.1999,-9.7110
42.5940,2017.8109,1471.8691,-9.7110
42.6040,2018.4295,1471.5026,-9.7110
42.6144,2019.0786,1471.2017,-9.7110
42.6240,2019.7191,1470.8932,-9.7110
42.6343,2020.3798,1470.5786,-9.7110
42.6436,2020.9920,1470.2884,-9.7110
42.6541,2021.6049,1469.9249,-9.7110
42.6654,2022.2116,1469.6160,-9.7110
42.6740,2022.8182,1469.2518,-9.7110
42.6839,2023.4102,1468.8825,-9.7110
42.6939,2024.0024,1468.5413,-9.7110
42.7040,2024.5512,1468.1577,-9.7110
42.7137,2025.1393,1467.8304,-9.7110
42.7250,2025.7411,1467.4647,-9.7110
42.7342,2026.3754,1467.1040,-9.7110
42.7439,2027.0350,1466.7960,-9.7110
42.7541,2027.6932,1466.4839,-9.7110
42.7641,2028.2989,1466.1851,-9.7110
42.7739,2028.9324,1465.8575,-9.7110
42.7843,2029.5643,1465.5228,-9.7110
42.7937,2030.1956,1465.1669,-9.7110
42.8040,2030.8134,1464.7790,-9.7110
42.8147,2031.4291,1464.4362,-9.7110
42.8243,2032.0054,1464.0841,-9.7110
42.8340,2032.5657,1463.7136,-9.7110
42.8436,2033.1418,1463.3697,-9.7110
42.8539,2033.7286,1462.9879,-9.7110
42.8643,2034.3600,1462.6702,-9.7110
42.8753,2035.0185,1462.3574,-9.7110
42.8841,2035.7000,1462.0206,-9.7110
42.8935,2036.3531,1461.7283,-9.7110
42.9039,2036.9863,1461.4233,-9.7110
42.9141,2037.6220,1461.1185,-9.7110
42.9237,2038.2148,1460.7317,-9.7110
42.9351,2038.8210,1460.3853,-9.7110
42.9455,2039.4112,1460.0294,-9.7110
42.9535,2039.9778,1459.6478,-9.7110
42.9636,2040.5809,1459.3109,-9.7110
42.9744,2041.1880,1458.9528,-9.7110
42.9839,2041.8511,1458.6341,-9.7110
42.9938,2042.4833,1458.3344,-9.7110
43.0045,2043.1325,1458.0251,-9.7110
43.0145,2043.7627,1457.7579,-9.7110
43.0238,2044.4160,1457.4620,-9.7110
43.0340,2045.0644,1457.1566,-9.7110
43.0442,2045.6541,1456.8177,-9.7110
43.0542,2046.2383,1456.4546,-9.7110
43.0643,2046.8333,1456.0962,-9.7110
43.0740,2047.4418,1455.7612,-9.7110
43.0841,2048.0221,1455.4215,-9.7110
43.0937,2048.6660,1455.1042,-9.7110
43.1039,2049.3137,1454.7739,-9.7110
43.1153,2049.9515,1454.4873,-9.7110
43.1245,2050.6209,1454.1459,-9.7110
43.1344,2051.2704,1453.8688,-9.7110
43.1440,2051.9153,1453.5747,-9.7110
43.1542,2052.5701,1453.2571,-9.7110
43.1644,2053.1859,1452.9402,-9.7110
43.1739,2053.7930,1452.5507,-9.7110
43.1844,2054.3900,1452.2026,-9.7110
43.1942,2054.9660,1451.8548,-9.7110
43.2046,2055.5410,1451.5179,-9.7110
43.2140,2056.1499,1451.1737,-9.7110
43.2237,2056.7947,1450.8684,-9.7110
43.2341,2057.4276,1450.5837,-9.7110
43.2441,2058.0143,1450.2693,-9.7110
43.2539,2058.6284,1449.9757,-9.7110
43.2641,2059.2480,1449.6676,-9.7110
43.2744,2059.9301,1449.3569,-9.7110
43.2858,2060.6189,1449.0491,-9.7110
43.2938,2061.2747,1448.6541,-9.7110
43.3038,2061.9563,1448.2755,-9.7110
43.3146,2062.6323,1447.9176,-9.7110
43.3239,2063.2783,1447.5302,-9.7110
43.3349,2063.9041,1447.1771,-9.7110
43.3440,2064.5334,1446.8073,-9.7110
43.3546,2065.1503,1446.5309,-9.7110
43.3650,2065.7291,1446.2650,-9.7110
43.3742,2066.3163,1445.9741,-9.7110
43.3843,2066.9005,1445.7110,-9.7110
43.3954,2067.5291,1445.4091,-9.7110
43.4053,2068.1514,1445.1190,-9.7110
43.4139,2068.8025,1444.7415,-9.7110
43.4245,2069.4208,1444.3726,-9.7110
43.4356,2070.0360,1444.0388,-9.7110
43.4453,2070.6277,1443.6707,-9.7110
43.4541,2071.2273,1443.3457,-9.7110
43.4638,2071.8018,1442.9895,-9.7110
43.4740,2072.4185,1442.6726,-9.7110
43.4850,2073.0278,1442.4003,-9.7110
43.4950,2073.6226,1442.1364,-9.7110
43.5035,2074.2500,1441.8575,-9.7110
43.5141,2074.8840,1441.5778,-9.7110
43.5243,2075.5585,1441.2681,-9.7110
43.5343,2076.2390,1440.9382,-9.7110
43.5456,2076.9196,1440.5900,-9.7110
43.5547,2077.5592,1440.2136,-9.7110
43.5650,2078.1773,1439.8296,-9.7110
43.5738,2078.8314,1439.4745,-9.7110
43.5841,2079.4310,1439.1292,-9.7110
43.5941,2080.0088,1438.7791,-9.7110
43.6040,2080.6128,1438.5190,-9.7110
43.6137,2081.2032,1438.2487,-9.7110
43.6238,2081.7938,1437.9775,-9.7110
43.6344,2082.4006,1437.6742,-9.7110
43.6440,2083.0674,1437.3789,-9.7110
43.6546,2083.7177,1437.0901,-9.7110
43.6642,2084.3876,1436.7547,-9.7110
43.6755,2085.0047,1436.3744,-9.7110
43.6841,2085.5600,1435.9937,-9.7110
43.6941,2086.1353,1435.6381,-9.7110
43.7038,2086.6888,1435.2960,-9.7110
43.7141,2087.2795,1434.9686,-9.7110
43.7235,2087.8691,1434.7129,-9.7110
43.7340,2088.4467,1434.4415,-9.7110
43.7465,2089.0135,1434.1615,-9.7110
43.7543,2089.5864,1433.9082,-9.7110
43.7643,2090.1975,1433.6295,-9.7110
43.7741,2090.8245,1433.3359,-9.7110
43.7845,2091.4359,1432.9957,-9.7110
43.7941,2092.0822,1432.6767,-9.7110
43.8039,2092.6827,1432.3452,-9.7110
43.8141,2093.2316,1431.9637,-9.7110
43.8239,2093.8018,1431.6003,-9.7110
43.8341,2094.3781,1431.2614,-9.7110
43.8441,2094.9626,1430.9474,-9.7110
43.8545,2095.5192,1430.6772,-9.7110
43.8643,2096.1053,1430.4125,-9.7110
43.8741,2096.6796,1430.1311,-9.7110
43.8855,2097.2888,1429.8362,-9.7110
43.8956,2097.8684,1429.5593,-9.7110
43.9043,2098.5111,1429.2853,-9.7110
43.9141,2099.1224,1428.9429,-9.7110
43.9252,2099.7836,1428.5869,-9.7110
43.9345,2100.3915,1428.2140,-9.7110
43.9437,2100.9890,1427.8375,-9.7110
43.9544,2101.5865,1427.4893,-9.7110
43.9639,2102.2147,1427.1345,-9.7110
43.9740,2102.8137,1426.8297,-9.7110
43.9839,2103.4445,1426.5179,-9.7110
43.9945,2104.0403,1426.2411,-9.7110
44.0043,2104.6032,1425.9531,-9.7110
44.0142,2105.2509,1425.6492,-9.7110
44.0239,2105.8921,1425.3771,-9.7110
44.0343,2106.5457,1425.0570,-9.7110
44.0443,2107.2208,1424.7318,-9.7110
44.0550,2107.8607,1424.3641,-9.7110
44.0639,2108.4525,1423.9820,-9.7110
44.0738,2109.0212,1423.5992,-9.7110
44.0843,2109.6138,1423.2225,-9.7110
44.0952,2110.1942,1422.8851,-9.7110
44.1051,2110.7672,1422.5879,-9.7110
44.1145,2111.3583,1422.3157,-9.7110
44.1239,2111.9319,1422.0428,-9.7110
44.1349,2112.5162,1421.7322,-9.7110
44.1444,2113.1522,1421.4459,-9.7110
44.1549,2113.7980,1421.1418,-9.7110
44.1642,2114.4641,1420.8416,-9.7110
44.1743,2115.1137,1420.4753,-9.7110
44.1843,2115.7516,1420.0914,-9.7110
44.1955,2116.3209,1419.7068,-9.7110
44.2040,2116.8901,1419.3136,-9.7110
44.2138,2117.4743,1418.9825,-9.7110
44.2242,2118.0744,1418.6655,-9.7110
44.2340,2118.6526,1418.3275,-9.7110
44.2440,2119.2151,1418.0381,-9.7110
44.2541,2119.7936,1417.7679,-9.7110
44.2641,2120.4021,1417.5161,-9.7110
44.2742,2121.0516,1417.1987,-9.7110
44.2842,2121.7126,1416.8644,-9.7110
44.2935,2122.3768,1416.5650,-9.7110
44.3049,2123.0115,1416.1834,-9.7110
44.3144,2123.6442,1415.7797,-9.7110
44.3241,2124.2291,1415.3696,-9.7110
44.3340,2124.8727,1414.9915,-9.7110
44.3448,2125.4879,1414.6757,-9.7110
44.3561,2126.0914,1414.3588,-9.7110
44.3641,2126.6887,1414.0733,-9.7110
44.3743,2127.3046,1413.7686,-9.7110
44.3844,2127.9393,1413.4716,-9.7110
44.3939,2128.5630,1413.1862,-9.7110
44.4043,2129.2249,1412.8860,-9.7110
44.4137,2129.8765,1412.5786,-9.7110
44.4238,2130.5356,1412.1866,-9.7110
44.4337,2131.1740,1411.7959,-9.7110
44.4441,2131.8134,1411.4666,-9.7110
44.4539,2132.4181,1411.0833,-9.7110
44.4640,2133.0322,1410.7546,-9.7110
44.4741,2133.6686,1410.4463,-9.7110
44.4841,2134.2769,1410.1638,-9.7110
44.4941,2134.8788,1409.8845,-9.7110
44.5060,2135.4875,1409.5896,-9.7110
44.5150,2136.0958,1409.3178,-9.7110
44.5243,2136.7392,1409.0121,-9.7110
44.5338,2137.4277,1408.7108,-9.7110
44.5436,2138.0526,1408.3636,-9.7110
44.5539,2138.7085,1407.9908,-9.7110
44.5640,2139.3337,1407.6168,-9.7110
44.5747,2139.9924,1407.2119,-9.7110
44.5842,2140.6036,1406.8505,-9.7110
44.5945,2141.2610,1406.5274,-9.7110
44.6057,2141.9166,1406.2309,-9.7110
44.6143,2142.5343,1405.9385,-9.7110
44.6239,2143.1400,1405.6013,-9.7110
44.6343,2143.7633,1405.3422,-9.7110
44.6451,2144.3762,1405.0561,-9.7110
44.6546,2144.9939,1404.7611,-9.7110
44.6639,2145.6464,1404.4686,-9.7110
44.6742,2146.3048,1404.1268,-9.7110
44.6838,2146.9651,1403.7759,-9.7110
44.6940,2147.5912,1403.3702,-9.7110
44.7041,2148.2355,1402.9966,-9.7110
44.7143,2148.8567,1402.6721,-9.7110
44.7237,2149.4731,1402.3253,-9.7110
44.7340,2150.1195,1402.0338,-9.7110
44.7439,2150.7181,1401.7415,-9.7110
44.7542,2151.3506,1401.4557,-9.7110
44.7642,2152.0078,1401.1794,-9.7110
44.7742,2152.6698,1400.8754,-9.7110
44.7841,2153.3275,1400.5866,-9.7110
44.7939,2153.9956,1400.2711,-9.7110
44.8043,2154.6384,1399.9172,-9.7110
44.8137,2155.2384,1399.5717,-9.7110
44.8250,2155.8636,1399.2237,-9.7110
44.8340,2156.4526,1398.9194,-9.7110
44.8445,2157.0568,1398.5953,-9.7110
44.8563,2157.6364,1398.3173,-9.7110
44.8640,2158.2170,1398.0311,-9.7110
44.8747,2158.8073,1397.7496,-9.7110
44.8842,2159.4373,1397.4873,-9.7110
44.8941,2160.0662,1397.1891,-9.7110
44.9042,2160.6968,1396.9061,-9.7110
44.9136,2161.3521,1396.5806,-9.7110
44.9237,2162.0238,1396.2594,-9.7110
44.9344,2162.6449,1395.9321,-9.7110
44.9451,2163.2137,1395.5543,-9.7110
44.9559,2163.7958,1395.2241,-9.7110
44.9646,2164.3890,1394.9299,-9.7110
44.9751,2164.9950,1394.6374,-9.7110
44.9844,2165.5675,1394.3849,-9.7110
44.9948,2166.1478,1394.0974,-9.7110
45.0055,2166.8153,1393.8399,-9.7110
45.0146,2167.4655,1393.5296,-9.7110
45.0247,2168.1245,1393.2057,-9.7110
45.0344,2168.7853,1392.9207,-9.7110
45.0449,2169.4431,1392.5967,-9.7110
45.0541,2170.0848,1392.2598,-9.7110
45.0642,2170.7227,1391.8682,-9.7110
45.0740,2171.3784,1391.5089,-9.7110
45.0839,2172.0039,1391.2111,-9.7110
45.0941,2172.5913,1390.9022,-9.7110
45.1044,2173.2218,1390.6688,-9.7110
45.1151,2173.8201,1390.3850,-9.7110
45.1241,2174.4337,1390.1121,-9.7110
45.1337,2175.0795,1389.7991,-9.7110
45.1440,2175.7296,1389.4755,-9.7110
45.1544,2176.3966,1389.1818,-9.7110
45.1645,2177.0698,1388.8690,-9.7110
45.1752,2177.7292,1388.5194,-9.7110
45.1850,2178.3582,1388.1609,-9.7110
45.1942,2178.9716,1387.8012,-9.7110
45.2040,2179.5750,1387.4706,-9.7110
45.2141,2180.1849,1387.2061,-9.7110
45.2237,2180.8534,1386.6916,-9.7110
45.2339,2181.4180,1386.4167,-9.7110
45.2441,2182.0353,1386.1332,-9.7110
45.2551,2182.6428,1385.8505,-9.7110
45.2641,2183.2671,1385.5251,-9.7110
45.2746,2183.8795,1385.2466,-9.7110
45.2839,2184.4949,1384.9489,-9.7110
45.2941,2185.1498,1384.6498,-9.7110
45.3043,2185.7897,1384.3256,-9.7110
45.3140,2186.4172,1383.9611,-9.7110
45.3241,2186.9818,1383.6157,-9.7110
45.3347,2187.5581,1383.3092,-9.7110
45.3438,2188.1484,1383.0559,-9.7110
45.3540,2188.7216,1382.7793,-9.7110
45.3643,2189.3292,1382.4678,-9.7110
45.3743,2189.9102,1382.2043,-9.7110
45.3840,2190.5216,1381.9230,-9.7110
45.3946,2191.1683,1381.6203,-9.7110
45.4047,2191.7740,1381.3282,-9.7110
45.4146,2192.4500,1381.0022,-9.7110
45.4237,2193.0695,1380.6986,-9.7110
45.4342,2193.6877,1380.3538,-9.7110
45.4445,2194.2725,1380.0226,-9.7110
45.4544,2194.8922,1379.7188,-9.7110
45.4643,2195.5018,1379.3931,-9.7110
45.4740,2196.1093,1379.1021,-9.7110
45.4856,2196.6849,1378.8044,-9.7110
45.4944,2197.3137,1378.5422,-9.7110
45.5040,2197.9166,1378.2624,-9.7110
45.5140,2198.5914,1377.9316,-9.7110
45.5240,2199.1964,1377.6490,-9.7110
45.5363,2199.8625,1377.3067,-9.7110
45.5441,2200.4868,1376.9831,-9.7110
45.5544,2201.1549,1376.6208,-9.7110
45.5644,2201.7640,1376.2318,-9.7110
45.5743,2202.3984,1375.8952,-9.7110
45.5841,2203.0188,1375.5990,-9.7110
45.5941,2203.6238,1375.3287,-9.7110
45.6039,2204.1888,1375.0399,-9.7110
45.6138,2204.7596,1374.7445,-9.7110
45.6257,2205.3569,1374.4811,-9.7110
45.6346,2205.9620,1374.1917,-9.7110
45.6448,2206.6129,1373.8919,-9.7110
45.6540,2207.2744,1373.5364,-9.7110
45.6636,2207.9546,1373.1928,-9.7110
45.6746,2208.6277,1372.8383,-9.7110
45.6838,2209.2933,1372.4006,-9.7110
45.6936,2209.9078,1372.0546,-9.7110
45.7046,2210.5475,1371.7419,-9.7110
45.7137,2211.1566,1371.4398,-9.7110
45.7246,2211.7526,1371.1429,-9.7110
45.7343,2212.3289,1370.8425,-9.7110
45.7444,2212.9554,1370.5522,-9.7110
45.7541,2213.5939,1370.2271,-9.7110
45.7642,2214.2875,1369.8927,-9.7110
45.7749,2214.9438,1369.5738,-9.7110
45.7839,2215.6282,1369.2169,-9.7110
45.7935,2216.2892,1368.8721,-9.7110
45.8039,2216.9219,1368.4562,-9.7110
45.8138,2217.5413,1368.0802,-9.7110
45.8240,2218.1650,1367.7397,-9.7110
45.8356,2218.7853,1367.4418,-9.7110
45.8443,2219.4055,1367.1786,-9.7110
45.8537,2219.9633,1366.8645,-9.7110
45.8645,2220.5773,1366.5739,-9.7110
45.8741,2221.1741,1366.2737,-9.7110
45.8839,2221.8118,1365.9726,-9.7110
45.8946,2222.4298,1365.6520,-9.7110
45.9040,2223.0811,1365.3154,-9.7110
45.9138,2223.7806,1364.9874,-9.7110
45.9239,2224.4312,1364.6584,-9.7110
45.9336,2225.0901,1364.3076,-9.7110
45.9441,2225.6915,1364.0289,-9.7110
45.9539,2226.2958,1363.7675,-9.7110
45.9640,2226.8552,1363.4765,-9.7110
45.9743,2227.4661,1363.1548,-9.7110
45.9844,2228.0940,1362.8601,-9.7110
45.9941,2228.7200,1362.5659,-9.7110
46.0043,2229.3669,1362.2328,-9.7110
46.0139,2229.9998,1361.9188,-9.7110
46.0247,2230.6381,1361.5892,-9.7110
46.0342,2231.2833,1361.2705,-9.7110
46.0439,2231.9487,1360.9385,-9.7110
46.0539,2232.6125,1360.6092,-9.7110
46.0637,2233.2711,1360.3243,-9.7110
46.0750,2233.8624,1360.0385,-9.7110
46.0852,2234.4373,1359.7609,-9.7110
46.0936,2235.0099,1359.5071,-9.7110
46.1045,2235.6095,1359.2225,-9.7110
46.1145,2236.2407,1358.9380,-9.7110
46.1246,2236.8566,1358.5965,-9.7110
46.1339,2237.4993,1358.2938,-9.7110
46.1439,2238.1576,1357.9901,-9.7110
46.1540,2238.8093,1357.6703,-9.7110
46.1637,2239.4674,1357.3447,-9.7110
46.1742,2240.1205,1357.0065,-9.7110
46.1851,2240.7833,1356.7064,-9.7110
46.1953,2241.4274,1356.4170,-9.7110
46.2047,2242.0547,1356.1746,-9.7110
46.2139,2242.5992,1355.8847,-9.7110
46.2246,2243.2190,1355.5649,-9.7110
46.2349,2243.8073,1355.2732,-9.7110
46.2439,2244.4261,1354.9736,-9.7110
46.2539,2245.0447,1354.6947,-9.7110
46.2644,2245.6652,1354.3868,-9.7110
46.2749,2246.3226,1354.0704,-9.7110
46.2836,2246.9524,1353.7842,-9.7110
46.2942,2247.6389,1353.4510,-9.7110
46.3041,2248.3333,1353.0793,-9.7110
46.3152,2249.0498,1352.7481,-9.7110
46.3247,2249.7573,1352.4203,-9.7110
46.3351,2250.4081,1352.1441,-9.7110
46.3453,2251.0244,1351.8243,-9.7110
46.3541,2251.6516,1351.5312,-9.7110
46.3638,2252.2563,1351.2290,-9.7110
46.3739,2252.8665,1350.8999,-9.7110
46.3842,2253.5221,1350.6176,-9.7110
46.3947,2254.1329,1350.2960,-9.7110
46.4041,2254.7874,1349.9780,-9.7110
46.4138,2255.4452,1349.6395,-9.7110
46.4241,2256.1102,1349.3163,-9.7110
46.4338,2256.7284,1349.0490,-9.7110
46.4439,2257.3453,1348.7546,-9.7110
46.4540,2257.9380,1348.4842,-9.7110
46.4641,2258.5092,1348.1956,-9.7110
46.4752,2259.1177,1347.8828,-9.7110
46.4861,2259.7512,1347.5901,-9.7110
46.4944,2260.3711,1347.2892,-9.7110
46.5056,2261.0065,1346.9996,-9.7110
46.5144,2261.6465,1346.6664,-9.7110
46.5244,2262.3256,1346.3430,-9.7110
46.5346,2262.9736,1346.0272,-9.7110
46.5452,2263.6598,1345.7063,-9.7110
46.5552,2264.3595,1345.4325,-9.7110
46.5642,2265.0154,1345.1300,-9.7110
46.5739,2265.6685,1344.8292,-9.7110
46.5844,2266.3066,1344.5455,-9.7110
46.5941,2266.9064,1344.2375,-9.7110
46.6042,2267.5234,1343.9471,-9.7110
46.6146,2268.1489,1343.6478,-9.7110
46.6242,2268.7456,1343.3439,-9.7110
46.6352,2269.3413,1343.0508,-9.7110
46.6441,2269.9856,1342.7441,-9.7110
46.6540,2270.6456,1342.4356,-9.7110
46.6641,2271.3112,1342.0941,-9.7110
46.6740,2272.0099,1341.8143,-9.7110
46.6839,2272.6273,1341.5363,-9.7110
46.6938,2273.1937,1341.2499,-9.7110
46.7041,2273.7021,1340.9988,-9.7110
46.7147,2274.2429,1340.7464,-9.7110
46.7246,2274.8429,1340.4507,-9.7110
46.7345,2275.4309,1340.1429,-9.7110
46.7441,2276.0435,1339.8137,-9.7110
46.7539,2276.6469,1339.5250,-9.7110
46.7640,2277.2863,1339.1958,-9.7110
46.7741,2277.8928,1338.8942,-9.7110
46.7844,2278.5378,1338.5919,-9.7110
46.7950,2279.2048,1338.3167,-9.7110
46.8046,2279.8633,1338.0369,-9.7110
46.8139,2280.4877,1337.7342,-9.7110
46.8243,2281.0299,1337.4565,-9.7110
46.8338,2281.5852,1337.1749,-9.7110
46.8444,2282.1332,1336.9064,-9.7110
46.8545,2282.7147,1336.6255,-9.7110
46.8641,2283.3047,1336.3251,-9.7110
46.8744,2283.9116,1336.0129,-9.7110
46.8844,2284.5529,1335.7112,-9.7110
46.8940,2285.1917,1335.3939,-9.7110
46.9046,2285.8258,1335.0776,-9.7110
46.9147,2286.5024,1334.7150,-9.7110
46.9256,2287.2073,1334.4216,-9.7110
46.9343,2287.8806,1334.1156,-9.7110
46.9440,2288.5248,1333.8196,-9.7110
46.9542,2289.0918,1333.4946,-9.7110
46.9641,2289.6978,1333.1927,-9.7110
46.9740,2290.3011,1332.9301,-9.7110
46.9847,2290.9130,1332.6226,-9.7110
46.9935,2291.5403,1332.3171,-9.7110
47.0040,2292.1759,1331.9926,-9.7110
47.0143,2292.8088,1331.6802,-9.7110
47.0246,2293.4497,1331.3617,-9.7110
47.0342,2294.0864,1331.0377,-9.7110
47.0440,2294.7570,1330.7300,-9.7110
47.0541,2295.4648,1330.4141,-9.7110
47.0638,2296.1366,1330.0996,-9.7110
47.0741,2296.7087,1329.8119,-9.7110
47.0848,2297.2258,1329.5211,-9.7110
47.0950,2297.7728,1329.2485,-9.7110
47.1044,2298.3668,1328.9606,-9.7110
47.1140,2298.9598,1328.6512,-9.7110
47.1236,2299.5736,1328.3344,-9.7110
47.1341,2300.2148,1327.9971,-9.7110
47.1446,2300.8582,1327.6972,-9.7110
47.1563,2301.5255,1327.3759,-9.7110
47.1642,2302.1843,1327.0433,-9.7110
47.1738,2302.8464,1326.7407,-9.7110
47.1839,2303.4725,1326.4252,-9.7110
47.1954,2304.0659,1326.1492,-9.7110
47.2057,2304.6263,1325.8670,-9.7110
47.2138,2305.1825,1325.5823,-9.7110
47.2244,2305.7451,1325.2984,-9.7110
47.2340,2306.3549,1324.9664,-9.7110
47.2443,2306.9611,1324.6317,-9.7110
47.2559,2307.5975,1324.2946,-9.7110
47.2653,2308.2517,1323.9853,-9.7110
47.2754,2308.8928,1323.6592,-9.7110
47.2846,2309.5626,1323.3065,-9.7110
47.2942,2310.2623,1323.0031,-9.7110
47.3041,2310.9363,1322.6910,-9.7110
47.3139,2311.6018,1322.4159,-9.7110
47.3254,2312.1770,1322.1369,-9.7110
47.3342,2312.7537,1321.8254,-9.7110
47.3437,2313.3154,1321.5441,-9.7110
47.3539,2313.9780,1321.2340,-9.7110
47.3647,2314.5817,1320.9468,-9.7110
47.3746,2315.1996,1320.6106,-9.7110
47.3837,2315.8477,1320.2949,-9.7110
47.3946,2316.4711,1319.9773,-9.7110
47.4055,2317.1337,1319.6383,-9.7110
47.4151,2317.8298,1319.3531,-9.7110
47.4255,2318.5096,1319.0731,-9.7110
47.4340,2319.1906,1318.8057,-9.7110
47.4442,2319.8298,1318.5330,-9.7110
47.4541,2320.4520,1318.2137,-9.7110
47.4641,2321.0099,1317.9177,-9.7110
47.4741,2321.6038,1317.6067,-9.7110
47.4875,2322.2119,1317.2953,-9.7110
47.4940,2322.8534,1316.9897,-9.7110
47.5040,2323.5159,1316.6459,-9.7110
47.5142,2324.1823,1316.3273,-9.7110
47.5238,2324.8562,1315.9858,-9.7110
47.5339,2325.5732,1315.6620,-9.7110
47.5441,2326.2766,1315.3645,-9.7110
47.5547,2326.9347,1315.0463,-9.7110
47.5643,2327.5957,1314.7770,-9.7110
47.5743,2328.2097,1314.4799,-9.7110
47.5839,2328.8058,1314.1661,-9.7110
47.5938,2329.3969,1313.8646,-9.7110
47.6036,2330.0500,1313.5680,-9.7110
47.6140,2330.6664,1313.2779,-9.7110
47.6236,2331.2896,1312.9771,-9.7110
47.6345,2331.9095,1312.6750,-9.7110
47.6440,2332.5343,1312.3616,-9.7110
47.6540,2333.1626,1312.0565,-9.7110
47.6646,2333.8557,1311.7547,-9.7110
47.6736,2334.5483,1311.4400,-9.7110
47.6841,2335.2388,1311.1815,-9.7110
47.6940,2335.8726,1310.9240,-9.7110
47.7053,2336.4393,1310.6339,-9.7110
47.7140,2336.9902,1310.3777,-9.7110
47.7238,2337.6006,1310.0801,-9.7110
47.7344,2338.2365,1309.7883,-9.7110
47.7439,2338.8900,1309.4659,-9.7110
47.7536,2339.5525,1309.1212,-9.7110
47.7637,2340.2446,1308.7987,-9.7110
47.7739,2340.9213,1308.4268,-9.7110
47.7845,2341.5988,1308.1062,-9.7110
47.7941,2342.2786,1307.8229,-9.7110
47.8039,2342.9568,1307.5768,-9.7110
47.8145,2343.5826,1307.3461,-9.7110
47.8252,2344.1903,1307.0692,-9.7110
47.8341,2344.7485,1306.7972,-9.7110
47.8443,2345.3164,1306.4897,-9.7110
47.8550,2345.9023,1306.2084,-9.7110
47.8641,2346.5254,1305.9039,-9.7110
47.8742,2347.1948,1305.5662,-9.7110
47.8839,2347.8319,1305.2244,-9.7110
47.8936,2348.5073,1304.8694,-9.7110
47.9046,2349.2118,1304.5834,-9.7110
47.9144,2349.8704,1304.3145,-9.7110
47.9240,2350.5074,1304.0795,-9.7110
47.9341,2351.1023,1303.8703,-9.7110
47.9436,2351.6974,1303.6270,-9.7110
47.9538,2352.2902,1303.3531,-9.7110
47.9637,2352.8634,1303.0934,-9.7110
47.9740,2353.4589,1302.7946,-9.7110
47.9840,2354.0713,1302.4988,-9.7110
47.9940,2354.6653,1302.1536,-9.7110
48.0046,2355.3091,1301.8393,-9.7110
48.0167,2355.9479,1301.5071,-9.7110
48.0259,2356.6404,1301.1948,-9.7110
48.0338,2357.3380,1300.9062,-9.7110
48.0440,2358.0122,1300.6485,-9.7110
48.0541,2358.6771,1300.4316,-9.7110
48.0642,2359.3069,1300.2049,-9.7110
48.0740,2359.9250,1299.9312,-9.7110
48.0837,2360.5100,1299.6479,-9.7110
48.0939,2361.1110,1299.3465,-9.7110
48.1040,2361.7037,1299.0588,-9.7110
48.1142,2362.3202,1298.7670,-9.7110
48.1242,2362.9427,1298.4579,-9.7110
48.1345,2363.5902,1298.1542,-9.7110
48.1439,2364.2506,1297.7972,-9.7110
48.1538,2364.9454,1297.5305,-9.7110
48.1647,2365.6556,1297.2537,-9.7110
48.1745,2366.3334,1297.0209,-9.7110
48.1851,2366.9852,1296.7854,-9.7110
48.1945,2367.6034,1296.5143,-9.7110
48.2044,2368.2032,1296.2507,-9.7110
48.2155,2368.7993,1295.9474,-9.7110
48.2242,2369.4095,1295.6478,-9.7110
48.2341,2370.0168,1295.3196,-9.7110
48.2444,2370.6819,1294.9960,-9.7110
48.2542,2371.3132,1294.6866,-9.7110
48.2646,2371.9680,1294.3537,-9.7110
48.2743,2372.6428,1294.0381,-9.7110
48.2840,2373.3251,1293.7850,-9.7110
48.2940,2373.9655,1293.5512,-9.7110
48.3043,2374.6152,1293.3187,-9.7110
48.3148,2375.2246,1293.0497,-9.7110
48.3243,2375.7732,1292.7831,-9.7110
48.3350,2376.3347,1292.4979,-9.7110
48.3438,2376.9268,1292.2197,-9.7110
48.3542,2377.4932,1291.9402,-9.7110
48.3652,2378.1406,1291.6055,-9.7110
48.3739,2378.7994,1291.2762,-9.7110
48.3840,2379.4733,1290.9302,-9.7110
48.3940,2380.1191,1290.5968,-9.7110
48.4042,2380.7976,1290.3426,-9.7110
48.4140,2381.4587,1290.0827,-9.7110
48.4240,2382.1074,1289.8428,-9.7110
48.4342,2382.6962,1289.5624,-9.7110
48.4437,2383.2917,1289.3173,-9.7110
48.4540,2383.8411,1289.0707,-9.7110
48.4643,2384.4373,1288.8087,-9.7110
48.4741,2385.0168,1288.5426,-9.7110
48.4865,2385.6520,1288.2213,-9.7110
48.4952,2386.2765,1287.8814,-9.7110
48.5040,2386.9513,1287.5676,-9.7110
48.5140,2387.6416,1287.2291,-9.7110
48.5251,2388.3195,1286.9416,-9.7110
48.5341,2389.0219,1286.6566,-9.7110
48.5435,2389.7004,1286.4248,-9.7110
48.5540,2390.3357,1286.1646,-9.7110
48.5637,2390.9490,1285.8663,-9.7110
48.5738,2391.6021,1285.5778,-9.7110
48.5849,2392.2090,1285.2620,-9.7110
48.5942,2392.8162,1284.9427,-9.7110
48.6038,2393.4845,1284.6264,-9.7110
48.6158,2394.1500,1284.2856,-9.7110
48.6260,2394.8079,1283.9660,-9.7110
48.6349,2395.4576,1283.6234,-9.7110
48.6456,2396.1469,1283.3032,-9.7110
48.6551,2396.8099,1283.0208,-9.7110
48.6653,2397.4916,1282.7635,-9.7110
48.6740,2398.1672,1282.5076,-9.7110
48.6843,2398.8019,1282.1810,-9.7110
48.6939,2399.4243,1281.9045,-9.7110
48.7037,2400.0096,1281.6009,-9.7110
48.7139,2400.6438,1281.2916,-9.7110
48.7237,2401.2233,1280.9457,-9.7110
48.7340,2401.8455,1280.6024,-9.7110
48.7443,2402.4999,1280.2921,-9.7110
48.7538,2403.1599,1279.9641,-9.7110
48.7641,2403.8287,1279.6553,-9.7110
48.7739,2404.4962,1279.3707,-9.7110
48.7845,2405.1549,1279.0910,-9.7110
48.7946,2405.7888,1278.8544,-9.7110
48.8039,2406.4113,1278.5778,-9.7110
48.8135,2407.0477,1278.2732,-9.7110
48.8253,2407.6747,1277.9586,-9.7110
48.8340,2408.3085,1277.6288,-9.7110
48.8442,2408.9009,1277.3255,-9.7110
48.8539,2409.5089,1277.0023,-9.7110
48.8641,2410.1417,1276.6752,-9.7110
48.8741,2410.7825,1276.3307,-9.7110
48.8842,2411.4468,1275.9874,-9.7110
48.8945,2412.1084,1275.7465,-9.7110
48.9043,2412.7668,1275.5133,-9.7110
48.9141,2413.3987,1275.2764,-9.7110
48.9237,2414.0521,1275.0050,-9.7110
48.9343,2414.6785,1274.7318,-9.7110
48.9443,2415.3020,1274.4707,-9.7110
48.9542,2415.8860,1274.2043,-9.7110
48.9644,2416.4668,1273.9074,-9.7110
48.9734,2417.0529,1273.5919,-9.7110
48.9847,2417.6802,1273.2656,-9.7110
48.9936,2418.3140,1272.9459,-9.7110
49.0040,2418.9679,1272.6066,-9.7110
49.0139,2419.6604,1272.3357,-9.7110
49.0240,2420.3328,1272.0548,-9.7110
49.0352,2420.9922,1271.7975,-9.7110
49.0449,2421.6619,1271.5304,-9.7110
49.0542,2422.3539,1271.2768,-9.7110
49.0643,2422.9856,1271.0336,-9.7110
49.0733,2423.5978,1270.7692,-9.7110
49.0838,2424.1769,1270.4936,-9.7110
49.0947,2424.7699,1270.2227,-9.7110
49.1042,2425.3599,1269.9049,-9.7110
49.1139,2425.9941,1269.5892,-9.7110
49.1242,2426.6436,1269.2659,-9.7110
49.1347,2427.3123,1268.9871,-9.7110
49.1434,2427.9781,1268.7218,-9.7110
49.1552,2428.6379,1268.4498,-9.7110
49.1645,2429.2904,1268.2150,-9.7110
49.1750,2429.9382,1267.9225,-9.7110
49.1841,2430.5950,1267.6829,-9.7110
49.1938,2431.1937,1267.4127,-9.7110
49.2039,2431.8151,1267.1552,-9.7110
49.2139,2432.3984,1266.8856,-9.7110
49.2246,2433.0173,1266.5704,-9.7110
49.2348,2433.6370,1266.2338,-9.7110
49.2438,2434.2402,1265.8962,-9.7110
49.2551,2434.8879,1265.5876,-9.7110
49.2654,2435.5807,1265.3247,-9.7110
49.2741,2436.2778,1265.0535,-9.7110
49.2836,2436.9695,1264.7646,-9.7110
49.2934,2437.6605,1264.4907,-9.7110
49.3036,2438.3698,1264.2496,-9.7110
49.3139,2439.0470,1263.9883,-9.7110
49.3249,2439.7207,1263.6680,-9.7110
49.3339,2440.3715,1263.3386,-9.7110
49.3440,2441.0266,1263.0212,-9.7110
49.3538,2441.6604,1262.6833,-9.7110
49.3639,2442.2997,1262.3880,-9.7110
49.3744,2442.8871,1262.0711,-9.7110
49.3843,2443.5115,1261.8175,-9.7110
49.3942,2444.1000,1261.5735,-9.7110
49.4039,2444.7632,1261.3519,-9.7110
49.4144,2445.4082,1261.0948,-9.7110
49.4242,2446.0829,1260.7951,-9.7110
49.4343,2446.7491,1260.5457,-9.7110
49.4450,2447.3871,1260.2797,-9.7110
49.4543,2448.0029,1260.0150,-9.7110
49.4647,2448.6260,1259.7006,-9.7110
49.4751,2449.2378,1259.3539,-9.7110
49.4839,2449.8816,1259.0516,-9.7110
49.4938,2450.5310,1258.7242,-9.7110
49.5038,2451.1608,1258.4627,-9.7110
49.5140,2451.7605,1258.1981,-9.7110
49.5244,2452.4037,1257.9468,-9.7110
49.5340,2453.0431,1257.7118,-9.7110
49.5450,2453.7050,1257.4731,-9.7110
49.5547,2454.4216,1257.2314,-9.7110
49.5647,2455.0978,1256.9400,-9.7110
49.5742,2455.7878,1256.6267,-9.7110
49.5837,2456.3926,1256.3353,-9.7110
49.5939,2457.0127,1256.0226,-9.7110
49.6038,2457.6664,1255.7159,-9.7110
49.6138,2458.3213,1255.3850,-9.7110
49.6240,2458.9591,1255.1142,-9.7110
49.6338,2459.5980,1254.9116,-9.7110
49.6439,2460.2087,1254.7032,-9.7110
49.6540,2460.8370,1254.4893,-9.7110
49.6639,2461.4680,1254.2549,-9.7110
49.6740,2462.1458,1254.0038,-9.7110
49.6843,2462.8610,1253.7295,-9.7110
49.6942,2463.4987,1253.4038,-9.7110
49.7040,2464.0787,1253.1030,-9.7110
49.7157,2464.6475,1252.7856,-9.7110
49.7248,2465.2590,1252.4761,-9.7110
49.7350,2465.8655,1252.1538,-9.7110
49.7439,2466.5004,1251.8504,-9.7110
49.7538,2467.1385,1251.6209,-9.7110
49.7640,2467.7448,1251.3936,-9.7110
49.7739,2468.3706,1251.1663,-9.7110
49.7846,2469.0063,1250.9062,-9.7110
49.7939,2469.6537,1250.6545,-9.7110
49.8040,2470.3123,1250.3898,-9.7110
49.8145,2470.9448,1250.0890,-9.7110
49.8241,2471.5253,1249.7565,-9.7110
49.8340,2472.0909,1249.4625,-9.7110
49.8445,2472.6863,1249.1718,-9.7110
49.8537,2473.3007,1248.9150,-9.7110
49.8637,2473.9468,1248.5867,-9.7110
49.8751,2474.5908,1248.2733,-9.7110
49.8844,2475.2140,1248.0198,-9.7110
49.8937,2475.8423,1247.7813,-9.7110
49.9038,2476.4637,1247.5514,-9.7110
49.9143,2477.1188,1247.2720,-9.7110
49.9251,2477.7869,1246.9989,-9.7110
49.9338,2478.4736,1246.7340,-9.7110
49.9439,2479.1171,1246.4562,-9.7110
49.9544,2479.7394,1246.1750,-9.7110
49.9643,2480.3451,1245.8354,-9.7110
49.9747,2480.9706,1245.5090,-9.7110
49.9849,2481.6154,1245.1836,-9.7110
49.9949,2482.2784,1244.8722,-9.7110
50.0051,2482.9623,1244.5810,-9.7110
50.0136,2483.6129,1244.2981,-9.7110
50.0244,2484.2494,1244.0317,-9.7110
50.0346,2484.8804,1243.7819,-9.7110
50.0440,2485.5375,1243.5445,-9.7110
50.0537,2486.1914,1243.3102,-9.7110
50.0640,2486.8190,1243.0238,-9.7110
50.0741,2487.4434,1242.7326,-9.7110
50.0843,2488.0225,1242.3958,-9.7110
50.0938,2488.6345,1242.0692,-9.7110
50.1039,2489.2217,1241.7363,-9.7110
50.1136,2489.8707,1241.4133,-9.7110
50.1241,2490.5020,1241.1320,-9.7110
50.1342,2491.1373,1240.8524,-9.7110
50.1438,2491.7509,1240.6387,-9.7110
50.1539,2492.3604,1240.3826,-9.7110
50.1645,2492.9860,1240.1366,-9.7110
50.1744,2493.6328,1239.8679,-9.7110
50.1842,2494.2343,1239.5716,-9.7110
50.1941,2494.8519,1239.2796,-9.7110
50.2043,2495.4734,1238.9803,-9.7110
50.2141,2496.1044,1238.6554,-9.7110
50.2239,2496.7135,1238.3096,-9.7110
50.2340,2497.3508,1237.9711,-9.7110
50.2438,2498.0048,1237.6902,-9.7110
50.2537,2498.6536,1237.4395,-9.7110
50.2642,2499.3020,1237.1866,-9.7110
50.2744,2499.9204,1236.9402,-9.7110
50.2842,2500.5778,1236.6777,-9.7110
50.2941,2501.2374,1236.4368,-9.7110
50.3043,2501.8822,1236.1711,-9.7110
50.3140,2502.5149,1235.8504,-9.7110
50.3235,2503.1495,1235.5519,-9.7110
50.3335,2503.7386,1235.2366,-9.7110
50.3438,2504.3510,1234.9479,-9.7110
50.3547,2504.9773,1234.6222,-9.7110
50.3642,2505.6506,1234.3386,-9.7110
50.3748,2506.2992,1234.0471,-9.7110
50.3837,2506.9573,1233.7679,-9.7110
50.3938,2507.6327,1233.5141,-9.7110
50.4043,2508.2825,1233.2488,-9.7110
50.4142,2508.9543,1232.9641,-9.7110
50.4242,2509.6315,1232.6876,-9.7110
50.4352,2510.2898,1232.4153,-9.7110
50.4441,2510.9128,1232.1364,-9.7110
50.4548,2511.5287,1231.8694,-9.7110
50.4639,2512.1360,1231.5853,-9.7110
50.4741,2512.7550,1231.3008,-9.7110
50.4836,2513.4012,1230.9688,-9.7110
50.4941,2514.0739,1230.6702,-9.7110
50.5046,2514.7372,1230.3699,-9.7110
50.5142,2515.4290,1230.0939,-9.7110
50.5241,2516.0889,1229.8162,-9.7110
50.5340,2516.7747,1229.5569,-9.7110
50.5437,2517.4257,1229.2944,-9.7110
50.5537,2518.1323,1229.0280,-9.7110
50.5638,2518.7871,1228.7641,-9.7110
50.5740,2519.4248,1228.4750,-9.7110
50.5837,2520.0515,1228.1593,-9.7110
50.5947,2520.6361,1227.8579,-9.7110
50.6044,2521.2576,1227.5383,-9.7110
50.6145,2521.8932,1227.2558,-9.7110
50.6238,2522.5746,1226.9413,-9.7110
50.6340,2523.2017,1226.6545,-9.7110
50.6441,2523.8593,1226.4032,-9.7110
50.6540,2524.5193,1226.1837,-9.7110
50.6641,2525.1755,1225.9430,-9.7110
50.6740,2525.8390,1225.6798,-9.7110
50.6844,2526.5355,1225.4025,-9.7110
50.6955,2527.2050,1225.1377,-9.7110
50.7043,2527.8409,1224.8466,-9.7110
50.7144,2528.4342,1224.5578,-9.7110
50.7238,2529.0388,1224.2781,-9.7110
50.7349,2529.6653,1223.9807,-9.7110
50.7439,2530.2848,1223.6853,-9.7110
50.7540,2530.9313,1223.4117,-9.7110
50.7642,2531.5493,1223.1876,-9.7110
50.7746,2532.2325,1222.9353,-9.7110
50.7842,2532.9207,1222.6931,-9.7110
50.7940,2533.6060,1222.4119,-9.7110
50.8047,2534.2891,1222.1235,-9.7110
50.8144,2534.9888,1221.8630,-9.7110
50.8243,2535.6217,1221.5758,-9.7110
50.8342,2536.2372,1221.2730,-9.7110
50.8457,2536.8423,1220.9715,-9.7110
50.8559,2537.4447,1220.6738,-9.7110
50.8640,2538.0326,1220.4229,-9.7110
50.8739,2538.6353,1220.1631,-9.7110
50.8838,2539.2285,1219.9543,-9.7110
50.8937,2539.8572,1219.6940,-9.7110
50.9039,2540.5200,1219.4557,-9.7110
50.9146,2541.2020,1219.2188,-9.7110
50.9252,2541.9058,1218.9376,-9.7110
50.9337,2542.5942,1218.6414,-9.7110
50.9440,2543.2434,1218.3627,-9.7110
50.9548,2543.8440,1218.0868,-9.7110
50.9642,2544.4387,1217.8115,-9.7110
50.9743,2545.0625,1217.5345,-9.7110
50.9841,2545.6971,1217.2448,-9.7110
50.9939,2546.3490,1216.9573,-9.7110
51.0050,2546.9807,1216.6853,-9.7110
51.0136,2547.6056,1216.4642,-9.7110
51.0242,2548.2721,1216.2111,-9.7110
51.0337,2548.9584,1215.9780,-9.7110
51.0434,2549.6476,1215.6936,-9.7110
51.0541,2550.3323,1215.4268,-9.7110
51.0650,2551.0209,1215.1288,-9.7110
51.0749,2551.7040,1214.8505,-9.7110
51.0840,2552.3307,1214.5601,-9.7110
51.0939,2552.9503,1214.2543,-9.7110
51.1040,2553.5482,1214.0294,-9.7110
51.1141,2554.1527,1213.7902,-9.7110
51.1238,2554.7612,1213.5740,-9.7110
51.1348,2555.3721,1213.3281,-9.7110
51.1453,2556.0411,1213.0745,-9.7110
51.1540,2556.7247,1212.8357,-9.7110
51.1639,2557.4523,1212.5595,-9.7110
51.1738,2558.1750,1212.2686,-9.7110
51.1840,2558.9038,1211.9763,-9.7110
51.1942,2559.6019,1211.6621,-9.7110
51.2042,2560.2672,1211.3565,-9.7110
51.2140,2560.8663,1211.0409,-9.7110
51.2236,2561.4823,1210.7628,-9.7110
51.2343,2562.0869,1210.5305,-9.7110
51.2439,2562.7092,1210.2888,-9.7110
51.2536,2563.3278,1210.0617,-9.7110
51.2655,2564.0109,1209.8062,-9.7110
51.2738,2564.6946,1209.5206,-9.7110
51.2838,2565.4053,1209.2606,-9.7110
51.2935,2566.0782,1208.9490,-9.7110
51.3042,2566.7123,1208.6978,-9.7110
51.3140,2567.3274,1208.3925,-9.7110
51.3249,2567.9344,1208.1157,-9.7110
51.3347,2568.5092,1207.8426,-9.7110
51.3440,2569.1011,1207.5569,-9.7110
51.3537,2569.7200,1207.3341,-9.7110
51.3640,2570.3153,1207.0776,-9.7110
51.3739,2570.9491,1206.8217,-9.7110
51.3843,2571.6135,1206.5576,-9.7110
51.3941,2572.2748,1206.2906,-9.7110
51.4045,2572.9189,1206.0447,-9.7110
51.4145,2573.6226,1205.7758,-9.7110
51.4237,2574.2938,1205.5068,-9.7110
51.4339,2574.9147,1205.2251,-9.7110
51.4444,2575.5271,1204.9413,-9.7110
51.4541,2576.0913,1204.7032,-9.7110
51.4640,2576.6699,1204.4749,-9.7110
51.4741,2577.2511,1204.2387,-9.7110
51.4840,2577.8917,1204.0034,-9.7110
51.4936,2578.4999,1203.7175,-9.7110
51.5040,2579.1638,1203.4438,-9.7110
51.5143,2579.8275,1203.1821,-9.7110
51.5245,2580.5002,1202.9225,-9.7110
51.5342,2581.1768,1202.6671,-9.7110
51.5435,2581.8652,1202.3836,-9.7110
51.5541,2582.5314,1202.1235,-9.7110
51.5644,2583.1996,1201.8578,-9.7110
51.5746,2583.8234,1201.5759,-9.7110
51.5841,2584.4545,1201.2611,-9.7110
51.5937,2585.0967,1200.9384,-9.7110
51.6046,2585.7341,1200.6448,-9.7110
51.6155,2586.3807,1200.3724,-9.7110
51.6238,2587.0292,1200.1257,-9.7110
51.6341,2587.6915,1199.8428,-9.7110
51.6439,2588.3591,1199.5746,-9.7110
51.6542,2589.0365,1199.3210,-9.7110
51.6641,2589.7335,1199.0545,-9.7110
51.6741,2590.4197,1198.7908,-9.7110
51.6847,2591.1165,1198.4872,-9.7110
51.6940,2591.7360,1198.1638,-9.7110
51.7040,2592.3591,1197.8430,-9.7110
51.7140,2592.9717,1197.5262,-9.7110
51.7244,2593.6011,1197.2395,-9.7110
51.7341,2594.2480,1196.9448,-9.7110
51.7438,2594.8976,1196.6819,-9.7110
51.7540,2595.5264,1196.4221,-9.7110
51.7640,2596.2072,1196.1551,-9.7110
51.7746,2596.8949,1195.8955,-9.7110
51.7840,2597.5607,1195.6110,-9.7110
51.7938,2598.2427,1195.3383,-9.7110
51.8040,2598.9159,1195.0589,-9.7110
51.8143,2599.5486,1194.7821,-9.7110
51.8253,2600.1659,1194.4758,-9.7110
51.8352,2600.7976,1194.1622,-9.7110
51.8440,2601.4086,1193.8890,-9.7110
51.8540,2602.0165,1193.6309,-9.7110
51.8646,2602.6440,1193.4009,-9.7110
51.8738,2603.3136,1193.1432,-9.7110
51.8849,2603.9982,1192.8466,-9.7110
51.8937,2604.6786,1192.5803,-9.7110
51.9045,2605.3671,1192.3012,-9.7110
51.9140,2606.0184,1192.0410,-9.7110
51.9238,2606.6898,1191.7468,-9.7110
51.9346,2607.3417,1191.4641,-9.7110
51.9447,2607.9785,1191.1680,-9.7110
51.9548,2608.5973,1190.8935,-9.7110
51.9639,2609.2358,1190.6722,-9.7110
51.9737,2609.8463,1190.4669,-9.7110
51.9835,2610.4264,1190.1973,-9.7110
51.9936,2611.0643,1189.9521,-9.7110
52.0036,2611.6831,1189.6916,-9.7110
52.0146,2612.3477,1189.4335,-9.7110
52.0239,2613.0289,1189.1663,-9.7110
52.0341,2613.6808,1188.8841,-9.7110
52.0441,2614.3367,1188.6226,-9.7110
52.0539,2614.9988,1188.3420,-9.7110
52.0648,2615.6313,1188.0702,-9.7110
52.0742,2616.2870,1187.7834,-9.7110
52.0846,2616.9208,1187.5170,-9.7110
52.0937,2617.5289,1187.2852,-9.7110
52.1037,2618.1331,1187.0743,-9.7110
52.1140,2618.7318,1186.8687,-9.7110
52.1249,2619.3580,1186.6563,-9.7110
52.1343,2619.9896,1186.4048,-9.7110
52.1438,2620.6539,1186.1315,-9.7110
52.1540,2621.3484,1185.8454,-9.7110
52.1640,2622.0453,1185.5506,-9.7110
52.1740,2622.7667,1185.2643,-9.7110
52.1855,2623.4622,1184.9778,-9.7110
52.1943,2624.1173,1184.7040,-9.7110
52.2055,2624.7268,1184.4436,-9.7110
52.2141,2625.3116,1184.2402,-9.7110
52.2238,2625.8818,1184.0083,-9.7110
52.2338,2626.4601,1183.7664,-9.7110
52.2441,2627.0643,1183.5063,-9.7110
52.2541,2627.7518,1183.2339,-9.7110
52.2641,2628.4603,1182.9841,-9.7110
52.2737,2629.1595,1182.7077,-9.7110
52.2840,2629.8656,1182.3981,-9.7110
52.2940,2630.5804,1182.1139,-9.7110
52.3046,2631.3158,1181.8263,-9.7110
52.3147,2632.0085,1181.5587,-9.7110
52.3239,2632.6990,1181.2780,-9.7110
52.3341,2633.3419,1181.0378,-9.7110
52.3436,2633.9698,1180.7927,-9.7110
52.3547,2634.5773,1180.5227,-9.7110
52.3640,2635.1721,1180.2928,-9.7110
52.3746,2635.8020,1180.0342,-9.7110
52.3838,2636.4810,1179.7707,-9.7110
52.3940,2637.1720,1179.4966,-9.7110
52.4037,2637.8542,1179.2045,-9.7110
52.4144,2638.5354,1178.9457,-9.7110
52.4242,2639.1837,1178.6616,-9.7110
52.4340,2639.8358,1178.4073,-9.7110
52.4439,2640.4612,1178.1475,-9.7110
52.4541,2641.0564,1177.9230,-9.7110
52.4638,2641.6239,1177.7080,-9.7110
52.4751,2642.2365,1177.4708,-9.7110
52.4840,2642.8789,1177.2236,-9.7110
52.4936,2643.5404,1176.9457,-9.7110
52.5041,2644.2220,1176.6614,-9.7110
52.5149,2644.6594,1176.3383,-9.7110
52.5238,2645.3298,1176.0279,-9.7110
52.5346,2646.0209,1175.7584,-9.7110
52.5434,2646.7488,1175.4916,-9.7110
52.5537,2647.4719,1175.2158,-9.7110
52.5643,2648.1989,1174.9553,-9.7110
52.5737,2648.8596,1174.7134,-9.7110
52.5840,2649.5049,1174.4882,-9.7110
52.5940,2650.1313,1174.2531,-9.7110
52.6047,2650.7373,1174.0195,-9.7110
52.6154,2651.3322,1173.7557,-9.7110
52.6242,2652.0045,1173.4996,-9.7110
52.6339,2652.7164,1173.2217,-9.7110
52.6441,2653.3921,1172.9345,-9.7110
52.6536,2654.0665,1172.6634,-9.7110
52.6640,2654.7627,1172.3882,-9.7110
52.6738,2655.4819,1172.0871,-9.7110
52.6839,2656.1398,1171.8117,-9.7110
52.6941,2656.7721,1171.5717,-9.7110
52.7041,2657.3335,1171.3778,-9.7110
52.7139,2657.8960,1171.1548,-9.7110
52.7248,2658.4686,1170.9346,-9.7110
52.7356,2659.1218,1170.7017,-9.7110
52.7438,2659.7684,1170.4186,-9.7110
52.7543,2660.4384,1170.1386,-9.7110
52.7651,2661.1217,1169.8492,-9.7110
52.7748,2661.8027,1169.5614,-9.7110
52.7842,2662.4833,1169.2789,-9.7110
52.7936,2663.1986,1168.9932,-9.7110
52.8038,2663.8473,1168.6979,-9.7110
52.8142,2664.4534,1168.4123,-9.7110
52.8237,2665.0260,1168.2050,-9.7110
52.8346,2665.6073,1168.0259,-9.7110
52.8444,2666.1250,1167.8036,-9.7110
52.8552,2666.7202,1167.5581,-9.7110
52.8643,2667.3428,1167.2855,-9.7110
52.8736,2668.0229,1167.0090,-9.7110
52.8837,2668.6868,1166.7117,-9.7110
52.8939,2669.3549,1166.4409,-9.7110
52.9039,2670.0111,1166.1851,-9.7110
52.9143,2670.6642,1165.8959,-9.7110
52.9254,2671.3654,1165.6249,-9.7110
52.9342,2672.0007,1165.3456,-9.7110
52.9439,2672.6456,1165.0897,-9.7110
52.9540,2673.2532,1164.9058,-9.7110
52.9642,2673.7833,1164.6752,-9.7110
52.9740,2674.3706,1164.4450,-9.7110
52.9841,2674.9933,1164.1855,-9.7110
52.9935,2675.6405,1163.9309,-9.7110
53.0036,2676.3007,1163.6570,-9.7110
53.0136,2676.9976,1163.3564,-9.7110
53.0237,2677.6676,1162.8499,-9.7110
53.0340,2678.3569,1162.5537,-9.7110
53.0435,2679.0289,1162.2451,-9.7110
53.0541,2679.7263,1161.9791,-9.7110
53.0649,2680.3693,1161.6949,-9.7110
53.0742,2680.9485,1161.4698,-9.7110
53.0838,2681.4591,1161.2613,-9.7110
53.0942,2681.9905,1161.0510,-9.7110
53.1038,2682.5649,1160.8124,-9.7110
53.1140,2683.1852,1160.5482,-9.7110
53.1241,2683.8269,1160.2578,-9.7110
53.1348,2684.4995,1159.9487,-9.7110
53.1441,2685.2010,1159.6768,-9.7110
53.1538,2685.8419,1159.4040,-9.7110
53.1640,2686.5239,1159.0906,-9.7110
53.1741,2687.2117,1158.7743,-9.7110
53.1835,2687.8856,1158.4761,-9.7110
53.1938,2688.5537,1158.2191,-9.7110
53.2039,2689.1482,1158.0242,-9.7110
53.2138,2689.7028,1157.8253,-9.7110
53.2240,2690.2561,1157.6036,-9.7110
53.2344,2690.8446,1157.3597,-9.7110
53.2450,2691.4862,1157.0948,-9.7110
53.2540,2692.1620,1156.8365,-9.7110
53.2639,2692.8185,1156.5382,-9.7110
53.2740,2693.5127,1156.2763,-9.7110
53.2839,2694.1848,1155.9700,-9.7110
53.2937,2694.8838,1155.6882,-9.7110
53.3038,2695.5626,1155.4031,-9.7110
53.3135,2696.2198,1155.1510,-9.7110
53.3235,2696.8236,1154.9385,-9.7110
53.3339,2697.3749,1154.7286,-9.7110
53.3435,2697.9684,1154.5588,-9.7110
53.3541,2698.5265,1154.3416,-9.7110
53.3659,2699.1515,1154.1056,-9.7110
53.3743,2699.7985,1153.8079,-9.7110
53.3843,2700.4686,1153.5095,-9.7110
53.3942,2701.1816,1153.2250,-9.7110
53.4039,2701.8459,1152.9337,-9.7110
53.4142,2702.5457,1152.6708,-9.7110
53.4237,2703.2532,1152.3676,-9.7110
53.4339,2703.9735,1152.0394,-9.7110
53.4442,2704.6990,1151.7830,-9.7110
53.4546,2705.3746,1151.5616,-9.7110
53.4642,2705.9465,1151.3742,-9.7110
53.4744,2706.4933,1151.1708,-9.7110
53.4843,2707.0774,1150.9547,-9.7110
53.4951,2707.7306,1150.7225,-9.7110
53.5045,2708.3785,1150.4265,-9.7110
53.5148,2709.0804,1150.1218,-9.7110
53.5242,2709.8154,1149.8212,-9.7110
53.5339,2710.5607,1149.5331,-9.7110
53.5439,2711.2910,1149.2399,-9.7110
53.5537,2712.0200,1148.9385,-9.7110
53.5640,2712.6638,1148.6658,-9.7110
53.5749,2713.2987,1148.4593,-9.7110
53.5841,2713.8633,1148.2759,-9.7110
53.5939,2714.3765,1148.0852,-9.7110
53.6040,2714.9568,1147.8862,-9.7110
53.6159,2715.5460,1147.6558,-9.7110
53.6251,2716.2318,1147.3871,-9.7110
53.6341,2716.9342,1147.0776,-9.7110
53.6446,2717.6516,1146.7816,-9.7110
53.6538,2718.4061,1146.4875,-9.7110
53.6643,2719.1127,1146.1858,-9.7110
53.6742,2719.8009,1145.8865,-9.7110
53.6842,2720.5513,1145.6311,-9.7110
53.6938,2721.2377,1145.3721,-9.7110
53.7037,2721.8188,1145.1625,-9.7110
53.7140,2722.3884,1144.9713,-9.7110
53.7240,2722.9436,1144.7820,-9.7110
53.7343,2723.5278,1144.5883,-9.7110
53.7436,2724.1438,1144.3549,-9.7110
53.7536,2724.8004,1144.0650,-9.7110
53.7642,2725.5023,1143.7401,-9.7110
53.7739,2726.2491,1143.4424,-9.7110
53.7842,2726.9803,1143.1569,-9.7110
53.7936,2727.7246,1142.8933,-9.7110
53.8040,2728.3999,1142.6514,-9.7110
53.8139,2729.0571,1142.4047,-9.7110
53.8246,2729.6243,1142.1747,-9.7110
53.8339,2730.1785,1141.9828,-9.7110
53.8440,2730.7372,1141.8148,-9.7110
53.8541,2731.3202,1141.6464,-9.7110
53.8644,2731.9531,1141.4301,-9.7110
53.8740,2732.6093,1141.1360,-9.7110
53.8842,2733.3063,1140.8454,-9.7110
53.8951,2734.0364,1140.5522,-9.7110
53.9039,2734.7731,1140.2517,-9.7110
53.9138,2735.4847,1139.9565,-9.7110
53.9239,2736.1829,1139.6808,-9.7110
53.9342,2736.8944,1139.4368,-9.7110
53.9447,2737.5331,1139.2141,-9.7110
53.9542,2738.0887,1139.0373,-9.7110
53.9670,2738.6344,1138.8589,-9.7110
53.9741,2739.1812,1138.6682,-9.7110
53.9843,2739.7972,1138.4986,-9.7110
53.9940,2740.4653,1138.2176,-9.7110
54.0046,2741.0861,1137.9136,-9.7110
54.0139,2741.8354,1137.6112,-9.7110
54.0241,2742.5841,1137.3283,-9.7110
54.0341,2743.3281,1137.0410,-9.7110
54.0449,2744.0536,1136.7573,-9.7110
54.0540,2744.7697,1136.5165,-9.7110
54.0639,2745.4564,1136.2996,-9.7110
54.0742,2746.0789,1136.0797,-9.7110
54.0839,2746.6571,1135.8886,-9.7110
54.0937,2747.2687,1135.6929,-9.7110
54.1040,2747.8802,1135.4750,-9.7110
54.1141,2748.5002,1135.2470,-9.7110
54.1237,2749.2028,1135.0020,-9.7110
54.1343,2749.9291,1134.7320,-9.7110
54.1440,2750.6274,1134.4440,-9.7110
54.1540,2751.3499,1134.1738,-9.7110
54.1640,2751.7578,1133.7692,-9.7110
54.1739,2752.4606,1133.5628,-9.7110
54.1841,2753.1390,1133.3633,-9.7110
54.1939,2753.7826,1133.1872,-9.7110
54.2041,2754.4141,1132.9910,-9.7110
54.2138,2755.0242,1132.7996,-9.7110
54.2237,2755.6814,1132.5739,-9.7110
54.2337,2756.3357,1132.2998,-9.7110
54.2439,2757.0146,1132.0139,-9.7110
54.2540,2757.7039,1131.7062,-9.7110
54.2642,2758.4362,1131.4315,-9.7110
54.2740,2759.1565,1131.1539,-9.7110
54.2845,2759.8296,1130.8860,-9.7110
54.2940,2760.4890,1130.6293,-9.7110
54.3041,2761.1342,1130.4170,-9.7110
54.3150,2761.6957,1130.2027,-9.7110
54.3253,2762.3220,1130.0200,-9.7110
54.3356,2762.9154,1129.8188,-9.7110
54.3439,2763.5198,1129.5995,-9.7110
54.3541,2764.1426,1129.3531,-9.7110
54.3639,2764.7784,1129.0739,-9.7110
54.3740,2765.4327,1128.7991,-9.7110
54.3841,2766.1437,1128.5027,-9.7110
54.3941,2766.8243,1128.2153,-9.7110
54.4047,2767.5376,1127.9311,-9.7110
54.4139,2768.2053,1127.6766,-9.7110
54.4238,2768.8624,1127.4677,-9.7110
54.4339,2769.4946,1127.2663,-9.7110
54.4451,2770.0261,1127.0613,-9.7110
54.4558,2770.6017,1126.8704,-9.7110
54.4647,2771.2148,1126.6794,-9.7110
54.4740,2771.8120,1126.4872,-9.7110
54.4841,2772.4038,1126.2538,-9.7110
54.4949,2773.0530,1125.9990,-9.7110
54.5049,2773.7401,1125.7103,-9.7110
54.5153,2774.4888,1125.4077,-9.7110
54.5236,2775.1957,1125.1001,-9.7110
54.5341,2775.9019,1124.8002,-9.7110
54.5435,2776.6326,1124.5562,-9.7110
54.5536,2777.2898,1124.3397,-9.7110
54.5648,2777.9308,1124.1143,-9.7110
54.5742,2778.4985,1123.9242,-9.7110
54.5845,2779.0585,1123.7250,-9.7110
54.5954,2779.6442,1123.5069,-9.7110
54.6043,2780.2535,1123.2473,-9.7110
54.6141,2780.9264,1122.9649,-9.7110
54.6243,2781.6083,1122.6885,-9.7110
54.6339,2782.3257,1122.3664,-9.7110
54.6439,2783.0377,1122.0718,-9.7110
54.6543,2783.7495,1121.7763,-9.7110
54.6640,2784.4441,1121.4993,-9.7110
54.6739,2785.1150,1121.2709,-9.7110
54.6840,2785.7505,1121.0311,-9.7110
54.6939,2786.3739,1120.8349,-9.7110
54.7041,2786.9611,1120.6124,-9.7110
54.7137,2787.5652,1120.3649,-9.7110
54.7238,2788.1595,1120.0938,-9.7110
54.7364,2788.8253,1119.8278,-9.7110
54.7448,2789.4847,1119.5435,-9.7110
54.7537,2790.1708,1119.2469,-9.7110
54.7643,2790.8811,1118.9494,-9.7110
54.7752,2791.5520,1118.6549,-9.7110
54.7840,2792.2430,1118.4002,-9.7110
54.7960,2792.8901,1118.1773,-9.7110
54.8059,2793.5642,1117.9576,-9.7110
54.8163,2794.2454,1117.7465,-9.7110
54.8236,2794.8596,1117.5311,-9.7110
54.8341,2795.5236,1117.3050,-9.7110
54.8439,2796.1207,1117.0223,-9.7110
54.8538,2796.8026,1116.7416,-9.7110
54.8640,2797.4398,1116.4465,-9.7110
54.8742,2798.0942,1116.1572,-9.7110
54.8835,2798.7438,1115.8745,-9.7110
54.8939,2799.4246,1115.5984,-9.7110
54.9038,2800.1356,1115.3359,-9.7110
54.9142,2800.8711,1115.1192,-9.7110
54.9236,2801.5614,1114.8945,-9.7110
54.9340,2802.2489,1114.6794,-9.7110
54.9445,2802.8943,1114.4557,-9.7110
54.9539,2803.5220,1114.2432,-9.7110
54.9640,2804.1163,1114.0225,-9.7110
54.9736,2804.7452,1113.7997,-9.7110
54.9852,2805.3473,1113.5410,-9.7110
54.9949,2806.0378,1113.3105,-9.7110
55.0039,2806.7168,1113.0260,-9.7110
55.0138,2807.4376,1112.7145,-9.7110
55.0239,2808.1449,1112.4120,-9.7110
55.0341,2808.8615,1112.1904,-9.7110
55.0439,2809.5413,1111.9998,-9.7110
55.0539,2810.1815,1111.7968,-9.7110
55.0644,2810.8112,1111.5707,-9.7110
55.0750,2811.4199,1111.3493,-9.7110
55.0849,2811.9965,1111.1637,-9.7110
55.0951,2812.6332,1110.9700,-9.7110
55.1039,2813.2268,1110.7596,-9.7110
55.1140,2813.8645,1110.4836,-9.7110
55.1239,2814.5524,1110.2025,-9.7110
55.1335,2815.2815,1109.9361,-9.7110
55.1437,2815.9374,1109.6617,-9.7110
55.1541,2816.6544,1109.4330,-9.7110
55.1641,2817.3356,1109.2056,-9.7110
55.1738,2818.0269,1108.9841,-9.7110
55.1841,2818.7124,1108.7638,-9.7110
55.1938,2819.3531,1108.5508,-9.7110
55.2041,2819.9468,1108.3431,-9.7110
55.2153,2820.5251,1108.1481,-9.7110
55.2257,2821.1797,1107.9278,-9.7110
55.2342,2821.8124,1107.6932,-9.7110
55.2440,2822.4907,1107.4116,-9.7110
55.2536,2823.1696,1107.0997,-9.7110
55.2641,2823.8723,1106.8333,-9.7110
55.2740,2824.5154,1106.5977,-9.7110
55.2839,2825.1921,1106.3928,-9.7110
55.2935,2825.8772,1106.1895,-9.7110
55.3038,2826.5996,1105.9764,-9.7110
55.3146,2827.3154,1105.7345,-9.7110
55.3240,2827.9934,1105.5160,-9.7110
55.3339,2828.6794,1105.2936,-9.7110
55.3437,2829.3761,1105.0331,-9.7110
55.3539,2830.0306,1104.7524,-9.7110
55.3640,2830.6560,1104.4489,-9.7110
55.3734,2831.3409,1104.1539,-9.7110
55.3847,2832.0057,1103.9061,-9.7110
55.3939,2832.6710,1103.6700,-9.7110
55.4041,2833.3009,1103.4316,-9.7110
55.4139,2833.9760,1103.2366,-9.7110
55.4236,2834.5894,1103.0421,-9.7110
55.4340,2835.2124,1102.8552,-9.7110
55.4440,2835.8768,1102.6205,-9.7110
55.4537,2836.5411,1102.3795,-9.7110
55.4640,2837.1714,1102.1555,-9.7110
55.4737,2837.8411,1101.8854,-9.7110
55.4838,2838.4979,1101.6213,-9.7110
55.4936,2839.2133,1101.3105,-9.7110
55.5039,2839.8933,1101.0322,-9.7110
55.5139,2840.5413,1100.8110,-9.7110
55.5238,2841.2174,1100.6286,-9.7110
55.5346,2841.8910,1100.4398,-9.7110
55.5435,2842.5443,1100.2512,-9.7110
55.5540,2843.2712,1100.0384,-9.7110
55.5641,2843.9590,1099.8171,-9.7110
55.5741,2844.6570,1099.5670,-9.7110
55.5839,2845.3693,1099.3241,-9.7110
55.5939,2846.0277,1099.0607,-9.7110
55.6043,2846.6788,1098.7911,-9.7110
55.6136,2847.3512,1098.5121,-9.7110
55.6237,2848.0098,1098.2429,-9.7110
55.6340,2848.7021,1098.0077,-9.7110
55.6435,2849.4133,1097.8071,-9.7110
55.6536,2850.0897,1097.6121,-9.7110
55.6638,2850.7107,1097.3980,-9.7110
55.6741,2851.3947,1097.1672,-9.7110
55.6844,2852.0613,1096.9046,-9.7110
55.6944,2852.7131,1096.6622,-9.7110
55.7038,2853.3330,1096.4374,-9.7110
55.7140,2853.9261,1096.2199,-9.7110
55.7247,2854.5337,1095.9839,-9.7110
55.7360,2855.1962,1095.7531,-9.7110
55.7435,2855.8135,1095.4639,-9.7110
55.7542,2856.4465,1095.1846,-9.7110
55.7649,2857.0896,1094.9489,-9.7110
55.7747,2857.7701,1094.7205,-9.7110
55.7837,2858.4263,1094.5262,-9.7110
55.7949,2859.0615,1094.3080,-9.7110
55.8046,2859.7546,1094.1030,-9.7110
55.8140,2860.3971,1093.8784,-9.7110
55.8236,2861.0092,1093.6718,-9.7110
55.8341,2861.6302,1093.4254,-9.7110
55.8439,2862.2574,1093.2214,-9.7110
55.8543,2862.8385,1092.9886,-9.7110
55.8641,2863.5104,1092.7550,-9.7110
55.8737,2864.1260,1092.4666,-9.7110
55.8853,2864.7635,1092.1715,-9.7110
55.8934,2865.3998,1091.9308,-9.7110
55.9037,2865.9126,1091.4833,-9.7110
55.9141,2866.5179,1091.3078,-9.7110
55.9239,2867.1855,1091.1191,-9.7110
55.9341,2867.8872,1090.9161,-9.7110
55.9439,2868.5676,1090.6537,-9.7110
55.9539,2869.2789,1090.3707,-9.7110
55.9639,2869.9102,1090.0930,-9.7110
55.9736,2870.5776,1089.8297,-9.7110
55.9842,2871.2560,1089.5587,-9.7110
55.9939,2871.8649,1089.2798,-9.7110
56.0040,2872.5021,1089.0104,-9.7110
56.0138,2873.1085,1088.7662,-9.7110
56.0236,2873.7302,1088.5779,-20.0071
56.0344,2874.3680,1088.4102,-20.0037
56.0439,2875.0338,1088.2133,-19.9896
56.0538,2875.6771,1088.0079,-20.0405
56.0644,2876.4055,1087.7940,-20.0405
56.0738,2877.3083,1087.5478,-20.0405
56.0835,2878.1544,1087.1303,-20.0405
56.0942,2879.1228,1087.1145,-20.0405
56.1039,2879.8198,1087.2214,-20.0405
56.1141,2880.4055,1087.6804,-20.0405
56.1238,2881.0336,1088.3330,-20.0405
56.1349,2881.7372,1088.6375,-20.0405
56.1436,2882.4703,1088.7011,-20.0405
56.1538,2883.0052,1088.6346,-20.0405
56.1637,2883.4014,1088.4930,-20.0405
56.1737,2883.8278,1088.1385,-20.0405
56.1840,2884.3931,1087.7531,-20.0405
56.1945,2885.0623,1087.4552,-20.0405
56.2040,2885.8466,1087.1003,-20.0405
56.2141,2886.5156,1086.6619,-20.0405
56.2240,2887.1158,1086.2588,-20.0405
56.2340,2887.7076,1085.9554,-20.0405
56.2438,2888.3036,1085.7123,-20.0405
56.2546,2888.9116,1085.4447,-20.0405
56.2636,2889.4723,1085.1406,-20.0405
56.2739,2890.0992,1084.8129,-20.0405
56.2848,2890.7458,1084.4902,-20.0405
56.2949,2891.4011,1084.1839,-20.0405
56.3057,2892.0912,1083.8615,-20.0405
56.3141,2892.7258,1083.5393,-20.0405
56.3240,2893.2969,1083.1534,-20.0405
56.3339,2893.9479,1082.7906,-20.0405
56.3438,2894.5669,1082.4321,-20.0405
56.3540,2895.2068,1082.0917,-20.0405
56.3640,2895.8547,1081.7944,-20.0405
56.3760,2896.4613,1081.4468,-20.0405
56.3847,2897.0497,1081.1348,-20.0405
56.3947,2897.6849,1080.8651,-20.0405
56.4042,2898.4098,1080.5770,-20.0405
56.4143,2899.0640,1080.2692,-20.0405
56.4242,2899.7341,1079.9461,-20.0405
56.4338,2900.3152,1079.6000,-20.0405
56.4453,2900.9324,1079.2689,-20.0405
56.4546,2901.5404,1078.9283,-20.0405
56.4644,2902.1682,1078.5544,-20.0405
56.4738,2902.7834,1078.1826,-20.0405
56.4840,2903.4377,1077.8665,-20.0405
56.4941,2904.0822,1077.5717,-20.0405
56.5037,2904.7369,1077.2747,-20.0405
56.5142,2905.4200,1077.0045,-20.0405
56.5239,2906.0494,1076.7021,-20.0405
56.5348,2906.6849,1076.4322,-20.0405
56.5439,2907.3358,1076.1210,-20.0405
56.5540,2907.9502,1075.8264,-20.0405
56.5637,2908.5734,1075.4850,-20.0405
56.5740,2909.1615,1075.1326,-20.0405
56.5841,2909.7843,1074.7657,-20.0405
56.5945,2910.4021,1074.4101,-20.0405
56.6052,2911.0200,1074.0759,-20.0405
56.6140,2911.6633,1073.7990,-20.0405
56.6238,2912.3096,1073.5040,-20.0405
56.6340,2912.9800,1073.2271,-20.0405
56.6445,2913.5942,1072.9208,-20.0405
56.6542,2914.2955,1072.6530,-20.0405
56.6639,2914.8945,1072.3605,-20.0405
56.6738,2915.4833,1072.0387,-20.0405
56.6845,2916.0576,1071.7313,-20.0405
56.6937,2916.6277,1071.4393,-20.0405
56.7042,2917.2533,1071.1512,-20.0405
56.7138,2917.8206,1070.8031,-20.0405
56.7241,2918.5027,1070.4781,-20.0405
56.7356,2919.1071,1070.1375,-20.0405
56.7467,2919.7638,1069.8481,-20.0405
56.7542,2920.4109,1069.5365,-20.0405
56.7638,2921.0554,1069.2252,-20.0405
56.7740,2921.7423,1068.9474,-20.0405
56.7840,2922.3894,1068.6569,-20.0405
56.7939,2923.0043,1068.3521,-20.0405
56.8044,2923.5679,1068.0343,-20.0405
56.8150,2924.1670,1067.7386,-20.0405
56.8240,2924.7426,1067.4430,-20.0405
56.8340,2925.3191,1067.1609,-20.0405
56.8439,2925.9045,1066.8664,-20.0405
56.8549,2926.4989,1066.5396,-26.9670
56.8640,2927.1227,1066.2471,-26.9427
56.8739,2927.7247,1065.9242,-26.9303
56.8842,2928.3796,1065.6595,-26.9780
56.8937,2929.2209,1065.4449,-27.2784
56.9040,2930.1512,1065.2397,-27.9725
56.9138,2930.8910,1064.8830,-28.9133
56.9243,2931.7789,1065.0162,-30.1740
56.9343,2932.5331,1064.9246,-31.6176
56.9453,2933.1958,1065.0507,-33.4691
56.9553,2934.0508,1065.4834,-35.3648
56.9638,2934.7063,1065.9856,-37.5012
56.9739,2935.4043,1066.7682,-39.7968
56.9837,2936.0471,1067.4531,-42.2253
56.9939,2936.8752,1068.1774,-44.7299
57.0040,2937.6962,1068.7152,-47.2978
57.0139,2938.5187,1069.1559,-49.9547
57.0239,2939.4806,1069.7131,-52.5508
57.0340,2940.3950,1070.2187,-55.3026
57.0436,2941.3143,1070.9898,-58.1179
57.0555,2942.3940,1071.8977,-61.0431
57.0647,2943.4030,1072.8867,-63.9419
57.0744,2944.5094,1073.8845,-67.0197
57.0845,2945.7086,1074.7562,-69.9092
57.0936,2946.8330,1075.3812,-72.9347
57.1044,2947.8495,1075.8721,-75.9655
57.1136,2949.0022,1076.2417,-78.9892
57.1239,2950.0203,1076.5449,-82.0395
57.1336,2951.1190,1076.8602,-85.1256
57.1442,2952.3000,1077.2319,-88.2321
57.1535,2953.5593,1077.5390,-91.3159
57.1643,2954.6150,1077.7386,-94.4022
57.1745,2955.8944,1077.9582,-97.4540
57.1841,2957.1754,1078.1548,-100.5470
57.1935,2958.5519,1078.2318,-103.5358
57.2041,2960.1918,1078.3301,-106.5644
57.2141,2961.7701,1078.3879,-109.5854
57.2241,2963.4971,1078.3702,-112.5428
57.2336,2965.2662,1078.3042,-115.5498
57.2436,2967.1273,1078.1990,-118.5342
57.2537,2968.9908,1078.0631,-121.5642
57.2646,2970.9592,1077.8228,-124.5630
57.2754,2972.9001,1077.5146,-127.5679
57.2842,2974.8480,1077.0690,-130.5263
57.2936,2976.7551,1076.5459,-133.5154
57.3041,2978.7025,1075.8820,-133.5154
57.3145,2980.6184,1075.1206,-133.5154
57.3239,2982.5900,1074.2766,-133.5154
57.3341,2984.3596,1073.4716,-133.5154
57.3439,2986.0768,1072.6028,-133.5154
57.3542,2987.8550,1071.6860,-133.5154
57.3642,2989.3235,1070.9056,-133.5154
57.3739,2990.0601,1070.4558,-133.5154
57.3841,2990.5796,1070.0473,-133.5154
57.3938,2991.0273,1069.4630,-133.5154
57.4040,2991.4875,1068.9507,-133.5154
57.4142,2991.6284,1068.6401,-133.5154
57.4240,2991.3539,1068.6879,-133.5154
57.4340,2991.0546,1068.6910,-133.5154
57.4436,2990.9026,1068.6527,-133.5154
57.4536,2990.7452,1068.5693,-133.5154
57.4647,2990.4325,1068.3364,-133.5154
57.4757,2989.8821,1068.0854,-133.5154
57.4849,2989.3748,1067.8821,-133.5154
57.4940,2988.9723,1067.6772,-133.5154
57.5041,2988.5609,1067.4651,-133.5154
57.5141,2988.1399,1067.2620,-133.5154
57.5253,2987.7603,1067.1331,-133.5154
57.5341,2987.5093,1067.0629,-133.5154
57.5455,2987.3300,1067.0421,-133.5154
57.5538,2987.1248,1066.9515,-133.5154
57.5639,2986.8419,1066.7936,-133.5154
57.5740,2986.5181,1066.6558,-133.5154
57.5855,2986.2206,1066.5670,-133.5154
57.5937,2985.9613,1066.4816,-133.5154
57.6039,2985.7188,1066.3612,-133.5154
57.6143,2985.4673,1066.2711,-133.5154
57.6239,2985.1945,1066.1414,-133.5154
57.6340,2984.7449,1065.9648,-133.5154
57.6437,2984.2510,1065.7483,-133.5154
57.6543,2983.7896,1065.5004,-133.5154
57.6646,2983.4031,1065.3128,-133.5154
57.6739,2983.0468,1065.1471,-133.5154
57.6841,2982.6327,1064.9459,-133.5154
57.6950,2982.1212,1064.7163,-133.5154
57.7043,2981.5787,1064.4373,-133.5154
57.7142,2981.0011,1064.1689,-133.5154
57.7237,2980.3666,1063.9189,-133.5154
57.7340,2979.7111,1063.6790,-133.5154
57.7439,2979.0743,1063.4390,-133.5154
57.7541,2978.4858,1063.2156,-133.5154
57.7641,2977.8715,1062.9980,-133.5154
57.7740,2977.2457,1062.7424,-133.5154
57.7843,2976.6932,1062.5146,-133.5154
57.7939,2976.1265,1062.2452,-133.5154
57.8037,2975.5798,1061.9497,-133.5154
57.8140,2974.9414,1061.6287,-133.5154
57.8249,2974.3125,1061.3147,-133.5154
57.8346,2973.6600,1060.9964,-133.5154
57.8456,2972.9891,1060.6939,-133.5154
57.8545,2972.2220,1060.3722,-133.5154
57.8652,2971.4844,1060.0543,-133.5154
57.8740,2970.7448,1059.7647,-133.5154
57.8840,2970.0726,1059.5018,-133.5154
57.8940,2969.4264,1059.2556,-133.5154
57.9039,2968.8077,1059.0025,-133.5154
57.9142,2968.2119,1058.7360,-133.5154
57.9238,2967.6533,1058.4834,-133.5154
57.9340,2967.0284,1058.2119,-133.5154
57.9435,2966.4360,1057.9220,-133.5154
57.9549,2965.7686,1057.6213,-133.5154
57.9642,2965.0671,1057.2992,-133.5154
57.9740,2964.3518,1057.0094,-133.5154
57.9840,2963.6365,1056.7239,-133.5154
57.9944,2962.9612,1056.4576,-133.5154
58.0042,2962.3182,1056.2057,-133.5154
58.0140,2961.7269,1055.9531,-133.5154
58.0237,2961.1046,1055.6979,-133.5154
58.0338,2960.5403,1055.4461,-133.5154
58.0441,2959.9941,1055.2102,-133.5154
58.0543,2959.4209,1054.9325,-133.5154
58.0640,2958.8322,1054.6299,-133.5154
58.0736,2958.1930,1054.3167,-133.5154
58.0841,2957.5690,1053.9924,-133.5154
58.0949,2956.9282,1053.6735,-133.5154
58.1044,2956.2561,1053.3663,-133.5154
58.1144,2955.5781,1053.0945,-133.5154
58.1242,2954.9075,1052.8626,-133.5154
58.1341,2954.2205,1052.6223,-133.5154
58.1440,2953.5948,1052.3434,-133.5154
58.1544,2952.9662,1052.0917,-133.5154
58.1653,2952.3892,1051.8102,-133.5154
58.1737,2951.8386,1051.5442,-133.5154
58.1844,2951.2594,1051.2567,-133.5154
58.1955,2950.6483,1050.9496,-133.5154
58.2038,2949.9783,1050.6432,-133.5154
58.2148,2949.2362,1050.3562,-133.5154
58.2239,2948.5339,1050.0459,-133.5154
58.2349,2947.8180,1049.7815,-133.5154
58.2439,2947.1282,1049.5284,-133.5154
58.2552,2946.4514,1049.2730,-133.5154
58.2646,2945.7975,1049.0271,-133.5154
58.2738,2945.2020,1048.7554,-133.5154
58.2847,2944.6255,1048.4847,-133.5154
58.2945,2944.0343,1048.2144,-133.5154
58.3045,2943.3932,1047.9125,-133.5154
58.3145,2942.7834,1047.5973,-133.5154
58.3240,2942.0942,1047.2910,-133.5154
58.3345,2941.3881,1046.9835,-133.5154
58.3439,2940.6316,1046.6702,-133.5154
58.3537,2939.9337,1046.4263,-133.5154
58.3646,2939.2072,1046.1505,-133.5154
58.3734,2938.5752,1045.9079,-133.5154
58.3837,2937.8971,1045.6733,-133.5154
58.3936,2937.3243,1045.4104,-133.5154
58.4042,2936.7427,1045.1800,-133.5154
58.4142,2936.1816,1044.9311,-133.5154
58.4241,2935.6188,1044.6892,-133.5154
58.4337,2935.0215,1044.4138,-133.5154
58.4441,2934.3624,1044.1021,-133.5154
58.4539,2933.7161,1043.7962,-133.5154
58.4646,2932.9994,1043.5312,-133.5154
58.4738,2932.2925,1043.2889,-133.5154
58.4836,2931.5859,1043.0050,-133.5154
58.4943,2930.9315,1042.7704,-133.5154
58.5037,2930.2805,1042.5305,-133.5154
58.5138,2929.7109,1042.2755,-133.5154
58.5236,2929.1312,1042.0430,-133.5154
58.5338,2928.5168,1041.7992,-133.5154
58.5436,2927.9030,1041.4948,-133.5154
58.5537,2927.2631,1041.2184,-133.5154
58.5649,2926.5765,1040.9051,-133.5154
58.5747,2925.8501,1040.6431,-133.5154
58.5837,2925.0770,1040.3365,-133.5154
58.5950,2924.3274,1040.0428,-133.5154
58.6040,2923.6392,1039.7644,-133.5154
58.6141,2922.9713,1039.5208,-133.5154
58.6239,2922.3369,1039.3039,-133.5154
58.6337,2921.7217,1039.0327,-133.5154
58.6452,2921.1080,1038.7740,-133.5154
58.6541,2920.5253,1038.4979,-133.5154
58.6640,2919.9314,1038.2101,-133.5154
58.6738,2919.3270,1037.9120,-133.5154
58.6839,2918.7061,1037.6148,-133.5154
58.6952,2918.0281,1037.3223,-133.5154
58.7053,2917.3420,1037.0396,-133.5154
58.7142,2916.6228,1036.7144,-133.5154
58.7253,2915.8999,1036.3967,-133.5154
58.7342,2915.1427,1036.1071,-133.5154
58.7437,2914.4309,1035.8282,-133.5154
58.7537,2913.7561,1035.5824,-133.5154
58.7645,2913.1251,1035.3131,-133.5154
58.7736,2912.5674,1035.0641,-133.5154
58.7850,2911.9838,1034.7946,-133.5154
58.7943,2911.4498,1034.5366,-133.5154
58.8052,2910.8867,1034.2483,-133.5154
58.8153,2910.2678,1033.9692,-133.5154
58.8251,2909.5773,1033.6728,-133.5154
58.8336,2908.8682,1033.3517,-133.5154
58.8443,2908.1443,1033.0804,-133.5154
58.8535,2907.4659,1032.8281,-133.5154
58.8636,2906.8588,1032.5821,-133.5154
58.8745,2906.2900,1032.3560,-133.5154
58.8844,2905.7095,1032.1282,-133.5154
58.8941,2905.1278,1031.8810,-133.5154
58.9042,2904.5238,1031.6178,-133.5154
58.9139,2903.9512,1031.3118,-133.5154
58.9239,2903.3356,1031.0002,-133.5154
58.9356,2902.6324,1030.6605,-133.5154
58.9453,2901.9266,1030.3214,-133.5154
58.9541,2901.2239,1029.9984,-133.5154
58.9646,2900.5181,1029.6773,-133.5154
58.9740,2899.8335,1029.3788,-133.5154
58.9843,2899.1282,1029.0987,-133.5154
58.9936,2898.4606,1028.8329,-133.5154
59.0036,2897.8904,1028.5944,-133.5154
59.0146,2897.3291,1028.3489,-133.5154
59.0239,2896.7640,1028.0368,-133.5154
59.0344,2896.1624,1027.7508,-133.5154
59.0444,2895.5499,1027.4307,-133.5154
59.0538,2894.9015,1027.1226,-133.5154
59.0639,2894.2614,1026.7833,-133.5154
59.0742,2893.5520,1026.4667,-133.5154
59.0852,2892.8385,1026.1491,-133.5154
59.0941,2892.1368,1025.8798,-133.5154
59.1040,2891.4728,1025.6420,-133.5154
59.1137,2890.8879,1025.4262,-133.5154
59.1241,2890.3333,1025.1781,-133.5154
59.1356,2889.7559,1024.9345,-133.5154
59.1450,2889.1910,1024.6818,-133.5154
59.1537,2888.6592,1024.4310,-133.5154
59.1644,2888.0718,1024.1430,-133.5154
59.1741,2887.4513,1023.8405,-133.5154
59.1840,2886.8329,1023.5295,-133.5154
59.1936,2886.1882,1023.2558,-133.5154
59.2044,2885.5256,1022.9838,-133.5154
59.2134,2884.8827,1022.6944,-133.5154
59.2240,2884.2050,1022.4294,-133.5154
59.2347,2883.5549,1022.2003,-133.5154
59.2449,2882.9448,1021.9751,-133.5154
59.2557,2882.4010,1021.7556,-133.5154
59.2636,2881.8807,1021.5083,-133.5154
59.2743,2881.3438,1021.2335,-133.5154
59.2841,2880.7600,1020.9554,-133.5154
59.2941,2880.1401,1020.6562,-133.5154
59.3048,2879.5076,1020.3722,-133.5154
59.3142,2878.8839,1020.0668,-133.5154
59.3240,2878.2482,1019.7782,-133.5154
59.3336,2877.5432,1019.4666,-133.5154
59.3436,2876.8370,1019.2068,-133.5154
59.3541,2876.1132,1018.9405,-133.5154
59.3640,2875.4369,1018.6895,-133.5154
59.3739,2874.7611,1018.4286,-133.5154
59.3837,2874.1941,1018.1744,-133.5154
59.3938,2873.6255,1017.9309,-133.5154
59.4039,2873.0668,1017.6624,-133.5154
59.4151,2872.5192,1017.3952,-133.5154
59.4235,2871.9390,1017.0924,-133.5154
59.4340,2871.2682,1016.7755,-133.5154
59.4437,2870.5759,1016.4540,-133.5154
59.4537,2869.9312,1016.1558,-133.5154
59.4641,2869.2588,1015.8679,-133.5154
59.4753,2868.5416,1015.6053,-133.5154
59.4851,2867.8855,1015.3483,-133.5154
59.4953,2867.2520,1015.1204,-133.5154
59.5059,2866.6575,1014.8662,-133.5154
59.5141,2866.1311,1014.6366,-133.5154
59.5239,2865.5909,1014.3982,-133.5154
59.5336,2864.9913,1014.0998,-133.5154
59.5437,2864.3628,1013.7847,-133.5154
59.5542,2863.7251,1013.4722,-133.5154
59.5640,2863.0482,1013.1514,-133.5154
59.5735,2862.3688,1012.8504,-133.5154
59.5843,2861.6404,1012.5765,-133.5154
59.5938,2860.9347,1012.3220,-133.5154
59.6039,2860.2484,1012.0803,-133.5154
59.6146,2859.6561,1011.8333,-133.5154
59.6242,2859.0607,1011.5870,-133.5154
59.6343,2858.4572,1011.3641,-133.5154
59.6436,2857.8821,1011.1176,-133.5154
59.6541,2857.2617,1010.8592,-133.5154
59.6642,2856.6410,1010.5529,-133.5154
59.6739,2856.0206,1010.2380,-133.5154
59.6840,2855.3569,1009.9287,-133.5154
59.6940,2854.6422,1009.5973,-133.5154
59.7038,2853.9385,1009.2899,-133.5154
59.7135,2853.2192,1009.0229,-133.5154
59.7245,2852.4901,1008.7759,-133.5154
59.7347,2851.8182,1008.5083,-133.5154
59.7453,2851.2363,1008.2567,-133.5154
59.7552,2850.6609,1008.0197,-133.5154
59.7639,2850.1382,1007.8162,-133.5154
59.7740,2849.5298,1007.5587,-133.5154
59.7840,2848.9210,1007.2555,-133.5154
59.7942,2848.3203,1006.9174,-133.5154
59.8039,2847.6409,1006.5959,-133.5154
59.8151,2846.9745,1006.2849,-133.5154
59.8239,2846.2899,1005.9721,-133.5154
59.8345,2845.5725,1005.6653,-133.5154
59.8440,2844.8641,1005.3824,-133.5154
59.8544,2844.1698,1005.1306,-133.5154
59.8644,2843.4865,1004.8651,-133.5154
59.8738,2842.8348,1004.5922,-133.5154
59.8836,2842.1962,1004.3202,-133.5154
59.8940,2841.6140,1004.0564,-133.5154
59.9038,2841.0154,1003.7516,-133.5154
59.9147,2840.4077,1003.4425,-133.5154
59.9240,2839.7457,1003.1219,-133.5154
59.9343,2839.0562,1002.7914,-133.5154
59.9439,2838.3480,1002.4647,-133.5154
59.9540,2837.6510,1002.1748,-133.5154
59.9639,2836.9163,1001.8841,-133.5154
59.9753,2836.1669,1001.5891,-133.5154
59.9854,2835.4634,1001.3129,-133.5154
59.9950,2834.8158,1001.0377,-133.5154
60.0051,2834.2285,1000.8249,-133.5154
60.0152,2833.6735,1000.5712,-133.5154
60.0246,2833.0955,1000.2812,-133.5154
60.0355,2832.4861,999.9647,-133.5154
60.0440,2831.8372,999.6399,-133.5154
60.0541,2831.2006,999.3326,-133.5154
60.0642,2830.5220,998.9977,-133.5154
60.0740,2829.8461,998.6595,-133.5154
60.0842,2829.1210,998.3657,-133.5154
60.0935,2828.3894,998.0841,-133.5154
60.1041,2827.6656,997.8252,-133.5154
60.1144,2826.9821,997.5534,-133.5154
60.1236,2826.3687,997.2815,-133.5154
60.1341,2825.7887,997.0296,-133.5154
60.1436,2825.1869,996.7746,-133.5154
60.1553,2824.6472,996.5118,-133.5154
60.1643,2824.0118,996.1969,-133.5154
60.1747,2823.3971,995.8798,-133.5154
60.1841,2822.7466,995.5462,-133.5154
60.1937,2822.0394,995.2308,-133.5154
60.2036,2821.3252,994.9515,-133.5154
60.2140,2820.5618,994.6591,-133.5154
60.2241,2819.8164,994.3692,-133.5154
60.2340,2819.1605,994.0923,-133.5154
60.2443,2818.5494,993.8377,-133.5154
60.2538,2817.9757,993.5895,-133.5154
60.2650,2817.4211,993.3369,-133.5154
60.2741,2816.8359,993.0746,-133.5154
60.2841,2816.2236,992.7595,-133.5154
60.2939,2815.5970,992.4458,-133.5154
60.3043,2814.9191,992.1346,-133.5154
60.3140,2814.2212,991.8103,-133.5154
60.3240,2813.4807,991.4937,-133.5154
60.3339,2812.7590,991.2390,-133.5154
60.3439,2812.0692,990.9699,-133.5154
60.3540,2811.4615,990.7290,-133.5154
60.3656,2810.8992,990.4450,-133.5154
60.3740,2810.3508,990.1873,-133.5154
60.3841,2809.7933,989.9315,-133.5154
60.3942,2809.1923,989.6583,-133.5154
60.4043,2808.5916,989.3561,-133.5154
60.4142,2807.9722,989.0301,-133.5154
60.4238,2807.3458,988.7100,-133.5154
60.4350,2806.6924,988.3802,-133.5154
60.4454,2806.0112,988.0831,-133.5154
60.4554,2805.2950,987.7801,-133.5154
60.4647,2804.5939,987.4834,-133.5154
60.4736,2803.9443,987.2169,-133.5154
60.4836,2803.3608,986.9511,-133.5154
60.4956,2802.7972,986.6556,-133.5154
60.5034,2802.2299,986.3460,-133.5154
60.5139,2801.6458,986.0279,-133.5154
60.5241,2801.0325,985.7094,-133.5154
60.5343,2800.4144,985.3798,-133.5154
60.5442,2799.7855,985.0797,-133.5154
60.5546,2799.1335,984.7613,-133.5154
60.5643,2798.4547,984.4462,-133.5154
60.5741,2797.8031,984.1435,-133.5154
60.5839,2797.0828,983.8489,-133.5154
60.5937,2796.3778,983.5748,-133.5154
60.6038,2795.7714,983.2927,-133.5154
60.6145,2795.2004,983.0111,-133.5154
60.6238,2794.6410,982.7357,-133.5154
60.6340,2794.1031,982.4536,-133.5154
60.6441,2793.5099,982.1629,-133.5154
60.6539,2792.8599,981.8298,-133.5154
60.6640,2792.2306,981.5155,-133.5154
60.6741,2791.5817,981.2209,-133.5154
60.6857,2790.9150,980.9062,-133.5154
60.6940,2790.2881,980.6065,-133.5154
60.7040,2789.6162,980.3125,-133.5154
60.7138,2788.9386,980.0450,-133.5154
60.7240,2788.2917,979.7862,-133.5154
60.7344,2787.7145,979.5099,-133.5154
60.7448,2787.2041,979.2344,-133.5154
60.7541,2786.6372,978.9601,-133.5154
60.7642,2786.0818,978.6945,-133.5154
60.7750,2785.4972,978.4133,-133.5154
60.7856,2784.8783,978.1372,-133.5154
60.7947,2784.2670,977.8378,-133.5154
60.8044,2783.6360,977.5022,-133.5154
60.8140,2782.9943,977.1814,-133.5154
60.8238,2782.3306,976.8607,-133.5154
60.8335,2781.6644,976.5489,-133.5154
60.8440,2781.0325,976.2791,-133.5154
60.8542,2780.4205,976.0304,-133.5154
60.8640,2779.8925,975.8035,-133.5154
60.8739,2779.3446,975.5496,-133.5154
60.8835,2778.8060,975.2983,-133.5154
60.8952,2778.2172,975.0253,-133.5154
60.9037,2777.6095,974.7350,-133.5154
60.9140,2776.9908,974.4059,-133.5154
60.9245,2776.3679,974.0961,-133.5154
60.9339,2775.7328,973.8002,-133.5154
60.9436,2775.0516,973.5125,-133.5154
60.9543,2774.3676,973.2190,-133.5154
60.9638,2773.6274,972.9201,-133.5154
60.9736,2772.9640,972.6307,-133.5154
60.9839,2772.3384,972.3803,-133.5154
60.9948,2771.7695,972.1271,-133.5154
61.0052,2771.1884,971.8712,-133.5154
61.0143,2770.6366,971.6044,-133.5154
61.0238,2770.0559,971.3263,-133.5154
61.0341,2769.4517,971.0117,-133.5154
61.0439,2768.8077,970.6860,-133.5154
61.0539,2768.1339,970.3528,-133.5154
61.0639,2767.4197,970.0557,-133.5154
61.0741,2766.7024,969.7733,-133.5154
61.0837,2766.0137,969.4763,-133.5154
61.0940,2765.3042,969.2029,-133.5154
61.1042,2764.6626,968.9256,-133.5154
61.1138,2764.0776,968.6877,-133.5154
61.1243,2763.5015,968.4187,-133.5154
61.1351,2762.9143,968.1497,-133.5154
61.1464,2762.3326,967.8594,-133.5154
61.1556,2761.6886,967.5447,-133.5154
61.1640,2761.0370,967.2472,-133.5154
61.1739,2760.3839,966.9382,-133.5154
61.1844,2759.7200,966.6520,-133.5154
61.1938,2759.0439,966.3441,-133.5154
61.2039,2758.3177,966.0095,-133.5154
61.2139,2757.6031,965.7298,-133.5154
61.2236,2756.9081,965.4476,-133.5154
61.2337,2756.2827,965.1732,-133.5154
61.2442,2755.6785,964.8958,-133.5154
61.2540,2755.0924,964.6230,-133.5154
61.2638,2754.4897,964.3451,-133.5154
61.2739,2753.8716,964.0792,-133.5154
61.2838,2753.2180,963.7847,-133.5154
61.2946,2752.5509,963.4948,-133.5154
61.3045,2751.8689,963.1804,-133.5154
61.3143,2751.1844,962.8946,-133.5154
61.3235,2750.4993,962.5838,-133.5154
61.3339,2749.8177,962.2954,-133.5154
61.3440,2749.1384,962.0377,-133.5154
61.3542,2748.5122,961.7663,-133.5154
61.3636,2747.9006,961.5154,-133.5154
61.3741,2747.3008,961.2569,-133.5154
61.3839,2746.6699,960.9734,-133.5154
61.3935,2746.0558,960.6548,-133.5154
61.4039,2745.3849,960.3170,-133.5154
61.4141,2744.7013,960.0097,-133.5154
61.4240,2744.0251,959.6921,-133.5154
61.4335,2743.3159,959.3473,-133.5154
61.4439,2742.6244,958.9930,-133.5154
61.4550,2741.9110,958.6704,-133.5154
61.4645,2741.2653,958.3615,-133.5154
61.4746,2740.6327,958.0781,-133.5154
61.4851,2740.0527,957.8405,-133.5154
61.4970,2739.4823,957.5518,-133.5154
61.5040,2738.9517,957.2685,-133.5154
61.5139,2738.3528,956.9505,-133.5154
61.5240,2737.6851,956.6326,-133.5154
61.5338,2737.0153,956.3443,-133.5154
61.5437,2736.3127,956.0118,-133.5154
61.5538,2735.6365,955.6814,-133.5154
61.5638,2734.9523,955.3546,-133.5154
61.5747,2734.2509,955.0002,-133.5154
61.5840,2733.5245,954.7170,-133.5154
61.5950,2732.8438,954.4347,-133.5154
61.6050,2732.2754,954.1942,-133.5154
61.6136,2731.7076,953.9091,-133.5154
61.6236,2731.1488,953.6149,-133.5154
61.6336,2730.5695,953.3141,-133.5154
61.6436,2729.9105,953.0450,-133.5154
61.6540,2729.2843,952.7412,-133.5154
61.6637,2728.6292,952.4134,-133.5154
61.6739,2727.9327,952.0676,-133.5154
61.6840,2727.2551,951.7294,-133.5154
61.6936,2726.5486,951.4129,-133.5154
61.7040,2725.8146,951.1102,-133.5154
61.7136,2725.1226,950.7892,-133.5154
61.7249,2724.4587,950.4501,-133.5154
61.7362,2723.8337,950.1075,-133.5154
61.7442,2723.1761,949.8067,-133.5154
61.7541,2722.5555,949.5387,-133.5154
61.7639,2721.9269,949.2282,-133.5154
61.7737,2721.2943,948.9161,-133.5154
61.7836,2720.6244,948.6145,-133.5154
61.7940,2719.9982,948.3107,-133.5154
61.8037,2719.3544,948.0104,-133.5154
61.8138,2718.6971,947.6953,-133.5154
61.8237,2718.0165,947.3851,-133.5154
61.8342,2717.3864,947.1413,-133.5154
61.8443,2716.7848,946.8554,-133.5154
61.8540,2716.2086,946.5753,-133.5154
61.8642,2715.6139,946.2772,-133.5154
61.8739,2714.9736,945.9778,-133.5154
61.8840,2714.3226,945.6834,-133.5154
61.8939,2713.6733,945.3680,-133.5154
61.9052,2713.0560,945.0783,-133.5154
61.9147,2712.4126,944.7450,-133.5154
61.9247,2711.7781,944.4271,-133.5154
61.9337,2711.1541,944.0925,-133.5154
61.9438,2710.5386,943.7998,-133.5154
61.9538,2709.9312,943.5034,-133.5154
61.9640,2709.2595,943.1714,-133.5154
61.9750,2708.5768,942.8430,-133.5154
61.9835,2707.9153,942.5096,-133.5154
61.9938,2707.2610,942.1985,-133.5154
62.0039,2706.6527,941.9219,-133.5154
62.0140,2706.0477,941.6223,-133.5154
62.0249,2705.4116,941.3100,-133.5154
62.0343,2704.7760,941.0102,-133.5154
62.0442,2704.1438,940.6859,-133.5154
62.0545,2703.5249,940.3667,-133.5154
62.0654,2702.9082,940.0229,-133.5154
62.0737,2702.2771,939.7204,-133.5154
62.0837,2701.6829,939.4568,-133.5154
62.0950,2701.1129,939.1916,-133.5154
62.1052,2700.5458,938.9382,-133.5154
62.1144,2699.9420,938.6435,-133.5154
62.1238,2699.3502,938.3559,-133.5154
62.1336,2698.7476,938.0676,-133.5154
62.1437,2698.1119,937.7727,-133.5154
62.1535,2697.4918,937.4907,-133.5154
62.1640,2696.8889,937.1835,-133.5154
62.1734,2696.2533,936.8722,-133.5154
62.1844,2695.6708,936.5532,-133.5154
62.1946,2695.0746,936.2580,-133.5154
62.2054,2694.4813,935.9852,-133.5154
62.2141,2693.9171,935.7147,-133.5154
62.2237,2693.3328,935.4529,-133.5154
62.2350,2692.7548,935.1873,-133.5154
62.2437,2692.1481,934.9235,-133.5154
62.2537,2691.5449,934.6436,-133.5154
62.2641,2690.9453,934.3393,-133.5154
62.2752,2690.4004,934.0341,-133.5154
62.2840,2689.8049,933.7381,-133.5154
62.2942,2689.1979,933.4810,-133.5154
62.3038,2688.6013,933.1975,-133.5154
62.3142,2687.9862,932.8832,-133.5154
62.3240,2687.4230,932.5574,-133.5154
62.3337,2686.8284,932.2606,-133.5154
62.3439,2686.2222,932.0023,-133.5154
62.3557,2685.8213,931.7765,-133.5154
62.3639,2685.2267,931.4633,-133.5154
62.3740,2684.5896,931.1594,-133.5154
62.3838,2683.9200,930.8298,-133.5154
62.3938,2683.2581,930.5348,-133.5154
62.4041,2682.5728,930.2210,-133.5154
62.4141,2681.8674,929.8868,-133.5154
62.4239,2681.1962,929.5793,-133.5154
62.4340,2680.5212,929.2280,-133.5154
62.4435,2679.8695,928.9027,-133.5154
62.4540,2679.2043,928.5836,-133.5154
62.4638,2678.5695,928.3119,-133.5154
62.4741,2677.9884,928.0508,-133.5154
62.4842,2677.3701,927.7745,-133.5154
62.4939,2676.7742,927.5114,-133.5154
62.5039,2676.1097,927.2376,-133.5154
62.5143,2675.4520,926.9431,-133.5154
62.5243,2674.7970,926.6223,-133.5154
62.5343,2674.1317,926.2869,-133.5154
62.5460,2673.4688,925.9690,-133.5154
62.5542,2672.8451,925.6617,-133.5154
62.5640,2672.2474,925.3555,-133.5154
62.5739,2671.6241,925.0542,-133.5154
62.5836,2671.0240,924.7721,-133.5154
62.5936,2670.3982,924.5065,-133.5154
62.6037,2669.7687,924.2276,-133.5154
62.6141,2669.1111,923.9328,-133.5154
62.6241,2668.4749,923.6407,-133.5154
62.6350,2667.8103,923.3357,-133.5154
62.6436,2667.1772,923.0557,-133.5154
62.6546,2666.5399,922.7364,-133.5154
62.6643,2665.9050,922.4276,-133.5154
62.6747,2665.2600,922.0826,-133.5154
62.6846,2664.6459,921.7761,-133.5154
62.6940,2664.0632,921.5107,-133.5154
62.7040,2663.4373,921.2042,-133.5154
62.7151,2662.8405,920.9299,-133.5154
62.7256,2662.1753,920.6088,-133.5154
62.7342,2661.4761,920.3098,-133.5154
62.7442,2660.8179,920.0047,-133.5154
62.7539,2660.1659,919.6778,-133.5154
62.7641,2659.5009,919.3669,-133.5154
62.7739,2658.8407,919.0448,-133.5154
62.7847,2658.2067,918.7644,-133.5154
62.7950,2657.5079,918.4490,-133.5154
62.8039,2656.8710,918.0910,-133.5154
62.8152,2656.2861,917.7775,-133.5154
62.8240,2655.6766,917.4575,-133.5154
62.8338,2655.0233,917.1369,-133.5154
62.8440,2654.4167,916.8369,-133.5154
62.8547,2653.7732,916.5649,-133.5154
62.8640,2653.1302,916.2720,-133.5154
62.8757,2652.4586,915.9462,-133.5154
62.8837,2651.7954,915.6707,-133.5154
62.8937,2651.1517,915.3768,-133.5154
62.9036,2650.4823,915.0577,-133.5154
62.9147,2649.8093,914.7329,-133.5154
62.9248,2649.1584,914.3853,-133.5154
62.9339,2648.5632,914.0599,-133.5154
62.9454,2647.9344,913.7105,-133.5154
62.9552,2647.2810,913.3849,-133.5154
62.9647,2646.6157,913.0621,-133.5154
62.9753,2645.9644,912.7589,-133.5154
62.9846,2645.2987,912.4764,-133.5154
62.9945,2644.6152,912.1680,-133.5154
63.0040,2643.9702,911.8555,-133.5154
63.0136,2643.3328,911.5526,-133.5154
63.0235,2642.6602,911.2227,-133.5154
63.0335,2642.0122,910.9189,-133.5154
63.0439,2641.3376,910.5954,-133.5154
63.0539,2640.6881,910.2559,-133.5154
63.0635,2640.0358,909.9170,-133.5154
63.0740,2639.3779,909.5834,-133.5154
63.0843,2638.7152,909.2838,-133.5154
63.0939,2638.0262,908.9613,-133.5154
63.1044,2637.4053,908.6665,-133.5154
63.1141,2636.7507,908.3827,-133.5154
63.1253,2636.0541,908.0607,-133.5154
63.1342,2635.3978,907.7711,-133.5154
63.1441,2634.7120,907.4608,-133.5154
63.1554,2634.0604,907.1360,-133.5154
63.1638,2633.4332,906.8103,-133.5154
63.1739,2632.8235,906.4692,-133.5154
63.1835,2632.1765,906.1390,-133.5154
63.1939,2631.5327,905.8017,-133.5154
63.2039,2630.8798,905.5085,-133.5154
63.2139,2630.2625,905.2403,-133.5154
63.2243,2629.6614,904.9693,-133.5154
63.2338,2629.0468,904.6958,-133.5154
63.2441,2628.3920,904.4096,-133.5154
63.2538,2627.7725,904.1233,-133.5154
63.2640,2627.1481,903.8146,-133.5154
63.2757,2626.5194,903.4859,-133.5154
63.2846,2625.9526,903.1977,-133.5154
63.2940,2625.3901,902.8814,-133.5154
63.3044,2624.8135,902.5743,-133.5154
63.3139,2624.2156,902.2236,-133.5154
63.3247,2623.6094,901.9020,-133.5154
63.3337,2622.9744,901.6187,-133.5154
63.3439,2622.3447,901.3094,-133.5154
63.3539,2621.7292,901.0459,-133.5154
63.3646,2621.1023,900.7419,-133.5154
63.3742,2620.4939,900.4571,-133.5154
63.3846,2619.8724,900.1725,-133.5154
63.3935,2619.2421,899.8649,-133.5154
63.4038,2618.6571,899.5807,-133.5154
63.4142,2618.0651,899.2591,-133.5154
63.4250,2617.5411,898.9413,-133.5154
63.4343,2616.9728,898.5961,-133.5154
63.4437,2616.3953,898.2442,-133.5154
63.4545,2615.7699,897.8956,-133.5154
63.4645,2615.1379,897.5641,-133.5154
63.4740,2614.4943,897.2703,-133.5154
63.4841,2613.8708,896.9532,-133.5154
63.4954,2613.2373,896.6338,-133.5154
63.5041,2612.6262,896.3214,-133.5154
63.5147,2612.0188,896.0225,-133.5154
63.5239,2611.3907,895.7567,-133.5154
63.5337,2610.7828,895.4590,-133.5154
63.5439,2610.2076,895.1071,-133.5154
63.5536,2609.5908,894.7565,-133.5154
63.5637,2608.9784,894.4101,-133.5154
63.5747,2608.3569,894.0676,-133.5154
63.5840,2607.7230,893.7130,-133.5154
63.5939,2607.0638,893.3935,-133.5154
63.6037,2606.4344,893.1041,-133.5154
63.6149,2605.8024,892.8135,-133.5154
63.6260,2605.1637,892.5371,-133.5154
63.6341,2604.5454,892.2208,-133.5154
63.6441,2603.9532,891.9131,-133.5154
63.6544,2603.3739,891.6113,-133.5154
63.6637,2602.7892,891.3010,-133.5154
63.6740,2602.2332,891.0108,-133.5154
63.6840,2601.6586,890.6566,-133.5154
63.6938,2601.0671,890.3192,-133.5154
63.7048,2600.4666,889.9845,-133.5154
63.7142,2599.8424,889.6766,-133.5154
63.7246,2599.2263,889.4083,-133.5154
63.7343,2598.6012,889.1218,-133.5154
63.7436,2598.0018,888.8369,-133.5154
63.7545,2597.3962,888.5052,-133.5154
63.7650,2596.7518,888.1994,-133.5154
63.7748,2596.1489,887.9200,-133.5154
63.7843,2595.5504,887.6208,-133.5154
63.7944,2594.9767,887.3175,-133.5154
63.8052,2594.4158,887.0019,-133.5154
63.8141,2593.8298,886.6633,-133.5154
63.8241,2593.1912,886.3323,-133.5154
63.8343,2592.5892,885.9783,-133.5154
63.8436,2591.9689,885.6767,-133.5154
63.8545,2591.3236,885.3751,-133.5154
63.8641,2590.6782,885.1029,-133.5154
63.8736,2590.0396,884.8411,-133.5154
63.8841,2589.3934,884.5344,-133.5154
63.8940,2588.8059,884.2425,-133.5154
63.9042,2588.2423,883.9274,-133.5154
63.9140,2587.6626,883.6177,-133.5154
63.9236,2587.0760,883.3425,-133.5154
63.9340,2586.4580,883.0042,-133.5154
63.9436,2585.8259,882.6492,-133.5154
63.9538,2585.1865,882.2935,-133.5154
63.9640,2584.5018,881.9893,-133.5154
63.9740,2583.8435,881.7011,-133.5154
63.9837,2583.1888,881.3948,-133.5154
63.9935,2582.5449,881.0993,-133.5154
64.0040,2581.9041,880.7832,-133.5154
64.0139,2581.2747,880.5012,-133.5154
64.0240,2580.6564,880.2101,-133.5154
64.0344,2580.0625,879.9025,-133.5154
64.0435,2579.4683,879.6133,-133.5154
64.0546,2578.8618,879.2695,-133.5154
64.0640,2578.2426,878.9456,-133.5154
64.0739,2577.5787,878.5946,-133.5154
64.0837,2576.9073,878.2434,-133.5154
64.0935,2576.2245,877.9180,-133.5154
64.1037,2575.5280,877.6116,-133.5154
64.1139,2574.8330,877.3106,-133.5154
64.1239,2574.1959,877.0281,-133.5154
64.1340,2573.5876,876.7311,-133.5154
64.1437,2572.9608,876.4528,-133.5154
64.1537,2572.3495,876.1388,-133.5154
64.1641,2571.7544,875.8371,-133.5154
64.1738,2571.1158,875.5136,-133.5154
64.1837,2570.4954,875.1660,-133.5154
64.1951,2569.8623,874.8162,-133.5154
64.2043,2569.1802,874.4655,-133.5154
64.2140,2568.4991,874.1408,-133.5154
64.2239,2567.7920,873.8195,-133.5154
64.2344,2567.0963,873.5099,-133.5154
64.2439,2566.4189,873.2151,-133.5154
64.2538,2565.7705,872.9152,-133.5154
64.2646,2565.1281,872.6386,-133.5154
64.2740,2564.5013,872.3163,-133.5154
64.2837,2563.9088,872.0113,-133.5154
64.2942,2563.3396,871.6993,-133.5154
64.3040,2562.7242,871.3907,-133.5154
64.3139,2562.1232,871.0624,-133.5154
64.3238,2561.4921,870.7042,-133.5154
64.3343,2560.8289,870.3436,-133.5154
64.3442,2560.1671,870.0267,-133.5154
64.3538,2559.5304,869.7565,-133.5154
64.3641,2558.8807,869.4796,-133.5154
64.3737,2558.2617,869.1412,-133.5154
64.3837,2557.6626,868.8491,-133.5154
64.3939,2557.0385,868.5690,-133.5154
64.4040,2556.4288,868.2681,-133.5154
64.4140,2555.8446,867.9629,-133.5154
64.4244,2555.2389,867.6276,-133.5154
64.4346,2554.6187,867.2952,-133.5154
64.4439,2554.0159,866.9172,-133.5154
64.4536,2553.3906,866.5451,-133.5154
64.4640,2552.7012,866.1954,-133.5154
64.4742,2552.0488,865.8596,-133.5154
64.4852,2551.4022,865.5695,-133.5154
64.4952,2550.7651,865.2819,-133.5154
64.5043,2550.1512,864.9786,-133.5154
64.5140,2549.5378,864.6920,-133.5154
64.5243,2548.9111,864.3578,-133.5154
64.5349,2548.3065,864.0376,-133.5154
64.5440,2547.6979,863.6907,-133.5154
64.5553,2547.1031,863.3265,-133.5154
64.5638,2546.4651,862.9572,-133.5154
64.5734,2545.8019,862.6176,-133.5154
64.5836,2545.1516,862.2992,-133.5154
64.5939,2544.4807,861.9978,-133.5154
64.6039,2543.8390,861.7059,-133.5154
64.6139,2543.1986,861.4127,-133.5154
64.6239,2542.5538,861.1070,-133.5154
64.6339,2541.9570,860.8067,-133.5154
64.6442,2541.3639,860.5164,-133.5154
64.6553,2540.7537,860.2141,-133.5154
64.6646,2540.1571,859.9219,-133.5154
64.6746,2539.5642,859.5667,-133.5154
64.6837,2538.9772,859.2110,-133.5154
64.6934,2538.3608,858.8373,-133.5154
64.7039,2537.7122,858.4865,-133.5154
64.7140,2536.9854,858.1180,-133.5154
64.7236,2536.2710,857.7918,-133.5154
64.7349,2535.5734,857.4831,-133.5154
64.7434,2534.9131,857.1617,-133.5154
64.7537,2534.2942,856.8561,-133.5154
64.7640,2533.7275,856.5600,-133.5154
64.7735,2533.1315,856.2829,-133.5154
64.7846,2532.5675,855.9774,-133.5154
64.7941,2531.9929,855.6307,-133.5154
64.8040,2531.3887,855.2812,-133.5154
64.8146,2530.7657,854.9112,-133.5154
64.8237,2530.1050,854.5530,-133.5154
64.8343,2529.4663,854.2572,-133.5154
64.8437,2528.7913,853.9438,-133.5154
64.8545,2528.1357,853.6591,-133.5154
64.8646,2527.5336,853.3520,-133.5154
64.8738,2526.9358,853.0443,-133.5154
64.8851,2526.3834,852.7647,-133.5154
64.8936,2525.8279,852.4661,-133.5154
64.9042,2525.2490,852.1651,-133.5154
64.9147,2524.6388,851.7890,-133.5154
64.9255,2524.0255,851.4288,-133.5154
64.9342,2523.3896,851.0540,-133.5154
64.9454,2522.7236,850.6472,-133.5154
64.9553,2522.0210,850.2661,-133.5154
64.9642,2521.2998,849.9058,-133.5154
64.9737,2520.6024,849.5996,-133.5154
64.9839,2519.9509,849.2941,-133.5154
64.9942,2519.3613,848.9850,-133.5154
65.0040,2518.7844,848.7048,-133.5154
65.0139,2518.2133,848.4073,-133.5154
65.0246,2517.6793,848.1082,-133.5154
65.0344,2517.1104,847.7818,-133.5154
65.0436,2516.5189,847.4354,-133.5154
65.0541,2515.9032,847.0762,-133.5154
65.0643,2515.2618,846.6982,-133.5154
65.0738,2514.6085,846.3305,-133.5154
65.0840,2513.9453,846.0005,-133.5154
65.0937,2513.3245,845.7146,-133.5154
65.1042,2512.7482,845.4479,-133.5154
65.1148,2512.1956,845.1475,-133.5154
65.1240,2511.6490,844.8664,-133.5154
65.1337,2511.0862,844.5949,-133.5154
65.1441,2510.5139,844.3157,-133.5154
65.1546,2509.9359,844.0208,-133.5154
65.1640,2509.3491,843.6768,-133.5154
65.1736,2508.7367,843.3341,-133.5154
65.1835,2508.1536,842.9765,-133.5154
65.1940,2507.5065,842.6142,-133.5154
65.2038,2506.8335,842.2601,-133.5154
65.2137,2506.1863,841.9163,-133.5154
65.2251,2505.5670,841.6592,-133.5154
65.2339,2504.9460,841.3894,-133.5154
65.2447,2504.3701,841.1106,-133.5154
65.2550,2503.8276,840.8297,-133.5154
65.2654,2503.2653,840.5503,-133.5154
65.2738,2502.7151,840.2907,-133.5154
65.2837,2502.1436,839.9787,-133.5154
65.2943,2501.5527,839.6406,-133.5154
65.3050,2500.9536,839.2933,-133.5154
65.3139,2500.3137,838.9405,-133.5154
65.3239,2499.6752,838.5955,-133.5154
65.3339,2499.0081,838.2203,-133.5154
65.3437,2498.3577,837.8795,-133.5154
65.3536,2497.6733,837.5638,-133.5154
65.3653,2497.0125,837.2796,-133.5154
65.3745,2496.4203,837.0148,-133.5154
65.3837,2495.8356,836.7053,-133.5154
65.3932,2495.2457,836.4259,-133.5154
65.4037,2494.6782,836.1487,-133.5154
65.4143,2494.0442,835.8261,-133.5154
65.4243,2493.4518,835.4837,-133.5154
65.4348,2492.8157,835.1042,-133.5154
65.4436,2492.1893,834.7495,-133.5154
65.4540,2491.5146,834.3698,-133.5154
65.4639,2490.8291,834.0085,-133.5154
65.4735,2490.1594,833.7173,-133.5154
65.4838,2489.4874,833.4272,-133.5154
65.4939,2488.8621,833.1671,-133.5154
65.5045,2488.2999,832.8550,-133.5154
65.5139,2487.6956,832.5793,-133.5154
65.5237,2487.0995,832.2921,-133.5154
65.5337,2486.5175,831.9837,-133.5154
65.5438,2485.9062,831.6653,-133.5154
65.5541,2485.2783,831.2806,-133.5154
65.5643,2484.6517,830.9186,-133.5154
65.5740,2483.9933,830.5620,-133.5154
65.5841,2483.3313,830.1867,-133.5154
65.5934,2482.6840,829.8968,-133.5154
65.6041,2482.0704,829.6115,-133.5154
65.6140,2481.4807,829.3453,-133.5154
65.6240,2480.9004,829.0804,-133.5154
65.6336,2480.3215,828.7796,-133.5154
65.6437,2479.7236,828.5084,-133.5154
65.6537,2479.1570,828.2056,-133.5154
65.6639,2478.5869,827.9022,-133.5154
65.6740,2477.9816,827.5443,-133.5154
65.6839,2477.3262,827.1617,-133.5154
65.6934,2476.6580,826.7988,-133.5154
65.7040,2475.9706,826.4049,-133.5154
65.7141,2475.2860,826.0536,-133.5154
65.7241,2474.6501,825.7258,-133.5154
65.7346,2474.0208,825.4447,-133.5154
65.7446,2473.3907,825.1837,-133.5154
65.7536,2472.7954,824.9083,-133.5154
65.7640,2472.2092,824.6187,-133.5154
65.7754,2471.6541,824.2927,-133.5154
65.7843,2471.0684,823.9540,-133.5154
65.7935,2470.4426,823.6138,-133.5154
65.8040,2469.7716,823.2358,-133.5154
65.8141,2469.1063,822.8605,-133.5154
65.8240,2468.4463,822.4664,-133.5154
65.8340,2467.7760,822.1032,-133.5154
65.8450,2467.1118,821.7930,-133.5154
65.8548,2466.4945,821.5093,-133.5154
65.8638,2465.9150,821.2518,-133.5154
65.8741,2465.3416,820.9474,-133.5154
65.8842,2464.7516,820.6770,-133.5154
65.8934,2464.1155,820.3736,-133.5154
65.9039,2463.4773,820.0173,-133.5154
65.9139,2462.8500,819.6781,-133.5154
65.9249,2462.2148,819.3121,-133.5154
65.9345,2461.5460,818.9503,-133.5154
65.9440,2460.9056,818.5689,-133.5154
65.9545,2460.2220,818.1804,-133.5154
65.9640,2459.5275,817.8306,-133.5154
65.9742,2458.8662,817.4900,-133.5154
65.9846,2458.2477,817.2422,-133.5154
65.9938,2457.6226,816.9528,-133.5154
66.0038,2457.0388,816.6803,-133.5154
66.0144,2456.4407,816.3844,-133.5154
66.0245,2455.8481,816.0399,-133.5154
66.0340,2455.2017,815.7001,-133.5154
66.0438,2454.5651,815.3412,-133.5154
66.0541,2453.9196,814.9822,-133.5154
66.0646,2453.2368,814.6029,-133.5154
66.0735,2452.5636,814.2181,-133.5154
66.0838,2451.8810,813.8868,-133.5154
66.0937,2451.2572,813.5452,-133.5154
66.1044,2450.6633,813.2500,-133.5154
66.1152,2450.0928,812.9586,-133.5154
66.1240,2449.5205,812.6683,-133.5154
66.1336,2448.9469,812.4181,-133.5154
66.1436,2448.3271,812.1049,-133.5154
66.1538,2447.6802,811.7588,-133.5154
66.1643,2447.0280,811.3940,-133.5154
66.1755,2446.3445,811.0072,-133.5154
66.1836,2445.6866,810.6476,-133.5154
66.1935,2444.9989,810.2546,-133.5154
66.2038,2444.3479,809.9072,-133.5154
66.2140,2443.7209,809.5898,-133.5154
66.2236,2443.1616,809.2842,-133.5154
66.2350,2442.6268,809.0459,-133.5154
66.2440,2442.1222,808.7814,-133.5154
66.2550,2441.6017,808.5152,-133.5154
66.2635,2441.0096,808.1974,-133.5154
66.2734,2440.4012,807.8523,-133.5154
66.2839,2439.7842,807.5143,-133.5154
66.2942,2439.1567,807.1411,-133.5154
66.3038,2438.5500,806.7830,-133.5154
66.3140,2437.9122,806.4122,-133.5154
66.3239,2437.2467,806.0693,-133.5154
66.3340,2436.6157,805.7255,-133.5154
66.3440,2436.0311,805.3906,-133.5154
66.3547,2435.4867,805.1159,-133.5154
66.3643,2434.9464,804.8499,-133.5154
66.3741,2434.4099,804.5895,-133.5154
66.3857,2433.8287,804.2823,-133.5154
66.3944,2433.2679,803.9259,-133.5154
66.4047,2432.6803,803.5784,-133.5154
66.4151,2432.0229,803.2176,-133.5154
66.4237,2431.4226,802.8483,-133.5154
66.4343,2430.7915,802.4947,-133.5154
66.4435,2430.1528,802.1281,-133.5154
66.4545,2429.5327,801.7604,-133.5154
66.4647,2428.9126,801.3687,-133.5154
66.4742,2428.2845,801.0262,-133.5154
66.4849,2427.7036,800.7172,-133.5154
66.4937,2427.1404,800.4242,-133.5154
66.5039,2426.5909,800.1312,-133.5154
66.5140,2426.0114,799.7953,-133.5154
66.5237,2425.4242,799.4745,-133.5154
66.5336,2424.7886,799.1147,-133.5154
66.5437,2424.1381,798.7367,-133.5154
66.5535,2423.4966,798.3768,-133.5154
66.5638,2422.8452,797.9839,-133.5154
66.5752,2422.1761,797.5859,-133.5154
66.5841,2421.4974,797.1656,-133.5154
66.5939,2420.8527,796.7883,-133.5154
66.6041,2420.2609,796.4941,-133.5154
66.6157,2419.7126,796.2166,-133.5154
66.6241,2419.1901,795.9731,-133.5154
66.6340,2418.6149,795.6755,-133.5154
66.6441,2418.0386,795.3438,-133.5154
66.6535,2417.4531,795.0378,-133.5154
66.6638,2416.8225,794.6666,-133.5154
66.6736,2416.1853,794.3074,-133.5154
66.6837,2415.5315,793.9249,-133.5154
66.6935,2414.8765,793.5482,-133.5154
66.7038,2414.1930,793.1648,-133.5154
66.7141,2413.5493,792.7779,-133.5154
66.7240,2412.9767,792.4778,-133.5154
66.7340,2412.4214,792.2067,-133.5154
66.7437,2411.8914,791.9577,-133.5154
66.7549,2411.3774,791.6931,-133.5154
66.7642,2410.7916,791.3673,-133.5154
66.7740,2410.1713,791.0436,-133.5154
66.7851,2409.5479,790.7124,-133.5154
66.7934,2408.9395,790.3452,-133.5154
66.8037,2408.3046,789.9716,-133.5154
66.8138,2407.6587,789.5913,-133.5154
66.8238,2407.0031,789.2345,-133.5154
66.8354,2406.3713,788.8757,-133.5154
66.8435,2405.8019,788.5357,-133.5154
66.8548,2405.2588,788.2547,-133.5154
66.8651,2404.7363,787.9822,-133.5154
66.8738,2404.1930,787.7321,-133.5154
66.8842,2403.6085,787.4274,-133.5154
66.8937,2403.0057,787.1176,-133.5154
66.9057,2402.4127,786.7888,-133.5154
66.9161,2401.8020,786.4205,-133.5154
66.9255,2401.1414,786.0491,-133.5154
66.9343,2400.4657,785.6792,-133.5154
66.9447,2399.8075,785.2912,-133.5154
66.9551,2399.1390,784.9117,-133.5154
66.9642,2398.4896,784.5669,-133.5154
66.9744,2397.8539,784.2846,-133.5154
66.9857,2397.2620,783.9889,-133.5154
66.9943,2396.6931,783.7166,-133.5154
67.0043,2396.1471,783.4171,-133.5154
67.0138,2395.5690,783.1327,-133.5154
67.0237,2394.9661,782.8209,-133.5154
67.0339,2394.3839,782.4553,-133.5154
67.0439,2393.7797,782.1273,-133.5154
67.0539,2393.1471,781.7595,-133.5154
67.0640,2392.4895,781.4037,-133.5154
67.0741,2391.8250,781.0226,-133.5154
67.0841,2391.1414,780.6445,-133.5154
67.0941,2390.4941,780.3245,-133.5154
67.1041,2389.8934,780.0384,-133.5154
67.1141,2389.2915,779.7637,-133.5154
67.1238,2388.7172,779.4750,-133.5154
67.1339,2388.1072,779.1628,-133.5154
67.1451,2387.5175,778.8714,-133.5154
67.1537,2386.9132,778.5209,-133.5154
67.1638,2386.2740,778.1459,-133.5154
67.1734,2385.6586,777.7655,-133.5154
67.1843,2384.9642,777.3803,-133.5154
67.1940,2384.2739,777.0158,-133.5154
67.2040,2383.5898,776.6546,-133.5154
67.2139,2382.9247,776.3155,-133.5154
67.2236,2382.3031,775.9993,-133.5154
67.2349,2381.7231,775.7134,-133.5154
67.2448,2381.1434,775.4565,-133.5154
67.2536,2380.5907,775.1478,-133.5154
67.2636,2380.0214,774.8479,-133.5154
67.2737,2379.3870,774.4990,-133.5154
67.2841,2378.7168,774.1294,-133.5154
67.2932,2378.0864,773.7764,-133.5154
67.3046,2377.4547,773.4100,-133.5154
67.3139,2376.7462,773.0412,-133.5154
67.3241,2376.1168,772.6566,-133.5154
67.3337,2375.4525,772.2807,-133.5154
67.3434,2374.8586,771.9490,-133.5154
67.3537,2374.3131,771.6552,-133.5154
67.3641,2373.7924,771.4172,-133.5154
67.3740,2373.2092,771.1015,-133.5154
67.3837,2372.6003,770.7616,-133.5154
67.3940,2371.9821,770.4333,-133.5154
67.4048,2371.3495,770.0949,-133.5154
67.4150,2370.7069,769.7476,-133.5154
67.4243,2370.0378,769.3534,-133.5154
67.4345,2369.3320,768.9747,-133.5154
67.4438,2368.6528,768.5853,-133.5154
67.4538,2367.9945,768.1968,-133.5154
67.4642,2367.3861,767.8497,-133.5154
67.4741,2366.7975,767.5228,-133.5154
67.4838,2366.2581,767.2271,-133.5154
67.4934,2365.7413,766.9324,-133.5154
67.5038,2365.1868,766.5845,-133.5154
67.5140,2364.6169,766.2438,-133.5154
67.5240,2363.9872,765.8802,-133.5154
67.5353,2363.3097,765.5182,-133.5154
67.5437,2362.6420,765.1383,-133.5154
67.5542,2361.9678,764.7724,-133.5154
67.5640,2361.2767,764.3941,-133.5154
67.5739,2360.6036,764.0006,-133.5154
67.5841,2359.9916,763.6603,-133.5154
67.5938,2359.3875,763.3300,-133.5154
67.6056,2358.8344,763.0267,-133.5154
67.6153,2358.2607,762.7428,-133.5154
67.6241,2357.6592,762.4201,-133.5154
67.6342,2357.0476,762.0823,-133.5154
67.6433,2356.4480,761.7411,-133.5154
67.6548,2355.8143,761.3891,-133.5154
67.6639,2355.1406,761.0123,-133.5154
67.6741,2354.4843,760.6076,-133.5154
67.6850,2353.8148,760.2405,-133.5154
67.6956,2353.1888,759.8549,-133.5154
67.7044,2352.5790,759.4836,-133.5154
67.7140,2351.9851,759.1388,-133.5154
67.7240,2351.3524,758.8071,-133.5154
67.7339,2350.7457,758.4889,-133.5154
67.7440,2350.1484,758.1568,-133.5154
67.7539,2349.5439,757.8149,-133.5154
67.7655,2348.9224,757.4837,-133.5154
67.7756,2348.2749,757.1348,-133.5154
67.7843,2347.6335,756.7944,-133.5154
67.7939,2347.0017,756.4183,-133.5154
67.8039,2346.4084,756.0642,-133.5154
67.8139,2345.8124,755.7139,-133.5154
67.8237,2345.2228,755.3552,-133.5154
67.8336,2344.6670,755.0245,-133.5154
67.8436,2344.1230,754.7021,-133.5154
67.8543,2343.5558,754.4097,-133.5154
67.8640,2342.9607,754.0933,-133.5154
67.8736,2342.3247,753.7480,-133.5154
67.8849,2341.7051,753.4091,-133.5154
67.8944,2341.0602,753.0390,-133.5154
67.9038,2340.4208,752.6642,-133.5154
67.9139,2339.7720,752.2751,-133.5154
67.9236,2339.1086,751.8836,-133.5154
67.9338,2338.5051,751.5274,-133.5154
67.9434,2337.9313,751.1407,-133.5154
67.9539,2337.3290,750.7634,-133.5154
67.9647,2336.7197,750.3974,-133.5154
67.9745,2336.1245,750.0615,-133.5154
67.9841,2335.5399,749.7262,-133.5154
67.9939,2334.9452,749.3731,-133.5154
68.0041,2334.3563,749.0476,-133.5154
68.0135,2333.7191,748.7056,-133.5154
68.0253,2333.0785,748.3331,-133.5154
68.0337,2332.4751,747.9899,-133.5154
68.0435,2331.8540,747.6278,-133.5154
68.0540,2331.2404,747.2953,-133.5154
68.0638,2330.6469,746.9099,-133.5154
68.0747,2330.0574,746.5525,-133.5154
68.0844,2329.4739,746.2118,-133.5154
68.0946,2328.9042,745.9087,-133.5154
68.1035,2328.3616,745.6447,-133.5154
68.1141,2327.8326,745.3319,-133.5154
68.1240,2327.3021,745.0112,-133.5154
68.1336,2326.7025,744.6932,-133.5154
68.1442,2326.0778,744.3464,-133.5154
68.1546,2325.4418,743.9947,-133.5154
68.1639,2324.8110,743.6265,-133.5154
68.1747,2324.1782,743.2757,-133.5154
68.1855,2323.5571,742.9235,-133.5154
68.1947,2322.9814,742.5876,-133.5154
68.2045,2322.4457,742.2555,-133.5154
68.2148,2321.9160,741.9320,-133.5154
68.2253,2321.3647,741.6517,-133.5154
68.2331,2320.8011,741.3591,-133.5154
68.2439,2320.2317,741.0306,-133.5154
68.2540,2319.6377,740.6971,-133.5154
68.2637,2319.0312,740.3497,-133.5154
68.2745,2318.3789,740.0085,-133.5154
68.2840,2317.7590,739.6640,-133.5154
68.2936,2317.1449,739.3269,-133.5154
68.3039,2316.5125,738.9887,-133.5154
68.3146,2315.8746,738.6159,-133.5154
68.3251,2315.2509,738.2582,-133.5154
68.3341,2314.6301,737.8789,-133.5154
68.3436,2314.0316,737.5433,-133.5154
68.3535,2313.4801,737.2463,-133.5154
68.3640,2312.9032,736.9248,-133.5154
68.3733,2312.2732,736.6210,-133.5154
68.3837,2311.6804,736.2705,-133.5154
68.3937,2311.0588,735.9510,-133.5154
68.4035,2310.3992,735.5915,-133.5154
68.4146,2309.7606,735.2327,-133.5154
68.4239,2309.1118,734.8757,-133.5154
68.4339,2308.4910,734.4985,-133.5154
68.4434,2307.9210,734.1442,-133.5154
68.4554,2307.3673,733.7991,-133.5154
68.4646,2306.8025,733.4702,-133.5154
68.4741,2306.2233,733.1791,-133.5154
68.4836,2305.6426,732.8714,-133.5154
68.4940,2305.0417,732.5712,-133.5154
68.5040,2304.4429,732.2453,-133.5154
68.5139,2303.8418,731.9048,-133.5154
68.5238,2303.1813,731.5618,-133.5154
68.5338,2302.5056,731.1924,-133.5154
68.5440,2301.8607,730.8491,-133.5154
68.5550,2301.2156,730.4836,-133.5154
68.5650,2300.6082,730.0940,-133.5154
68.5747,2300.0237,729.7637,-133.5154
68.5835,2299.4740,729.4214,-133.5154
68.5935,2298.9156,729.1487,-133.5154
68.6038,2298.3621,728.8259,-133.5154
68.6150,2297.7916,728.5020,-133.5154
68.6237,2297.2003,728.1932,-133.5154
68.6338,2296.5746,727.8542,-133.5154
68.6449,2295.9458,727.5275,-133.5154
68.6537,2295.3127,727.1382,-133.5154
68.6636,2294.6951,726.7723,-133.5154
68.6737,2294.0092,726.4223,-133.5154
68.6837,2293.3320,726.0440,-133.5154
68.6938,2292.7109,725.6873,-133.5154
68.7036,2292.1125,725.3145,-133.5154
68.7140,2291.5342,724.9782,-133.5154
68.7243,2290.9594,724.6681,-133.5154
68.7342,2290.3947,724.3542,-133.5154
68.7442,2289.8164,724.0493,-133.5154
68.7540,2289.2134,723.6945,-133.5154
68.7639,2288.5710,723.3360,-133.5154
68.7740,2287.9135,722.9428,-133.5154
68.7842,2287.2150,722.5722,-133.5154
68.7940,2286.4991,722.2209,-133.5154
68.8039,2285.8026,721.8556,-133.5154
68.8137,2285.1722,721.4792,-133.5154
68.8239,2284.5795,721.0894,-133.5154
68.8342,2283.9812,720.7155,-133.5154
68.8436,2283.3789,720.3781,-133.5154
68.8537,2282.7959,720.0296,-133.5154
68.8637,2282.2592,719.7100,-133.5154
68.8737,2281.6973,719.4019,-133.5154
68.8846,2281.1013,719.0831,-133.5154
68.8954,2280.4540,718.7466,-133.5154
68.9055,2279.7617,718.3824,-133.5154
68.9162,2279.0541,718.0144,-133.5154
68.9239,2278.3477,717.6183,-133.5154
68.9341,2277.6868,717.1999,-133.5154
68.9437,2277.0432,716.8169,-133.5154
68.9568,2276.4194,716.4364,-133.5154
68.9634,2275.8096,716.0832,-133.5154
68.9737,2275.1899,715.7393,-133.5154
68.9838,2274.6127,715.4237,-133.5154
68.9937,2274.0573,715.1254,-133.5154
69.0040,2273.4802,714.8251,-133.5154
69.0139,2272.8857,714.5003,-133.5154
69.0242,2272.2388,714.1299,-133.5154
69.0344,2271.5508,713.7493,-133.5154
69.0435,2270.8647,713.3886,-133.5154
69.0538,2270.2083,712.9915,-133.5154
69.0642,2269.6010,712.6222,-133.5154
69.0743,2268.9690,712.2369,-133.5154
69.0836,2268.3705,711.8973,-133.5154
69.0941,2267.8024,711.5597,-133.5154
69.1046,2267.2424,711.2210,-133.5154
69.1139,2266.6907,710.9109,-133.5154
69.1235,2266.1221,710.5891,-133.5154
69.1350,2265.4771,710.2800,-133.5154
69.1441,2264.7966,709.9255,-133.5154
69.1540,2264.1234,709.5309,-133.5154
69.1638,2263.4670,709.1461,-133.5154
69.1737,2262.8684,708.7712,-133.5154
69.1838,2262.3163,708.4338,-133.5154
69.1934,2261.7612,708.0750,-133.5154
69.2040,2261.1798,707.7331,-133.5154
69.2138,2260.6588,707.4092,-133.5154
69.2242,2260.1130,707.0717,-133.5154
69.2340,2259.5391,706.7372,-133.5154
69.2436,2258.9657,706.4097,-133.5154
69.2539,2258.3691,706.0791,-133.5154
69.2644,2257.7180,705.7322,-133.5154
69.2737,2257.0828,705.3569,-133.5154
69.2842,2256.4597,705.0112,-133.5154
69.2937,2255.8774,704.6411,-133.5154
69.3039,2255.3364,704.3048,-133.5154
69.3142,2254.8019,703.9674,-133.5154
69.3245,2254.2378,703.6030,-133.5154
69.3339,2253.6660,703.2657,-133.5154
69.3447,2253.1232,702.9162,-133.5154
69.3539,2252.5612,702.5774,-133.5154
69.3651,2251.9768,702.2072,-133.5154
69.3752,2251.4020,701.8520,-133.5154
69.3842,2250.8207,701.5234,-133.5154
69.3936,2250.1823,701.1705,-133.5154
69.4049,2249.5660,700.8291,-133.5154
69.4136,2248.9388,700.4811,-133.5154
69.4260,2248.3539,700.1018,-133.5154
69.4339,2247.7850,699.7531,-133.5154
69.4435,2247.2338,699.3831,-133.5154
69.4544,2246.6622,699.0182,-133.5154
69.4642,2246.0774,698.6509,-133.5154
69.4738,2245.4955,698.2653,-133.5154
69.4842,2244.8916,697.9023,-133.5154
69.4936,2244.2925,697.5358,-133.5154
69.5038,2243.6958,697.2037,-133.5154
69.5140,2243.0770,696.8522,-133.5154
69.5244,2242.4526,696.4792,-133.5154
69.5341,2241.8490,696.1297,-133.5154
69.5437,2241.2494,695.7433,-133.5154
69.5539,2240.6635,695.3843,-133.5154
69.5638,2240.0881,694.9967,-133.5154
69.5737,2239.4939,694.6091,-133.5154
69.5845,2238.8785,694.2485,-133.5154
69.5938,2238.2936,693.8575,-133.5154
69.6038,2237.7152,693.5125,-133.5154
69.6145,2237.1178,693.1530,-133.5154
69.6240,2236.5122,692.8041,-133.5154
69.6341,2235.8813,692.4741,-133.5154
69.6440,2235.2404,692.1169,-133.5154
69.6542,2234.6089,691.7758,-133.5154
69.6643,2234.0490,691.4065,-133.5154
69.6741,2233.4734,691.0373,-133.5154
69.6841,2232.8928,690.6738,-133.5154
69.6937,2232.3105,690.3036,-133.5154
69.7039,2231.7228,689.9558,-133.5154
69.7140,2231.1364,689.5676,-133.5154
69.7240,2230.5513,689.2280,-133.5154
69.7335,2229.9969,688.9087,-133.5154
69.7435,2229.4077,688.5773,-133.5154
69.7540,2228.7992,688.2496,-133.5154
69.7639,2228.1912,687.8819,-133.5154
69.7739,2227.5270,687.5322,-133.5154
69.7839,2226.8815,687.1577,-133.5154
69.7936,2226.2715,686.7933,-133.5154
69.8041,2225.7061,686.4211,-133.5154
69.8134,2225.1365,686.0538,-133.5154
69.8245,2224.5836,685.7535,-133.5154
69.8346,2224.0148,685.4086,-133.5154
69.8449,2223.4338,685.0540,-133.5154
69.8550,2222.8755,684.7130,-133.5154
69.8636,2222.3146,684.3715,-133.5154
69.8736,2221.7322,684.0426,-133.5154
69.8860,2221.1393,683.6747,-133.5154
69.8952,2220.5087,683.3132,-133.5154
69.9039,2219.8829,682.9379,-133.5154
69.9141,2219.2506,682.5905,-133.5154
69.9237,2218.6808,682.2417,-133.5154
69.9348,2218.0978,681.8832,-133.5154
69.9437,2217.4916,681.5241,-133.5154
69.9545,2216.8932,681.1703,-133.5154
69.9638,2216.2825,680.7885,-133.5154
69.9746,2215.6890,680.4317,-133.5154
69.9837,2215.0830,680.0669,-133.5154
69.9939,2214.4799,679.7404,-133.5154
70.0038,2213.8772,679.4113,-133.5154
70.0139,2213.2455,679.0347,-133.5154
70.0238,2212.5992,678.6822,-133.5154
70.0337,2211.9449,678.3201,-133.5154
70.0438,2211.3060,677.9625,-133.5154
70.0541,2210.7019,677.6013,-133.5154
70.0639,2210.0919,677.2260,-133.5154
70.0745,2209.4797,676.8681,-133.5154
70.0844,2208.8467,676.4795,-133.5154
70.0947,2208.2584,676.1180,-133.5154
70.1051,2207.6736,675.7533,-133.5154
70.1144,2207.0742,675.4174,-133.5154
70.1244,2206.4354,675.0757,-133.5154
70.1346,2205.7843,674.7213,-133.5154
70.1440,2205.1023,674.3484,-133.5154
70.1536,2204.4260,673.9995,-133.5154
70.1644,2203.7939,673.6510,-133.5154
70.1739,2203.1643,673.2828,-133.5154
70.1845,2202.5699,672.9045,-133.5154
70.1938,2201.9572,672.5422,-133.5154
70.2040,2201.3262,672.1628,-133.5154
70.2139,2200.7197,671.7759,-133.5154
70.2233,2200.0956,671.3805,-133.5154
70.2337,2199.5010,671.0225,-133.5154
70.2440,2198.8756,670.7251,-133.5154
70.2553,2198.2164,670.3924,-133.5154
70.2642,2197.5920,670.0321,-133.5154
70.2740,2196.9659,669.6784,-133.5154
70.2844,2196.3293,669.3093,-133.5154
70.2938,2195.7177,668.9770,-133.5154
70.3037,2195.1403,668.6269,-133.5154
70.3136,2194.5314,668.2517,-133.5154
70.3239,2193.9207,667.8665,-133.5154
70.3339,2193.3135,667.4798,-133.5154
70.3435,2192.7220,667.0909,-133.5154
70.3540,2192.1204,666.7230,-133.5154
70.3644,2191.5269,666.3891,-133.5154
70.3736,2190.9380,666.0457,-133.5154
70.3859,2190.3193,665.6961,-133.5154
70.3937,2189.6929,665.3835,-133.5154
70.4037,2189.1002,665.0266,-133.5154
70.4140,2188.4996,664.6810,-133.5154
70.4238,2187.9495,664.3102,-133.5154
70.4350,2187.3414,663.9275,-133.5154
70.4442,2186.7251,663.5218,-133.5154
70.4538,2186.1093,663.1116,-133.5154
70.4638,2185.5148,662.7176,-133.5154
70.4738,2184.9304,662.3420,-133.5154
70.4850,2184.3478,661.9965,-133.5154
70.4941,2183.7653,661.6822,-133.5154
70.5052,2183.1858,661.3195,-133.5154
70.5139,2182.6145,661.0027,-133.5154
70.5240,2182.0312,660.6458,-133.5154
70.5341,2181.4303,660.2923,-133.5154
70.5441,2180.8280,659.9389,-133.5154
70.5540,2180.2212,659.5385,-133.5154
70.5640,2179.6288,659.1526,-133.5154
70.5736,2179.0055,658.7404,-133.5154
70.5858,2178.4238,658.3420,-133.5154
70.5947,2177.8185,657.9875,-133.5154
70.6040,2177.2427,657.6232,-133.5154
70.6143,2176.6676,657.3217,-133.5154
70.6243,2176.0785,656.9877,-133.5154
70.6334,2175.5033,656.6530,-133.5154
70.6435,2174.8999,656.3199,-133.5154
70.6535,2174.3000,655.9705,-133.5154
70.6639,2173.7236,655.6267,-133.5154
70.6735,2173.1527,655.2419,-133.5154
70.6836,2172.5365,654.8595,-133.5154
70.6942,2171.9147,654.4849,-133.5154
70.7039,2171.2759,654.0718,-133.5154
70.7137,2170.6472,653.6367,-133.5154
70.7234,2169.9874,653.1980,-133.5154
70.7348,2169.3329,652.8170,-133.5154
70.7455,2168.7106,652.4468,-133.5154
70.7551,2168.1521,652.1331,-133.5154
70.7635,2167.6288,651.8226,-133.5154
70.7736,2167.0914,651.4796,-133.5154
70.7835,2166.5417,651.1622,-133.5154
70.7937,2165.9327,650.8270,-133.5154
70.8037,2165.3337,650.4520,-133.5154
70.8137,2164.7577,650.0652,-133.5154
70.8239,2164.1672,649.6485,-133.5154
70.8353,2163.5366,649.2487,-133.5154
70.8435,2162.9315,648.8567,-133.5154
70.8547,2162.3318,648.4926,-133.5154
70.8637,2161.7532,648.1391,-133.5154
70.8744,2161.1759,647.7836,-133.5154
70.8849,2160.6237,647.4600,-133.5154
70.8953,2160.0188,647.1155,-133.5154
70.9038,2159.4525,646.7911,-133.5154
70.9135,2158.9114,646.4515,-133.5154
70.9235,2158.3151,646.0688,-133.5154
70.9343,2157.6943,645.6577,-133.5154
70.9436,2157.0933,645.2391,-133.5154
70.9535,2156.4568,644.8250,-133.5154
70.9644,2155.8236,644.3920,-133.5154
70.9748,2155.1691,643.9619,-133.5154
70.9853,2154.5156,643.5659,-133.5154
70.9943,2153.8962,643.1717,-133.5154
71.0043,2153.3392,642.8340,-133.5154
71.0142,2152.7931,642.5107,-133.5154
71.0235,2152.2162,642.1699,-133.5154
71.0339,2151.6404,641.8223,-133.5154
71.0440,2151.0553,641.4738,-133.5154
71.0554,2150.4634,641.0997,-133.5154
71.0644,2149.8813,640.7029,-133.5154
71.0739,2149.2638,640.2609,-133.5154
71.0841,2148.6130,639.8587,-133.5154
71.0947,2147.9803,639.4809,-133.5154
71.1036,2147.3541,639.1242,-133.5154
71.1141,2146.7870,638.7483,-133.5154
71.1239,2146.2543,638.4008,-133.5154
71.1350,2145.6984,638.1043,-133.5154
71.1447,2145.1287,637.7915,-133.5154
71.1536,2144.5795,637.4934,-133.5154
71.1641,2144.0138,637.1313,-133.5154
71.1746,2143.3959,636.7953,-133.5154
71.1839,2142.7922,636.4528,-133.5154
71.1943,2142.2107,636.0652,-133.5154
71.2040,2141.6270,635.7330,-133.5154
71.2140,2141.0573,635.3979,-133.5154
71.2235,2140.4772,635.1009,-133.5154
71.2335,2139.8988,634.8058,-133.5154
71.2437,2139.3229,634.4734,-133.5154
71.2537,2138.7607,634.1651,-133.5154
71.2633,2138.1938,633.8297,-133.5154
71.2735,2137.6014,633.5441,-133.5154
71.2837,2136.9902,633.2392,-133.5154
71.2947,2136.3932,632.9070,-133.5154
71.3049,2135.8159,632.5951,-133.5154
71.3156,2135.1757,632.2062,-133.5154
71.3239,2134.5344,631.7874,-133.5154
71.3340,2133.8792,631.3403,-133.5154
71.3449,2133.1875,630.8915,-133.5154
71.3561,2132.5266,630.4586,-133.5154
71.3636,2131.8442,630.0739,-133.5154
71.3745,2131.1342,629.7037,-133.5154
71.3835,2130.4896,629.3555,-133.5154
71.3941,2129.9311,628.9971,-133.5154
71.4051,2129.3557,628.6707,-133.5154
71.4138,2128.7689,628.3044,-133.5154
71.4238,2128.1650,627.9568,-133.5154
71.4336,2127.5319,627.5769,-133.5154
71.4447,2126.9203,627.1766,-133.5154
71.4536,2126.3226,626.7625,-133.5154
71.4639,2125.7067,626.3597,-133.5154
71.4737,2125.0647,626.0070,-133.5154
71.4838,2124.4495,625.6754,-133.5154
71.4941,2123.8849,625.3543,-133.5154
71.5046,2123.3063,625.0360,-133.5154
71.5138,2122.7424,624.6971,-133.5154
71.5238,2122.1619,624.3842,-133.5154
71.5341,2121.5787,624.0498,-133.5154
71.5441,2120.9818,623.7082,-133.5154
71.5538,2120.3904,623.3257,-133.5154
71.5637,2119.7823,622.9158,-133.5154
71.5737,2119.1633,622.5388,-133.5154
71.5837,2118.5429,622.1570,-149.1757
71.5938,2117.9451,621.8044,-149.1751
71.6041,2117.3432,621.4458,-149.1654
71.6141,2116.7871,621.1085,-149.1439
71.6235,2116.1572,620.7685,-149.1439
71.6337,2115.3962,620.4025,-149.1439
71.6435,2114.6165,619.9490,-149.1439
71.6537,2113.7418,619.5992,-149.1439
71.6640,2112.9852,619.1943,-149.1439
71.6741,2112.1341,619.3550,-149.1439
71.6842,2111.3190,619.7450,-149.1439
71.6939,2110.4669,619.7164,-149.1439
71.7039,2109.5968,619.4693,-149.1439
71.7137,2108.9294,619.1507,-149.1439
71.7247,2108.5047,618.8198,-149.1439
71.7335,2108.1630,618.4090,-149.1439
71.7436,2107.7690,618.0484,-149.1439
71.7537,2107.2325,617.6914,-149.1439
71.7638,2106.6067,617.3102,-149.1439
71.7743,2106.0165,616.8436,-149.1439
71.7839,2105.4746,616.3699,-149.1439
71.7935,2104.9307,615.9567,-149.1439
71.8039,2104.3751,615.5677,-149.1439
71.8138,2103.8304,615.1843,-149.1439
71.8242,2103.2893,614.7585,-149.1439
71.8341,2102.7360,614.3249,-149.1439
71.8437,2102.2487,613.9062,-149.1439
71.8535,2101.7418,613.5045,-149.1439
71.8638,2101.1876,613.1041,-149.1439
71.8739,2100.6054,612.6977,-149.1439
71.8847,2100.0482,612.2723,-149.1439
71.8939,2099.5093,611.8540,-149.1439
71.9039,2098.9543,611.4334,-149.1439
71.9140,2098.3549,611.0268,-149.1439
71.9237,2097.7748,610.6079,-149.1439
71.9334,2097.2381,610.2107,-149.1439
71.9444,2096.7137,609.8114,-149.1439
71.9540,2096.1944,609.3713,-149.1439
71.9640,2095.6904,608.9666,-149.1439
71.9748,2095.2018,608.5801,-149.1439
71.9841,2094.6630,608.2208,-149.1439
71.9935,2094.1255,607.8399,-149.1439
72.0039,2093.5909,607.4117,-149.1439
72.0139,2093.0159,606.9862,-149.1439
72.0239,2092.4379,606.5166,-149.1439
72.0346,2091.8697,606.0572,-149.1439
72.0435,2091.2819,605.6169,-149.1439
72.0539,2090.6999,605.1823,-149.1439
72.0640,2090.1846,604.7684,-149.1439
72.0738,2089.6799,604.3788,-149.1439
72.0836,2089.2011,603.9680,-149.1439
72.0937,2088.7376,603.5991,-149.1439
72.1041,2088.2492,603.2405,-149.1439
72.1145,2087.6982,602.8269,-149.1439
72.1235,2087.1536,602.3966,-149.1439
72.1340,2086.6145,601.9664,-149.1439
72.1437,2086.0424,601.5456,-149.1439
72.1545,2085.4742,601.0666,-149.1439
72.1642,2084.8947,600.5840,-149.1439
72.1737,2084.3077,600.1027,-149.1439
72.1844,2083.7036,599.6441,-149.1439
72.1945,2083.1808,599.2061,-149.1439
72.2053,2082.6666,598.8099,-149.1439
72.2138,2082.1948,598.3858,-149.1439
72.2243,2081.7047,598.0082,-149.1439
72.2342,2081.2079,597.6423,-149.1439
72.2445,2080.6760,597.3263,-149.1439
72.2540,2080.1116,596.8971,-149.1439
72.2643,2079.5571,596.4770,-149.1439
72.2743,2078.9557,595.9905,-149.1439
72.2838,2078.3389,595.5187,-149.1439
72.2940,2077.7778,595.0221,-149.1439
72.3050,2077.1910,594.5547,-149.1439
72.3137,2076.6141,594.1148,-149.1439
72.3235,2076.1069,593.6993,-149.1439
72.3336,2075.6503,593.2846,-149.1439
72.3436,2075.2111,592.9091,-149.1439
72.3541,2074.7372,592.5374,-149.1439
72.3637,2074.2068,592.1668,-149.1439
72.3736,2073.6800,591.7482,-149.1439
72.3838,2073.1415,591.3364,-149.1439
72.3939,2072.5791,590.8992,-149.1439
72.4034,2071.9887,590.4256,-149.1439
72.4148,2071.4009,589.9513,-149.1439
72.4243,2070.8005,589.4822,-149.1439
72.4339,2070.2661,589.0356,-149.1439
72.4436,2069.7360,588.6161,-149.1439
72.4536,2069.2449,588.2101,-149.1439
72.4640,2068.8001,587.8132,-149.1439
72.4737,2068.3668,587.3799,-149.1439
72.4841,2067.8949,586.9909,-149.1439
72.4936,2067.4048,586.6043,-149.1439
72.5040,2066.8671,586.2236,-149.1439
72.5141,2066.3459,585.8239,-149.1439
72.5236,2065.7562,585.3817,-149.1439
72.5336,2065.1766,584.9234,-149.1439
72.5432,2064.5942,584.4803,-142.4551
72.5536,2063.9940,584.0324,-142.4342
72.5652,2063.3900,583.5750,-142.4244
72.5741,2062.8542,583.1565,-142.4048
72.5842,2062.2506,582.7181,-142.1429
72.5945,2061.4053,582.2502,-142.1429
72.6037,2060.4910,581.6982,-142.1429
72.6139,2059.6949,580.9568,-142.1429
72.6236,2058.7540,580.4172,-142.1429
72.6340,2057.8206,580.1900,-136.9510
72.6445,2056.9255,579.8085,-135.7683
72.6546,2055.9243,579.8841,-134.7760
72.6639,2054.9517,580.1045,-134.1077
72.6740,2054.0754,579.7681,-133.9243
72.6846,2053.2941,579.4827,-134.1112
72.6951,2052.7325,579.2961,-134.6483
72.7045,2052.5731,578.8996,-135.4824
72.7139,2052.3851,578.5427,-136.7005
72.7250,2052.2510,578.1552,-138.1215
72.7349,2052.2743,577.5890,-139.7167
72.7455,2052.1559,576.9490,-141.5132
72.7554,2051.9767,576.4955,-143.5242
72.7640,2052.2723,575.5807,-145.6783
72.7737,2052.4388,574.9086,-147.8460
72.7838,2052.7367,574.2265,-150.2896
72.7941,2053.3201,573.2208,-152.6643
72.8038,2053.6454,572.2093,-155.0558
72.8147,2053.8021,571.4116,-157.6394
72.8249,2053.8602,570.4465,-160.1624
72.8350,2053.8619,569.3216,-162.7116
72.8443,2053.7458,568.2794,-165.3199
72.8552,2053.5872,567.2362,-168.0225
72.8642,2053.4963,565.9554,-170.7059
72.8745,2053.4816,564.5459,-173.4495
72.8840,2053.4290,563.3159,-176.2622
72.8936,2053.3401,561.8648,-179.1217
72.9035,2053.2109,560.3931,177.9599
72.9138,2053.0952,558.9931,174.9663
72.9237,2052.8971,557.7097,174.9663
72.9339,2052.4734,556.1613,174.9663
72.9439,2051.9648,554.8911,174.9663
72.9535,2051.4807,553.7523,174.9663
72.9638,2051.0549,552.3853,174.9663
72.9744,2050.4225,550.7849,174.9663
72.9839,2049.7217,549.5581,174.9663
72.9938,2049.0794,548.7382,174.9663
73.0040,2048.3380,548.1334,174.9663
73.0139,2047.6246,547.6606,174.9663
73.0244,2047.0515,547.5114,174.9663
73.0337,2046.5688,547.5920,174.9663
73.0440,2046.0931,547.9496,174.9663
73.0539,2045.6904,548.4004,174.9663
73.0634,2045.2532,548.5781,174.9663
73.0736,2044.8307,548.6280,174.9663
73.0840,2044.4492,548.7507,174.9663
73.0934,2043.9872,549.0525,174.9663
73.1042,2043.4968,549.3638,174.9663
73.1151,2043.0118,549.6025,174.9663
73.1237,2042.5651,549.8046,174.9663
73.1350,2042.1066,550.0581,174.9663
73.1451,2041.5620,550.3703,174.9663
73.1536,2041.0112,550.7388,174.9663
73.1641,2040.4084,551.0907,174.9663
73.1741,2039.7853,551.4272,174.9663
73.1845,2039.2892,551.7156,174.9663
73.1944,2038.8488,551.9869,174.9663
73.2041,2038.4025,552.2088,174.9663
73.2139,2037.9920,552.4204,174.9663
73.2239,2037.5724,552.6379,174.9663
73.2336,2037.0651,552.8643,174.9663
73.2435,2036.5492,553.1314,174.9663
73.2540,2035.9776,553.4572,174.9663
73.2637,2035.4099,553.7480,174.9663
73.2738,2034.8306,554.0697,174.9663
73.2841,2034.2556,554.3685,174.9663
73.2937,2033.6936,554.7551,174.9663
73.3040,2033.1107,555.1138,174.9663
73.3144,2032.5001,555.4911,174.9663
73.3243,2031.8821,555.8071,174.9663
73.3336,2031.2903,556.0808,174.9663
73.3436,2030.8007,556.3741,174.9663
73.3548,2030.3336,556.6225,174.9663
73.3646,2029.8044,556.8763,174.9663
73.3746,2029.2876,557.1310,174.9663
73.3835,2028.7371,557.4273,174.9663
73.3943,2028.1683,557.7480,174.9663
73.4043,2027.5851,558.0624,174.9663
73.4138,2026.9965,558.3947,174.9663
73.4236,2026.3803,558.7771,174.9663
73.4337,2025.7676,559.1100,174.9663
73.4437,2025.1636,559.4966,174.9663
73.4535,2024.5018,559.8504,174.9663
73.4637,2023.9072,560.1908,174.9663
73.4740,2023.3667,560.5043,174.9663
73.4842,2022.8319,560.7719,174.9663
73.4939,2022.3018,561.0635,174.9663
73.5059,2021.7823,561.3465,174.9663
73.5140,2021.2264,561.6647,174.9663
73.5236,2020.6144,561.9614,174.9663
73.5339,2020.0214,562.2440,174.9663
73.5436,2019.4499,562.5309,174.9663
73.5546,2018.8394,562.8407,174.9663
73.5643,2018.2584,563.2372,174.9663
73.5739,2017.6712,563.6134,174.9663
73.5838,2017.0387,563.9653,174.9663
73.5934,2016.4461,564.2788,174.9663
73.6052,2015.8986,564.5653,174.9663
73.6137,2015.3715,564.8847,174.9663
73.6246,2014.8383,565.1695,174.9663
73.6341,2014.3083,565.4602,174.9663
73.6440,2013.7478,565.7224,174.9663
73.6535,2013.1617,565.9929,174.9663
73.6640,2012.5586,566.3197,174.9663
73.6735,2011.9657,566.6324,174.9663
73.6847,2011.2218,567.0219,174.9663
73.6946,2010.6022,567.3948,174.9663
73.7038,2009.9836,567.8062,174.9663
73.7142,2009.3513,568.1910,174.9663
73.7237,2008.7375,568.5231,174.9663
73.7343,2008.1659,568.8351,174.9663
73.7439,2007.6312,569.1152,174.9663
73.7541,2007.1053,569.3860,174.9663
73.7637,2006.5604,569.6669,174.9663
73.7740,2005.9897,569.9537,174.9663
73.7851,2005.4042,570.2773,174.9663
73.7939,2004.7765,570.5976,174.9663
73.8042,2004.1723,570.9279,174.9663
73.8142,2003.5590,571.2805,174.9663
73.8239,2002.9044,571.6507,174.9663
73.8343,2002.2445,572.0293,174.9663
73.8437,2001.5799,572.4093,174.9663
73.8536,2000.9684,572.7073,174.9663
73.8635,2000.3922,573.0038,174.9663
73.8751,1999.8499,573.2683,174.9663
73.8849,1999.3237,573.5750,174.9663
73.8937,1998.7581,573.8612,174.9663
73.9040,1998.1802,574.1647,174.9663
73.9141,1997.5684,574.4680,174.9663
73.9240,1996.9680,574.7879,174.9663
73.9346,1996.3436,575.1379,174.9663
73.9434,1995.7014,575.4717,174.9663
73.9542,1995.0544,575.8538,174.9663
73.9644,1994.3932,576.2718,174.9663
73.9737,1993.7094,576.6431,174.9663
73.9834,1993.0617,576.9718,174.9663
73.9935,1992.4776,577.2601,174.9663
74.0041,1991.9376,577.5359,174.9663
74.0134,1991.4248,577.8224,174.9663
74.0237,1990.8857,578.1232,174.9663
74.0335,1990.3230,578.4145,174.9663
74.0435,1989.7296,578.7103,174.9663
74.0543,1989.1376,579.0252,174.9663
74.0645,1988.4896,579.3228,174.9663
74.0739,1987.8703,579.6634,174.9663
74.0842,1987.2098,580.0681,174.9663
74.0946,1986.5387,580.4655,174.9663
74.1049,1985.8915,580.7989,174.9663
74.1138,1985.3055,581.0889,174.9663
74.1240,1984.7510,581.3809,174.9663
74.1339,1984.2086,581.7006,174.9663
74.1445,1983.6570,581.9914,174.9663
74.1549,1983.0453,582.2862,174.9663
74.1633,1982.4256,582.5934,174.9663
74.1751,1981.8510,582.9071,174.9663
74.1840,1981.2211,583.2298,174.9663
74.1933,1980.6108,583.5481,174.9663
74.2049,1979.9485,583.9078,174.9663
74.2147,1979.3030,584.2611,174.9663
74.2233,1978.6578,584.6190,174.9663
74.2335,1978.0528,584.9343,174.9663
74.2444,1977.4761,585.2154,174.9663
74.2540,1976.9208,585.5275,174.9663
74.2638,1976.3734,585.7859,174.9663
74.2738,1975.8121,586.0585,174.9663
74.2835,1975.2700,586.3347,174.9663
74.2933,1974.6670,586.6372,174.9663
74.3045,1974.0558,586.9559,174.9663
74.3156,1973.4554,587.2529,174.9663
74.3239,1972.8063,587.5852,174.9663
74.3335,1972.1511,587.9256,174.9663
74.3449,1971.4882,588.2769,174.9663
74.3542,1970.8325,588.6194,174.9663
74.3638,1970.2175,588.8957,174.9663
74.3735,1969.6470,589.1765,174.9663
74.3844,1969.1279,589.4349,174.9663
74.3940,1968.5941,589.7051,174.9663
74.4048,1968.0469,589.9854,174.9663
74.4174,1967.4874,590.2904,174.9663
74.4242,1966.8799,590.5802,174.9663
74.4341,1966.2778,590.8721,174.9663
74.4434,1965.6516,591.2015,174.9663
74.4536,1964.9863,591.5240,174.9663
74.4637,1964.3134,591.8741,174.9663
74.4740,1963.6331,592.2277,174.9663
74.4841,1962.9660,592.5441,174.9663
74.4937,1962.3133,592.8330,174.9663
74.5055,1961.7090,593.1415,174.9663
74.5150,1961.1438,593.4374,174.9663
74.5252,1960.5798,593.7186,174.9663
74.5339,1960.0152,594.0060,174.9663
74.5447,1959.4149,594.3193,174.9663
74.5538,1958.7667,594.6442,174.9663
74.5636,1958.1240,594.9550,174.9663
74.5736,1957.4663,595.3164,174.9663
74.5852,1956.7831,595.6684,174.9663
74.5955,1956.0955,596.0389,174.9663
74.6055,1955.3680,596.4193,174.9663
74.6138,1954.6965,596.7275,174.9663
74.6236,1954.0947,597.0185,174.9663
74.6337,1953.5260,597.2997,174.9663
74.6436,1952.9651,597.6054,174.9663
74.6535,1952.3904,597.8946,174.9663
74.6640,1951.7864,598.2055,174.9663
74.6740,1951.1864,598.5181,174.9663
74.6837,1950.5731,598.8233,174.9663
74.6938,1949.9138,599.1773,174.9663
74.7057,1949.2400,599.5287,174.9663
74.7141,1948.5400,599.9126,174.9663
74.7234,1947.8801,600.2903,174.9663
74.7341,1947.2156,600.6272,174.9663
74.7447,1946.6083,600.9362,174.9663
74.7546,1946.0453,601.2488,174.9663
74.7647,1945.4825,601.5281,174.9663
74.7752,1944.9233,601.8013,174.9663
74.7849,1944.3674,602.0788,174.9663
74.7939,1943.7839,602.3892,174.9663
74.8050,1943.1864,602.7151,174.9663
74.8142,1942.5695,603.0534,174.9663
74.8244,1941.9386,603.4031,174.9663
74.8337,1941.2388,603.7207,174.9663
74.8436,1940.5503,604.0760,174.9663
74.8543,1939.9074,604.4155,174.9663
74.8637,1939.3160,604.7368,174.9663
74.8742,1938.7465,605.0207,174.9663
74.8848,1938.2034,605.3121,174.9663
74.8934,1937.6294,605.6046,174.9663
74.9044,1937.0719,605.9032,174.9663
74.9139,1936.4803,606.2261,174.9663
74.9248,1935.8469,606.5414,174.9663
74.9338,1935.2085,606.8604,174.9663
74.9440,1934.5447,607.2039,174.9663
74.9540,1933.8895,607.5392,174.9663
74.9635,1933.2108,607.9286,174.9663
74.9736,1932.5697,608.3018,174.9663
74.9835,1931.9249,608.6448,174.9663
74.9939,1931.2985,608.9617,174.9663
75.0045,1930.7450,609.2560,174.9663
75.0140,1930.2087,609.5891,174.9663
75.0234,1929.6479,609.8615,174.9663
75.0341,1929.0436,610.1534,174.9663
75.0437,1928.4468,610.4623,174.9663
75.0538,1927.7978,610.7952,174.9663
75.0635,1927.1345,611.1504,174.9663
75.0738,1926.4940,611.5327,174.9663
75.0840,1925.7742,611.9109,174.9663
75.0935,1925.0933,612.2693,174.9663
75.1037,1924.4454,612.5911,174.9663
75.1142,1923.8334,612.9358,174.9663
75.1237,1923.2271,613.2379,174.9663
75.1348,1922.6415,613.5357,174.9663
75.1448,1922.1016,613.9176,174.9663
75.1551,1921.5156,614.2523,174.9663
75.1656,1920.9094,614.5903,174.9663
75.1735,1920.2927,614.9061,174.9663
75.1840,1919.6464,615.2457,174.9663
75.1936,1919.0026,615.5887,174.9663
75.2037,1918.3640,615.9666,174.9663
75.2140,1917.6521,616.3596,174.9663
75.2241,1916.9739,616.6971,174.9663
75.2340,1916.3228,617.0382,174.9663
75.2441,1915.7095,617.3341,174.9663
75.2537,1915.1470,617.6483,174.9663
75.2640,1914.4839,618.0627,174.9663
75.2739,1913.9058,618.3591,174.9663
75.2841,1913.2936,618.6715,174.9663
75.2939,1912.7142,618.9985,174.9663
75.3045,1912.1282,619.3420,174.9663
75.3148,1911.4650,619.6841,174.9663
75.3240,1910.8385,620.0132,174.9663
75.3337,1910.1218,620.3285,174.9663
75.3437,1909.4400,620.6422,174.9663
75.3537,1908.8254,620.9852,174.9663
75.3637,1908.2290,621.3040,174.9663
75.3735,1907.6498,621.5877,174.9663
75.3840,1907.0511,621.8767,174.9663
75.3940,1906.4670,622.1655,174.9663
75.4040,1905.9003,622.4999,174.9663
75.4139,1905.3173,622.8095,174.9663
75.4235,1904.7078,623.1146,174.9663
75.4341,1904.0842,623.4507,174.9663
75.4436,1903.4489,623.7459,174.9663
75.4542,1902.7435,624.0345,174.9663
75.4638,1902.0264,624.3422,174.9663
75.4735,1901.3359,624.6682,174.9663
75.4842,1900.7333,624.9827,174.9663
75.4944,1900.1885,625.2870,174.9663
75.5070,1899.6284,625.5675,174.9663
75.5138,1899.0428,625.8508,174.9663
75.5237,1898.4672,626.1456,174.9663
75.5335,1897.8513,626.4924,174.9663
75.5436,1897.2330,626.8281,174.9663
75.5537,1896.5934,627.1700,174.9663
75.5640,1895.9423,627.5054,174.9663
75.5740,1895.2672,627.7942,174.9663
75.5837,1894.5913,628.0888,174.9663
75.5934,1893.9669,628.3891,174.9663
75.6042,1893.3478,628.6936,174.9663
75.6153,1892.7769,628.9778,174.9663
75.6236,1892.2026,629.2920,174.9663
75.6335,1891.6198,629.6201,174.9663
75.6438,1891.0237,629.9326,174.9663
75.6544,1890.4173,630.2939,174.9663
75.6641,1889.7974,630.6126,174.9663
75.6747,1889.1513,630.9367,174.9663
75.6847,1888.5185,631.2834,174.9663
75.6937,1887.8246,631.5930,174.9663
75.7053,1887.1344,631.8872,174.9663
75.7138,1886.5013,632.1948,174.9663
75.7237,1885.8314,632.5141,174.9663
75.7341,1885.1499,632.8596,174.9663
75.7435,1884.4766,633.1661,174.9663
75.7539,1883.8347,633.4950,174.9663
75.7658,1883.2326,633.8305,174.9663
75.7742,1882.6500,634.1728,174.9663
75.7837,1882.0402,634.5019,174.9663
75.7934,1881.4156,634.8177,174.9663
75.8036,1880.7870,635.1552,174.9663
75.8140,1880.1306,635.4700,174.9663
75.8235,1879.4589,635.7349,174.9663
75.8339,1878.8130,636.0091,174.9663
75.8446,1878.2061,636.3053,174.9663
75.8537,1877.5917,636.6355,174.9663
75.8639,1877.0000,636.9377,174.9663
75.8734,1876.4166,637.2630,174.9663
75.8837,1875.8188,637.5829,174.9663
75.8937,1875.2165,637.9156,174.9663
75.9039,1874.5957,638.2466,174.9663
75.9143,1873.9741,638.5605,174.9663
75.9243,1873.3292,638.8753,174.9663
75.9340,1872.6672,639.1933,174.9663
75.9441,1871.9922,639.4637,174.9663
75.9550,1871.3173,639.7568,174.9663
75.9642,1870.6541,640.0394,174.9663
75.9735,1870.0108,640.3651,174.9663
75.9836,1869.3329,640.6920,174.9663
75.9948,1868.6869,641.0258,174.9663
76.0041,1868.0557,641.3732,174.9663
76.0132,1867.4532,641.6814,174.9663
76.0235,1866.8682,641.9843,174.9663
76.0336,1866.2720,642.2849,174.9663
76.0446,1865.6327,642.6560,174.9663
76.0540,1864.9553,642.9999,174.9663
76.0643,1864.2373,643.2828,174.9663
76.0746,1863.5490,643.5820,174.9663
76.0846,1862.8539,643.8532,174.9663
76.0936,1862.2328,644.1754,174.9663
76.1038,1861.6723,644.5146,174.9663
76.1139,1861.0773,644.8156,174.9663
76.1240,1860.4996,645.0981,174.9663
76.1338,1859.9301,645.4135,174.9663
76.1436,1859.3217,645.7614,174.9663
76.1547,1858.7279,646.0851,174.9663
76.1646,1858.1526,646.4014,174.9663
76.1744,1857.5315,646.7327,174.9663
76.1844,1856.8925,647.0237,174.9663
76.1936,1856.2308,647.3204,174.9663
76.2040,1855.5669,647.6157,174.9663
76.2140,1854.8951,647.9102,174.9663
76.2245,1854.2851,648.2586,174.9663
76.2351,1853.7014,648.5753,174.9663
76.2435,1853.1106,648.8693,174.9663
76.2541,1852.5496,649.1663,174.9663
76.2636,1851.9826,649.4968,174.9663
76.2740,1851.4269,649.8295,174.9663
76.2841,1850.8464,650.1223,174.9663
76.2942,1850.2434,650.4562,174.9663
76.3046,1849.6109,650.8107,174.9663
76.3136,1848.9335,651.1448,174.9663
76.3238,1848.2532,651.4234,174.9663
76.3335,1847.5662,651.6973,174.9663
76.3444,1846.9664,652.0082,174.9663
76.3533,1846.3806,652.3260,174.9663
76.3638,1845.8077,652.6581,174.9663
76.3739,1845.2244,652.9578,174.9663
76.3848,1844.6320,653.2717,174.9663
76.3945,1844.0422,653.6256,174.9663
76.4049,1843.4437,653.9592,174.9663
76.4132,1842.8488,654.3080,174.9663
76.4239,1842.2183,654.6303,174.9663
76.4350,1841.5761,654.9612,174.9663
76.4443,1840.8635,655.2740,174.9663
76.4555,1840.1910,655.5526,174.9663
76.4655,1839.5009,655.8502,174.9663
76.4737,1838.8499,656.1780,174.9663
76.4842,1838.2741,656.5294,174.9663
76.4936,1837.7396,656.8548,174.9663
76.5036,1837.1631,657.1372,174.9663
76.5147,1836.5898,657.4854,174.9663
76.5239,1836.0150,657.8077,174.9663
76.5341,1835.4163,658.1226,174.9663
76.5441,1834.8153,658.4489,174.9663
76.5545,1834.1835,658.7794,174.9663
76.5639,1833.4862,659.1121,174.9663
76.5742,1832.7979,659.3818,174.9663
76.5841,1832.1678,659.6691,174.9663
76.5941,1831.5518,659.9522,174.9663
76.6041,1830.9729,660.2732,174.9663
76.6141,1830.4648,660.6057,174.9663
76.6233,1829.8940,660.8974,174.9663
76.6333,1829.2971,661.1952,174.9663
76.6450,1828.7123,661.5481,174.9663
76.6547,1828.1022,661.8967,174.9663
76.6639,1827.4937,662.2253,174.9663
76.6749,1826.8773,662.5529,174.9663
76.6843,1826.2354,662.8882,174.9663
76.6953,1825.5493,663.1874,174.9663
76.7036,1824.8829,663.4782,174.9663
76.7138,1824.2087,663.7670,174.9663
76.7247,1823.5822,664.0815,174.9663
76.7337,1822.9806,664.4107,174.9663
76.7436,1822.4313,664.7191,174.9663
76.7546,1821.8550,665.0038,174.9663
76.7640,1821.2886,665.3106,174.9663
76.7732,1820.7142,665.5949,174.9663
76.7839,1820.1317,665.9294,174.9663
76.7940,1819.5322,666.2581,174.9663
76.8039,1818.8741,666.5977,174.9663
76.8146,1818.1716,666.9362,174.9663
76.8242,1817.4725,667.2046,174.9663
76.8337,1816.8264,667.4768,174.9663
76.8446,1816.1672,667.7544,174.9663
76.8540,1815.5287,668.0943,174.9663
76.8640,1814.9272,668.4322,174.9663
76.8736,1814.3240,668.7577,174.9663
76.8839,1813.7250,669.0826,174.9663
76.8949,1813.1190,669.4127,174.9663
76.9050,1812.5132,669.7671,174.9663
76.9147,1811.8799,670.0993,174.9663
76.9239,1811.2637,670.4394,174.9663
76.9342,1810.5823,670.7489,174.9663
76.9437,1809.8936,671.0534,174.9663
76.9539,1809.2053,671.3399,174.9663
76.9640,1808.5388,671.6045,174.9663
76.9739,1807.8868,671.9015,174.9663
76.9837,1807.2817,672.2240,174.9663
76.9939,1806.7297,672.5567,174.9663
77.0051,1806.1514,672.8923,174.9663
77.0142,1805.5538,673.2073,174.9663
77.0239,1804.9437,673.5353,174.9663
77.0339,1804.3265,673.8867,174.9663
77.0438,1803.6832,674.2239,174.9663
77.0540,1803.0229,674.5403,174.9663
77.0639,1802.3700,674.8225,174.9663
77.0738,1801.7172,675.0795,174.9663
77.0839,1801.0865,675.3468,174.9663
77.0938,1800.4662,675.6248,174.9663
77.1040,1799.8718,675.9423,174.9663
77.1155,1799.2774,676.2283,174.9663
77.1236,1798.6998,676.5529,174.9663
77.1375,1798.1092,676.8662,174.9663
77.1438,1797.5096,677.1918,174.9663
77.1559,1796.9123,677.5557,174.9663
77.1638,1796.2875,677.8842,174.9663
77.1735,1795.6088,678.1879,174.9663
77.1844,1794.9482,678.4567,174.9663
77.1934,1794.2555,678.7506,174.9663
77.2043,1793.5753,679.0243,174.9663
77.2141,1792.9156,679.2650,174.9663
77.2237,1792.2955,679.5808,174.9663
77.2343,1791.6672,679.8869,174.9663
77.2437,1791.1011,680.2012,174.9663
77.2548,1790.5256,680.5035,174.9663
77.2650,1789.9235,680.8220,174.9663
77.2745,1789.3127,681.1547,174.9663
77.2835,1788.7094,681.4882,174.9663
77.2940,1788.0597,681.8116,174.9663
77.3038,1787.3743,682.0912,174.9663
77.3136,1786.7051,682.3375,174.9663
77.3236,1786.0514,682.5959,174.9663
77.3336,1785.4108,682.8327,174.9663
77.3440,1784.7865,683.0872,174.9663
77.3547,1784.2062,683.3667,174.9663
77.3635,1783.6388,683.6558,174.9663
77.3734,1783.0908,683.9541,174.9663
77.3839,1782.5142,684.2785,174.9663
77.3936,1781.9090,684.5944,174.9663
77.4042,1781.2886,684.9210,174.9663
77.4140,1780.6257,685.2261,174.9663
77.4234,1779.9645,685.5458,174.9663
77.4339,1779.2902,685.8236,174.9663
77.4437,1778.6574,686.0919,174.9663
77.4544,1778.0078,686.3432,174.9663
77.4638,1777.3529,686.5788,174.9663
77.4739,1776.7131,686.8578,174.9663
77.4843,1776.0596,687.1790,174.9663
77.4935,1775.4193,687.4863,174.9663
77.5040,1774.8005,687.8281,174.9663
77.5136,1774.1794,688.1541,174.9663
77.5236,1773.5187,688.5062,174.9663
77.5332,1772.9095,688.8547,174.9663
77.5439,1772.2350,689.2056,174.9663
77.5536,1771.5467,689.5067,174.9663
77.5638,1770.8510,689.7824,174.9663
77.5740,1770.1611,690.0638,174.9663
77.5841,1769.4514,690.2993,174.9663
77.5948,1768.7733,690.6127,174.9663
77.6052,1768.1359,690.9435,174.9663
77.6145,1767.5129,691.2624,174.9663
77.6237,1766.9153,691.5972,174.9663
77.6344,1766.2970,691.9095,174.9663
77.6438,1765.6706,692.2573,174.9663
77.6540,1765.0454,692.5887,174.9663
77.6646,1764.4164,692.9146,174.9663
77.6739,1763.7631,693.2254,174.9663
77.6835,1763.1130,693.4969,174.9663
77.6934,1762.4393,693.7711,174.9663
77.7036,1761.7905,694.0200,174.9663
77.7146,1761.1593,694.2868,174.9663
77.7246,1760.5715,694.5803,174.9663
77.7337,1759.9929,694.9063,174.9663
77.7440,1759.4045,695.2403,174.9663
77.7547,1758.8177,695.5564,174.9663
77.7638,1758.2064,695.8994,174.9663
77.7744,1757.6019,696.2464,174.9663
77.7854,1756.9684,696.5502,174.9663
77.7945,1756.3223,696.8542,174.9663
77.8037,1755.6971,697.1254,174.9663
77.8138,1755.0634,697.3986,174.9663
77.8238,1754.4075,697.6550,174.9663
77.8334,1753.7585,697.9344,174.9663
77.8433,1753.0953,698.2064,174.9663
77.8536,1752.5176,698.5114,174.9663
77.8638,1751.9803,698.8363,174.9663
77.8735,1751.3944,699.1298,174.9663
77.8844,1750.8077,699.4512,174.9663
77.8940,1750.1995,699.7775,174.9663
77.9041,1749.5831,700.0977,174.9663
77.9138,1748.9368,700.4188,174.9663
77.9234,1748.2996,700.7043,174.9663
77.9334,1747.6343,700.9948,174.9663
77.9434,1746.9737,701.2768,174.9663
77.9538,1746.3193,701.5438,174.9663
77.9635,1745.6599,701.8456,174.9663
77.9738,1745.0290,702.1681,174.9663
77.9836,1744.4228,702.5027,174.9663
77.9951,1743.8386,702.8348,174.9663
78.0034,1743.2510,703.1636,174.9663
78.0151,1742.6395,703.5026,174.9663
78.0237,1742.0071,703.8390,174.9663
78.0335,1741.3733,704.1806,174.9663
78.0438,1740.7358,704.4768,174.9663
78.0542,1740.1290,704.7419,174.9663
78.0638,1739.5043,705.0211,174.9663
78.0741,1738.8102,705.2467,174.9663
78.0837,1738.1489,705.5677,174.9663
78.0935,1737.4876,705.9001,174.9663
78.1034,1736.8711,706.2383,174.9663
78.1145,1736.2634,706.6021,174.9663
78.1235,1735.6470,706.9460,174.9663
78.1335,1735.0320,707.2977,174.9663
78.1436,1734.4099,707.6298,174.9663
78.1550,1733.7953,707.9771,174.9663
78.1639,1733.1669,708.2994,174.9663
78.1739,1732.5298,708.5765,174.9663
78.1836,1731.8630,708.8496,174.9663
78.1940,1731.2286,709.1138,174.9663
78.2038,1730.6217,709.3730,174.9663
78.2142,1729.9759,709.6798,174.9663
78.2240,1729.3416,710.0028,174.9663
78.2344,1728.7276,710.3540,174.9663
78.2439,1728.1124,710.6789,174.9663
78.2539,1727.4905,711.0143,174.9663
78.2639,1726.8936,711.3704,174.9663
78.2733,1726.2836,711.6965,174.9663
78.2833,1725.6458,712.0381,174.9663
78.2941,1725.0107,712.3236,174.9663
78.3040,1724.3870,712.5851,174.9663
78.3143,1723.7667,712.8538,174.9663
78.3236,1723.1318,713.1155,174.9663
78.3338,1722.4450,713.3671,174.9663
78.3435,1721.7875,713.6636,174.9663
78.3536,1721.1446,713.9933,174.9663
78.3638,1720.5448,714.3260,174.9663
78.3743,1719.9561,714.6727,174.9663
78.3849,1719.3387,715.0229,174.9663
78.3933,1718.7150,715.3262,174.9663
78.4037,1718.0747,715.6295,174.9663
78.4136,1717.4479,715.8994,174.9663
78.4236,1716.7867,716.1611,174.9663
78.4342,1716.1321,716.4370,174.9663
78.4437,1715.4697,716.6948,174.9663
78.4537,1714.7822,716.9835,174.9663
78.4650,1714.1382,717.2619,174.9663
78.4736,1713.5127,717.5648,174.9663
78.4837,1712.9098,717.8787,174.9663
78.4938,1712.3303,718.1880,174.9663
78.5036,1711.7516,718.5371,174.9663
78.5137,1711.1307,718.8508,174.9663
78.5241,1710.4808,719.1460,174.9663
78.5340,1709.8417,719.4091,174.9663
78.5444,1709.2122,719.6502,174.9663
78.5551,1708.5571,719.9247,174.9663
78.5645,1707.8840,720.1986,174.9663
78.5752,1707.2040,720.4949,174.9663
78.5846,1706.5020,720.7903,174.9663
78.5955,1705.8667,721.0965,174.9663
78.6040,1705.2385,721.4425,174.9663
78.6137,1704.6104,721.7950,174.9663
78.6236,1703.9973,722.1443,174.9663
78.6341,1703.3837,722.5091,174.9663
78.6443,1702.7225,722.7936,174.9663
78.6539,1702.0666,723.0558,174.9663
78.6643,1701.4494,723.3047,174.9663
78.6739,1700.8181,723.5721,174.9663
78.6843,1700.1707,723.8334,174.9663
78.6939,1699.5174,724.1038,174.9663
78.7036,1698.8765,724.3988,174.9663
78.7140,1698.1907,724.6652,174.9663
78.7238,1697.5370,725.0116,174.9663
78.7339,1696.8675,725.3811,174.9663
78.7436,1696.2186,725.7265,174.9663
78.7537,1695.5741,726.0674,174.9663
78.7635,1694.9061,726.3877,174.9663
78.7734,1694.2560,726.6416,174.9663
78.7846,1693.6459,726.9039,174.9663
78.7939,1693.0692,727.1838,174.9663
78.8038,1692.4437,727.4510,174.9663
78.8133,1691.8021,727.7135,174.9663
78.8237,1691.1522,727.9944,174.9663
78.8352,1690.4620,728.2521,174.9663
78.8440,1689.8494,728.5652,174.9663
78.8538,1689.2202,728.9011,174.9663
78.8637,1688.6023,729.2305,174.9663
78.8750,1687.9660,729.5778,174.9663
78.8839,1687.3293,729.8722,174.9663
78.8939,1686.6896,730.1536,174.9663
78.9032,1686.0809,730.4233,174.9663
78.9139,1685.4786,730.6727,174.9663
78.9234,1684.8161,730.9407,174.9663
78.9342,1684.1497,731.1907,174.9663
78.9450,1683.4734,731.4562,174.9663
78.9537,1682.7654,731.7464,174.9663
78.9633,1682.0569,732.0572,174.9663
78.9739,1681.3500,732.4117,174.9663
78.9838,1680.6749,732.7765,174.9663
78.9943,1680.0078,733.1488,174.9663
79.0035,1679.3450,733.4995,174.9663
79.0138,1678.6844,733.7859,174.9663
79.0236,1678.0674,734.0584,174.9663
79.0338,1677.4785,734.2867,174.9663
79.0435,1676.8758,734.5485,174.9663
79.0537,1676.2056,734.8029,174.9663
79.0634,1675.5248,735.0666,174.9663
79.0750,1674.8481,735.3577,174.9663
79.0839,1674.1813,735.6413,174.9663
79.0942,1673.5150,735.9681,174.9663
79.1039,1672.9520,736.3299,174.9663
79.1149,1672.3766,736.6835,174.9663
79.1251,1671.7999,737.0121,174.9663
79.1358,1671.2014,737.2763,174.9663
79.1443,1670.5991,737.5346,174.9663
79.1540,1670.0104,737.7922,174.9663
79.1639,1669.4243,738.0479,174.9663
79.1744,1668.7982,738.3152,174.9663
79.1836,1668.1595,738.5767,174.9663
79.1933,1667.5267,738.8432,174.9663
79.2039,1666.8613,739.1095,174.9663
79.2155,1666.2121,739.4297,174.9663
79.2248,1665.5798,739.7571,174.9663
79.2335,1665.0069,740.0753,174.9663
79.2443,1664.4539,740.4110,174.9663
79.2544,1663.8853,740.7037,174.9663
79.2639,1663.2668,740.9857,174.9663
79.2737,1662.6697,741.2690,174.9663
79.2837,1662.0916,741.5417,174.9663
79.2941,1661.4995,741.7927,174.9663
79.3043,1660.8824,742.0357,174.9663
79.3138,1660.2672,742.3076,174.9663
79.3235,1659.6205,742.5624,174.9663
79.3343,1658.9645,742.8455,174.9663
79.3437,1658.3101,743.1618,174.9663
79.3538,1657.6661,743.4661,174.9663
79.3638,1657.0698,743.8386,174.9663
79.3740,1656.4509,744.2045,174.9663
79.3835,1655.8209,744.5107,174.9663
79.3937,1655.1954,744.7991,174.9663
79.4039,1654.5903,745.0542,174.9663
79.4137,1653.9792,745.3170,174.9663
79.4240,1653.3571,745.5677,174.9663
79.4353,1652.7288,745.8439,174.9663
79.4441,1652.0795,746.1309,174.9663
79.4537,1651.4156,746.3682,174.9663
79.4636,1650.7443,746.7073,174.9663
79.4737,1650.0637,747.0313,174.9663
79.4837,1649.4278,747.3892,174.9663
79.4939,1648.8565,747.7782,174.9663
79.5035,1648.2594,748.0892,174.9663
79.5146,1647.6259,748.3720,174.9663
79.5245,1647.0292,748.6400,174.9663
79.5337,1646.4424,748.9167,174.9663
79.5439,1645.8267,749.1863,174.9663
79.5535,1645.2061,749.4502,174.9663
79.5635,1644.5355,749.7442,174.9663
79.5735,1643.8677,750.0257,174.9663
79.5851,1643.2070,750.3357,174.9663
79.5950,1642.5680,750.6577,174.9663
79.6043,1641.9330,750.9344,174.9663
79.6139,1641.3609,751.2808,174.9663
79.6244,1640.7645,751.5886,174.9663
79.6334,1640.1343,751.8624,174.9663
79.6434,1639.5275,752.1168,174.9663
79.6540,1638.9312,752.4056,174.9663
79.6640,1638.2864,752.7121,174.9663
79.6735,1637.6409,752.9783,174.9663
79.6841,1636.9749,753.2741,174.9663
79.6941,1636.3193,753.5566,174.9663
79.7042,1635.6701,753.8402,174.9663
79.7157,1635.0162,754.1342,174.9663
79.7247,1634.3943,754.4279,174.9663
79.7348,1633.7863,754.7353,174.9663
79.7446,1633.1948,755.0641,174.9663
79.7559,1632.5593,755.3606,174.9663
79.7638,1631.9163,755.6540,174.9663
79.7738,1631.2742,755.9433,174.9663
79.7838,1630.6638,756.2445,174.9663
79.7942,1630.0351,756.5090,174.9663
79.8040,1629.3909,756.7682,174.9663
79.8138,1628.7268,757.0692,174.9663
79.8240,1628.0731,757.3615,174.9663
79.8338,1627.3902,757.6617,174.9663
79.8433,1626.7361,757.9359,174.9663
79.8538,1626.1013,758.2462,174.9663
79.8666,1625.4879,758.5593,174.9663
79.8745,1624.9028,758.8595,174.9663
79.8835,1624.3162,759.1751,174.9663
79.8935,1623.6998,759.4352,174.9663
79.9040,1623.0685,759.6823,174.9663
79.9142,1622.4454,759.9880,174.9663
79.9237,1621.7808,760.2573,174.9663
79.9337,1621.1020,760.5301,174.9663
79.9436,1620.4442,760.8054,174.9663
79.9536,1619.7584,761.0970,174.9663
79.9640,1619.0796,761.4018,174.9663
79.9734,1618.4067,761.7224,174.9663
79.9837,1617.7156,762.0664,174.9663
79.9934,1617.0658,762.3966,174.9663
80.0036,1616.4615,762.7323,174.9663
80.0136,1615.9083,763.0022,174.9663
80.0242,1615.3023,763.2200,174.9663
80.0334,1614.7111,763.5176,174.9663
80.0433,1614.0734,763.7780,174.9663
80.0541,1613.4125,764.0631,174.9663
80.0650,1612.7593,764.3514,174.9663
80.0741,1612.0513,764.6494,174.9663
80.0837,1611.3392,764.9685,174.9663
80.0933,1610.6665,765.2971,174.9663
80.1039,1610.0330,765.6090,174.9663
80.1141,1609.3708,765.8989,174.9663
80.1237,1608.7494,766.1711,174.9663
80.1351,1608.1599,766.4225,174.9663
80.1448,1607.5894,766.6522,174.9663
80.1536,1606.9901,766.9207,174.9663
80.1637,1606.3668,767.1917,174.9663
80.1735,1605.6740,767.4851,174.9663
80.1845,1605.0087,767.7732,174.9663
80.1949,1604.3505,768.0654,174.9663
80.2040,1603.6708,768.3687,174.9663
80.2142,1602.9948,768.6497,174.9663
80.2237,1602.3131,768.9315,174.9663
80.2333,1601.6761,769.2339,174.9663
80.2433,1601.0842,769.4956,174.9663
80.2536,1600.5306,769.7190,174.9663
80.2640,1599.9774,769.9372,174.9663
80.2737,1599.3892,770.1981,174.9663
80.2835,1598.7605,770.4651,174.9663
80.2940,1598.1440,770.7316,174.9663
80.3038,1597.5074,770.9938,174.9663
80.3137,1596.8722,771.2278,174.9663
80.3235,1596.2218,771.5255,174.9663
80.3338,1595.5502,771.8221,174.9663
80.3435,1594.8752,772.1273,174.9663
80.3541,1594.2200,772.4455,174.9663
80.3643,1593.5893,772.7180,174.9663
80.3735,1592.9781,772.9935,174.9663
80.3835,1592.3762,773.2289,174.9663
80.3936,1591.7880,773.4934,174.9663
80.4039,1591.1846,773.7851,174.9663
80.4142,1590.5434,774.0302,174.9663
80.4244,1589.8860,774.3117,174.9663
80.4335,1589.2320,774.5915,174.9663
80.4434,1588.5423,774.8592,174.9663
80.4534,1587.8607,775.1573,174.9663
80.4652,1587.1612,775.4435,174.9663
80.4738,1586.4573,775.7628,174.9663
80.4839,1585.7761,776.0733,174.9663
80.4937,1585.0844,776.3795,174.9663
80.5045,1584.4677,776.6431,174.9663
80.5148,1583.9039,776.8589,174.9663
80.5239,1583.3134,777.1173,174.9663
80.5342,1582.7081,777.3687,174.9663
80.5439,1582.0677,777.6413,174.9663
80.5536,1581.4125,777.9310,174.9663
80.5644,1580.7292,778.2038,174.9663
80.5750,1580.0620,778.5052,174.9663
80.5842,1579.3730,778.8174,174.9663
80.5943,1578.6335,779.1157,174.9663
80.6042,1577.9117,779.4557,174.9663
80.6139,1577.2582,779.7866,174.9663
80.6244,1576.6607,780.0925,174.9663
80.6353,1576.0820,780.3068,174.9663
80.6436,1575.5190,780.5406,174.9663
80.6540,1574.9384,780.7880,174.9663
80.6645,1574.3263,781.0422,174.9663
80.6740,1573.6794,781.3417,174.9663
80.6843,1572.9896,781.6153,174.9663
80.6939,1572.2858,781.9230,174.9663
80.7045,1571.6230,782.1956,174.9663
80.7140,1570.9882,782.5025,174.9663
80.7234,1570.3449,782.8232,174.9663
80.7347,1569.7283,783.1174,174.9663
80.7445,1569.1533,783.4110,174.9663
80.7535,1568.5460,783.6288,174.9663
80.7642,1567.9671,783.8874,174.9663
80.7738,1567.3525,784.1750,174.9663
80.7835,1566.6913,784.4409,174.9663
80.7935,1566.0305,784.7338,174.9663
80.8048,1565.3962,785.0040,174.9663
80.8149,1564.7560,785.3054,174.9663
80.8240,1564.1008,785.5806,174.9663
80.8341,1563.4389,785.8655,174.9663
80.8434,1562.7845,786.1860,174.9663
80.8535,1562.1505,786.4268,174.9663
80.8642,1561.5652,786.6604,174.9663
80.8734,1561.0176,786.9146,174.9663
80.8836,1560.4291,787.1625,174.9663
80.8933,1559.8466,787.4451,174.9663
80.9035,1559.2188,787.6896,174.9663
80.9138,1558.5756,787.9889,174.9663
80.9240,1557.9124,788.2638,174.9663
80.9340,1557.2546,788.5420,174.9663
80.9446,1556.5504,788.8428,174.9663
80.9551,1555.8876,789.1215,174.9663
80.9644,1555.2094,789.4521,174.9663
80.9745,1554.5319,789.7651,174.9663
80.9847,1553.8677,790.0567,174.9663
80.9946,1553.2920,790.3867,174.9663
81.0043,1552.7021,790.6440,174.9663
81.0139,1552.0726,790.9263,174.9663
81.0236,1551.4304,791.1858,174.9663
81.0334,1550.7819,791.4790,174.9663
81.0437,1550.0892,791.8006,174.9663
81.0536,1549.4399,792.0973,174.9663
81.0637,1548.7900,792.3967,174.9663
81.0735,1548.0923,792.6767,174.9663
81.0839,1547.4263,792.9809,174.9663
81.0935,1546.7673,793.3051,174.9663
81.1044,1546.1251,793.6272,174.9663
81.1141,1545.5135,793.9361,174.9663
81.1236,1544.9297,794.1905,174.9663
81.1334,1544.3163,794.4563,174.9663
81.1435,1543.6906,794.7165,174.9663
81.1539,1543.0760,794.9904,174.9663
81.1639,1542.4257,795.3009,174.9663
81.1739,1541.7751,795.5751,174.9663
81.1853,1541.1388,795.8804,174.9663
81.1941,1540.4853,796.1610,174.9663
81.2040,1539.8113,796.4550,174.9663
81.2145,1539.1427,796.7769,174.9663
81.2264,1538.4785,797.0701,174.9663
81.2334,1537.8057,797.3865,174.9663
81.2446,1537.1461,797.6697,174.9663
81.2546,1536.5529,797.9507,174.9663
81.2640,1535.9348,798.2487,174.9663
81.2735,1535.2989,798.5065,174.9663
81.2841,1534.6668,798.8126,174.9663
81.2936,1534.0407,799.0856,174.9663
81.3038,1533.4275,799.3578,174.9663
81.3138,1532.7486,799.6476,174.9663
81.3238,1532.0660,799.9299,174.9663
81.3333,1531.3455,800.2531,174.9663
81.3436,1530.6692,800.5081,174.9663
81.3537,1530.0201,800.7495,174.9663
81.3641,1529.4290,801.0166,174.9663
81.3735,1528.8522,801.2645,174.9663
81.3836,1528.2449,801.5726,174.9663
81.3934,1527.5951,801.8317,174.9663
81.4041,1526.9308,802.1077,174.9663
81.4141,1526.2578,802.4036,174.9663
81.4241,1525.5948,802.6984,174.9663
81.4337,1524.9174,803.0187,174.9663
81.4438,1524.2390,803.3012,174.9663
81.4539,1523.5735,803.6021,174.9663
81.4644,1522.9407,803.8583,174.9663
81.4735,1522.3120,804.0602,174.9663
81.4843,1521.7410,804.3001,174.9663
81.4939,1521.1668,804.5036,174.9663
81.5037,1520.6202,804.7336,174.9663
81.5136,1520.0311,804.9761,174.9663
81.5239,1519.3754,805.2257,174.9663
81.5339,1518.6936,805.5333,174.9663
81.5433,1518.0126,805.8243,174.9663
81.5540,1517.3568,806.1448,174.9663
81.5655,1516.6599,806.4111,174.9663
81.5747,1515.9839,806.7278,174.9663
81.5843,1515.2823,807.0330,174.9663
81.5939,1514.5917,807.2535,174.9663
81.6037,1513.9705,807.5099,174.9663
81.6139,1513.3712,807.7503,174.9663
81.6237,1512.7949,807.9956,174.9663
81.6336,1512.2155,808.2670,174.9663
81.6439,1511.6174,808.5119,174.9663
81.6537,1510.9540,808.7991,174.9663
81.6639,1510.3208,809.0991,174.9663
81.6747,1509.6580,809.4345,174.9663
81.6839,1508.9482,809.7485,174.9663
81.6935,1508.2497,810.0482,174.9663
81.7037,1507.5488,810.3630,174.9663
81.7143,1506.8021,810.5876,174.9663
81.7241,1506.1141,810.8003,174.9663
81.7353,1505.4591,811.0620,174.9663
81.7451,1504.8250,811.3357,174.9663
81.7536,1504.2010,811.6252,174.9663
81.7636,1503.5869,811.8887,174.9663
81.7732,1502.9393,812.1874,174.9663
81.7839,1502.2967,812.5197,174.9663
81.7935,1501.6442,812.8293,174.9663
81.8036,1500.9637,813.1439,174.9663
81.8140,1500.2971,813.3925,174.9663
81.8234,1499.5914,813.6734,174.9663
81.8337,1498.9208,813.9347,174.9663
81.8439,1498.2482,814.1211,174.9663
81.8553,1497.6149,814.3503,174.9663
81.8645,1497.0407,814.5686,174.9663
81.8739,1496.4672,814.8515,174.9663
81.8840,1495.8524,815.0986,174.9663
81.8939,1495.2388,815.3983,174.9663
81.9038,1494.5864,815.7227,174.9663
81.9149,1493.9213,815.9911,174.9663
81.9241,1493.2445,816.2958,174.9663
81.9338,1492.5541,816.6049,174.9663
81.9435,1491.8342,816.8852,174.9663
81.9539,1491.0951,817.1677,174.9663
81.9637,1490.3539,817.3860,174.9663
81.9738,1489.6308,817.6175,174.9663
81.9837,1488.9710,817.8754,174.9663
81.9937,1488.3440,818.1873,174.9663
82.0035,1487.7173,818.4831,174.9663
82.0139,1487.1091,818.7527,174.9663
82.0240,1486.4653,819.0722,174.9663
82.0340,1485.8157,819.3689,174.9663
82.0438,1485.1585,819.6471,174.9663
82.0551,1484.4954,819.9198,174.9663
82.0643,1483.7819,820.1463,174.9663
82.0734,1483.0808,820.4355,174.9663
82.0837,1482.3873,820.6762,174.9663
82.0936,1481.7174,820.9374,174.9663
82.1036,1481.1500,821.2048,174.9663
82.1141,1480.5866,821.4480,174.9663
82.1247,1480.0294,821.7335,174.9663
82.1335,1479.4401,821.9604,174.9663
82.1433,1478.8444,822.2422,174.9663
82.1537,1478.2208,822.5349,174.9663
82.1642,1477.5816,822.7888,174.9663
82.1757,1476.9365,823.0725,174.9663
82.1859,1476.2754,823.3485,174.9663
82.1943,1475.5899,823.6633,174.9663
82.2045,1474.9252,823.9272,174.9663
82.2140,1474.2823,824.1767,174.9663
82.2237,1473.6861,824.4318,174.9663
82.2335,1473.1341,824.6810,174.9663
82.2436,1472.6202,824.9692,174.9663
82.2538,1472.0439,825.2141,174.9663
82.2648,1471.4532,825.4374,174.9663
82.2735,1470.8287,825.7057,174.9663
82.2837,1470.1755,825.9757,174.9663
82.2934,1469.5339,826.2586,174.9663
82.3037,1468.9065,826.5634,174.9663
82.3137,1468.2846,826.8792,174.9663
82.3239,1467.6038,827.1793,174.9663
82.3341,1466.9088,827.4326,174.9663
82.3439,1466.2583,827.7073,174.9663
82.3536,1465.6213,827.8996,174.9663
82.3637,1465.0149,828.1084,174.9663
82.3741,1464.4358,828.3475,174.9663
82.3836,1463.8419,828.6083,174.9663
82.3936,1463.2360,828.8789,174.9663
82.4035,1462.6155,829.1455,174.9663
82.4138,1461.9675,829.4532,174.9663
82.4238,1461.2700,829.7845,174.9663
82.4337,1460.5692,830.1158,174.9663
82.4439,1459.8785,830.4482,174.9663
82.4536,1459.1769,830.7268,174.9663
82.4640,1458.5057,830.9650,174.9663
82.4734,1457.8428,831.1784,174.9663
82.4848,1457.2241,831.4055,174.9663
82.4938,1456.6516,831.6694,174.9663
82.5040,1456.0878,831.9045,174.9663
82.5142,1455.4747,832.1915,174.9663
82.5244,1454.8372,832.4630,174.9663
82.5339,1454.2142,832.7812,174.9663
82.5436,1453.5726,833.1396,174.9663
82.5535,1452.9088,833.4392,174.9663
82.5636,1452.2020,833.7513,174.9663
82.5737,1451.4788,834.0294,174.9663
82.5835,1450.7575,834.2789,174.9663
82.5936,1450.1036,834.4969,174.9663
82.6035,1449.5297,834.7093,174.9663
82.6138,1448.9468,834.9180,174.9663
82.6241,1448.3572,835.0937,174.9663
82.6348,1447.7861,835.3512,174.9663
82.6435,1447.1986,835.6718,174.9663
82.6536,1446.5950,835.9835,174.9663
82.6637,1445.9303,836.2969,174.9663
82.6735,1445.2361,836.6069,174.9663
82.6836,1444.5333,836.9528,174.9663
82.6934,1443.8120,837.2763,174.9663
82.7038,1443.0990,837.5305,174.9663
82.7137,1442.3730,837.7403,174.9663
82.7233,1441.7545,837.9528,174.9663
82.7354,1441.1575,838.2191,174.9663
82.7449,1440.5805,838.4456,174.9663
82.7539,1440.0105,838.6741,174.9663
82.7641,1439.4184,838.9802,174.9663
82.7739,1438.7598,839.2429,174.9663
82.7840,1438.1060,839.5664,174.9663
82.7941,1437.4342,839.8802,174.9663
82.8035,1436.7455,840.1881,174.9663
82.8139,1436.0346,840.5114,174.9663
82.8245,1435.3038,840.7883,174.9663
82.8335,1434.5875,841.0230,174.9663
82.8435,1433.9295,841.2463,174.9663
82.8540,1433.3450,841.4690,174.9663
82.8636,1432.7644,841.7062,174.9663
82.8748,1432.2166,841.9265,174.9663
82.8835,1431.6602,842.2082,174.9663
82.8934,1431.0585,842.4657,174.9663
82.9039,1430.4142,842.7552,174.9663
82.9135,1429.7363,843.1030,174.9663
82.9238,1429.0078,843.4180,174.9663
82.9335,1428.2778,843.7613,174.9663
82.9438,1427.5900,844.0319,174.9663
82.9542,1426.9376,844.2768,174.9663
82.9640,1426.2872,844.4880,174.9663
82.9739,1425.6840,844.6783,174.9663
82.9840,1425.0894,844.9055,174.9663
82.9935,1424.5018,845.1207,174.9663
83.0036,1423.9075,845.4012,174.9663
83.0141,1423.2501,845.7109,174.9663
83.0234,1422.5836,846.0282,174.9663
83.0338,1421.8843,846.3781,174.9663
83.0437,1421.1818,846.7060,174.9663
83.0538,1420.4775,847.0657,174.9663
83.0636,1419.7834,847.3491,174.9663
83.0737,1419.0898,847.5554,174.9663
83.0840,1418.4064,847.7488,174.9663
83.0938,1417.7720,847.9478,174.9663
83.1043,1417.1482,848.1717,174.9663
83.1139,1416.5349,848.3788,174.9663
83.1238,1415.9433,848.5883,174.9663
83.1342,1415.3364,848.8907,174.9663
83.1436,1414.7304,849.1990,174.9663
83.1548,1414.0782,849.5433,174.9663
83.1646,1413.3828,849.8386,174.9663
83.1739,1412.6743,850.1061,174.9663
83.1839,1411.9645,850.3681,174.9663
83.1934,1411.2830,850.5579,174.9663
83.2037,1410.5978,850.7490,174.9663
83.2137,1409.9290,850.9553,174.9663
83.2243,1409.2946,851.2153,174.9663
83.2341,1408.6577,851.4546,174.9663
83.2443,1408.0667,851.6758,174.9663
83.2541,1407.4796,851.9308,174.9663
83.2637,1406.9145,852.1707,174.9663
83.2734,1406.3339,852.4431,174.9663
83.2836,1405.6858,852.7421,174.9663
83.2936,1405.0098,853.0060,174.9663
83.3036,1404.2983,853.2881,174.9663
83.3142,1403.6101,853.5136,174.9663
83.3245,1402.9288,853.7075,174.9663
83.3337,1402.2711,853.9306,174.9663
83.3435,1401.6247,854.1580,174.9663
83.3534,1400.9790,854.3981,174.9663
83.3636,1400.3732,854.6113,174.9663
83.3739,1399.7749,854.8849,174.9663
83.3835,1399.1544,855.1465,174.9663
83.3938,1398.5242,855.4232,174.9663
83.4038,1397.8652,855.7277,174.9663
83.4139,1397.1968,856.0271,174.9663
83.4235,1396.4913,856.3124,174.9663
83.4340,1395.7848,856.6090,174.9663
83.4434,1395.1171,856.8340,174.9663
83.4535,1394.4716,857.0634,174.9663
83.4635,1393.8228,857.2718,174.9663
83.4734,1393.1547,857.5134,174.9663
83.4841,1392.5095,857.7153,174.9663
83.4947,1391.8399,857.9473,174.9663
83.5035,1391.2073,858.2130,174.9663
83.5135,1390.5570,858.4782,174.9663
83.5240,1389.9286,858.7680,174.9663
83.5337,1389.2698,859.0503,174.9663
83.5441,1388.5761,859.3448,174.9663
83.5536,1387.8846,859.6761,174.9663
83.5636,1387.2073,859.9443,174.9663
83.5738,1386.5038,860.2035,174.9663
83.5843,1385.8373,860.3905,174.9663
83.5934,1385.1761,860.5970,174.9663
83.6042,1384.5032,860.8134,174.9663
83.6138,1383.8705,861.0221,174.9663
83.6236,1383.2626,861.3051,174.9663
83.6341,1382.6361,861.5728,174.9663
83.6441,1382.0278,861.8852,174.9663
83.6540,1381.3847,862.2080,174.9663
83.6640,1380.7170,862.5145,174.9663
83.6745,1380.0397,862.8141,174.9663
83.6852,1379.3574,863.0434,174.9663
83.6936,1378.7135,863.2719,174.9663
83.7040,1378.0401,863.4697,174.9663
83.7139,1377.4199,863.6806,174.9663
83.7252,1376.7875,863.9165,174.9663
83.7335,1376.1932,864.1299,174.9663
83.7436,1375.6462,864.3848,174.9663
83.7546,1375.0622,864.6661,174.9663
83.7637,1374.4567,864.9623,174.9663
83.7742,1373.8308,865.2805,174.9663
83.7849,1373.1765,865.5978,174.9663
83.7952,1372.4656,865.9230,174.9663
83.8047,1371.7743,866.1764,174.9663
83.8139,1371.1085,866.4150,174.9663
83.8231,1370.4423,866.6247,174.9663
83.8338,1369.7867,866.8298,174.9663
83.8459,1369.1703,867.0891,174.9663
83.8540,1368.5716,867.3124,174.9663
83.8638,1368.0112,867.5123,174.9663
83.8736,1367.4582,867.6830,174.9663
83.8842,1366.8790,867.8808,174.9663
83.8940,1366.2459,868.1248,174.9663
83.9037,1365.5811,868.4104,174.9663
83.9136,1364.9066,868.7534,174.9663
83.9238,1364.1714,869.0869,174.9663
83.9340,1363.4761,869.3532,174.9663
83.9440,1362.7817,869.6373,174.9663
83.9535,1362.0852,869.8554,174.9663
83.9638,1361.4158,870.1234,174.9663
83.9751,1360.7610,870.3579,174.9663
83.9849,1360.1448,870.5273,174.9663
83.9961,1359.5583,870.7475,174.9663
84.0045,1358.9870,870.9944,174.9663
84.0136,1358.3714,871.2655,174.9663
84.0233,1357.7079,871.5816,174.9663
84.0332,1357.0103,871.9350,174.9663
84.0436,1356.2792,872.3297,174.9663
84.0537,1355.5480,872.6328,174.9663
84.0640,1354.8693,872.8962,174.9663
84.0739,1354.2089,873.1074,174.9663
84.0836,1353.5562,873.3229,174.9663
84.0933,1352.9120,873.5306,174.9663
84.1048,1352.2729,873.6747,174.9663
84.1133,1351.6867,873.8866,174.9663
84.1237,1351.0714,874.1402,174.9663
84.1344,1350.4445,874.4338,174.9663
84.1450,1349.8010,874.8045,174.9663
84.1540,1349.1326,875.1791,174.9663
84.1640,1348.4582,875.5788,174.9663
84.1734,1347.7608,875.8855,174.9663
84.1838,1347.0622,876.1376,174.9663
84.1939,1346.3694,876.3360,174.9663
84.2034,1345.6645,876.5128,174.9663
84.2137,1344.9612,876.7305,174.9663
84.2237,1344.2845,876.8842,174.9663
84.2335,1343.6367,877.1013,174.9663
84.2450,1343.0119,877.4062,174.9663
84.2538,1342.4189,877.7390,174.9663
84.2639,1341.8118,878.1112,174.9663
84.2736,1341.1729,878.4414,174.9663
84.2837,1340.4938,878.7233,174.9663
84.2940,1339.8265,878.9861,174.9663
84.3064,1339.1695,879.1910,174.9663
84.3156,1338.4809,879.3878,174.9663
84.3235,1337.8366,879.5765,174.9663
84.3338,1337.1414,879.8030,174.9663
84.3433,1336.4911,880.0344,174.9663
84.3540,1335.8844,880.3073,174.9663
84.3640,1335.2692,880.5950,174.9663
84.3746,1334.6569,880.8295,174.9663
84.3843,1334.0527,881.1372,174.9663
84.3937,1333.4370,881.4092,174.9663
84.4033,1332.8009,881.6819,174.9663
84.4134,1332.1572,881.9105,174.9663
84.4235,1331.5000,882.0663,174.9663
84.4352,1330.8475,882.2798,174.9663
84.4445,1330.1334,882.5090,174.9663
84.4538,1329.4543,882.7607,174.9663
84.4644,1328.7618,883.0476,174.9663
84.4733,1328.1105,883.2913,174.9663
84.4839,1327.4918,883.5936,174.9663
84.4939,1326.8774,883.8594,174.9663
84.5046,1326.2714,884.1051,174.9663
84.5153,1325.6343,884.3094,174.9663
84.5242,1325.0233,884.5203,174.9663
84.5332,1324.3916,884.7771,174.9663
84.5439,1323.7560,884.9981,174.9663
84.5540,1323.1124,885.2280,174.9663
84.5646,1322.4202,885.4983,174.9663
84.5744,1321.7307,885.7968,174.9663
84.5850,1321.0298,886.1269,174.9663
84.5942,1320.3283,886.3617,174.9663
84.6045,1319.6494,886.6090,174.9663
84.6134,1319.0178,886.8245,174.9663
84.6242,1318.4179,887.0123,174.9663
84.6340,1317.7859,887.2695,174.9663
84.6437,1317.1719,887.5097,174.9663
84.6535,1316.5226,887.7866,174.9663
84.6648,1315.8564,888.0197,174.9663
84.6737,1315.2341,888.2589,174.9663
84.6839,1314.5839,888.5440,174.9663
84.6946,1313.9236,888.7756,174.9663
84.7049,1313.2410,889.0183,174.9663
84.7139,1312.5670,889.2434,174.9663
84.7233,1311.8545,889.4442,174.9663
84.7334,1311.1573,889.6834,174.9663
84.7436,1310.4525,889.8834,174.9663
84.7544,1309.7392,890.1932,174.9663
84.7642,1309.0468,890.4926,174.9663
84.7741,1308.3885,890.7964,174.9663
84.7836,1307.7457,891.0901,174.9663
84.7935,1307.0804,891.2894,174.9663
84.8040,1306.4542,891.5662,174.9663
84.8135,1305.8101,891.7624,174.9663
84.8235,1305.1249,891.9777,174.9663
84.8340,1304.4281,892.2164,174.9663
84.8436,1303.7428,892.4458,174.9663
84.8535,1303.0795,892.7090,174.9663
84.8637,1302.4600,892.9377,174.9663
84.8737,1301.8686,893.2087,174.9663
84.8834,1301.1996,893.4968,174.9663
84.8932,1300.5587,893.7642,174.9663
84.9053,1299.8856,894.0733,174.9663
84.9139,1299.2177,894.2754,174.9663
84.9237,1298.5414,894.4712,174.9663
84.9335,1297.8613,894.6936,174.9663
84.9439,1297.1590,894.9077,174.9663
84.9537,1296.4476,895.1617,174.9663
84.9642,1295.7059,895.3995,174.9663
84.9738,1294.9792,895.6677,174.9663
84.9846,1294.2756,895.9344,174.9663
84.9936,1293.6311,896.2337,174.9663
85.0035,1292.9799,896.5449,174.9663
85.0136,1292.3177,896.7708,174.9663
85.0237,1291.6525,897.0129,174.9663
85.0337,1291.0220,897.2206,174.9663
85.0440,1290.3911,897.4427,174.9663
85.0544,1289.7379,897.6780,174.9663
85.0647,1289.0536,897.9093,174.9663
85.0752,1288.3691,898.1896,174.9663
85.0843,1287.6505,898.4302,174.9663
85.0933,1286.9678,898.7099,174.9663
85.1040,1286.3251,899.0185,174.9663
85.1144,1285.7465,899.2510,174.9663
85.1235,1285.1439,899.4781,174.9663
85.1334,1284.5815,899.6646,174.9663
85.1437,1284.0027,899.9116,174.9663
85.1559,1283.4325,900.1451,174.9663
85.1652,1282.8086,900.3425,174.9663
85.1742,1282.1653,900.5864,174.9663
85.1835,1281.5137,900.7978,174.9663
85.1933,1280.8808,901.0670,174.9663
85.2039,1280.2285,901.3065,174.9663
85.2139,1279.5542,901.5001,174.9663
85.2245,1278.9003,901.7716,174.9663
85.2351,1278.2875,902.0359,174.9663
85.2433,1277.7126,902.2908,174.9663
85.2539,1277.1150,902.5337,174.9663
85.2642,1276.5262,902.7621,174.9663
85.2738,1275.8981,903.0394,174.9663
85.2836,1275.2905,903.2843,174.9663
85.2951,1274.6437,903.5515,174.9663
85.3040,1273.9949,903.7814,174.9663
85.3135,1273.3352,903.9783,174.9663
85.3235,1272.6628,904.2191,174.9663
85.3338,1271.9752,904.4471,174.9663
85.3436,1271.2994,904.6920,174.9663
85.3534,1270.6680,904.9250,174.9663
85.3648,1269.9987,905.1948,174.9663
85.3739,1269.3663,905.4708,174.9663
85.3836,1268.7514,905.7432,174.9663
85.3933,1268.0958,906.0138,174.9663
85.4033,1267.4587,906.2697,174.9663
85.4134,1266.8177,906.5179,174.9663
85.4238,1266.1259,906.7321,174.9663
85.4339,1265.4514,906.9189,174.9663
85.4435,1264.7659,907.2019,174.9663
85.4537,1264.0778,907.4277,174.9663
85.4636,1263.3721,907.6989,174.9663
85.4733,1262.6785,907.9740,174.9663
85.4834,1262.0397,908.2404,174.9663
85.4934,1261.4066,908.5472,174.9663
85.5044,1260.8283,908.7643,174.9663
85.5143,1260.2021,908.9490,174.9663
85.5239,1259.5747,909.1973,174.9663
85.5339,1258.9904,909.4169,174.9663
85.5443,1258.3408,909.7019,174.9663
85.5553,1257.6321,909.9178,174.9663
85.5657,1256.9479,910.1738,174.9663
85.5736,1256.2479,910.4456,174.9663
85.5843,1255.5815,910.7111,174.9663
85.5940,1254.9156,911.0232,174.9663
85.6037,1254.3138,911.2692,174.9663
85.6137,1253.6797,911.5233,174.9663
85.6242,1253.0771,911.7467,174.9663
85.6342,1252.4549,911.9308,174.9663
85.6436,1251.8356,912.1770,174.9663
85.6533,1251.2027,912.3827,174.9663
85.6632,1250.5893,912.6043,174.9663
85.6740,1249.9264,912.8567,174.9663
85.6838,1249.2346,913.0867,174.9663
85.6954,1248.5217,913.3461,174.9663
85.7037,1247.8201,913.5928,174.9663
85.7138,1247.1316,913.8520,174.9663
85.7236,1246.4424,914.0963,174.9663
85.7336,1245.8026,914.3273,174.9663
85.7436,1245.1747,914.5909,174.9663
85.7540,1244.5684,914.8050,174.9663
85.7638,1243.9772,915.0358,174.9663
85.7742,1243.4008,915.2740,174.9663
85.7837,1242.7880,915.5203,174.9663
85.7936,1242.1985,915.7632,174.9663
85.8040,1241.5007,915.9788,174.9663
85.8144,1240.8078,916.2359,174.9663
85.8253,1240.0749,916.4853,174.9663
85.8357,1239.3704,916.7382,174.9663
85.8435,1238.6072,917.0431,174.9663
85.8539,1237.9283,917.2907,174.9663
85.8647,1237.2578,917.5912,174.9663
85.8737,1236.6511,917.8065,174.9663
85.8837,1236.1012,918.0119,174.9663
85.8949,1235.5377,918.2158,174.9663
85.9033,1234.9709,918.4111,174.9663
85.9140,1234.3529,918.6697,174.9663
85.9237,1233.7036,918.9096,174.9663
85.9339,1233.0226,919.1773,174.9663
85.9449,1232.2876,919.4322,174.9663
85.9557,1231.5544,919.6965,174.9663
85.9633,1230.8616,919.9785,174.9663
85.9737,1230.1537,920.2420,174.9663
85.9840,1229.4916,920.5076,174.9663
85.9951,1228.8679,920.7598,174.9663
86.0040,1228.2365,920.9538,174.9663
86.0131,1227.6488,921.1142,174.9663
86.0241,1227.0693,921.3105,174.9663
86.0333,1226.4753,921.5740,174.9663
86.0435,1225.8304,921.8066,174.9663
86.0536,1225.1479,922.0690,174.9663
86.0641,1224.4354,922.3215,174.9663
86.0747,1223.7121,922.5666,174.9663
86.0852,1223.0169,922.8229,174.9663
86.0952,1222.2833,923.0629,174.9663
86.1055,1221.5867,923.3153,174.9663
86.1151,1220.9194,923.5573,174.9663
86.1258,1220.3001,923.7587,174.9663
86.1339,1219.6951,923.9392,174.9663
86.1439,1219.1286,924.0993,174.9663
86.1537,1218.5250,924.3324,174.9663
86.1639,1217.9177,924.5414,174.9663
86.1733,1217.2067,924.7786,174.9663
86.1843,1216.5319,925.0460,174.9663
86.1935,1215.8180,925.2851,174.9663
86.2045,1215.0900,925.5313,174.9663
86.2136,1214.3849,925.7670,174.9663
86.2235,1213.7147,926.0059,174.9663
86.2333,1213.0282,926.2773,174.9663
86.2440,1212.4055,926.4789,174.9663
86.2543,1211.8397,926.6941,174.9663
86.2651,1211.2764,926.8564,174.9663
86.2752,1210.6938,927.0273,174.9663
86.2840,1210.0660,927.2579,174.9663
86.2944,1209.4398,927.4295,174.9663
86.3045,1208.7361,927.7073,174.9663
86.3144,1208.0350,927.9413,174.9663
86.3247,1207.3534,928.1943,174.9663
86.3339,1206.6253,928.4434,174.9663
86.3437,1205.9184,928.6767,174.9663
86.3553,1205.2703,928.9425,174.9663
86.3643,1204.6033,929.1960,174.9663
86.3736,1203.9770,929.4503,174.9663
86.3838,1203.3822,929.6375,174.9663
86.3938,1202.7938,929.7792,174.9663
86.4040,1202.1826,929.9843,174.9663
86.4150,1201.5640,930.1938,174.9663
86.4243,1200.9395,930.4525,174.9663
86.4337,1200.2377,930.6974,174.9663
86.4434,1199.5060,930.9214,174.9663
86.4539,1198.7923,931.2230,174.9663
86.4636,1198.0888,931.4529,174.9663
86.4733,1197.3809,931.7248,174.9663
86.4838,1196.6500,932.0227,174.9663
86.4936,1195.9728,932.2556,174.9663
86.5036,1195.3347,932.5002,174.9663
86.5141,1194.7189,932.6530,174.9663
86.5235,1194.1241,932.8031,174.9663
86.5343,1193.5452,932.9930,174.9663
86.5441,1192.9503,933.2017,174.9663
86.5540,1192.2883,933.4427,174.9663
86.5646,1191.6060,933.6580,174.9663
86.5742,1190.8808,933.9690,174.9663
86.5843,1190.1310,934.2255,174.9663
86.5939,1189.4044,934.4725,174.9663
86.6037,1188.6469,934.7520,174.9663
86.6138,1187.9504,935.0069,174.9663
86.6234,1187.2692,935.2753,174.9663
86.6338,1186.6636,935.4954,174.9663
86.6435,1186.0544,935.6646,174.9663
86.6537,1185.4399,935.8944,174.9663
86.6640,1184.8633,936.0896,174.9663
86.6759,1184.1793,936.3580,174.9663
86.6836,1183.4565,936.5920,174.9663
86.6938,1182.7365,936.8450,174.9663
86.7037,1182.0116,937.1014,174.9663
86.7137,1181.2913,937.3466,174.9663
86.7240,1180.5815,937.6430,174.9663
86.7349,1179.9141,937.9065,174.9663
86.7435,1179.2783,938.1209,174.9663
86.7540,1178.7278,938.3373,174.9663
86.7635,1178.1913,938.5242,174.9663
86.7737,1177.6041,938.7447,174.9663
86.7841,1176.9731,938.9267,174.9663
86.7934,1176.3096,939.1534,174.9663
86.8041,1175.5714,939.4224,174.9663
86.8137,1174.8713,939.6693,174.9663
86.8234,1174.1796,939.9461,174.9663
86.8338,1173.4684,940.1644,174.9663
86.8439,1172.7664,940.4392,174.9663
86.8536,1172.1313,940.6971,174.9663
86.8654,1171.5676,940.8890,174.9663
86.8743,1170.9819,941.0548,174.9663
86.8838,1170.4413,941.1764,174.9663
86.8935,1169.8732,941.3686,174.9663
86.9036,1169.2652,941.5602,174.9663
86.9138,1168.5679,941.7943,174.9663
86.9237,1167.8552,942.0817,174.9663
86.9334,1167.0986,942.3101,174.9663
86.9438,1166.3860,942.5699,174.9663
86.9537,1165.6794,942.8369,174.9663
86.9639,1164.9953,943.1194,174.9663
86.9737,1164.2911,943.4101,174.9663
86.9835,1163.6534,943.6367,174.9663
86.9936,1163.0183,943.8535,174.9663
87.0040,1162.4382,944.0041,174.9663
87.0134,1161.8721,944.1862,174.9663
87.0239,1161.2540,944.4249,174.9663
87.0341,1160.6116,944.6462,174.9663
87.0447,1159.9191,944.9263,174.9663
87.0538,1159.2189,945.1864,174.9663
87.0638,1158.4794,945.4749,174.9663
87.0734,1157.7983,945.7323,174.9663
87.0845,1157.0605,946.0038,174.9663
87.0942,1156.3218,946.3043,174.9663
87.1036,1155.6363,946.5422,174.9663
87.1136,1154.9736,946.7678,174.9663
87.1236,1154.3419,946.9634,174.9663
87.1342,1153.7491,947.1237,174.9663
87.1435,1153.1840,947.3627,174.9663
87.1536,1152.5812,947.5785,174.9663
87.1633,1151.9205,947.8203,174.9663
87.1739,1151.2069,948.0571,174.9663
87.1843,1150.4888,948.3517,174.9663
87.1934,1149.8029,948.6499,174.9663
87.2034,1149.0974,948.8894,174.9663
87.2136,1148.3474,949.1561,174.9663
87.2237,1147.6271,949.4127,174.9663
87.2339,1146.9498,949.6177,174.9663
87.2439,1146.3236,949.8339,174.9663
87.2534,1145.7191,949.9985,174.9663
87.2635,1145.1249,950.1802,174.9663
87.2749,1144.5300,950.3769,174.9663
87.2837,1143.8859,950.6225,174.9663
87.2937,1143.2037,950.9101,174.9663
87.3037,1142.4748,951.1515,174.9663
87.3132,1141.7154,951.4321,174.9663
87.3237,1141.0150,951.6779,174.9663
87.3343,1140.2959,951.9473,174.9663
87.3439,1139.6291,952.1971,174.9663
87.3536,1138.9894,952.3725,174.9663
87.3636,1138.3992,952.5637,174.9663
87.3734,1137.8251,952.7157,174.9663
87.3835,1137.2411,952.9030,174.9663
87.3943,1136.6097,953.1243,174.9663
87.4045,1135.9824,953.3599,174.9663
87.4134,1135.2664,953.6430,174.9663
87.4246,1134.5489,953.9054,174.9663
87.4350,1133.8251,954.1949,174.9663
87.4451,1133.0841,954.4476,174.9663
87.4541,1132.3792,954.6859,174.9663
87.4646,1131.6906,954.9724,174.9663
87.4733,1131.0126,955.1780,174.9663
87.4844,1130.3614,955.3751,174.9663
87.4938,1129.7585,955.5408,174.9663
87.5042,1129.1603,955.7045,174.9663
87.5153,1128.5444,955.8986,174.9663
87.5236,1127.9174,956.0904,174.9663
87.5337,1127.2677,956.3238,174.9663
87.5433,1126.5948,956.5650,174.9663
87.5535,1125.9131,956.8319,174.9663
87.5632,1125.1926,957.1192,174.9663
87.5733,1124.4428,957.3438,174.9663
87.5841,1123.7650,957.5960,174.9663
87.5935,1123.0869,957.8164,174.9663
87.6045,1122.4626,957.9782,174.9663
87.6140,1121.8741,958.1528,174.9663
87.6233,1121.3022,958.2850,174.9663
87.6346,1120.6810,958.4929,174.9663
87.6435,1120.0531,958.6982,174.9663
87.6541,1119.3973,958.9656,174.9663
87.6639,1118.7162,959.2391,174.9663
87.6741,1117.9972,959.5051,174.9663
87.6851,1117.2665,959.8079,174.9663
87.6953,1116.5407,960.0798,174.9663
87.7036,1115.8091,960.3304,174.9663
87.7142,1115.0694,960.5335,174.9663
87.7235,1114.3524,960.6716,174.9663
87.7336,1113.6233,960.8865,174.9663
87.7439,1112.9657,961.0549,174.9663
87.7535,1112.3042,961.2629,174.9663
87.7640,1111.6676,961.4796,174.9663
87.7754,1111.0791,961.6584,174.9663
87.7840,1110.4492,961.9362,174.9663
87.7941,1109.7977,962.1765,174.9663
87.8035,1109.1058,962.4391,174.9663
87.8136,1108.3855,962.7132,174.9663
87.8234,1107.6642,962.9639,174.9663
87.8340,1106.9273,963.2332,174.9663
87.8437,1106.2364,963.4028,174.9663
87.8541,1105.5753,963.5951,174.9663
87.8641,1104.9300,963.7453,174.9663
87.8737,1104.3387,963.9362,174.9663
87.8836,1103.7348,964.1497,174.9663
87.8935,1103.1187,964.3134,174.9663
87.9036,1102.4356,964.5153,174.9663
87.9137,1101.7483,964.7878,174.9663
87.9241,1101.0244,965.0737,174.9663
87.9334,1100.3033,965.3564,174.9663
87.9444,1099.5753,965.6017,174.9663
87.9539,1098.8658,965.8607,174.9663
87.9640,1098.1756,966.0573,174.9663
87.9742,1097.4876,966.2560,174.9663
87.9840,1096.8171,966.4631,174.9663
87.9937,1096.1587,966.5973,174.9663
88.0037,1095.5251,966.7887,174.9663
88.0137,1094.8818,966.9545,174.9663
88.0235,1094.2338,967.1739,174.9663
