time[s], wr_x[mm], wr_y[mm] 
0.0002,2149.8407,2114.5880,178.5030
0.0359,2149.8528,2114.6000,178.5036
0.0431,2149.8489,2114.5922,178.5066
0.0468,2149.8446,2114.6255,178.5073
0.0518,2149.8369,2114.6598,178.5586
0.0734,2149.9083,2114.7634,178.8636
0.0748,2150.2594,2114.8474,179.6522
0.0783,2150.7798,2115.1942,-179.3394
0.0893,2151.1721,2115.5128,-178.1471
0.0982,2151.3259,2115.5627,-176.6988
0.1085,2151.6598,2116.0092,-175.1283
0.1183,2152.0406,2116.5621,-173.4459
0.1283,2152.4547,2116.8492,-171.6892
0.1386,2153.0004,2117.4475,-169.7524
0.1480,2153.5603,2118.1167,-167.8328
0.1582,2154.0105,2118.6514,-165.7652
0.1695,2154.5941,2119.3978,-163.6112
0.1787,2155.0917,2120.3915,-161.3546
0.1901,2155.3290,2121.1023,-159.1311
0.1984,2155.5801,2121.6222,-156.7011
0.2087,2155.8832,2122.5608,-154.2462
0.2187,2156.1040,2123.3429,-151.7795
0.2288,2156.3148,2124.2361,-151.7795
0.2407,2156.5282,2125.4656,-151.7795
0.2487,2156.5295,2126.8007,-151.7795
0.2586,2156.4762,2128.0648,-151.7795
0.2687,2156.3740,2129.5417,-151.7795
0.2795,2156.2206,2130.7513,-151.7795
0.2885,2155.8143,2131.6453,-151.7795
0.2984,2155.3884,2132.4939,-151.7795
0.3088,2155.0505,2132.9427,-151.7795
0.3187,2154.4955,2133.2551,-151.7795
0.3295,2154.0507,2133.4393,-151.7795
0.3381,2153.7810,2133.3137,-151.7795
0.3479,2153.6810,2132.9683,-151.7795
0.3582,2153.6348,2132.6586,-151.7795
0.3680,2153.5837,2132.5466,-151.7795
0.3791,2153.3278,2132.4626,-151.7795
0.3884,2153.0352,2132.1853,-151.7795
0.3987,2152.8007,2131.8340,-151.7795
0.4091,2152.6462,2131.5463,-151.7795
0.4188,2152.5067,2131.3623,-151.7795
0.4285,2152.2773,2131.2131,-151.7795
0.4392,2152.1206,2131.0092,-151.7795
0.4479,2151.9368,2130.8177,-151.7795
0.4587,2151.7562,2130.5649,-151.7795
0.4694,2151.4756,2130.1967,-151.7795
0.4781,2151.0991,2129.6727,-151.7795
0.4883,2150.6486,2129.0981,-151.7795
0.4981,2150.1458,2128.3696,-151.7795
0.5082,2149.6100,2127.6815,-151.7795
0.5185,2148.9858,2126.9142,-151.7795
0.5285,2148.3237,2126.2125,-151.7795
0.5383,2147.7067,2125.5012,-151.7795
0.5480,2147.0814,2124.8027,-151.7795
0.5582,2146.5706,2124.0630,-151.7795
0.5684,2145.9906,2123.3740,-151.7795
0.5780,2145.4147,2122.6000,-151.7795
0.5889,2144.7133,2121.7347,-151.7795
0.5980,2143.9235,2120.7629,-151.7795
0.6081,2142.9852,2119.6782,-151.7795
0.6183,2142.0698,2118.6035,-151.7795
0.6284,2141.2063,2117.5786,-151.7795
0.6392,2140.4302,2116.5997,-151.7795
0.6486,2139.7004,2115.6590,-151.7795
0.6581,2138.9272,2114.7592,-151.7795
0.6691,2138.0315,2113.7863,-151.7795
0.6796,2137.0681,2112.8527,-151.7795
0.6886,2136.1416,2111.7753,-151.7795
0.6982,2135.2865,2110.7379,-151.7795
0.7084,2134.4255,2109.6225,-151.7795
0.7185,2133.5771,2108.5758,-151.7795
0.7284,2132.6542,2107.5594,-151.7795
0.7392,2131.6337,2106.4199,-151.7795
0.7485,2130.5688,2105.3129,-151.7795
0.7596,2129.5878,2104.1418,-151.7795
0.7685,2128.6776,2103.0852,-151.7795
0.7780,2127.7659,2101.9473,-151.7795
0.7884,2126.8489,2100.8217,-151.7795
0.7985,2125.8411,2099.7656,-151.7795
0.8086,2124.8442,2098.5605,-151.7795
0.8194,2123.8416,2097.3439,-151.7795
0.8293,2122.9272,2096.1302,-151.7795
0.8392,2121.8966,2094.8598,-151.7795
0.8487,2120.8813,2093.6095,-151.7795
0.8581,2119.7733,2092.3939,-151.7795
0.8683,2118.7742,2091.1985,-151.7795
0.8785,2117.8289,2090.0490,-151.7795
0.8892,2116.8320,2088.8358,-151.7795
0.8998,2115.7706,2087.5671,-151.7795
0.9098,2114.6774,2086.3375,-151.7795
0.9186,2113.5519,2085.0121,-151.7795
0.9284,2112.5328,2083.7687,-151.7795
0.9390,2111.4741,2082.4726,-151.7795
0.9484,2110.3921,2081.1530,-151.7795
0.9581,2109.2137,2079.7918,-151.7795
0.9687,2108.0059,2078.4866,-151.7795
0.9797,2106.8809,2077.1290,-151.7795
0.9883,2105.7881,2075.8075,-151.7795
0.9983,2104.6882,2074.4491,-151.7795
1.0085,2103.5519,2073.0331,-151.7795
1.0197,2102.2967,2071.6707,-151.7795
1.0300,2101.2171,2070.3212,-151.7795
1.0394,2100.0870,2069.0282,-151.7795
1.0496,2099.0583,2067.5761,-151.7795
1.0610,2097.8422,2066.0521,-151.7795
1.0686,2096.8353,2064.8408,-151.7795
1.0784,2095.7063,2063.5240,-151.7795
1.0884,2094.5896,2062.2803,-151.7795
1.0980,2093.5173,2060.8333,-151.7795
1.1079,2092.3610,2059.3629,-151.7795
1.1184,2091.1680,2058.0168,-151.7795
1.1284,2090.0403,2056.6859,-151.7795
1.1390,2088.8684,2055.3295,-151.7795
1.1479,2087.7351,2053.8045,-151.7795
1.1580,2086.4766,2052.3658,-151.7795
1.1686,2085.3033,2050.9956,-151.7795
1.1782,2084.1317,2049.7096,-151.7795
1.1883,2083.0301,2048.3235,-151.7795
1.1979,2081.8932,2046.7662,-151.7795
1.2086,2080.7013,2045.3918,-151.7795
1.2183,2079.5748,2044.0491,-151.7795
1.2284,2078.3792,2042.7433,-151.7795
1.2387,2077.2341,2041.2553,-151.7795
1.2482,2076.0431,2039.6497,-151.7795
1.2584,2074.8492,2038.1611,-151.7795
1.2689,2073.6281,2036.8093,-151.7795
1.2784,2072.3960,2035.4260,-151.7795
1.2888,2071.2358,2033.8096,-151.7795
1.2987,2069.9836,2032.1960,-151.7795
1.3090,2068.7881,2030.7241,-151.7795
1.3196,2067.5153,2029.3780,-151.7795
1.3294,2066.3033,2027.9124,-151.7795
1.3385,2065.0499,2026.2643,-151.7795
1.3490,2063.7724,2024.7173,-151.7795
1.3592,2062.5285,2023.3188,-151.7795
1.3684,2061.2570,2021.9784,-151.7795
1.3785,2060.0511,2020.4347,-151.7795
1.3883,2058.7397,2018.8257,-151.7795
1.3980,2057.4984,2017.3608,-151.7795
1.4091,2056.2586,2016.0060,-151.7795
1.4196,2055.0098,2014.6019,-151.7795
1.4300,2053.7585,2012.9666,-151.7795
1.4399,2052.4380,2011.4411,-151.7795
1.4481,2051.1792,2009.9697,-151.7795
1.4587,2049.9466,2008.5975,-151.7795
1.4684,2048.7504,2007.0069,-151.7795
1.4786,2047.4719,2005.4044,-151.7795
1.4880,2046.1549,2003.9058,-151.7795
1.4981,2044.8975,2002.4633,-151.7795
1.5088,2043.6279,2000.8824,-151.7795
1.5185,2042.4071,1999.1448,-151.7795
1.5294,2041.1417,1997.6879,-151.7795
1.5393,2039.8853,1996.2941,-151.7795
1.5483,2038.6761,1994.8010,-151.7795
1.5590,2037.4714,1993.1483,-151.7795
1.5682,2036.2296,1991.5885,-151.7795
1.5780,2034.9893,1990.1925,-151.7795
1.5884,2033.7441,1988.8168,-151.7795
1.5985,2032.5507,1987.2465,-151.7795
1.6090,2031.3552,1985.6091,-151.7795
1.6198,2030.1791,1984.1372,-151.7795
1.6280,2028.9274,1982.8056,-151.7795
1.6383,2027.6611,1981.3426,-151.7795
1.6480,2026.4385,1979.7047,-151.7795
1.6585,2025.2606,1978.1694,-151.7795
1.6685,2024.0407,1976.7508,-151.7795
1.6783,2022.7431,1975.3138,-151.7795
1.6883,2021.5156,1973.6607,-151.7795
1.7000,2020.3094,1971.9409,-151.7795
1.7081,2019.1011,1970.3771,-151.7795
1.7188,2017.8557,1968.9897,-151.7795
1.7282,2016.6174,1967.4187,-151.7795
1.7380,2015.4816,1965.6584,-151.7795
1.7484,2014.3181,1964.0595,-151.7795
1.7588,2013.0256,1962.6392,-151.7795
1.7685,2011.7674,1961.1038,-151.7795
1.7781,2010.4811,1959.3891,-151.7795
1.7886,2009.2281,1957.6468,-151.7795
1.7981,2007.9680,1956.1094,-151.7795
1.8090,2006.6467,1954.6434,-151.7795
1.8194,2005.3284,1953.0099,-151.7795
1.8286,2004.0399,1951.2951,-151.7795
1.8383,2002.8335,1949.7845,-151.7795
1.8482,2001.6051,1948.4913,-151.7795
1.8583,2000.3569,1947.0789,-151.7795
1.8682,1999.1155,1945.3913,-151.7795
1.8792,1997.8110,1943.7736,-151.7795
1.8889,1996.5916,1942.3258,-151.7795
1.8984,1995.2598,1940.9772,-151.7795
1.9097,1994.0232,1939.3389,-151.7795
1.9200,1992.8351,1937.6726,-151.7795
1.9285,1991.6683,1936.1965,-151.7795
1.9386,1990.3948,1934.7736,-151.7795
1.9483,1989.1271,1933.2506,-151.7795
1.9583,1987.8854,1931.5175,-151.7795
1.9683,1986.7175,1929.9433,-151.7795
1.9782,1985.4819,1928.5303,-151.7795
1.9888,1984.2172,1927.0786,-151.7795
1.9989,1982.9619,1925.3970,-151.7795
2.0099,1981.7402,1923.8071,-151.7795
2.0189,1980.5042,1922.4006,-151.7795
2.0293,1979.2744,1920.9610,-151.7795
2.0386,1978.0140,1919.3502,-151.7795
2.0484,1976.7507,1917.6530,-151.7795
2.0599,1975.4439,1916.1361,-151.7795
2.0702,1974.1432,1914.6997,-151.7795
2.0791,1972.9174,1913.1747,-151.7795
2.0884,1971.6931,1911.4283,-151.7795
2.0984,1970.5002,1909.8223,-151.7795
2.1084,1969.2539,1908.3586,-151.7795
2.1184,1968.0101,1906.8362,-151.7795
2.1282,1966.7789,1905.0568,-151.7795
2.1382,1965.6218,1903.3552,-151.7795
2.1481,1964.3635,1901.9959,-151.7795
2.1582,1963.1204,1900.6251,-151.7795
2.1683,1961.9200,1899.0026,-151.7795
2.1785,1960.7723,1897.2740,-151.7795
2.1886,1959.6421,1895.7943,-151.7795
2.1979,1958.3809,1894.4654,-151.7795
2.2090,1957.1448,1892.9576,-151.7795
2.2186,1955.9426,1891.1635,-151.7795
2.2283,1954.7597,1889.5683,-151.7795
2.2385,1953.5237,1888.1708,-151.7795
2.2482,1952.2532,1886.7254,-151.7795
2.2587,1951.0468,1884.9732,-151.7795
2.2682,1949.9431,1883.3217,-151.7795
2.2781,1948.8078,1881.9153,-151.7795
2.2894,1947.5375,1880.5004,-151.7795
2.2980,1946.3174,1878.8511,-151.7795
2.3084,1945.1676,1877.0682,-151.7795
2.3191,1944.0146,1875.4499,-151.7795
2.3284,1942.6621,1873.9981,-151.7795
2.3381,1941.3547,1872.3560,-151.7795
2.3487,1940.1177,1870.5168,-151.7795
2.3594,1939.0157,1868.7532,-151.7795
2.3681,1937.7072,1867.3048,-151.7795
2.3786,1936.3313,1865.8175,-151.7795
2.3889,1935.0354,1864.1340,-151.7795
2.3981,1933.9763,1862.4133,-151.7795
2.4083,1932.8340,1860.9572,-151.7795
2.4183,1931.4973,1859.6412,-151.7795
2.4282,1930.2003,1858.0911,-151.7795
2.4382,1928.9949,1856.3276,-151.7795
2.4480,1927.8885,1854.7173,-151.7795
2.4581,1926.6032,1853.3281,-151.7795
2.4682,1925.2605,1851.8304,-151.7795
2.4783,1923.9166,1850.0493,-151.7795
2.4896,1922.7968,1848.3933,-151.7795
2.4984,1921.6024,1846.9636,-151.7795
2.5090,1920.2764,1845.5098,-151.7795
2.5185,1918.9838,1843.8199,-151.7795
2.5286,1917.8033,1842.0742,-151.7795
2.5381,1916.6502,1840.5757,-151.7795
2.5484,1915.3521,1839.1147,-151.7795
2.5584,1914.0533,1837.4449,-151.7795
2.5685,1912.8406,1835.6705,-151.7795
2.5783,1911.7676,1834.0139,-151.7795
2.5887,1910.5181,1832.5986,-151.7795
2.5982,1909.2214,1830.9807,-151.7795
2.6082,1907.9454,1829.2375,-151.7795
2.6184,1906.8210,1827.6006,-151.7795
2.6282,1905.6886,1826.2259,-151.7795
2.6384,1904.4370,1824.7729,-151.7795
2.6492,1903.0500,1823.2217,-151.7795
2.6596,1901.8627,1821.4921,-151.7795
2.6682,1900.7282,1820.0067,-151.7795
2.6785,1899.4903,1818.6508,-151.7795
2.6882,1898.2553,1817.0572,-151.7795
2.6980,1897.1015,1815.2832,-151.7795
2.7082,1896.0053,1813.7296,-151.7795
2.7184,1894.7861,1812.3832,-151.7795
2.7283,1893.5122,1810.8019,-151.7795
2.7383,1892.3563,1809.0836,-151.7795
2.7482,1891.2759,1807.3431,-151.7795
2.7584,1890.0711,1805.7517,-151.7795
2.7691,1888.7427,1804.1588,-151.7795
2.7780,1887.5447,1802.4896,-151.7795
2.7880,1886.4429,1800.7596,-151.7795
2.7982,1885.3351,1799.1957,-151.7795
2.8086,1884.1104,1797.6794,-151.7795
2.8185,1882.8457,1795.9910,-151.7795
2.8284,1881.7382,1794.2437,-151.7795
2.8383,1880.6031,1792.5681,-151.7795
2.8483,1879.2565,1790.9937,-151.7795
2.8582,1877.9105,1789.3257,-151.7795
2.8690,1876.7225,1787.5815,-151.7795
2.8792,1875.5675,1785.9206,-151.7795
2.8893,1874.2480,1784.4937,-151.7795
2.8989,1872.9260,1782.9655,-151.7795
2.9088,1871.7157,1781.2779,-151.7795
2.9182,1870.6531,1779.5739,-151.7795
2.9284,1869.4878,1778.0804,-151.7795
2.9384,1868.1760,1776.6659,-151.7795
2.9484,1866.9022,1775.0435,-151.7795
2.9584,1865.7826,1773.3254,-151.7795
2.9692,1864.6877,1771.6682,-151.7795
2.9801,1863.4719,1770.1879,-151.7795
2.9881,1862.1899,1768.5931,-151.7795
2.9994,1861.0468,1766.9119,-151.7795
3.0095,1859.9313,1765.2761,-151.7795
3.0184,1858.8099,1763.7780,-151.7795
3.0281,1857.5991,1762.3011,-151.7795
3.0387,1856.4211,1760.6411,-151.7795
3.0485,1855.3005,1758.9464,-151.7795
3.0589,1854.1081,1757.4641,-151.7795
3.0689,1852.8906,1755.9646,-151.7795
3.0793,1851.6451,1754.3051,-151.7795
3.0885,1850.4789,1752.5889,-151.7795
3.0977,1849.3270,1750.9531,-151.7795
3.1085,1848.1138,1749.4778,-151.7795
3.1186,1846.8425,1747.8301,-151.7795
3.1283,1845.6581,1746.1219,-151.7795
3.1380,1844.5352,1744.4447,-151.7795
3.1480,1843.4419,1742.9235,-151.7795
3.1585,1842.2343,1741.3525,-151.7795
3.1684,1841.0801,1739.6041,-151.7795
3.1785,1839.8886,1737.9594,-151.7795
3.1896,1838.7251,1736.3934,-151.7795
3.1990,1837.5728,1734.8507,-151.7795
3.2090,1836.3976,1733.2027,-151.7795
3.2191,1835.2773,1731.6014,-151.7795
3.2291,1834.0932,1730.0378,-151.7795
3.2388,1832.9225,1728.4835,-151.7795
3.2479,1831.7467,1726.8365,-151.7795
3.2586,1830.6169,1725.1530,-151.7795
3.2681,1829.2406,1723.7803,-151.7795
3.2788,1828.1235,1722.2224,-151.7795
3.2905,1826.9393,1720.5991,-151.7795
3.2983,1825.8012,1718.9437,-151.7795
3.3086,1824.6617,1717.3309,-151.7795
3.3182,1823.5138,1715.7148,-151.7795
3.3286,1822.3338,1714.0649,-151.7795
3.3383,1821.1937,1712.4244,-151.7795
3.3484,1820.0714,1710.8427,-151.7795
3.3579,1818.8984,1709.2576,-151.7795
3.3685,1817.7476,1707.5446,-151.7795
3.3784,1816.5489,1705.8391,-151.7795
3.3880,1815.3647,1704.1691,-151.7795
3.3986,1814.1580,1702.5739,-151.7795
3.4085,1812.9603,1700.8837,-151.7795
3.4199,1811.8123,1699.1756,-151.7795
3.4285,1810.6736,1697.5780,-151.7795
3.4385,1809.5059,1695.9745,-151.7795
3.4485,1808.2404,1694.4592,-151.7795
3.4585,1807.0906,1692.8212,-151.7795
3.4682,1805.9207,1691.1387,-151.7795
3.4784,1804.7603,1689.5005,-151.7795
3.4890,1803.5590,1687.9347,-151.7795
3.4986,1802.3498,1686.4333,-151.7795
3.5082,1801.2046,1684.7812,-151.7795
3.5182,1800.0546,1683.1374,-151.7795
3.5280,1798.8552,1681.5076,-151.7795
3.5383,1797.6237,1679.9123,-151.7795
3.5482,1796.5210,1678.2268,-151.7795
3.5578,1795.3426,1676.6003,-151.7795
3.5683,1794.1519,1674.9489,-151.7795
3.5784,1792.8934,1673.3589,-151.7795
3.5890,1791.7795,1671.6219,-151.7795
3.5981,1790.6425,1670.0038,-151.7795
3.6083,1789.4907,1668.3778,-151.7795
3.6199,1788.2758,1666.7750,-151.7795
3.6283,1787.0860,1665.1014,-151.7795
3.6382,1786.0240,1663.4617,-151.7795
3.6481,1784.9208,1661.8958,-151.7795
3.6592,1783.7841,1660.2906,-151.7795
3.6679,1782.5542,1658.6885,-151.7795
3.6783,1781.4844,1657.0332,-151.7795
3.6882,1780.3799,1655.4515,-151.7795
3.6985,1779.2389,1653.8663,-151.7795
3.7085,1778.0257,1652.2552,-151.7795
3.7200,1776.8478,1650.6057,-151.7795
3.7282,1775.8246,1648.9448,-151.7795
3.7393,1774.7111,1647.3869,-151.7795
3.7479,1773.5234,1645.8093,-151.7795
3.7583,1772.3141,1644.1374,-151.7795
3.7683,1771.2945,1642.5166,-151.7795
3.7780,1770.1940,1640.9025,-151.7795
3.7881,1769.0125,1639.2548,-151.7795
3.7979,1767.7869,1637.4814,-151.7795
3.8083,1766.6657,1635.6951,-151.7795
3.8186,1765.6645,1634.0376,-151.7795
3.8290,1764.5120,1632.4695,-151.7795
3.8393,1763.2736,1630.8346,-151.7795
3.8485,1762.1348,1629.0594,-151.7795
3.8582,1761.1430,1627.3705,-151.7795
3.8684,1760.0449,1625.8079,-151.7795
3.8780,1758.8424,1624.1497,-151.7795
3.8889,1757.5817,1622.3115,-125.5312
3.8995,1756.4072,1620.5735,-125.5070
3.9093,1755.3195,1618.8789,-125.4724
3.9180,1754.0931,1617.2811,-125.4072
3.9281,1752.9117,1615.4400,-125.5935
3.9397,1751.7104,1613.5594,-125.5935
3.9493,1750.5054,1611.8817,-125.5935
3.9583,1749.6822,1610.1390,-125.5935
3.9680,1748.7630,1608.4884,-125.5935
3.9795,1747.9096,1606.7955,-125.5935
3.9881,1747.2951,1605.2441,-125.5935
3.9980,1746.8400,1603.6840,-125.5935
4.0082,1746.2264,1601.9540,-125.5935
4.0184,1745.3401,1600.4744,-125.5935
4.0282,1744.4634,1599.1509,-125.5935
4.0382,1743.5375,1597.8873,-125.5935
4.0489,1742.2902,1596.6572,-125.5935
4.0589,1740.8555,1595.4046,-125.5935
4.0686,1739.3579,1594.0151,-125.5935
4.0782,1737.9462,1592.4517,-125.5935
4.0884,1736.5957,1590.8802,-125.5935
4.0989,1735.2183,1589.3148,-125.5935
4.1092,1733.7904,1587.9608,-125.5935
4.1182,1732.3801,1586.6738,-125.5935
4.1281,1731.0544,1585.2584,-125.5935
4.1384,1729.7446,1583.6804,-125.5935
4.1489,1728.4092,1582.1269,-125.5935
4.1600,1726.9399,1580.7287,-125.5935
4.1680,1725.4871,1579.2764,-125.5935
4.1781,1724.0406,1577.6595,-125.5935
4.1898,1722.6133,1576.0533,-125.5935
4.1982,1721.1706,1574.5834,-125.5935
4.2090,1719.7387,1573.1718,-125.5935
4.2208,1718.3068,1571.6402,-125.5935
4.2286,1716.8806,1570.0992,-125.5935
4.2381,1715.4452,1568.6284,-125.5935
4.2484,1714.0391,1567.1747,-125.5935
4.2586,1712.6165,1565.6760,-125.5935
4.2682,1711.1842,1564.0822,-125.5935
4.2780,1709.7996,1562.6307,-125.5935
4.2882,1708.4120,1561.2557,-125.5935
4.2982,1707.0060,1559.7739,-125.5935
4.3085,1705.5797,1558.2167,-125.5935
4.3181,1704.1672,1556.7014,-125.5935
4.3288,1702.7576,1555.2481,-125.5935
4.3380,1701.3600,1553.8107,-125.5935
4.3487,1699.9877,1552.2366,-125.5935
4.3587,1698.5672,1550.6672,-125.5935
4.3682,1697.1852,1549.2300,-125.5935
4.3780,1695.7781,1547.8435,-125.5935
4.3881,1694.3664,1546.3058,-125.5935
4.3980,1692.9301,1544.7075,-125.5935
4.4084,1691.5634,1543.2698,-125.5935
4.4185,1690.2130,1541.9518,-125.5935
4.4281,1688.8622,1540.5244,-125.5935
4.4381,1687.4449,1539.0120,-125.5935
4.4483,1686.0694,1537.5359,-125.5935
4.4580,1684.7568,1536.1954,-125.5935
4.4689,1683.4167,1534.7458,-125.5935
4.4789,1682.0375,1533.2200,-125.5935
4.4878,1680.6050,1531.7488,-125.5935
4.4982,1679.2739,1530.3431,-125.5935
4.5089,1677.9073,1528.9709,-125.5935
4.5180,1676.5460,1527.4206,-125.5935
4.5286,1675.0851,1525.8785,-125.5935
4.5385,1673.6603,1524.4078,-125.5935
4.5485,1672.2807,1523.0328,-125.5935
4.5581,1670.9369,1521.4962,-125.5935
4.5684,1669.5308,1519.9401,-125.5935
4.5790,1668.1475,1518.5248,-125.5935
4.5880,1666.7511,1517.1714,-125.5935
4.5985,1665.4308,1515.7048,-125.5935
4.6083,1664.0358,1514.1904,-125.5935
4.6183,1662.6122,1512.6782,-125.5935
4.6285,1661.1827,1511.3090,-125.5935
4.6382,1659.7848,1509.9178,-125.5935
4.6481,1658.3944,1508.3591,-125.5935
4.6597,1657.0187,1506.8616,-125.5935
4.6683,1655.6961,1505.4504,-125.5935
4.6781,1654.2792,1504.1657,-125.5935
4.6891,1652.8893,1502.6726,-125.5935
4.6980,1651.4902,1501.1534,-125.5935
4.7083,1650.1462,1499.6953,-125.5935
4.7181,1648.7653,1498.2841,-125.5935
4.7281,1647.3356,1496.8279,-125.5935
4.7382,1645.8807,1495.2372,-125.5935
4.7487,1644.4651,1493.7817,-125.5935
4.7591,1643.0986,1492.3959,-125.5935
4.7684,1641.7165,1490.9532,-125.5935
4.7784,1640.3239,1489.3294,-125.5935
4.7881,1638.9214,1487.6875,-125.5935
4.7991,1637.4996,1486.2530,-125.5935
4.8091,1636.0596,1484.8533,-125.5935
4.8193,1634.6591,1483.2998,-125.5935
4.8282,1633.3340,1481.7638,-125.5935
4.8381,1632.0403,1480.3006,-125.5935
4.8483,1630.7161,1478.9796,-125.5935
4.8587,1629.3412,1477.5415,-125.5935
4.8682,1627.9188,1475.9332,-125.5935
4.8782,1626.5524,1474.4498,-125.5935
4.8886,1625.1991,1473.0717,-125.5935
4.8979,1623.7996,1471.7687,-125.5935
4.9082,1622.3872,1470.2568,-125.5935
4.9187,1620.9617,1468.8127,-125.5935
4.9282,1619.5996,1467.4681,-125.5935
4.9380,1618.2326,1466.1226,-125.5935
4.9482,1616.8514,1464.6874,-125.5935
4.9590,1615.4760,1463.1995,-125.5935
4.9688,1614.1442,1461.8301,-125.5935
4.9783,1612.8140,1460.5009,-125.5935
4.9886,1611.4481,1459.0282,-125.5935
4.9987,1610.0651,1457.4728,-125.5935
5.0085,1608.6776,1455.9536,-125.5935
5.0185,1607.2764,1454.5657,-125.5935
5.0292,1605.8829,1453.1289,-125.5935
5.0382,1604.4977,1451.5709,-125.5935
5.0481,1603.0707,1450.1311,-125.5935
5.0584,1601.7443,1448.6973,-125.5935
5.0684,1600.4238,1447.3203,-125.5935
5.0788,1599.0663,1445.8204,-125.5935
5.0898,1597.6718,1444.3820,-125.5935
5.0984,1596.2791,1443.0124,-125.5935
5.1087,1594.9155,1441.6413,-125.5935
5.1183,1593.5471,1440.2182,-125.5935
5.1296,1592.1240,1438.6721,-125.5935
5.1392,1590.7432,1437.2110,-125.5935
5.1487,1589.4097,1435.8314,-125.5935
5.1589,1588.0491,1434.4339,-125.5935
5.1699,1586.6557,1432.9657,-125.5935
5.1797,1585.2991,1431.4995,-125.5935
5.1900,1583.9503,1430.1086,-125.5935
5.1984,1582.6008,1428.7404,-125.5935
5.2083,1581.2082,1427.2254,-125.5935
5.2186,1579.7546,1425.7174,-125.5935
5.2282,1578.3703,1424.2418,-125.5935
5.2383,1577.0197,1422.8512,-125.5935
5.2484,1575.6284,1421.4391,-125.5935
5.2591,1574.2128,1419.8994,-125.5935
5.2681,1572.8087,1418.4710,-125.5935
5.2782,1571.4276,1417.0227,-125.5935
5.2891,1570.0517,1415.5406,-125.5935
5.2990,1568.6261,1414.0495,-125.5935
5.3081,1567.2687,1412.5596,-125.5935
5.3187,1565.9228,1411.1586,-125.5935
5.3283,1564.5547,1409.7612,-125.5935
5.3392,1563.1426,1408.2688,-125.5935
5.3483,1561.6683,1406.7764,-125.5935
5.3582,1560.2791,1405.3061,-125.5935
5.3682,1558.9628,1403.8851,-125.5935
5.3779,1557.5546,1402.4052,-125.5935
5.3884,1556.1173,1400.8235,-125.5935
5.3980,1554.7296,1399.3083,-125.5935
5.4089,1553.4440,1397.9326,-125.5935
5.4184,1552.1110,1396.5509,-125.5935
5.4281,1550.7151,1395.0089,-125.5935
5.4383,1549.2227,1393.5255,-125.5935
5.4485,1547.9049,1392.1148,-125.5935
5.4582,1546.6096,1390.8132,-125.5935
5.4688,1545.2402,1389.3528,-125.5935
5.4800,1543.8011,1387.8596,-125.5935
5.4891,1542.4474,1386.4178,-125.5935
5.4994,1541.2114,1385.0568,-125.5935
5.5087,1539.8824,1383.6098,-125.5935
5.5188,1538.4537,1382.1078,-125.5935
5.5292,1537.0280,1380.6967,-125.5935
5.5377,1535.7673,1379.3190,-125.5935
5.5483,1534.4391,1377.8935,-125.5935
5.5580,1533.0490,1376.3299,-125.5935
5.5698,1531.5613,1374.9216,-125.5935
5.5786,1530.2390,1373.4679,-125.5935
5.5906,1528.9205,1372.0998,-125.5935
5.5979,1527.5458,1370.5602,-125.5935
5.6085,1526.0538,1369.0545,-125.5935
5.6183,1524.5948,1367.5934,-125.5935
5.6283,1523.2623,1366.1519,-125.5935
5.6385,1521.8848,1364.6556,-125.5935
5.6483,1520.4816,1363.0398,-125.5935
5.6581,1518.9903,1361.6088,-125.5935
5.6687,1517.6134,1360.2378,-125.5935
5.6782,1516.2636,1358.8418,-125.5935
5.6884,1514.8911,1357.3074,-125.5935
5.6983,1513.4836,1355.8221,-125.5935
5.7081,1512.0995,1354.4384,-125.5935
5.7181,1510.7158,1353.1173,-125.5935
5.7289,1509.3420,1351.6292,-125.5935
5.7389,1507.9025,1350.1072,-125.5935
5.7484,1506.5220,1348.6116,-125.5935
5.7582,1505.1675,1347.2202,-125.5935
5.7681,1503.7206,1345.7303,-125.5935
5.7794,1502.2761,1344.1593,-125.5935
5.7880,1500.8614,1342.7720,-125.5935
5.7982,1499.5728,1341.3617,-125.5935
5.8090,1498.2540,1339.9199,-125.5935
5.8184,1496.9016,1338.3401,-125.5935
5.8282,1495.4051,1336.7995,-125.5935
5.8397,1493.9778,1335.3713,-125.5935
5.8481,1492.6368,1333.9328,-125.5935
5.8594,1491.2557,1332.3902,-125.5935
5.8692,1489.8730,1330.8357,-125.5935
5.8781,1488.5345,1329.4125,-125.5935
5.8884,1487.2472,1328.0582,-125.5935
5.8987,1485.8396,1326.5577,-125.5935
5.9087,1484.3923,1324.9371,-125.5935
5.9189,1482.9806,1323.4360,-125.5935
5.9287,1481.6755,1322.1424,-125.5935
5.9386,1480.2649,1320.7933,-125.5935
5.9478,1478.8307,1319.3299,-125.5935
5.9582,1477.3793,1317.8912,-125.5935
5.9685,1476.0659,1316.4955,-125.5935
5.9781,1474.7103,1315.1592,-125.5935
5.9896,1473.3149,1313.6743,-125.5935
5.9985,1471.8920,1312.1916,-125.5935
6.0099,1470.5746,1310.8375,-125.5935
6.0183,1469.2707,1309.4883,-125.5935
6.0279,1467.8866,1308.0263,-125.5935
6.0396,1466.4383,1306.5219,-125.5935
6.0492,1465.0449,1305.0432,-125.5935
6.0589,1463.7606,1303.6204,-125.5935
6.0688,1462.4241,1302.1956,-125.5935
6.0784,1461.0121,1300.7068,-125.5935
6.0884,1459.5013,1299.2727,-125.5935
6.0984,1458.1957,1297.8224,-125.5935
6.1085,1456.9844,1296.4513,-125.5935
6.1184,1455.6523,1294.9693,-125.5935
6.1285,1454.1964,1293.5420,-125.5935
6.1391,1452.7826,1292.1660,-125.5935
6.1483,1451.5258,1290.7517,-125.5935
6.1585,1450.1700,1289.3197,-125.5935
6.1690,1448.7684,1287.8206,-125.5935
6.1782,1447.2935,1286.4188,-125.5935
6.1889,1445.9657,1284.9567,-125.5935
6.1996,1444.7151,1283.5555,-125.5935
6.2088,1443.3135,1282.0926,-125.5935
6.2198,1441.8990,1280.6215,-125.5935
6.2281,1440.5497,1279.2459,-125.5935
6.2380,1439.2643,1277.8342,-125.5935
6.2481,1437.8402,1276.3183,-125.5935
6.2583,1436.4011,1274.7917,-125.5935
6.2682,1434.9800,1273.3840,-125.5935
6.2782,1433.6856,1271.9758,-125.5935
6.2881,1432.3675,1270.5637,-125.5935
6.2983,1430.9911,1269.0779,-125.5935
6.3093,1429.5773,1267.6229,-125.5935
6.3191,1428.2212,1266.1655,-125.5935
6.3293,1426.9085,1264.7753,-125.5935
6.3380,1425.4832,1263.2756,-125.5935
6.3483,1424.0538,1261.7868,-125.5935
6.3585,1422.6555,1260.3743,-125.5935
6.3686,1421.4039,1258.9493,-125.5935
6.3786,1420.0150,1257.4434,-125.5935
6.3893,1418.5668,1255.8572,-125.5935
6.3982,1417.1235,1254.3859,-133.5278
6.4083,1415.8372,1252.9643,-133.5171
6.4182,1414.5368,1251.5432,-133.5054
6.4295,1413.0988,1249.9777,-133.5029
6.4387,1411.7175,1248.2829,-133.6949
6.4481,1410.4912,1246.5900,-133.6949
6.4584,1409.2357,1245.1150,-133.6949
6.4685,1408.3744,1243.5602,-133.6949
6.4780,1407.4315,1241.9698,-133.6949
6.4885,1406.4069,1240.4506,-133.6949
6.4981,1405.6791,1239.0767,-133.6949
6.5085,1405.1915,1237.4633,-133.6949
6.5179,1404.3958,1235.9235,-133.6949
6.5283,1403.2219,1234.6612,-133.6949
6.5385,1402.1246,1233.3935,-133.6949
6.5482,1400.8907,1232.2561,-133.6949
6.5583,1399.4399,1231.1965,-133.6949
6.5684,1397.8087,1230.1270,-133.6949
6.5786,1396.0796,1228.8237,-133.6949
6.5894,1394.4794,1227.3584,-133.6949
6.5980,1392.9525,1226.0191,-133.6949
6.6082,1391.4396,1224.8206,-133.6949
6.6181,1389.7667,1223.6807,-133.6949
6.6295,1388.1851,1222.3949,-133.6949
6.6394,1386.6622,1221.0439,-133.6949
6.6482,1385.1616,1219.8005,-133.6949
6.6588,1383.5104,1218.5211,-133.6949
6.6690,1381.8487,1217.2465,-133.6949
6.6784,1380.3141,1215.9444,-133.6949
6.6887,1378.8489,1214.6818,-133.6949
6.6980,1377.2789,1213.3660,-133.6949
6.7081,1375.6406,1212.0614,-133.6949
6.7183,1374.0762,1210.7775,-133.6949
6.7281,1372.5353,1209.4875,-133.6949
6.7381,1371.0068,1208.1372,-133.6949
6.7483,1369.3471,1206.8472,-133.6949
6.7581,1367.7906,1205.5060,-133.6949
6.7690,1366.2263,1204.2263,-133.6949
6.7796,1364.6371,1202.8759,-133.6949
6.7882,1362.9637,1201.5642,-133.6949
6.7983,1361.3468,1200.2589,-133.6949
6.8090,1359.7529,1198.9691,-133.6949
6.8182,1358.1987,1197.5530,-133.6949
6.8283,1356.4448,1196.1760,-133.6949
6.8388,1354.8046,1194.8521,-133.6949
6.8494,1353.2737,1193.6448,-133.6949
6.8591,1351.7764,1192.3445,-133.6949
6.8698,1350.2457,1190.9786,-133.6949
6.8798,1348.6615,1189.6749,-133.6949
6.8889,1347.0663,1188.4206,-133.6949
6.8984,1345.4705,1187.1099,-133.6949
6.9082,1343.8117,1185.6664,-133.6949
6.9182,1342.1173,1184.3175,-133.6949
6.9283,1340.5226,1183.0811,-133.6949
6.9385,1338.9691,1181.8142,-133.6949
6.9489,1337.2924,1180.4597,-133.6949
6.9594,1335.6375,1179.1715,-133.6949
6.9680,1334.1211,1178.0228,-133.6949
6.9791,1332.6388,1176.8085,-133.6949
6.9889,1331.1636,1175.4431,-133.6949
6.9995,1329.5338,1174.1842,-133.6949
7.0082,1327.9595,1172.9283,-133.6949
7.0182,1326.3369,1171.7787,-133.6949
7.0282,1324.8828,1170.3833,-133.6949
7.0385,1323.3871,1169.0272,-133.6949
7.0482,1321.8430,1167.7700,-133.6949
7.0584,1320.2963,1166.5848,-133.6949
7.0681,1318.7368,1165.3965,-133.6949
7.0784,1317.1809,1164.0284,-133.6949
7.0896,1315.6625,1162.7138,-133.6949
7.0991,1314.1715,1161.4780,-133.6949
7.1097,1312.6511,1160.3363,-133.6949
7.1181,1311.1247,1159.1165,-133.6949
7.1291,1309.6174,1157.8405,-133.6949
7.1393,1308.1618,1156.6404,-133.6949
7.1482,1306.6351,1155.4108,-133.6949
7.1587,1305.0679,1154.0784,-133.6949
7.1679,1303.4435,1152.7656,-133.6949
7.1780,1301.8890,1151.4811,-133.6949
7.1889,1300.3698,1150.2630,-133.6949
7.1980,1298.8300,1148.9197,-133.6949
7.2084,1297.2789,1147.5233,-133.6949
7.2190,1295.7441,1146.2339,-133.6949
7.2284,1294.2466,1145.0160,-133.6949
7.2387,1292.6837,1143.8232,-133.6949
7.2480,1291.1013,1142.3925,-133.6949
7.2587,1289.5255,1141.0309,-133.6949
7.2693,1288.0012,1139.7728,-133.6949
7.2782,1286.4485,1138.5435,-133.6949
7.2883,1284.8365,1137.2301,-133.6949
7.2980,1283.2681,1135.8778,-133.6949
7.3086,1281.8146,1134.6262,-133.6949
7.3184,1280.3611,1133.4332,-133.6949
7.3283,1278.8734,1132.1957,-133.6949
7.3389,1277.2631,1130.8904,-133.6949
7.3481,1275.7518,1129.5782,-133.6949
7.3601,1274.2804,1128.3535,-133.6949
7.3683,1272.7236,1127.1177,-133.6949
7.3780,1271.1606,1125.7894,-133.6949
7.3883,1269.5691,1124.5128,-133.6949
7.3980,1268.0590,1123.2405,-133.6949
7.4084,1266.5370,1122.0425,-133.6949
7.4181,1264.9764,1120.7048,-133.6949
7.4282,1263.4117,1119.2789,-140.5498
7.4382,1261.8747,1118.0076,-140.5715
7.4487,1260.3024,1116.7925,-140.5306
7.4590,1258.7440,1115.5826,-140.4963
7.4690,1257.1241,1114.0054,-140.6667
7.4781,1255.5078,1112.3605,-141.2151
7.4883,1254.0323,1110.9400,-141.2151
7.4979,1252.8157,1109.4229,-141.2151
7.5084,1251.5543,1107.8908,-141.2151
7.5182,1250.4772,1106.3552,-141.2151
7.5282,1249.4489,1104.9641,-141.2151
7.5385,1248.6177,1103.4327,-141.2151
7.5487,1247.6481,1101.9958,-141.2151
7.5593,1246.8080,1100.5863,-141.2151
7.5691,1246.0040,1099.0911,-141.2151
7.5787,1244.8099,1097.9739,-141.2151
7.5894,1243.3859,1097.0132,-141.2151
7.5983,1241.7747,1096.0876,-141.2151
7.6088,1239.9721,1095.2659,-141.2151
7.6182,1238.1198,1094.3295,-141.2151
7.6279,1236.3144,1093.3792,-141.2151
7.6381,1234.5671,1092.4184,-141.2151
7.6492,1232.7446,1091.4254,-141.2151
7.6582,1230.8758,1090.3872,-141.2151
7.6683,1228.9990,1089.3474,-141.2151
7.6795,1227.2078,1088.4644,-141.2151
7.6884,1225.4131,1087.5464,-141.2151
7.6981,1223.6472,1086.4685,-141.2151
7.7090,1221.8094,1085.4529,-141.2151
7.7181,1220.0052,1084.5026,-141.2151
7.7284,1218.2393,1083.6434,-141.2151
7.7385,1216.5731,1082.5399,-141.2151
7.7482,1214.7677,1081.4716,-141.2151
7.7584,1213.0123,1080.5563,-141.2151
7.7683,1211.2250,1079.6549,-141.2151
7.7793,1209.4850,1078.5770,-141.2151
7.7882,1207.6219,1077.3893,-141.2151
7.7981,1205.7305,1076.2882,-141.2151
7.8085,1203.7724,1075.4211,-141.2151
7.8186,1202.0037,1074.3761,-141.2151
7.8289,1200.2674,1073.2496,-141.2151
7.8379,1198.5027,1072.2196,-141.2151
7.8481,1196.7567,1071.3013,-141.2151
7.8586,1195.0986,1070.3693,-141.2151
7.8692,1193.3835,1069.3442,-141.2151
7.8785,1191.5383,1068.3081,-141.2151
7.8887,1189.5964,1067.3620,-141.2151
7.8980,1187.8021,1066.3159,-141.2151
7.9087,1186.0319,1065.1703,-141.2151
7.9184,1184.0840,1064.1147,-141.2151
7.9285,1182.1750,1063.3350,-141.2151
7.9380,1180.4377,1062.3936,-141.2151
7.9483,1178.7811,1061.2940,-141.2151
7.9591,1177.0381,1060.2554,-141.2151
7.9683,1175.1840,1059.4335,-141.2151
7.9784,1173.3201,1058.6585,-141.2151
7.9884,1171.6277,1057.5227,-141.2151
7.9995,1169.8987,1056.3684,-141.2151
8.0089,1168.0607,1055.3864,-141.2151
8.0182,1166.1738,1054.5726,-141.2151
8.0281,1164.4193,1053.6094,-141.2151
8.0390,1162.7645,1052.4271,-141.2151
8.0488,1161.0185,1051.3871,-141.2151
8.0584,1159.2333,1050.5785,-141.2151
8.0681,1157.4427,1049.7162,-141.2151
8.0793,1155.6854,1048.6335,-141.2151
8.0892,1153.8941,1047.5671,-141.2151
8.0982,1152.1157,1046.7017,-141.2151
8.1081,1150.3519,1045.8615,-141.2151
8.1185,1148.6901,1044.8047,-141.2151
8.1283,1146.9406,1043.7527,-141.2151
8.1380,1145.1193,1042.7728,-141.2151
8.1482,1143.2615,1041.9500,-141.2151
8.1595,1141.5349,1040.9031,-141.2151
8.1696,1139.8364,1039.7615,-141.2151
8.1784,1138.0750,1038.7697,-141.2151
8.1880,1136.2841,1037.9567,-141.2151
8.1980,1134.5269,1037.0671,-141.2151
8.2084,1132.8420,1035.8557,-141.2151
8.2194,1131.1015,1034.7631,-141.2151
8.2280,1129.2915,1033.8809,-141.2151
8.2388,1127.5199,1033.0162,-141.2151
8.2482,1125.8679,1031.9373,-141.2151
8.2586,1124.1827,1030.7845,-141.2151
8.2679,1122.3842,1029.8150,-151.1583
8.2784,1120.6031,1028.9695,-151.0937
8.2881,1118.9296,1028.0347,-151.0653
8.2992,1117.2463,1026.9238,-151.0688
8.3085,1115.4877,1025.6706,-151.2814
8.3195,1113.6946,1024.4745,-151.8088
8.3285,1112.0083,1023.3917,-152.5302
8.3384,1110.5645,1021.9980,-153.5377
8.3492,1109.0206,1020.6920,-153.5377
8.3601,1107.4311,1019.5476,-153.5377
8.3701,1106.2645,1018.1357,-153.5377
8.3799,1104.9506,1016.7673,-153.5377
8.3898,1103.7647,1015.6631,-153.5377
8.3978,1102.8270,1014.2572,-153.5377
8.4084,1101.7590,1012.8170,-153.5377
8.4196,1100.5711,1011.5756,-153.5377
8.4284,1099.2399,1010.2369,-153.5377
8.4384,1097.8366,1009.3213,-167.2073
8.4478,1096.2255,1008.6635,-167.6195
8.4585,1094.3852,1008.1485,-167.8379
8.4690,1092.3440,1007.8043,-167.8557
8.4782,1090.4565,1007.3564,-168.0033
8.4893,1088.5453,1006.8170,-168.4702
8.4981,1086.8185,1006.4146,-169.1563
8.5086,1085.3298,1005.7635,-170.1838
8.5186,1083.5833,1004.9316,-171.4280
8.5281,1081.8748,1004.4254,-172.8168
8.5379,1080.4216,1003.6148,-174.4992
8.5499,1079.0701,1002.6234,-176.2465
8.5584,1077.6722,1001.7828,-178.2055
8.5683,1076.4627,1000.9255,179.6790
8.5791,1075.3635,999.7613,177.4451
8.5885,1074.1426,998.7543,175.1075
8.5981,1073.1912,997.7745,172.6154
8.6093,1072.1763,996.4883,170.0219
8.6187,1070.9780,995.6828,167.4612
8.6288,1070.0548,994.6574,164.6659
8.6385,1069.1064,993.4952,161.8223
8.6484,1068.0848,992.4767,158.9659
8.6587,1067.1150,991.4360,155.9700
8.6702,1066.2359,990.2959,152.9061
8.6793,1065.3815,988.7577,149.7968
8.6883,1064.5564,987.3985,146.5473
8.6990,1063.5768,986.1205,143.3636
8.7084,1062.4981,984.9954,140.1060
8.7184,1061.4485,984.1452,136.8756
8.7280,1060.3515,983.0486,133.5347
8.7380,1059.2151,981.9196,130.1868
8.7481,1057.9571,980.6256,126.8195
8.7585,1056.7738,979.4959,123.4373
8.7691,1055.5884,978.3283,120.0712
8.7789,1054.2125,977.1188,116.7281
8.7895,1052.9712,976.2396,113.4061
8.7984,1051.7567,975.3817,110.0185
8.8088,1050.4671,974.7041,106.7053
8.8185,1049.2411,974.0137,103.3078
8.8294,1048.0197,973.3475,99.9412
8.8380,1046.5459,972.6177,96.5305
8.8491,1045.1917,972.1058,93.1479
8.8579,1043.9058,971.8327,89.7077
8.8680,1042.5939,971.7410,86.3384
8.8782,1041.3712,971.6704,82.9403
8.8882,1039.8716,971.5591,79.5453
8.8980,1038.3866,971.2717,76.1351
8.9088,1036.8055,971.0229,72.7330
8.9189,1035.3331,970.9124,69.3612
8.9282,1033.8466,970.9389,65.9995
8.9393,1032.4263,971.0277,62.6089
8.9496,1031.0038,971.1874,59.2611
8.9584,1029.4998,971.4301,55.8996
8.9693,1028.2139,971.6764,52.4983
8.9785,1026.9438,972.0594,49.1351
8.9882,1025.5443,972.4900,45.7257
8.9983,1024.1979,972.9726,45.7257
9.0081,1023.0087,973.4774,45.7257
9.0180,1021.9860,974.1074,45.7257
9.0282,1021.0943,974.8032,45.7257
9.0379,1020.2484,975.5205,45.7257
9.0479,1019.7218,976.0508,45.7257
9.0584,1019.2995,976.7490,45.7257
9.0681,1019.2334,977.3063,45.7257
9.0783,1019.5253,977.8223,45.7257
9.0888,1020.0242,978.2361,45.7257
9.0979,1020.7777,978.5761,45.7257
9.1088,1021.8376,978.7927,45.7257
9.1184,1023.1870,978.8212,45.7257
9.1283,1024.6222,979.0497,45.7257
9.1383,1026.3751,979.2907,45.7257
9.1480,1028.5307,979.4615,45.7257
9.1579,1030.6599,980.0340,45.7257
9.1683,1032.8349,980.7464,45.7257
9.1780,1035.2017,981.3867,45.7257
9.1880,1037.6257,981.8881,45.7257
9.1988,1039.9497,982.4928,45.7257
9.2083,1042.2757,983.1203,45.7257
9.2186,1044.5849,983.7380,45.7257
9.2283,1046.8936,984.2810,45.7257
9.2382,1049.1218,984.8138,45.7257
9.2480,1051.3223,985.4532,45.7257
9.2586,1053.5283,985.9181,45.7257
9.2681,1055.7520,986.4236,45.7257
9.2781,1057.9897,987.0656,45.7257
9.2879,1060.2835,987.7357,45.7257
9.2982,1062.6145,988.2556,45.7257
9.3089,1064.9297,988.8401,45.7257
9.3185,1067.1711,989.4003,45.7257
9.3281,1069.3763,990.0155,45.7257
9.3392,1071.5632,990.5305,45.7257
9.3481,1073.7522,991.0861,45.7257
9.3583,1075.9419,991.7378,45.7257
9.3694,1078.1697,992.2914,45.7257
9.3789,1080.3343,992.8315,45.7257
9.3893,1082.5198,993.3326,45.7257
9.3984,1084.7624,993.9076,45.7257
9.4079,1087.0512,994.5344,45.7257
9.4182,1089.2261,995.0645,45.7257
9.4279,1091.4073,995.6645,45.7257
9.4381,1093.5959,996.2505,45.7257
9.4482,1095.7510,996.8571,45.7257
9.4581,1097.8649,997.4096,45.7257
9.4697,1099.9653,997.9309,45.7257
9.4792,1102.1565,998.5092,45.7257
9.4882,1104.3246,999.0649,45.7257
9.4990,1106.4676,999.6396,14.2199
9.5086,1108.5384,1000.1776,14.2361
9.5180,1110.7444,1000.7135,14.2365
9.5292,1112.9920,1001.3354,14.2685
9.5393,1115.1962,1001.8028,14.2685
9.5496,1117.4062,1002.2783,14.2685
9.5581,1119.3744,1002.5194,14.2685
9.5679,1121.2847,1002.6767,14.2685
9.5780,1123.1499,1002.9904,14.2685
9.5883,1124.9963,1003.3169,14.2685
9.5979,1126.7154,1003.3404,14.2685
9.6085,1128.5743,1003.3537,14.2685
9.6182,1130.5419,1003.7850,14.2685
9.6278,1132.3742,1004.2221,14.2685
9.6381,1134.0554,1004.5894,14.2685
9.6485,1135.7438,1005.4382,14.2685
9.6582,1137.6718,1006.4449,14.2685
9.6684,1139.7284,1007.2928,14.2685
9.6805,1141.9163,1007.9159,14.2685
9.6880,1144.0178,1008.6418,14.2685
9.6985,1146.2393,1009.6476,14.2685
9.7091,1148.3475,1010.5403,14.2685
9.7181,1150.3000,1011.2135,14.2685
9.7283,1152.2051,1011.8763,14.2685
9.7379,1154.2703,1012.6248,14.2685
9.7481,1156.3127,1013.3871,14.2685
9.7582,1158.1831,1014.1031,14.2685
9.7685,1160.0040,1014.8344,14.2685
9.7779,1161.8972,1015.6452,14.2685
9.7882,1163.8900,1016.3527,14.2685
9.7978,1165.7970,1017.1232,14.2685
9.8087,1167.6871,1017.8495,14.2685
9.8181,1169.6548,1018.8023,14.2685
9.8291,1171.6587,1019.6175,14.2685
9.8380,1173.6430,1020.3075,14.2685
9.8483,1175.5253,1021.0129,14.2685
9.8598,1177.4922,1021.8620,14.2685
9.8678,1179.4733,1022.7367,14.2685
9.8783,1181.3968,1023.4737,14.2685
9.8894,1183.3071,1024.1199,14.2685
9.8989,1185.1779,1024.9740,14.2685
9.9097,1187.1470,1025.7641,14.2685
9.9186,1188.9999,1026.5495,14.2685
9.9280,1190.8296,1027.1635,14.2685
9.9384,1192.7163,1027.8939,14.2685
9.9482,1194.7014,1028.7806,14.2685
9.9587,1196.6324,1029.5498,14.2685
9.9697,1198.5507,1030.2629,14.2685
9.9794,1200.4813,1031.1248,14.2685
9.9895,1202.4945,1032.0422,14.2685
9.9983,1204.4017,1032.7868,14.2685
10.0090,1206.2686,1033.3274,14.2685
10.0186,1208.1165,1034.0802,14.2685
10.0295,1210.0880,1035.0165,14.2685
10.0388,1212.0409,1035.8274,14.2685
10.0488,1214.0204,1036.4792,14.2685
10.0584,1215.8937,1037.0659,14.2685
10.0688,1217.9507,1037.8828,14.2685
10.0784,1219.9521,1038.7108,14.2685
10.0885,1221.8649,1039.4463,14.2685
10.0992,1223.7643,1040.1117,14.2685
10.1093,1225.8369,1040.9222,14.2685
10.1181,1227.8509,1041.7637,14.2685
10.1281,1229.8807,1042.4939,14.2685
10.1385,1231.8046,1043.2790,14.2685
10.1485,1233.7511,1044.2434,14.2685
10.1603,1235.7590,1045.0873,14.2685
10.1685,1237.6629,1045.7560,14.2685
10.1787,1239.5318,1046.2732,14.2685
10.1886,1241.3524,1047.1535,14.2685
10.1992,1243.2634,1048.1017,14.2685
10.2087,1245.0947,1048.8128,14.2685
10.2193,1246.8867,1049.3643,14.2685
10.2294,1248.7302,1050.0892,14.2685
10.2388,1250.6296,1051.0287,14.2685
10.2481,1252.5014,1051.8211,14.2685
10.2585,1254.3691,1052.3922,14.2685
10.2684,1256.1894,1053.0828,14.2685
10.2785,1258.0729,1053.9630,14.2685
10.2886,1259.9669,1054.7740,14.2685
10.2986,1261.7906,1055.3763,14.2685
10.3090,1263.6017,1055.9505,14.2685
10.3199,1265.3873,1056.8264,14.2685
10.3286,1267.2326,1057.6369,14.2685
10.3385,1269.0753,1058.2759,14.2685
10.3481,1270.9254,1058.8206,14.2685
10.3580,1272.7397,1059.6505,14.2685
10.3682,1274.6223,1060.6455,14.2685
10.3784,1276.5125,1061.3816,14.2685
10.3882,1278.3522,1061.9301,14.2685
10.3983,1280.1548,1062.6091,14.2685
10.4079,1281.9515,1063.5905,14.2685
10.4189,1283.8062,1064.4391,14.2685
10.4285,1285.6984,1065.0741,14.2685
10.4380,1287.5964,1065.6957,14.2685
10.4480,1289.4529,1066.5690,14.2685
10.4590,1291.3486,1067.4672,14.2685
10.4687,1293.2264,1068.1708,14.2685
10.4794,1295.1175,1068.7166,14.2685
10.4877,1296.9697,1069.4854,14.2685
10.4979,1298.8529,1070.3789,14.2685
10.5083,1300.7531,1071.1561,14.2685
10.5177,1302.6616,1071.7273,14.2685
10.5283,1304.5388,1072.3340,14.2685
10.5379,1306.3309,1073.2382,14.2685
10.5482,1308.2146,1073.9727,14.2685
10.5594,1310.0588,1074.6380,14.2685
10.5683,1311.9337,1075.1828,14.2685
10.5779,1313.7711,1076.0627,14.2685
10.5885,1315.6028,1076.9655,14.2685
10.5977,1317.5010,1077.5867,14.2685
10.6081,1319.3759,1078.2207,14.2685
10.6188,1321.2647,1079.0232,14.2685
10.6280,1323.1175,1079.9798,14.2685
10.6382,1325.0236,1080.8213,14.2685
10.6479,1326.9812,1081.4094,14.2685
10.6592,1328.9274,1082.1793,14.2685
10.6697,1330.7742,1083.1198,14.2685
10.6784,1332.7009,1084.0182,14.2685
10.6879,1334.6179,1084.6840,14.2685
10.6978,1336.5468,1085.2820,14.2685
10.7081,1338.3977,1086.1439,14.2685
10.7181,1340.2920,1087.0034,14.2685
10.7283,1342.1247,1087.6984,14.2685
10.7393,1343.9909,1088.3095,14.2685
10.7480,1345.8237,1089.0668,14.2685
10.7583,1347.5926,1089.9828,14.2685
10.7684,1349.4419,1090.6658,14.2685
10.7801,1351.2620,1091.3267,14.2685
10.7905,1353.0861,1092.0878,14.2685
10.7980,1354.8706,1092.9930,14.2685
10.8086,1356.7076,1093.8336,14.2685
10.8181,1358.5657,1094.4382,14.2685
10.8281,1360.4092,1095.0801,14.2685
10.8383,1362.1989,1095.9743,14.2685
10.8481,1363.9716,1096.8828,14.2685
10.8594,1365.8032,1097.6212,14.2685
10.8682,1367.6667,1098.1804,14.2685
10.8785,1369.4728,1098.9603,14.2685
10.8880,1371.2271,1099.9173,14.2685
10.8981,1373.0761,1100.7450,14.2685
10.9083,1374.9168,1101.3708,14.2685
10.9192,1376.7568,1102.0435,14.2685
10.9283,1378.5400,1102.9806,14.2685
10.9383,1380.3956,1103.8409,14.2685
10.9480,1382.2682,1104.4183,14.2685
10.9594,1384.0662,1105.0692,14.2685
10.9686,1385.8036,1105.9348,14.2685
10.9785,1387.5261,1106.9318,14.2685
10.9885,1389.3906,1107.6042,14.2685
10.9980,1391.3249,1108.2138,14.2685
11.0091,1393.1703,1109.0669,14.2685
11.0185,1394.9608,1110.0443,14.2685
11.0293,1396.8103,1110.8799,14.2685
11.0402,1398.7485,1111.4319,14.2685
11.0489,1400.5535,1112.1303,14.2685
11.0591,1402.2883,1113.0797,14.2685
11.0681,1404.1097,1113.9166,14.2685
11.0789,1406.0978,1114.6652,14.2685
11.0881,1408.1164,1115.2374,14.2685
11.0978,1410.0246,1116.1495,14.2685
11.1082,1411.8574,1117.0425,14.2685
11.1179,1413.8101,1117.7510,14.2685
11.1282,1415.7343,1118.3909,14.2685
11.1385,1417.5919,1119.2131,14.2685
11.1484,1419.3838,1120.1130,14.2685
11.1582,1421.2966,1120.8889,14.2685
11.1683,1423.3059,1121.6177,14.2685
11.1781,1425.2183,1122.4797,14.2685
11.1883,1426.9840,1123.4108,14.2685
11.1980,1428.8382,1124.2828,14.2685
11.2086,1430.8057,1124.8951,14.2685
11.2203,1432.6817,1125.5910,14.2685
11.2286,1434.4427,1126.4769,14.2685
11.2380,1436.1175,1127.4391,14.2685
11.2494,1437.8843,1128.1693,14.2685
11.2580,1439.7298,1128.7972,14.2685
11.2689,1441.5640,1129.6008,14.2685
11.2799,1443.3261,1130.4628,14.2685
11.2878,1445.1476,1131.2647,14.2685
11.2985,1447.0245,1131.9703,14.2685
11.3090,1448.8436,1132.7283,14.2685
11.3178,1450.6553,1133.6105,14.2685
11.3281,1452.4365,1134.4932,14.2685
11.3379,1454.3271,1135.0854,14.2685
11.3481,1456.1025,1135.8052,14.2685
11.3584,1457.8793,1136.6217,14.2685
11.3691,1459.6558,1137.5283,14.2685
11.3786,1461.5104,1138.2101,14.2685
11.3897,1463.3391,1138.8521,14.2685
11.3981,1465.0820,1139.6719,14.2685
11.4085,1466.8028,1140.5674,14.2685
11.4197,1468.6650,1141.3982,14.2685
11.4281,1470.5653,1142.0388,14.2685
11.4386,1472.3657,1142.7787,14.2685
11.4483,1474.1392,1143.6851,14.2685
11.4583,1475.8858,1144.6255,14.2685
11.4680,1477.7833,1145.3689,14.2685
11.4786,1479.6154,1146.1098,14.2685
11.4881,1481.3941,1146.8806,14.2685
11.4978,1483.1137,1147.7897,14.2685
11.5084,1484.9924,1148.5431,14.2685
11.5183,1486.9417,1149.2764,14.2685
11.5282,1488.7205,1150.0437,14.2685
11.5385,1490.5162,1150.8575,14.2685
11.5485,1492.3337,1151.7591,14.2685
11.5588,1494.2765,1152.4160,14.2685
11.5691,1496.0995,1153.1141,14.2685
11.5794,1497.9011,1153.9042,14.2685
11.5889,1499.7280,1154.7671,14.2685
11.5987,1501.6478,1155.5103,14.2685
11.6081,1503.5212,1156.2505,14.2685
11.6189,1505.2872,1157.0544,14.2685
11.6280,1507.0114,1157.8851,14.2685
11.6381,1508.9129,1158.7200,14.2685
11.6483,1510.9016,1159.5455,14.2685
11.6581,1512.7036,1160.3361,14.2685
11.6680,1514.4667,1161.2066,14.2685
11.6786,1516.2918,1162.1223,14.2685
11.6881,1518.2506,1162.8823,14.2685
11.6979,1520.1709,1163.6973,14.2685
11.7081,1522.0217,1164.5079,14.2685
11.7182,1523.8339,1165.4378,14.2685
11.7277,1525.8074,1166.2580,14.2685
11.7380,1527.7822,1167.0776,14.2685
11.7489,1529.6074,1167.8609,14.2685
11.7581,1531.3662,1168.7100,14.2685
11.7682,1533.2121,1169.5599,14.2685
11.7780,1535.1096,1170.2990,14.2685
11.7881,1536.9847,1171.1021,14.2685
11.7982,1538.7933,1171.9278,14.2685
11.8091,1540.5991,1172.8196,14.2685
11.8188,1542.4144,1173.5320,14.2685
11.8290,1544.2079,1174.2609,14.2685
11.8383,1545.9075,1175.0953,14.2685
11.8478,1547.6180,1175.9803,14.2685
11.8582,1549.4165,1176.7722,14.2685
11.8681,1551.1962,1177.5068,14.2685
11.8780,1552.9504,1178.2874,14.2685
11.8883,1554.6902,1179.1949,14.2685
11.8980,1556.5237,1180.0385,14.2685
11.9080,1558.3549,1180.8030,14.2685
11.9185,1560.1462,1181.5460,14.2685
11.9289,1561.9591,1182.3683,14.2685
11.9386,1563.7759,1183.3168,14.2685
11.9480,1565.5872,1184.1423,14.2685
11.9580,1567.3531,1184.9241,14.2685
11.9685,1569.0516,1185.7252,14.2685
11.9785,1570.7948,1186.5502,14.2685
11.9888,1572.6270,1187.3442,14.2685
11.9984,1574.4207,1188.1399,14.2685
12.0094,1576.1776,1188.9963,14.2685
12.0181,1577.9219,1189.8227,14.2685
12.0282,1579.7836,1190.6765,14.2685
12.0381,1581.6920,1191.4973,14.2685
12.0480,1583.4858,1192.3008,14.2685
12.0581,1585.2634,1193.1638,14.2685
12.0689,1587.0554,1194.0907,14.2685
12.0789,1588.9436,1194.9184,14.2685
12.0879,1590.7791,1195.7782,14.2685
12.0983,1592.5131,1196.5458,14.2685
12.1080,1594.2294,1197.3995,14.2685
12.1190,1596.1657,1198.2246,14.2685
12.1282,1598.2023,1199.1339,14.2685
12.1384,1600.0880,1199.9265,14.2685
12.1486,1601.9222,1200.7217,14.2685
12.1588,1603.8190,1201.6232,14.2685
12.1692,1605.7912,1202.5284,14.2685
12.1794,1607.6364,1203.3854,14.2685
12.1900,1609.4061,1204.1764,14.2685
12.1982,1611.1823,1205.0052,14.2685
12.2083,1613.1127,1206.0024,14.2685
12.2187,1615.0677,1206.8797,14.2685
12.2290,1616.9332,1207.6705,14.2685
12.2387,1618.8188,1208.5253,14.2685
12.2488,1620.7438,1209.5309,14.2685
12.2581,1622.6102,1210.4028,14.2685
12.2682,1624.3566,1211.1431,14.2685
12.2779,1626.1406,1211.8555,14.2685
12.2881,1627.9246,1212.8112,14.2685
12.2991,1629.6906,1213.7279,14.2685
12.3084,1631.3754,1214.5130,14.2685
12.3196,1633.0364,1215.2106,14.2685
12.3283,1634.7834,1216.0322,14.2685
12.3384,1636.5789,1216.9944,14.2685
12.3479,1638.3630,1217.8126,14.2685
12.3582,1640.1150,1218.6052,14.2685
12.3689,1641.9000,1219.3754,14.2685
12.3780,1643.7060,1220.3132,14.2685
12.3882,1645.4736,1221.1919,14.2685
12.3982,1647.1993,1221.9054,14.2685
12.4086,1648.9973,1222.6735,14.2685
12.4178,1650.7729,1223.5315,14.2685
12.4284,1652.5181,1224.4549,14.2685
12.4382,1654.2625,1225.2380,14.2685
12.4479,1656.0323,1225.9712,14.2685
12.4589,1657.8251,1226.7980,14.2685
12.4700,1659.6122,1227.8120,14.2685
12.4781,1661.3764,1228.6992,14.2685
12.4881,1663.1534,1229.4732,14.2685
12.4983,1664.9800,1230.2106,14.2685
12.5082,1666.7988,1231.1960,14.2685
12.5185,1668.5701,1232.1517,14.2685
12.5287,1670.3337,1232.9865,14.2685
12.5381,1672.1345,1233.7103,14.2685
12.5483,1673.9877,1234.5429,14.2685
12.5579,1675.7771,1235.5716,14.2685
12.5683,1677.6002,1236.4305,14.2685
12.5781,1679.3713,1237.2045,14.2685
12.5882,1681.2377,1237.9218,14.2685
12.5986,1683.0595,1238.8595,14.2685
12.6094,1684.8480,1239.7959,14.2685
12.6186,1686.6262,1240.5942,14.2685
12.6285,1688.4959,1241.3269,14.2685
12.6384,1690.3293,1242.2981,14.2685
12.6482,1692.0948,1243.2864,14.2685
12.6584,1693.8795,1244.1053,14.2685
12.6681,1695.7013,1244.8104,14.2685
12.6781,1697.5978,1245.7516,14.2685
12.6901,1699.3959,1246.8495,14.2685
12.6978,1701.2080,1247.7853,14.2685
12.7083,1703.0054,1248.5482,14.2685
12.7184,1704.8660,1249.3065,25.3394
12.7283,1706.7104,1250.3905,25.3204
12.7384,1708.4869,1251.3933,25.3031
12.7482,1710.2944,1252.2398,25.3857
12.7591,1712.3110,1252.9673,25.3857
12.7680,1714.3931,1253.9526,25.3857
12.7782,1716.3345,1254.8188,25.3857
12.7884,1718.2073,1255.1879,25.3857
12.7983,1719.8164,1255.9218,25.3857
12.8086,1721.4360,1256.1835,25.3857
12.8187,1722.9551,1256.2870,25.3857
12.8291,1724.4818,1256.6075,25.3857
12.8379,1726.1179,1256.7880,25.3857
12.8480,1727.5643,1257.4714,25.3857
12.8583,1728.8842,1258.5309,25.3857
12.8682,1730.3059,1259.3856,25.3857
12.8781,1731.9531,1260.4550,25.3857
12.8879,1733.7952,1261.6153,25.3857
12.8989,1735.5731,1262.7904,25.3857
12.9086,1737.2033,1263.9824,25.3857
12.9187,1738.9619,1265.1722,25.3857
12.9281,1740.7808,1266.2356,25.3857
12.9382,1742.4249,1267.2335,25.3857
12.9481,1743.9316,1268.3942,25.3857
12.9585,1745.5360,1269.5272,25.3857
12.9684,1747.3295,1270.5751,25.3857
12.9781,1749.0748,1271.5002,25.3857
12.9883,1750.6038,1272.6279,25.3857
12.9986,1752.1756,1273.8430,25.3857
13.0080,1753.9904,1274.9333,25.3857
13.0189,1755.8362,1275.9285,25.3857
13.0290,1757.4842,1277.1042,25.3857
13.0384,1759.0715,1278.3306,25.3857
13.0480,1760.8419,1279.5226,25.3857
13.0587,1762.7867,1280.5193,25.3857
13.0702,1764.5424,1281.6500,25.3857
13.0786,1766.1223,1282.8454,25.3857
13.0880,1767.8321,1284.0325,25.3857
13.0979,1769.6434,1285.1048,25.3857
13.1079,1771.4116,1286.0738,25.3857
13.1191,1772.9874,1287.2665,25.3857
13.1283,1774.6591,1288.4356,25.3857
13.1377,1776.4893,1289.4944,25.3857
13.1482,1778.2852,1290.5535,25.3857
13.1583,1779.9189,1291.7260,25.3857
13.1680,1781.5616,1292.9365,25.3857
13.1789,1783.3309,1294.0674,25.3857
13.1886,1785.1544,1295.1287,25.3857
13.1980,1786.7646,1296.3188,25.3857
13.2084,1788.4157,1297.4976,25.3857
13.2180,1790.2061,1298.6940,25.3857
13.2285,1792.0109,1299.6843,25.3857
13.2381,1793.6393,1300.7952,25.3857
13.2479,1795.2009,1302.0294,25.3857
13.2585,1796.7994,1303.2542,25.3857
13.2683,1798.5637,1304.3989,25.3857
13.2788,1800.3360,1305.4919,25.3857
13.2881,1802.0203,1306.6381,25.3857
13.2982,1803.6967,1307.8083,25.3857
13.3082,1805.5037,1308.8907,25.3857
13.3180,1807.1757,1309.9478,25.3857
13.3281,1808.8127,1311.0632,25.3857
13.3379,1810.5548,1312.2194,25.3857
13.3489,1812.3383,1313.4091,25.3857
13.3585,1814.1309,1314.4667,25.3857
13.3690,1815.7202,1315.6398,25.3857
13.3781,1817.3536,1316.7599,25.3857
13.3879,1819.1785,1317.8920,25.3857
13.3977,1820.9845,1318.8572,25.3857
13.4079,1822.5345,1319.8901,25.3857
13.4182,1824.0194,1321.0552,25.3857
13.4281,1825.6869,1322.1742,25.3857
13.4381,1827.5094,1323.2482,25.3857
13.4481,1829.1534,1324.2700,25.3857
13.4585,1830.6036,1325.3841,25.3857
13.4700,1832.0589,1326.5783,25.3857
13.4781,1833.7413,1327.7231,25.3857
13.4882,1835.4921,1328.7994,25.3857
13.4978,1837.1570,1329.8609,25.3857
13.5080,1838.7048,1331.0369,25.3857
13.5189,1840.4284,1332.2601,25.3857
13.5286,1842.2744,1333.3142,25.3857
13.5387,1843.9911,1334.4100,25.3857
13.5479,1845.5214,1335.5399,25.3857
13.5582,1847.1612,1336.7034,25.3857
13.5693,1848.9676,1337.7989,25.3857
13.5799,1850.6398,1338.7379,25.3857
13.5880,1852.1478,1339.8510,25.3857
13.5984,1853.6961,1340.9472,25.3857
13.6082,1855.4636,1342.0884,25.3857
13.6181,1857.1824,1343.2021,25.3857
13.6279,1858.8021,1344.2878,25.3857
13.6380,1860.3383,1345.4806,25.3857
13.6481,1862.0400,1346.6200,25.3857
13.6584,1863.8702,1347.8632,25.3857
13.6685,1865.5393,1349.0072,25.3857
13.6785,1867.0995,1350.1241,25.3857
13.6888,1868.6917,1351.3288,25.3857
13.6983,1870.4942,1352.4937,33.6413
13.7085,1872.2174,1353.6811,33.6672
13.7188,1873.8449,1354.7393,33.6853
13.7281,1875.3774,1355.8680,33.7032
13.7383,1877.1902,1356.9516,33.9608
13.7483,1879.0705,1358.1800,33.9608
13.7580,1880.8294,1359.3259,33.9608
13.7683,1882.5518,1360.0057,33.9608
13.7786,1883.9544,1361.0165,33.9608
13.7884,1885.4421,1361.6384,33.9608
13.7981,1886.8303,1361.9199,33.9608
13.8080,1888.1857,1362.3154,33.9608
13.8182,1889.7326,1362.3828,33.9608
13.8283,1891.0153,1362.9202,33.9608
13.8391,1892.2285,1363.9844,33.9608
13.8503,1893.4955,1365.0831,33.9608
13.8591,1894.8756,1366.4196,33.9608
13.8690,1896.3306,1367.9666,33.9608
13.8799,1897.8107,1369.4623,33.9608
13.8888,1899.3643,1370.8256,33.9608
13.8979,1900.9692,1372.3071,33.9608
13.9079,1902.5707,1373.8581,33.9608
13.9184,1903.9984,1375.2430,33.9608
13.9290,1905.4313,1376.6055,33.9608
13.9381,1907.0125,1377.9826,33.9608
13.9484,1908.3867,1379.6241,33.9608
13.9582,1909.7019,1381.0925,33.9608
13.9684,1911.0362,1382.3635,33.9608
13.9781,1912.5605,1383.6267,33.9608
13.9903,1914.0704,1385.1346,33.9608
13.9983,1915.5533,1386.6842,33.9608
14.0080,1916.9674,1388.2284,33.9608
14.0181,1918.5807,1389.6722,33.9608
14.0284,1920.2776,1391.1699,33.9608
14.0389,1921.8609,1392.7279,33.9608
14.0490,1923.2872,1394.1733,33.9608
14.0584,1924.7938,1395.5380,33.9608
14.0710,1926.4128,1396.8593,33.9608
14.0778,1927.9662,1398.3361,33.9608
14.0882,1929.3907,1399.7803,33.9608
14.0981,1930.8813,1401.0995,33.9608
14.1086,1932.5150,1402.4757,33.9608
14.1185,1934.0555,1403.9402,33.9608
14.1292,1935.4810,1405.4156,33.9608
14.1396,1936.9215,1406.7906,33.9608
14.1480,1938.5047,1408.1642,33.9608
14.1580,1940.0327,1409.6767,33.9608
14.1683,1941.5068,1411.1581,33.9608
14.1785,1942.8902,1412.6125,33.9608
14.1890,1944.4321,1413.9814,33.9608
14.1991,1946.0159,1415.4182,33.9608
14.2107,1947.4488,1416.9077,33.9608
14.2189,1948.8116,1418.2814,43.4675
14.2293,1950.2441,1419.6735,43.4923
14.2391,1951.8192,1421.0811,43.5292
14.2482,1953.2640,1422.6059,43.5299
14.2582,1954.5779,1424.1013,43.3743
14.2681,1955.8790,1425.7661,42.8671
14.2780,1957.2651,1427.2556,42.1283
14.2885,1958.4530,1428.6362,41.1157
14.2983,1959.2081,1430.5244,39.8086
14.3094,1960.3559,1432.0260,38.4232
14.3193,1961.2740,1433.3101,36.6753
14.3281,1961.5738,1435.2313,34.7774
14.3382,1962.0531,1436.7222,32.9320
14.3481,1962.2399,1438.1248,30.5714
14.3579,1962.3129,1439.7155,28.2209
14.3682,1962.6789,1441.2051,25.8409
14.3782,1962.8256,1442.7258,23.2246
14.3880,1962.9226,1444.2700,20.5359
14.3982,1963.0170,1445.8553,17.8145
14.4084,1962.9323,1447.5507,14.9674
14.4186,1962.7918,1449.1277,12.0485
14.4278,1962.4996,1450.9754,9.0534
14.4388,1962.2236,1452.8655,6.0149
14.4484,1962.1562,1454.5868,2.9322
14.4585,1962.2178,1456.1389,-0.2027
14.4686,1962.3538,1457.8620,-3.2020
14.4781,1962.5313,1459.6071,-6.2969
14.4878,1962.7299,1461.1308,-6.2969
14.4981,1963.0323,1462.8997,-6.2969
14.5097,1963.3043,1464.4375,-6.2969
14.5181,1963.6922,1466.0222,-6.2969
14.5283,1964.1267,1467.6221,-6.2969
14.5386,1964.8128,1469.0833,-6.2969
14.5480,1965.5340,1470.4186,-6.2969
14.5586,1966.3784,1470.9662,-6.2969
14.5680,1967.4715,1471.1942,-6.2969
14.5785,1968.6891,1471.7927,-6.2969
14.5890,1969.8106,1472.1364,-6.2969
14.5987,1971.0155,1471.9305,-6.2969
14.6084,1972.3728,1471.2646,-6.2969
14.6181,1973.9245,1470.4377,-6.2969
14.6282,1975.4100,1469.5688,-6.2969
14.6395,1976.8929,1468.4364,-6.2969
14.6489,1978.5773,1467.2006,-6.2969
14.6583,1980.4527,1466.0602,-6.2969
14.6685,1982.3478,1465.0291,-6.2969
14.6800,1984.0029,1463.7761,-6.2969
14.6882,1985.7519,1462.4504,-6.2969
14.6982,1987.6259,1461.2784,-6.2969
14.7083,1989.4863,1460.1838,-6.2969
14.7183,1991.2173,1459.0706,-6.2969
14.7279,1992.9919,1457.7964,-6.2969
14.7392,1994.8470,1456.6169,-6.2969
14.7482,1996.8154,1455.4977,-6.2969
14.7583,1998.6574,1454.2708,-6.2969
14.7686,2000.5054,1452.9731,-6.2969
14.7780,2002.4175,1451.7201,-6.2969
14.7883,2004.2994,1450.5568,-6.2969
14.7982,2006.0692,1449.3949,-6.2969
14.8081,2007.8806,1448.1211,-6.2969
14.8183,2009.7491,1446.9703,-6.2969
14.8283,2011.5434,1445.7861,-6.2969
14.8388,2013.2165,1444.6191,-6.2969
14.8482,2014.9866,1443.4305,-6.2969
14.8581,2016.8525,1442.2518,-6.2969
14.8689,2018.6682,1441.0839,-6.2969
14.8790,2020.3582,1439.8715,-6.2969
14.8885,2022.1918,1438.6630,-6.2969
14.8985,2024.0529,1437.5063,-6.2969
14.9080,2025.8847,1436.2979,-6.2969
14.9189,2027.6127,1435.1361,-6.2969
14.9288,2029.4401,1433.8865,-6.2969
14.9383,2031.3461,1432.7167,-6.2969
14.9485,2033.2024,1431.5826,-6.2969
14.9596,2034.8692,1430.4097,-6.2969
14.9681,2036.6632,1429.2258,-6.2969
14.9794,2038.5455,1428.1302,-6.2969
14.9884,2040.3517,1426.9709,-6.2969
14.9979,2041.9754,1425.7904,-6.2969
15.0084,2043.7280,1424.5732,-6.2969
15.0186,2045.5327,1423.4634,-6.2969
15.0282,2047.3307,1422.3714,-6.2969
15.0383,2049.0375,1421.2842,-6.2969
15.0485,2050.7449,1420.1542,-6.2969
15.0584,2052.5334,1419.0474,-6.2969
15.0725,2054.3170,1417.9657,-6.2969
15.0778,2056.0038,1416.8382,-6.2969
15.0884,2057.7144,1415.7183,-6.2969
15.0987,2059.5070,1414.6351,-6.2969
15.1095,2061.3442,1413.5213,-6.2969
15.1182,2063.1823,1412.3355,-6.2969
15.1312,2064.9668,1411.1379,-6.2969
15.1381,2066.7282,1410.0311,-6.2969
15.1485,2068.4296,1408.9327,-6.2969
15.1579,2070.1273,1407.8375,-6.2969
15.1687,2071.8250,1406.6890,-6.2969
15.1786,2073.6516,1405.5491,-6.2969
15.1882,2075.4094,1404.4697,-6.2969
15.1985,2077.1833,1403.3412,-6.2969
15.2084,2078.9564,1402.2540,-6.2969
15.2198,2080.7183,1401.1881,-6.2969
15.2282,2082.4658,1400.1237,-6.2969
15.2384,2084.1663,1399.0003,-6.2969
15.2479,2085.7913,1397.7950,-6.2969
15.2582,2087.5275,1396.7774,-6.2969
15.2680,2089.2313,1395.7573,-6.2969
15.2780,2090.8997,1394.6531,-6.2969
15.2879,2092.5712,1393.4762,-6.2969
15.2984,2094.2761,1392.3378,-6.2969
15.3082,2095.9994,1391.3340,-6.2969
15.3190,2097.7019,1390.2703,-6.2969
15.3283,2099.4293,1389.1064,-6.2969
15.3382,2101.1471,1387.9764,-6.2969
15.3481,2102.8923,1386.8871,-6.2969
15.3583,2104.6163,1385.8465,-6.2969
15.3688,2106.3242,1384.7742,-6.2969
15.3781,2108.0056,1383.6207,-6.2969
15.3896,2109.7151,1382.5956,-6.2969
15.3980,2111.4042,1381.5648,-6.2969
15.4083,2113.0573,1380.4503,-6.2969
15.4183,2114.6628,1379.2539,-6.2969
15.4295,2116.3032,1378.1870,-6.2969
15.4381,2117.9922,1377.2053,-6.2969
15.4495,2119.7153,1376.1335,-6.2969
15.4590,2121.3640,1375.0007,-6.2969
15.4681,2122.9707,1373.8342,-6.2969
15.4781,2124.6399,1372.8078,-6.2969
15.4884,2126.3581,1371.7931,-6.2969
15.4982,2128.0406,1370.7066,-6.2969
15.5092,2129.6994,1369.5542,-6.2969
15.5184,2131.4238,1368.4728,-6.2969
15.5279,2133.1403,1367.4288,-6.2969
15.5380,2134.8774,1366.3691,-6.2969
15.5481,2136.6194,1365.2335,-6.2969
15.5591,2138.3527,1364.1518,-6.2969
15.5685,2140.0789,1363.1234,-6.2969
15.5784,2141.7853,1362.0946,-6.2969
15.5900,2143.4918,1360.9526,-6.2969
15.5981,2145.2224,1359.8348,-6.2969
15.6076,2146.9490,1358.8541,-6.2969
15.6182,2148.6304,1357.8453,-6.2969
15.6280,2150.3297,1356.7524,-6.2969
15.6383,2152.0433,1355.6678,-6.2969
15.6485,2153.7122,1354.6683,-6.2969
15.6587,2155.4081,1353.6694,-6.2969
15.6682,2157.1149,1352.5892,-6.2969
15.6780,2158.7972,1351.4449,-6.2969
15.6880,2160.4657,1350.3866,-6.2969
15.6981,2162.1718,1349.4107,-6.2969
15.7081,2163.8745,1348.4272,-6.2969
15.7181,2165.6027,1347.3052,-6.2969
15.7279,2167.3607,1346.2114,-6.2969
15.7395,2169.0784,1345.2107,-6.2969
15.7480,2170.8041,1344.2059,-6.2969
15.7585,2172.5336,1343.0881,-6.2969
15.7687,2174.3868,1341.6423,-6.2969
15.7779,2176.1294,1340.6933,-6.2969
15.7881,2177.8627,1339.6902,-6.2969
15.7980,2179.5742,1338.5767,-6.2969
15.8080,2181.2762,1337.3265,-6.2969
15.8185,2183.0022,1336.3248,-6.2969
15.8283,2184.6835,1335.4157,-6.2969
15.8383,2186.3724,1334.3883,-6.2969
15.8481,2188.0494,1333.2542,-6.2969
15.8594,2189.7197,1332.1423,-6.2969
15.8684,2191.3961,1331.1997,-6.2969
15.8784,2193.0696,1330.1927,-6.2969
15.8880,2194.7358,1329.0433,-6.2969
15.8982,2196.4564,1327.8690,-6.2969
15.9087,2198.1984,1326.8972,-6.2969
15.9182,2199.8739,1325.9261,-6.2969
15.9287,2201.5614,1324.8433,-6.2969
15.9397,2203.3005,1323.6898,-6.2969
15.9492,2205.0511,1322.6288,-6.2969
15.9586,2206.7494,1321.6830,-6.2969
15.9686,2208.4547,1320.6204,-6.2969
15.9783,2210.1855,1319.4711,-6.2969
15.9883,2211.9386,1318.3702,-6.2969
15.9986,2213.6589,1317.4053,-6.2969
16.0082,2215.2858,1316.3826,-6.2969
16.0179,2216.9702,1315.2486,-6.2969
16.0279,2218.6791,1314.1478,-6.2969
16.0383,2220.3823,1313.1596,-6.2969
16.0481,2222.0206,1312.2156,-6.2969
16.0599,2223.6671,1311.1714,-6.2969
16.0687,2225.4473,1310.0819,-6.2969
16.0782,2227.2177,1309.0456,-6.2969
16.0892,2228.9280,1308.0255,-6.2969
16.0979,2230.6155,1307.0362,-6.2969
16.1087,2232.3605,1305.9396,-6.2969
16.1185,2234.1324,1304.9128,-6.2969
16.1284,2235.7670,1303.8818,-6.2969
16.1384,2237.4766,1302.8422,-6.2969
16.1479,2239.2341,1301.7741,-6.2969
16.1587,2241.1611,1300.7736,-6.2969
16.1679,2242.9042,1299.7416,-6.2969
16.1800,2244.5558,1298.6462,-6.2969
16.1880,2246.2228,1297.5331,-6.2969
16.1994,2248.0413,1296.5176,-6.2969
16.2080,2249.8042,1295.5873,-6.2969
16.2184,2251.4869,1294.5468,-6.2969
16.2279,2253.1664,1293.3887,-6.2969
16.2388,2254.9524,1292.2510,-6.2969
16.2492,2256.8466,1291.3281,-6.2969
16.2588,2258.6294,1290.4348,-6.2969
16.2689,2260.2784,1289.3410,-6.2969
16.2788,2261.9677,1288.1513,-6.2969
16.2883,2263.7174,1287.0587,-6.2969
16.2985,2265.4056,1286.1987,-6.2969
16.3080,2267.0240,1285.3190,-6.2969
16.3187,2268.6910,1284.2130,-6.2969
16.3279,2270.4861,1283.1191,-6.2969
16.3383,2272.1667,1282.0937,-6.2969
16.3479,2273.7787,1281.1868,-6.2969
16.3590,2275.3970,1280.1766,-6.2969
16.3685,2277.1932,1279.1514,-6.2969
16.3782,2279.0035,1278.1330,-6.2969
16.3894,2280.6891,1277.1557,-6.2969
16.3981,2282.3450,1276.1356,-6.2969
16.4083,2284.1252,1274.9991,-6.2969
16.4182,2285.9572,1273.9604,-6.2969
16.4293,2287.6052,1272.9936,-6.2969
16.4402,2289.1901,1272.0652,-6.2969
16.4481,2290.8589,1271.0419,-6.2969
16.4581,2292.6448,1269.9189,-6.2969
16.4683,2294.3533,1268.8907,-6.2969
16.4781,2295.9158,1267.9106,-6.2969
16.4881,2297.5016,1266.9824,-6.2969
16.4979,2299.1924,1265.9141,-6.2969
16.5082,2300.9893,1264.8533,-6.2969
16.5184,2302.6270,1263.8173,-6.2969
16.5281,2304.2159,1262.8409,-6.2969
16.5389,2305.9089,1261.8861,-6.2969
16.5478,2307.7599,1260.8613,-6.2969
16.5583,2309.5131,1259.8631,-6.2969
16.5689,2311.1335,1258.8760,-6.2969
16.5792,2312.8173,1257.8481,-6.2969
16.5896,2314.6288,1256.7883,-6.2969
16.5995,2316.4926,1255.7849,-6.2969
16.6082,2318.1844,1254.8157,-6.2969
16.6197,2319.8131,1253.8516,-6.2969
16.6283,2321.5863,1252.7762,-6.2969
16.6382,2323.5426,1251.7939,-6.2969
16.6480,2325.3107,1250.8255,-6.2969
16.6578,2326.9103,1249.8421,-6.2969
16.6686,2328.6052,1248.7465,-6.2969
16.6779,2330.5179,1247.7087,-6.2969
16.6882,2332.2997,1246.7283,-6.2969
16.6980,2333.9359,1245.8354,-6.2969
16.7091,2335.5096,1244.8853,-6.2969
16.7184,2337.2961,1243.8353,-6.2969
16.7279,2339.1636,1242.7902,-6.2969
16.7380,2340.8153,1241.8384,-6.2969
16.7481,2342.4061,1240.8805,-6.2969
16.7580,2344.1306,1239.8143,-6.2969
16.7681,2346.0371,1238.8733,-6.2969
16.7781,2347.7817,1237.9398,-6.2969
16.7890,2349.4344,1236.9999,-6.2969
16.7979,2351.0924,1235.8855,-6.2969
16.8079,2352.9481,1234.8963,-6.2969
16.8181,2354.8259,1233.9732,-6.2969
16.8282,2356.5173,1233.0257,-6.2969
16.8383,2358.1431,1231.9506,-6.2969
16.8479,2359.9343,1230.8155,-6.2969
16.8579,2361.7920,1229.8411,-6.2969
16.8696,2363.4882,1228.9435,-6.2969
16.8777,2365.1007,1227.9812,-6.2969
16.8896,2366.7817,1226.8724,-6.2969
16.8980,2368.6161,1225.8414,-6.2969
16.9080,2370.3220,1224.9210,-6.2969
16.9180,2371.8926,1224.0119,-6.2969
16.9279,2373.5128,1222.9965,-6.2969
16.9381,2375.3577,1221.9659,-6.2969
16.9482,2377.1880,1220.9836,-6.2969
16.9581,2378.8340,1220.0264,-6.2969
16.9682,2380.4451,1219.0435,-6.2969
16.9779,2382.2301,1217.9950,-6.2969
16.9894,2384.1637,1217.0281,-6.2969
16.9985,2385.9291,1216.0032,-6.2969
17.0085,2387.5435,1214.9520,-6.2969
17.0187,2389.2712,1213.9407,-6.2969
17.0285,2391.2053,1212.9127,-6.2969
17.0388,2392.9834,1211.9418,-6.2969
17.0492,2394.5635,1210.9442,-6.2969
17.0601,2396.1628,1209.9671,-6.2969
17.0688,2398.0006,1208.9823,-6.2969
17.0779,2399.8298,1208.0219,-6.2969
17.0882,2401.4834,1207.0313,-6.2969
17.0980,2403.1216,1206.0634,-6.2969
17.1081,2404.9485,1205.0895,-6.2969
17.1184,2406.8149,1204.1196,-6.2969
17.1281,2408.5356,1203.1498,-6.2969
17.1392,2410.1562,1202.1489,-6.2969
17.1493,2411.9382,1201.2147,-6.2969
17.1587,2413.8489,1200.2938,-6.2969
17.1678,2415.5575,1199.2540,-6.2969
17.1793,2417.1993,1198.2581,-6.2969
17.1893,2418.8666,1197.3178,-6.2969
17.1992,2420.7433,1196.4052,-6.2969
17.2081,2422.6271,1195.4603,-6.2969
17.2186,2424.3986,1194.3990,-6.2969
17.2278,2426.1174,1193.2827,-6.2969
17.2383,2427.9393,1192.2991,-6.2969
17.2480,2429.8016,1191.3423,-6.2969
17.2585,2431.5280,1190.3867,-6.2969
17.2682,2433.2065,1189.3371,-6.2969
17.2779,2434.9917,1188.2984,-6.2969
17.2884,2436.8813,1187.3432,-6.2969
17.2978,2438.7382,1186.3712,-6.2969
17.3081,2440.4691,1185.3385,-6.2969
17.3184,2442.1868,1184.3442,-6.2969
17.3279,2444.0177,1183.3900,-6.2969
17.3383,2445.7772,1182.4066,-6.2969
17.3478,2447.3566,1181.3717,-6.2969
17.3581,2448.9796,1180.4222,-6.2969
17.3683,2450.7814,1179.5242,-6.2969
17.3782,2452.5768,1178.6091,-6.2969
17.3885,2454.1663,1177.5805,-6.2969
17.3981,2455.7484,1176.5467,-6.2969
17.4083,2457.5063,1175.6839,-6.2969
17.4181,2459.3467,1174.8159,-6.2969
17.4281,2461.0543,1173.8639,-6.2969
17.4389,2462.6547,1172.7890,-6.2969
17.4480,2464.3754,1171.8209,-6.2969
17.4581,2466.2394,1170.9220,-6.2969
17.4683,2468.0261,1170.0096,-6.2969
17.4782,2469.6102,1168.9711,-6.2969
17.4884,2471.1921,1167.9142,-6.2969
17.4982,2472.9879,1166.9915,-6.2969
17.5086,2474.8375,1166.0977,-6.2969
17.5182,2476.4589,1165.0863,-6.2969
17.5280,2477.9862,1164.0188,-6.2969
17.5392,2479.6580,1163.0453,-6.2969
17.5484,2481.4829,1162.1165,-6.2969
17.5598,2483.2651,1161.1404,-6.2969
17.5679,2484.9049,1160.0782,-6.2969
17.5779,2486.5433,1159.1060,-6.2969
17.5882,2488.3949,1158.1807,-6.2969
17.5983,2490.2712,1157.2719,-6.2969
17.6084,2491.9550,1156.2783,-6.2969
17.6182,2493.5952,1155.2720,-6.2969
17.6279,2495.3937,1154.3716,-6.2969
17.6388,2497.2676,1153.4542,-6.2969
17.6485,2499.0529,1152.4666,-6.2969
17.6594,2500.6931,1151.3912,-6.2969
17.6689,2502.4799,1150.4953,-6.2969
17.6789,2504.3104,1149.5964,-6.2969
17.6886,2506.1432,1148.6331,-6.2969
17.6985,2507.8323,1147.5790,-6.2969
17.7080,2509.5360,1146.5928,-6.2969
17.7179,2511.3783,1145.7034,-6.2969
17.7278,2513.2413,1144.7536,-6.2969
17.7382,2514.9592,1143.7115,-6.2969
17.7479,2516.6082,1142.6566,-6.2969
17.7580,2518.3315,1141.7798,-6.2969
17.7682,2520.1777,1140.8980,-6.2969
17.7780,2521.9634,1139.9219,-6.2969
17.7896,2523.6050,1138.8609,-6.2969
17.7987,2525.2594,1137.9603,-6.2969
17.8084,2527.0164,1137.0942,-6.2969
17.8192,2528.8103,1136.2210,-6.2969
17.8288,2530.5250,1135.1476,-6.2969
17.8389,2532.2480,1134.1034,-6.2969
17.8482,2534.0591,1133.2422,-6.2969
17.8584,2535.8390,1132.3305,-6.2969
17.8684,2537.6224,1131.3317,-6.2969
17.8780,2539.2888,1130.2280,-6.2969
17.8881,2541.0697,1129.3248,-6.2969
17.8987,2542.8417,1128.4340,-6.2969
17.9099,2544.6306,1127.3982,-6.2969
17.9180,2546.3137,1126.3004,-6.2969
17.9286,2548.0106,1125.3471,-6.2969
17.9385,2549.7538,1124.5103,-6.2969
17.9483,2551.5234,1123.6052,-6.2969
17.9581,2553.1545,1122.5361,-6.2969
17.9683,2554.7666,1121.4768,-6.2969
17.9780,2556.5687,1120.6014,-6.2969
17.9886,2558.3750,1119.6834,-6.2969
17.9984,2560.1067,1118.6585,-6.2969
18.0084,2561.7711,1117.5675,-6.2969
18.0191,2563.5830,1116.6729,-6.2969
18.0287,2565.4354,1115.8085,-6.2969
18.0385,2567.2234,1114.8142,-6.2969
18.0479,2568.8546,1113.6880,-6.2969
18.0579,2570.5625,1112.7187,-6.2969
18.0685,2572.3815,1111.8650,-6.2969
18.0780,2574.2167,1110.9381,-6.2969
18.0886,2575.9319,1109.8782,-6.2969
18.0983,2577.5767,1108.7751,-6.2969
18.1084,2579.4081,1107.8481,-6.2969
18.1184,2581.2606,1106.9200,-6.2969
18.1287,2582.9833,1105.9388,-6.2969
18.1382,2584.6102,1104.9290,-6.2969
18.1481,2586.3708,1104.0786,-29.1465
18.1586,2588.1656,1103.1917,-29.1676
18.1683,2589.9323,1102.2280,-29.1302
18.1783,2591.5922,1101.1528,-29.0600
18.1894,2593.3630,1100.1100,-28.8345
18.1980,2595.2657,1099.0967,-28.8345
18.2083,2597.0614,1098.1649,-28.8345
18.2184,2598.7689,1097.3162,-28.8345
18.2283,2600.4050,1096.2966,-28.8345
18.2382,2601.7745,1095.3759,-28.8345
18.2486,2602.9840,1094.5690,-28.8345
18.2583,2603.9388,1093.3225,-28.8345
18.2685,2605.0708,1092.2043,-28.8345
18.2780,2606.7592,1091.4715,-28.8345
18.2894,2608.2246,1090.7064,-28.8345
18.2983,2609.4568,1089.9501,-28.8345
18.3092,2611.0348,1089.4012,-28.8345
18.3186,2613.0347,1088.9236,-28.8345
18.3280,2615.0170,1088.1430,-28.8345
18.3382,2616.9573,1087.2376,-28.8345
18.3489,2618.9572,1086.4119,-28.8345
18.3587,2621.1350,1085.6298,-28.8345
18.3683,2623.2614,1084.9269,-28.8345
18.3783,2625.1755,1084.1459,-28.8345
18.3898,2626.9661,1083.3086,-28.8345
18.3995,2629.0137,1082.5136,-28.8345
18.4083,2631.0343,1081.7849,-28.8345
18.4183,2632.9038,1081.0975,-28.8345
18.4283,2634.7003,1080.3286,-28.8345
18.4388,2636.6790,1079.5222,-28.8345
18.4490,2638.7269,1078.7791,-28.8345
18.4584,2640.7053,1078.0632,-28.8345
18.4682,2642.5073,1077.3266,-28.8345
18.4787,2644.4352,1076.4760,-28.8345
18.4882,2646.4719,1075.7248,-28.8345
18.4982,2648.4059,1074.9267,-28.8345
18.5083,2650.1635,1074.1874,-28.8345
18.5186,2651.9402,1073.4003,-28.8345
18.5281,2653.9335,1072.6315,-28.8345
18.5395,2655.8613,1071.8873,-28.8345
18.5478,2657.5667,1071.1114,-28.8345
18.5581,2659.2729,1070.4199,-28.8345
18.5680,2661.2328,1069.7522,-28.8345
18.5778,2663.2362,1069.0848,-28.8345
18.5881,2665.1083,1068.3110,-28.8345
18.5982,2666.9574,1067.5364,-28.8345
18.6081,2668.9495,1066.8259,-28.8345
18.6181,2670.9902,1066.1396,-28.8345
18.6281,2672.5713,1065.3129,-28.8345
18.6380,2674.3156,1064.5413,-28.8345
18.6480,2676.1443,1063.8689,-28.8345
18.6579,2678.1198,1063.2591,-28.8345
18.6681,2679.9053,1062.5684,-28.8345
18.6779,2681.6748,1061.8739,-28.8345
18.6887,2683.4789,1061.2073,-28.8345
18.7001,2685.4127,1060.5432,-28.8345
18.7084,2687.3453,1059.8662,-28.8345
18.7183,2689.1489,1059.1007,-28.8345
18.7279,2690.9408,1058.3656,-28.8345
18.7382,2692.8799,1057.6889,-28.8345
18.7476,2694.9160,1057.0140,-28.8345
18.7578,2696.7595,1056.3152,-28.8345
18.7681,2698.5480,1055.5581,-28.8345
18.7777,2700.4054,1054.8935,-28.8345
18.7881,2702.4243,1054.2545,-28.8345
18.7992,2704.2848,1053.5229,-28.8345
18.8079,2706.0552,1052.7709,-28.8345
18.8186,2707.8359,1052.0526,-28.8345
18.8279,2709.8177,1051.4309,-28.8345
18.8383,2711.7910,1050.7566,-28.8345
18.8482,2713.6461,1049.9742,-28.8345
18.8589,2715.4507,1049.1932,-28.8345
18.8684,2717.4139,1048.4917,-28.8345
18.8781,2719.4082,1047.7924,-28.8345
18.8888,2721.2485,1047.0738,-28.8345
18.8979,2723.0176,1046.2704,-28.8345
18.9091,2724.8773,1045.5741,-28.8345
18.9185,2726.8702,1044.8732,-28.8345
18.9281,2728.7632,1044.1414,-28.8345
18.9381,2730.5476,1043.3328,-28.8345
18.9477,2732.3804,1042.6039,-28.8345
18.9585,2734.3219,1041.9989,-28.8345
18.9683,2736.3047,1041.3016,-28.8345
18.9779,2738.1794,1040.5181,-28.8345
18.9877,2740.0060,1039.6920,-28.8345
18.9981,2742.0089,1039.0587,-28.8345
19.0100,2744.0392,1038.3738,-28.8345
19.0184,2745.9386,1037.5659,-28.8345
19.0287,2747.7131,1036.7168,-28.8345
19.0383,2749.6172,1036.0635,-28.8345
19.0491,2751.6154,1035.3843,-28.8345
19.0582,2753.4958,1034.5804,-28.8345
19.0681,2755.3160,1033.7372,-28.8345
19.0780,2757.0223,1032.8652,-28.8345
19.0882,2759.0145,1032.2253,-28.8345
19.0978,2760.9235,1031.4541,-28.8345
19.1087,2762.7045,1030.6425,-28.8345
19.1188,2764.4955,1029.9108,-28.8345
19.1282,2766.4238,1029.3573,-28.8345
19.1384,2768.3757,1028.7015,-28.8345
19.1481,2770.1572,1027.9247,-28.8345
19.1587,2771.9791,1027.1260,-28.8345
19.1683,2773.9388,1026.5840,-28.8345
19.1779,2775.9465,1025.9537,-28.8345
19.1884,2777.7567,1025.1894,-28.8345
19.1978,2779.5571,1024.3511,-28.8345
19.2085,2781.3921,1023.7465,-21.2332
19.2183,2783.3257,1023.2133,-21.2780
19.2279,2785.2281,1022.5250,-21.2668
19.2386,2787.0906,1021.6794,-21.1608
19.2490,2788.9956,1020.6887,-20.8444
19.2583,2791.0875,1019.8701,-20.8444
19.2685,2792.9597,1019.0251,-20.8444
19.2782,2794.5696,1018.0816,-20.8444
19.2883,2796.2614,1017.2393,-20.8444
19.2980,2797.7732,1016.4523,-20.8444
19.3087,2798.9359,1015.6524,-20.8444
19.3200,2799.8625,1014.4380,-20.8444
19.3299,2801.3344,1013.6091,-20.8444
19.3382,2803.2190,1013.1095,-20.8444
19.3480,2804.6664,1012.4538,-20.8444
19.3582,2806.0143,1012.0021,-20.8444
19.3685,2807.7015,1011.9096,-20.8444
19.3784,2809.5958,1011.6827,-20.8444
19.3882,2811.6194,1011.2715,-20.8444
19.3981,2813.6852,1010.7053,-20.8444
19.4083,2815.6698,1010.1000,-20.8444
19.4187,2817.8158,1009.7572,-20.8444
19.4283,2819.9221,1009.4108,-20.8444
19.4381,2821.9525,1008.9423,-20.8444
19.4485,2823.8746,1008.3820,-20.8444
19.4599,2825.8773,1007.8940,-20.8444
19.4700,2827.9004,1007.5092,-20.8444
19.4790,2829.9506,1007.0984,-20.8444
19.4883,2831.9305,1006.5584,-20.8444
19.4985,2833.8726,1006.0649,-20.8444
19.5088,2835.9395,1005.6259,-20.8444
19.5189,2838.0507,1005.2505,-20.8444
19.5288,2840.1641,1004.7865,-20.8444
19.5399,2841.9431,1004.2476,-20.8444
19.5479,2844.0325,1003.8513,-20.8444
19.5582,2846.0552,1003.4437,-20.8444
19.5679,2848.0481,1002.9928,-20.8444
19.5778,2850.0902,1002.5668,-20.8444
19.5876,2852.1471,1002.2132,-20.8444
19.5977,2854.2109,1001.8263,-20.8444
19.6086,2856.2872,1001.3510,-20.8444
19.6182,2858.4115,1000.9136,-20.8444
19.6282,2860.5184,1000.4776,-20.8444
19.6385,2862.5795,1000.1365,-20.8444
19.6479,2864.5560,999.6750,-20.8444
19.6585,2866.4926,999.1921,-20.8444
19.6679,2868.4133,998.7708,-20.8444
19.6785,2870.3921,998.4279,-20.8444
19.6881,2872.3702,998.0302,-20.8444
19.6982,2874.1631,997.4489,-20.8444
19.7083,2876.0964,997.0397,-20.8444
19.7189,2878.0599,996.7542,-20.8444
19.7277,2880.0383,996.4397,-20.8444
19.7381,2882.0038,995.9550,-20.8444
19.7486,2883.9045,995.4639,-20.8444
19.7587,2885.8423,995.1498,-20.8444
19.7695,2887.8096,994.8552,-20.8444
19.7793,2889.7324,994.4489,-12.3198
19.7887,2891.6541,993.9529,-12.2775
19.7979,2893.5989,993.5623,-12.2766
19.8095,2895.4608,993.2446,-12.2713
19.8197,2897.4281,992.6898,-11.9080
19.8279,2899.4813,992.2420,-11.2685
19.8384,2901.3229,991.8172,-11.2685
19.8489,2902.8741,991.0405,-9.0774
19.8583,2904.6721,990.4980,-7.7646
19.8679,2906.2888,989.8553,-6.1395
19.8795,2907.6265,988.9923,-4.4764
19.8891,2908.8352,988.2599,-2.9046
19.8985,2909.9819,987.2732,-1.7124
19.9089,2910.9175,986.0926,-0.9478
19.9185,2911.8427,985.3255,-0.6403
19.9279,2913.0543,985.0805,-0.7666
19.9386,2914.2162,984.4666,-1.2499
19.9479,2915.0004,984.2985,-2.2307
19.9583,2915.7489,984.5129,-3.3154
19.9681,2916.5880,984.5039,-4.6726
19.9792,2917.1721,984.6492,-6.3790
19.9879,2917.9327,985.0123,-8.1616
19.9982,2918.5442,985.3827,-10.1482
20.0090,2919.1501,985.7607,-12.3121
20.0188,2919.7050,986.6465,-14.6428
20.0295,2920.3323,987.2927,-17.0063
20.0387,2920.9274,987.9923,-19.5352
20.0495,2921.6442,989.0286,-22.0080
20.0591,2922.3862,989.6786,-24.3580
20.0696,2923.1926,990.3711,-27.0090
20.0795,2924.0498,991.1378,-29.6880
20.0897,2925.0477,992.0697,-32.3852
20.0984,2925.9281,992.9475,-35.2321
20.1084,2926.8656,993.9466,-38.1402
20.1190,2927.9055,995.1229,-41.1264
20.1284,2928.8369,996.0140,-44.1762
20.1389,2929.9153,997.1226,-47.2564
20.1481,2930.9934,998.2191,-50.3639
20.1583,2932.0934,999.3600,-53.5535
20.1685,2933.2831,1000.5926,-56.8026
20.1783,2934.5864,1001.9083,-60.0088
20.1880,2935.8910,1003.1283,-63.2816
20.1980,2937.1742,1004.1459,-66.5330
20.2086,2938.6790,1005.2150,-69.7470
20.2202,2940.0778,1006.1888,-73.0067
20.2280,2941.5707,1007.1220,-76.2836
20.2378,2942.9855,1007.9549,-79.5626
20.2491,2944.4919,1008.7336,-82.8764
20.2598,2945.8744,1009.4123,-86.1687
20.2683,2947.3397,1009.9999,-89.5014
20.2783,2948.6838,1010.4179,-92.7623
20.2890,2949.8843,1010.7372,-95.9839
20.2978,2950.9620,1010.8285,-99.1625
20.3092,2952.1257,1010.8881,-102.2631
20.3186,2953.3864,1010.9543,-105.3848
20.3284,2954.6987,1010.9141,-108.4086
20.3382,2956.0586,1010.8907,-111.5058
20.3490,2957.7043,1010.9196,-114.5530
20.3592,2959.6042,1010.9391,-117.5999
20.3681,2961.3429,1010.9579,-120.7118
20.3784,2963.1825,1010.8611,-123.8241
20.3882,2964.9596,1010.5500,-126.9017
20.3981,2966.6000,1010.2083,-129.9698
20.4092,2968.3704,1009.7405,-133.0774
20.4193,2969.9230,1009.2079,-136.0770
20.4280,2971.6222,1008.5539,-136.0770
20.4386,2973.2203,1007.8613,-136.0770
20.4479,2974.9189,1007.1094,-136.0770
20.4585,2976.5044,1006.2657,-136.0770
20.4689,2978.2552,1005.2895,-136.0770
20.4779,2979.7396,1004.4540,-136.0770
20.4880,2980.6537,1003.7677,-136.0770
20.4983,2981.1162,1003.0605,-136.0770
20.5101,2981.0231,1002.4055,-136.0770
20.5183,2980.6965,1002.0205,-136.0770
20.5279,2980.1412,1001.7726,-136.0770
20.5383,2979.4817,1001.3390,-136.0770
20.5479,2978.8390,1000.9402,-136.0770
20.5580,2977.8224,1000.7245,-136.0770
20.5680,2976.4141,1000.6991,-136.0770
20.5777,2974.6051,1000.0956,-136.0770
20.5879,2972.5596,999.0827,-136.0770
20.5982,2970.5582,998.2295,-136.0770
20.6079,2968.3333,997.5250,-136.0770
20.6182,2966.1760,996.7500,-136.0770
20.6282,2964.0383,996.0059,-136.0770
20.6387,2961.9055,995.1865,-136.0770
20.6480,2959.8639,994.4799,-136.0770
20.6582,2957.8202,993.7001,-136.0770
20.6691,2955.7491,992.9438,-136.0770
20.6785,2953.6830,992.2486,-136.0770
20.6883,2951.6227,991.7591,-136.0770
20.6977,2949.4773,991.1711,-136.0770
20.7085,2947.3644,990.4023,-136.0770
20.7179,2945.2701,989.6133,-136.0770
20.7283,2943.1870,989.0235,-136.0770
20.7383,2940.9854,988.3580,-136.0770
20.7479,2938.7579,987.5810,-136.0770
20.7582,2936.5378,986.8080,-136.0770
20.7683,2934.3019,986.1540,-136.0770
20.7782,2932.0598,985.3914,-136.0770
20.7882,2929.8489,984.5877,-136.0770
20.7991,2927.7545,983.8902,-136.0770
20.8097,2925.5497,983.2651,-136.0770
20.8197,2923.3896,982.5604,-136.0770
20.8288,2921.3071,981.7641,-136.0770
20.8385,2919.2300,981.1222,-136.0770
20.8481,2917.1554,980.4941,-136.0770
20.8581,2915.0210,979.7905,-136.0770
20.8684,2912.9393,978.9983,-136.0770
20.8789,2910.9739,978.3451,-136.0770
20.8880,2908.9830,977.7044,-136.0770
20.8982,2906.9443,977.0074,-136.0770
20.9086,2904.8865,976.2318,-136.0770
20.9179,2902.8646,975.5889,-136.0770
20.9288,2900.8192,974.9123,-136.0770
20.9381,2898.8136,974.2180,-136.0770
20.9484,2896.7769,973.4103,-136.0770
20.9602,2894.7269,972.7016,-136.0770
20.9684,2892.6398,972.0232,-136.0770
20.9787,2890.6638,971.3294,-136.0770
20.9889,2888.7454,970.6015,-136.0770
20.9998,2886.8173,969.9532,-136.0770
21.0078,2884.8365,969.3094,-136.0770
21.0180,2882.8925,968.6325,-136.0770
21.0298,2880.9713,967.9143,-136.0770
21.0383,2878.9016,967.2130,-136.0770
21.0493,2876.7992,966.5131,-136.0770
21.0582,2874.7788,965.7751,-136.0770
21.0683,2872.8038,965.0617,-136.0770
21.0784,2870.7394,964.4572,-136.0770
21.0882,2868.6558,963.8230,-136.0770
21.0980,2866.7227,963.1524,-136.0770
21.1082,2864.8610,962.4351,-136.0770
21.1180,2862.9070,961.8299,-136.0770
21.1287,2860.9187,961.2403,-136.0770
21.1382,2858.9773,960.5783,-136.0770
21.1485,2857.0757,959.8536,-136.0770
21.1586,2855.1254,959.0777,-136.0770
21.1691,2853.1080,958.4753,-136.0770
21.1778,2851.1227,957.7783,-136.0770
21.1885,2849.2146,957.0969,-136.0770
21.1978,2847.2458,956.3661,-136.0770
21.2078,2845.2748,955.7770,-136.0770
21.2180,2843.2902,955.1059,-136.0770
21.2281,2841.3752,954.3974,-136.0770
21.2388,2839.4546,953.6580,-136.0770
21.2491,2837.5011,953.1074,-136.0770
21.2584,2835.5609,952.4803,-136.0770
21.2685,2833.6432,951.7937,-136.0770
21.2784,2831.7365,951.0502,-136.0770
21.2886,2829.7728,950.4306,-136.0770
21.2981,2827.7845,949.8112,-136.0770
21.3083,2825.8297,949.1303,-136.0770
21.3184,2823.8810,948.3934,-136.0770
21.3278,2821.9424,947.6375,-136.0770
21.3385,2819.9717,947.0063,-136.0770
21.3482,2817.9960,946.3572,-136.0770
21.3581,2816.0503,945.6803,-136.0770
21.3683,2814.1571,944.9322,-136.0770
21.3781,2812.2362,944.2568,-136.0770
21.3887,2810.3698,943.6001,-136.0770
21.3980,2808.4935,942.9145,-136.0770
21.4079,2806.6553,942.1988,-136.0770
21.4179,2804.7715,941.5187,-136.0770
21.4282,2802.9038,940.8725,-136.0770
21.4387,2801.0548,940.2352,-136.0770
21.4479,2799.2169,939.5247,-136.0770
21.4582,2797.3173,938.8889,-136.0770
21.4677,2795.4724,938.2654,-136.0770
21.4779,2793.6198,937.6208,-136.0770
21.4884,2791.7744,936.9777,-136.0770
21.4980,2789.8679,936.2882,-136.0770
21.5080,2787.9680,935.6183,-136.0770
21.5191,2786.1023,934.9387,-136.0770
21.5292,2784.2609,934.2823,-136.0770
21.5384,2782.2997,933.5925,-136.0770
21.5481,2780.3152,932.7854,-136.0770
21.5586,2778.4194,932.0278,-136.0770
21.5681,2776.5616,931.3474,-136.0770
21.5790,2774.6223,930.7234,-136.0770
21.5887,2772.6398,930.0077,-136.0770
21.5981,2770.7615,929.2764,-136.0770
21.6079,2768.8942,928.5782,-136.0770
21.6181,2767.0294,927.9793,-136.0770
21.6277,2765.0593,927.3824,-136.0770
21.6383,2763.1315,926.6934,-136.0770
21.6480,2761.2567,925.9683,-136.0770
21.6596,2759.4104,925.3373,-136.0770
21.6692,2757.4745,924.7576,-136.0770
21.6789,2755.4897,924.1440,-136.0770
21.6882,2753.5853,923.4187,-136.0770
21.6980,2751.7377,922.7169,-136.0770
21.7076,2749.7988,922.0466,-136.0770
21.7192,2747.8074,921.4218,-136.0770
21.7284,2745.8503,920.7564,-136.0770
21.7392,2743.9614,920.0576,-136.0770
21.7482,2742.0720,919.3633,-136.0770
21.7580,2740.0990,918.6870,-136.0770
21.7685,2738.2084,917.9926,-136.0770
21.7783,2736.2750,917.3109,-136.0770
21.7883,2734.4216,916.6086,-136.0770
21.7979,2732.4811,915.8859,-136.0770
21.8082,2730.5594,915.1498,-136.0770
21.8194,2728.6700,914.4643,-136.0770
21.8282,2726.7751,913.8114,-136.0770
21.8379,2724.8777,913.1514,-136.0770
21.8489,2722.9609,912.4693,-136.0770
21.8582,2721.1982,911.7985,-136.0770
21.8687,2719.3455,911.1266,-136.0770
21.8788,2717.5327,910.4240,-136.0770
21.8894,2715.6274,909.7135,-136.0770
21.8979,2713.7828,908.9937,-136.0770
21.9079,2711.9783,908.3289,-136.0770
21.9179,2710.1329,907.6284,-136.0770
21.9279,2708.1918,906.9328,-136.0770
21.9386,2706.3174,906.1510,-136.0770
21.9510,2704.5037,905.4834,-136.0770
21.9581,2702.6443,904.8149,-136.0770
21.9686,2700.7168,904.1508,-136.0770
21.9782,2698.8019,903.3472,-136.0770
21.9885,2697.0094,902.5475,-136.0770
21.9996,2695.1998,901.8641,-136.0770
22.0081,2693.3904,901.2690,-136.0770
22.0180,2691.5443,900.5470,-136.0770
22.0289,2689.7626,899.7810,-136.0770
22.0385,2687.9570,899.0654,-136.0770
22.0481,2686.1285,898.4207,-136.0770
22.0597,2684.1390,897.7069,-136.0770
22.0686,2682.2413,896.8188,-136.0770
22.0785,2680.3148,896.0988,-136.0770
22.0883,2678.3962,895.4415,-136.0770
22.0982,2676.3894,894.7754,-136.0770
22.1083,2674.4360,893.9010,-136.0770
22.1179,2672.5085,893.1948,-136.0770
22.1281,2670.6356,892.5815,-136.0770
22.1379,2668.6753,891.9799,-136.0770
22.1479,2666.7433,891.1437,-136.0770
22.1582,2664.8617,890.3800,-136.0770
22.1683,2662.9923,889.7349,-136.0770
22.1784,2661.0781,889.1736,-136.0770
22.1888,2659.1074,888.4058,-136.0770
22.1978,2657.2611,887.5272,-136.0770
22.2084,2655.4939,886.8181,-136.0770
22.2182,2653.6698,886.2355,-136.0770
22.2290,2651.7533,885.6018,-136.0770
22.2386,2649.8838,884.7723,-136.0770
22.2482,2648.0873,884.0071,-136.0770
22.2580,2646.2954,883.3553,-136.0770
22.2684,2644.3815,882.7738,-136.0770
22.2780,2642.4661,881.9823,-136.0770
22.2879,2640.6340,881.2416,-136.0770
22.2981,2638.8889,880.5983,-136.0770
22.3083,2637.0784,879.9816,-136.0770
22.3181,2635.1416,879.1859,-136.0770
22.3281,2633.2070,878.3236,-136.0770
22.3386,2631.3750,877.6747,-136.0770
22.3486,2629.5210,877.0589,-136.0770
22.3589,2627.5844,876.3508,-136.0770
22.3680,2625.6580,875.4507,-136.0770
22.3779,2623.8242,874.6996,-136.0770
22.3878,2622.0166,874.0558,-136.0770
22.3981,2620.1132,873.4091,-136.0770
22.4086,2618.2157,872.5012,-136.0770
22.4181,2616.4094,871.6654,-136.0770
22.4275,2614.6555,871.0537,-136.0770
22.4382,2612.8860,870.5277,-136.0770
22.4481,2610.9988,869.7934,-136.0770
22.4587,2609.2090,868.8596,-136.0770
22.4682,2607.4685,868.0982,-136.0770
22.4783,2605.6406,867.5410,-136.0770
22.4893,2603.7681,866.9492,-136.0770
22.4998,2601.9059,866.0647,-136.0770
22.5081,2600.1234,865.2322,-136.0770
22.5180,2598.3197,864.6252,-136.0770
22.5285,2596.4414,864.0296,-136.0770
22.5384,2594.5415,863.2116,-136.0770
22.5481,2592.7612,862.3407,-136.0770
22.5581,2591.0034,861.6153,-136.0770
22.5681,2589.1443,861.0178,-136.0770
22.5781,2587.2043,860.2683,-136.0770
22.5882,2585.3467,859.3507,-136.0770
22.5983,2583.4862,858.4962,-136.0770
22.6082,2581.5575,857.8598,-136.0770
22.6180,2579.5365,857.1763,-136.0770
22.6280,2577.5962,856.2686,-136.0770
22.6387,2575.7574,855.3772,-136.0770
22.6480,2573.9169,854.7012,-136.0770
22.6583,2571.9572,854.0466,-136.0770
22.6681,2569.9446,853.2771,-136.0770
22.6780,2568.1166,852.4297,-136.0770
22.6884,2566.3763,851.7107,-136.0770
22.6984,2564.5270,851.1481,-136.0770
22.7085,2562.5614,850.4457,-136.0770
22.7180,2560.6722,849.6074,-136.0770
22.7279,2558.8856,848.8422,-136.0770
22.7387,2557.0508,848.2123,-136.0770
22.7483,2555.1229,847.5651,-136.0770
22.7581,2553.1733,846.7188,-136.0770
22.7682,2551.3671,845.9109,-136.0770
22.7780,2549.5815,845.2356,-136.0770
22.7888,2547.7101,844.6152,-136.0770
22.7992,2545.7578,843.8008,-136.0770
22.8086,2543.8811,842.9503,-136.0770
22.8183,2542.0990,842.2334,-136.0770
22.8280,2540.2294,841.6393,-136.0770
22.8391,2538.3175,840.9444,-136.0770
22.8477,2536.4624,840.0742,-136.0770
22.8583,2534.6764,839.2412,-136.0770
22.8684,2532.8695,838.5780,-136.0770
22.8781,2530.9878,837.9562,-136.0770
22.8886,2529.0763,837.1493,-136.0770
22.8982,2527.2689,836.3020,-136.0770
22.9079,2525.5952,835.5640,-136.0770
22.9184,2523.7778,834.9721,-136.0770
22.9285,2521.8743,834.1768,-136.0770
22.9391,2519.9910,833.3183,-136.0770
22.9483,2518.1990,832.5383,-136.0770
22.9582,2516.3771,831.8649,-136.0770
22.9687,2514.5234,831.0425,-136.0770
22.9781,2512.6158,830.1695,-136.0770
22.9891,2510.7668,829.4099,-136.0770
22.9981,2508.9142,828.8030,-136.0770
23.0080,2507.0658,828.0742,-136.0770
23.0183,2505.1910,827.1551,-136.0770
23.0281,2503.3230,826.2518,-136.0770
23.0381,2501.4655,825.5539,-136.0770
23.0481,2499.5723,824.9565,-136.0770
23.0596,2497.7589,824.1555,-136.0770
23.0686,2495.8848,823.2627,-136.0770
23.0789,2494.0720,822.4857,-136.0770
23.0883,2492.1965,821.8486,-136.0770
23.0982,2490.3339,821.0175,-136.0770
23.1095,2488.4705,820.1591,-136.0770
23.1179,2486.6095,819.3064,-136.0770
23.1281,2484.6495,818.6495,-136.0770
23.1379,2482.7084,817.8267,-136.0770
23.1481,2480.7673,816.8941,-136.0770
23.1579,2478.8690,816.0999,-136.0770
23.1683,2477.0209,815.5439,-136.0770
23.1783,2475.1516,814.8883,-136.0770
23.1884,2473.3062,814.0465,-136.0770
23.1982,2471.5383,813.1740,-136.0770
23.2097,2469.7836,812.5206,-136.0770
23.2183,2467.9037,811.9483,-136.0770
23.2282,2466.0386,811.1822,-136.0770
23.2382,2464.1498,810.3447,-136.0770
23.2484,2462.2871,809.5406,-136.0770
23.2584,2460.4163,808.8772,-136.0770
23.2682,2458.5413,808.1324,-136.0770
23.2781,2456.6410,807.2910,-136.0770
23.2880,2454.8010,806.4835,-136.0770
23.2980,2453.0376,805.8343,-136.0770
23.3096,2451.2556,805.1766,-136.0770
23.3183,2449.4351,804.3650,-136.0770
23.3280,2447.6006,803.5851,-136.0770
23.3382,2445.7889,802.9500,-136.0770
23.3484,2443.9752,802.3412,-136.0770
23.3586,2442.1404,801.4911,-136.0770
23.3685,2440.3086,800.6353,-136.0770
23.3782,2438.5132,799.8450,-136.0770
23.3890,2436.7429,799.2414,-136.0770
23.3982,2434.9207,798.4610,-136.0770
23.4087,2433.0420,797.6074,-136.0770
23.4185,2431.1678,796.7620,-136.0770
23.4284,2429.3627,796.0840,-136.0770
23.4381,2427.5471,795.3526,-136.0770
23.4479,2425.7283,794.5265,-136.0770
23.4590,2423.8890,793.6837,-136.0770
23.4682,2422.0651,792.8963,-136.0770
23.4779,2420.2555,792.2365,-136.0770
23.4883,2418.4574,791.4347,-136.0770
23.4979,2416.6046,790.6019,-136.0770
23.5080,2414.7646,789.8102,-136.0770
23.5176,2412.9532,789.1476,-136.0770
23.5283,2411.1820,788.4597,-136.0770
23.5402,2409.3413,787.5891,-136.0770
23.5501,2407.5028,786.7668,-136.0770
23.5579,2405.6727,786.0599,-136.0770
23.5679,2403.8397,785.3692,-136.0770
23.5779,2402.0363,784.5607,-136.0770
23.5885,2400.2284,783.6984,-136.0770
23.5982,2398.4048,782.9125,-136.0770
23.6079,2396.5820,782.2136,-136.0770
23.6184,2394.7345,781.3958,-136.0770
23.6279,2392.8744,780.5017,-136.0770
23.6384,2390.9895,779.6550,-136.0770
23.6489,2389.0981,778.9649,-136.0770
23.6591,2387.2706,778.2049,-136.0770
23.6686,2385.4537,777.3582,-136.0770
23.6788,2383.6338,776.5078,-136.0770
23.6899,2381.7021,775.7632,-136.0770
23.6990,2379.8156,775.0298,-136.0770
23.7086,2377.9651,774.1812,-136.0770
23.7183,2376.0763,773.3130,-136.0770
23.7279,2374.2029,772.6086,-136.0770
23.7379,2372.3326,771.9800,-136.0770
23.7480,2370.5153,771.2203,-136.0770
23.7583,2368.6498,770.3758,-136.0770
23.7686,2366.7893,769.6060,-136.0770
23.7783,2364.9717,768.9626,-136.0770
23.7889,2363.1465,768.2705,-136.0770
23.7983,2361.2886,767.4757,-136.0770
23.8079,2359.4371,766.6483,-136.0770
23.8183,2357.6041,765.9452,-136.0770
23.8294,2355.7944,765.2138,-136.0770
23.8381,2353.9545,764.4466,-136.0770
23.8497,2352.0690,763.6191,-136.0770
23.8583,2350.1482,762.8455,-136.0770
23.8684,2348.2875,762.1404,-136.0770
23.8799,2346.4934,761.3300,-136.0770
23.8882,2344.6135,760.5034,-136.0770
23.8983,2342.7344,759.6790,-136.0770
23.9098,2340.8690,758.9997,-136.0770
23.9186,2339.1166,758.2954,-136.0770
23.9292,2337.3130,757.4938,-136.0770
23.9392,2335.4884,756.6967,-157.6323
23.9483,2333.7052,755.9847,-157.6092
23.9587,2331.9321,755.2846,-157.5704
23.9682,2330.1531,754.4912,-157.5635
23.9786,2328.1362,753.6876,-157.3476
23.9883,2326.1086,752.9038,-157.3476
23.9984,2324.2794,751.9522,-157.3476
24.0100,2322.5326,751.3613,-157.3476
24.0189,2320.9127,750.7970,-157.3476
24.0289,2319.3516,750.1016,-157.3476
24.0397,2317.7312,750.0150,-157.3476
24.0488,2316.3031,749.8546,-157.3476
24.0595,2314.8180,749.8411,-157.3476
24.0680,2313.2156,749.7350,-157.3476
24.0780,2311.6483,749.0149,-157.3476
24.0876,2310.1067,748.0059,-157.3476
24.0976,2308.5300,747.0563,-157.3476
24.1082,2306.8705,745.9637,-157.3476
24.1180,2305.1030,744.8494,-157.3476
24.1280,2303.2452,743.8068,-157.3476
24.1398,2301.4130,742.7031,-157.3476
24.1490,2299.5664,741.5655,-157.3476
24.1588,2297.8136,740.4957,-157.3476
24.1682,2295.9817,739.4030,-157.3476
24.1781,2294.2209,738.2992,-157.3476
24.1880,2292.5275,737.1651,-157.3476
24.1982,2290.7659,736.0986,-157.3476
24.2080,2288.9335,735.0096,-157.3476
24.2181,2287.1384,733.9086,-157.3476
24.2281,2285.4229,732.8283,-157.3476
24.2382,2283.7000,731.7827,-157.3476
24.2483,2281.9141,730.7689,-157.3476
24.2585,2280.1166,729.6399,-157.3476
24.2682,2278.3405,728.4696,-157.3476
24.2782,2276.5687,727.3211,-157.3476
24.2889,2274.7076,726.2290,-157.3476
24.2978,2272.8721,725.1104,-157.3476
24.3096,2271.1394,724.0044,-157.3476
24.3185,2269.4205,722.9585,-157.3476
24.3291,2267.6392,722.0105,-157.3476
24.3382,2265.8274,720.9719,-157.3476
24.3496,2264.1034,719.9112,-157.3476
24.3582,2262.4250,718.7962,-157.3476
24.3685,2260.6497,717.8150,-157.3476
24.3788,2258.8794,716.7620,-157.3476
24.3898,2257.1593,715.6985,-157.3476
24.3982,2255.4395,714.5697,-157.3476
24.4089,2253.6622,713.5018,-157.3476
24.4182,2251.8558,712.4897,-157.3476
24.4282,2250.1523,711.3832,-157.3476
24.4391,2248.4996,710.2871,-157.3476
24.4480,2246.8234,709.2394,-157.3476
24.4587,2245.1144,708.2729,-157.3476
24.4694,2243.4495,707.2390,-157.3476
24.4792,2241.7924,706.1812,-157.3476
24.4880,2240.0922,705.1602,-157.3476
24.4980,2238.3999,704.2108,-157.3476
24.5083,2236.7704,703.1726,-157.3476
24.5179,2235.1342,702.0812,-157.3476
24.5282,2233.4819,700.9749,-157.3476
24.5383,2231.7479,699.9936,-157.3476
24.5483,2230.0403,698.9856,-157.3476
24.5581,2228.4139,697.9296,-157.3476
24.5694,2226.8342,696.8368,-157.3476
24.5790,2225.1586,695.7524,-157.3476
24.5884,2223.4487,694.6647,-157.3476
24.5978,2221.7404,693.5817,-157.3476
24.6092,2220.0583,692.4943,-157.3476
24.6180,2218.3286,691.3753,-157.3476
24.6283,2216.5399,690.2557,-157.3476
24.6377,2214.8180,689.1793,-157.3476
24.6481,2213.1544,688.1259,-157.3476
24.6597,2211.5154,687.0908,-157.3476
24.6684,2209.7915,686.0051,-157.3476
24.6781,2208.0854,684.9011,-157.3476
24.6874,2206.3859,683.8104,-157.3476
24.6976,2204.6874,682.7580,-157.3476
24.7080,2202.9564,681.7241,-157.3476
24.7184,2201.1945,680.6202,-157.3476
24.7290,2199.4950,679.5367,-157.3476
24.7379,2197.8717,678.4388,-157.3476
24.7481,2196.1831,677.3827,-157.3476
24.7582,2194.4497,676.3542,-157.3476
24.7700,2192.7377,675.2767,-157.3476
24.7797,2191.0602,674.1972,-157.3476
24.7879,2189.3335,673.0927,-157.3476
24.7979,2187.5936,671.9939,-157.3476
24.8079,2185.8164,670.8783,-157.3476
24.8185,2184.0664,669.7742,-157.3476
24.8277,2182.3054,668.7023,-157.3476
24.8392,2180.5254,667.5692,-157.3476
24.8482,2178.8108,666.4423,-157.3476
24.8578,2177.1268,665.3625,-157.3476
24.8685,2175.4691,664.3131,-157.3476
24.8787,2173.7196,663.2827,-157.3476
24.8887,2171.9767,662.2162,-157.3476
24.8978,2170.3276,661.1430,-157.3476
24.9078,2168.6774,660.1188,-157.3476
24.9181,2166.9833,659.0700,-157.3476
24.9283,2165.3096,658.0298,-157.3476
24.9381,2163.7281,656.9417,-157.3476
24.9480,2162.1061,655.9054,-157.3476
24.9580,2160.4191,654.8628,-157.3476
24.9689,2158.6539,653.7754,-157.3476
24.9780,2156.9586,652.6278,-157.3476
24.9882,2155.3339,651.5425,-157.3476
24.9981,2153.6416,650.5174,-157.3476
25.0080,2151.8757,649.4517,-157.3476
25.0181,2150.1963,648.2693,-157.3476
25.0281,2148.5662,647.2030,-157.3476
25.0381,2146.8654,646.2366,-157.3476
25.0480,2145.0969,645.2646,-157.3476
25.0583,2143.3826,644.1587,-157.3476
25.0685,2141.7910,642.9580,-157.3476
25.0790,2140.1599,641.8690,-157.3476
25.0884,2138.3831,640.8600,-157.3476
25.0984,2136.5542,639.7671,-157.3476
25.1077,2134.8535,638.5421,-157.3476
25.1183,2133.2174,637.4343,-157.3476
25.1281,2131.5103,636.4294,-157.3476
25.1380,2129.6835,635.3177,-157.3476
25.1481,2127.9455,634.1203,-157.3476
25.1580,2126.3975,633.0152,-157.3476
25.1679,2124.7645,632.0040,-157.3476
25.1787,2123.0228,630.9367,-157.3476
25.1890,2121.2938,629.7718,-157.3476
25.1989,2119.6761,628.6459,-157.3476
25.2081,2118.0345,627.5728,-147.7927
25.2180,2116.2932,626.5399,-147.7435
25.2280,2114.4977,625.3431,-147.6938
25.2387,2112.7723,624.0774,-147.6448
25.2485,2111.0129,623.0912,-147.3267
25.2583,2109.2797,622.0788,-147.3267
25.2680,2107.7363,620.9344,-147.3267
25.2779,2106.1592,620.0776,-147.3267
25.2886,2104.6875,619.4594,-147.3267
25.2982,2103.3175,618.3932,-147.3267
25.3081,2101.8164,617.8824,-147.3267
25.3188,2100.4399,617.5948,-147.3267
25.3282,2099.0221,616.9041,-147.3267
25.3376,2097.4939,616.1741,-147.3267
25.3480,2096.0905,615.1036,-147.3267
25.3597,2094.6837,613.6925,-147.3267
25.3689,2093.2920,612.4896,-147.3267
25.3785,2091.7472,611.2311,-147.3267
25.3890,2090.0881,609.6877,-147.3267
25.3978,2088.4183,608.2371,-147.3267
25.4080,2086.9359,606.9152,-147.3267
25.4181,2085.4184,605.6331,-147.3267
25.4279,2083.8009,604.2274,-147.3267
25.4384,2082.1884,602.6028,-147.3267
25.4477,2080.6293,601.1970,-147.3267
25.4578,2079.0957,599.9355,-147.3267
25.4683,2077.4901,598.8051,-147.3267
25.4784,2075.9616,597.3968,-147.3267
25.4882,2074.5341,596.0890,-147.3267
25.4979,2073.0710,594.8512,-147.3267
25.5082,2071.5184,593.6156,-147.3267
25.5180,2069.9738,592.1653,-147.3267
25.5279,2068.4738,590.8119,-147.3267
25.5388,2066.9329,589.5125,-147.3267
25.5483,2065.3444,588.2136,-147.3267
25.5583,2063.7283,586.6990,-147.3267
25.5683,2062.2523,585.2454,-147.3267
25.5779,2060.7371,583.9420,-147.3267
25.5881,2059.1674,582.7271,-147.3267
25.5982,2057.5750,581.3176,-147.3267
25.6085,2056.0349,579.8256,-139.2929
25.6177,2054.5223,578.5234,-139.2769
25.6278,2052.9917,577.3200,-139.2194
25.6386,2051.3784,576.0257,-139.1840
25.6483,2049.8370,574.3851,-139.4857
25.6579,2048.3528,572.7742,-140.1602
25.6682,2046.9154,571.3358,-141.0593
25.6787,2045.8919,569.7896,-142.1679
25.6884,2045.0599,568.2943,-143.5335
25.6984,2043.9883,566.7225,-145.0612
25.7091,2042.8110,565.3788,-146.7022
25.7180,2042.0346,563.8056,-148.5911
25.7282,2041.3630,562.0911,-150.5857
25.7381,2040.4858,560.7694,-152.8011
25.7481,2039.9808,559.1926,-155.2483
25.7581,2039.6306,557.3220,-157.7561
25.7686,2039.2126,555.7928,-160.3558
25.7783,2038.9352,554.0253,-163.2203
25.7884,2038.6531,552.4019,-166.0011
25.7983,2038.5286,550.4932,-168.9576
25.8082,2038.1802,548.8164,-171.8960
25.8185,2037.9232,546.9981,-174.9965
25.8297,2037.5895,545.2782,-178.0970
25.8388,2037.4919,543.3412,178.6650
25.8480,2037.4568,541.2724,175.3649
25.8578,2037.5297,539.1490,172.0436
25.8683,2037.4762,537.1243,172.0436
25.8788,2037.3745,535.0840,172.0436
25.8883,2037.2197,533.1334,172.0436
25.8984,2036.9276,531.0554,172.0436
25.9079,2036.5839,529.2223,172.0436
25.9186,2036.0554,527.2529,172.0436
25.9281,2035.4891,526.0549,172.0436
25.9379,2034.7553,525.3481,172.0436
25.9478,2033.8840,524.6827,172.0436
25.9580,2033.0124,524.1582,172.0436
25.9678,2032.0701,524.0848,172.0436
25.9785,2030.9878,524.5297,172.0436
25.9893,2029.7457,525.1160,172.0436
25.9979,2028.5628,525.6044,172.0436
26.0080,2027.2412,526.1286,172.0436
26.0193,2025.8622,527.2010,172.0436
26.0293,2024.2584,528.6731,172.0436
26.0385,2022.5268,530.2184,172.0436
26.0492,2020.6778,531.5978,172.0436
26.0598,2018.8547,532.8719,172.0436
26.0685,2016.9349,534.2024,172.0436
26.0790,2015.0535,535.6322,172.0436
26.0880,2013.4337,537.0084,172.0436
26.0980,2011.7560,538.2945,172.0436
26.1083,2009.9130,539.6340,172.0436
26.1197,2008.0690,540.9950,172.0436
26.1307,2006.3976,542.3056,172.0436
26.1383,2004.6688,543.6251,172.0436
26.1479,2002.7303,544.9683,172.0436
26.1581,2000.7233,546.4194,172.0436
26.1686,1999.0730,547.7953,172.0436
26.1781,1997.4180,549.1363,172.0436
26.1885,1995.5566,550.5474,172.0436
26.1977,1993.8495,551.8417,172.0436
26.2081,1992.2844,553.1247,172.0436
26.2183,1990.6649,554.3995,172.0436
26.2279,1988.8481,555.7601,172.0436
26.2388,1987.1993,557.0558,172.0436
26.2491,1985.6748,558.2962,172.0436
26.2584,1984.0059,559.5623,172.0436
26.2685,1982.1754,560.8818,172.0436
26.2785,1980.4684,562.1575,172.0436
26.2884,1978.8774,563.3838,172.0436
26.2985,1977.1988,564.6375,172.0436
26.3079,1975.3688,565.9880,172.0436
26.3179,1973.6530,567.2033,172.0436
26.3281,1972.1381,568.3582,172.0436
26.3381,1970.6413,569.5455,172.0436
26.3479,1968.8747,570.8018,172.0436
26.3578,1967.1787,572.0689,172.0436
26.3684,1965.6682,573.1970,172.0436
26.3779,1964.1539,574.4279,172.0436
26.3889,1962.4426,575.7419,172.0436
26.3981,1960.7103,577.1066,172.0436
26.4080,1959.0847,578.3233,172.0436
26.4183,1957.5409,579.5832,172.0436
26.4296,1955.8045,580.9025,172.0436
26.4397,1954.0103,582.2554,172.0436
26.4488,1952.3400,583.4676,172.0436
26.4587,1950.7566,584.6454,172.0436
26.4681,1949.0353,585.9020,172.0436
26.4786,1947.2617,587.2762,172.0436
26.4880,1945.6180,588.5121,172.0436
26.4978,1944.0793,589.7133,172.0436
26.5080,1942.4042,590.9482,172.0436
26.5182,1940.5899,592.2571,172.0436
26.5282,1938.8600,593.5562,172.0436
26.5381,1937.2664,594.7778,172.0436
26.5479,1935.6149,596.0317,172.0436
26.5584,1933.8373,597.3544,172.0436
26.5701,1932.1689,598.6053,172.0436
26.5776,1930.6435,599.8040,172.0436
26.5883,1929.1603,601.0142,172.0436
26.5981,1927.4280,602.2985,172.0436
26.6081,1925.6893,603.5634,172.0436
26.6185,1924.1428,604.7701,172.0436
26.6290,1922.6641,606.0724,172.0436
26.6379,1920.9890,607.3328,172.0436
26.6493,1919.1837,608.6119,172.0436
26.6581,1917.4109,609.9007,172.0436
26.6684,1915.7986,611.1830,172.0436
26.6786,1914.0554,612.5266,172.0436
26.6883,1912.2551,613.8194,172.0436
26.6979,1910.6049,614.9652,172.0436
26.7079,1909.1158,616.1029,172.0436
26.7185,1907.5446,617.3939,172.0436
26.7277,1905.7747,618.7199,172.0436
26.7379,1904.1805,619.8354,172.0436
26.7494,1902.7503,620.9206,172.0436
26.7581,1901.2642,622.1072,172.0436
26.7682,1899.5042,623.3727,172.0436
26.7780,1897.8165,624.6164,172.0436
26.7881,1896.3264,625.7347,172.0436
26.7983,1894.8178,627.0133,172.0436
26.8090,1893.0596,628.3342,172.0436
26.8179,1891.3032,629.6171,172.0436
26.8284,1889.7601,630.6843,172.0436
26.8381,1888.3781,631.7821,172.0436
26.8479,1886.7811,633.0729,172.0436
26.8583,1884.9612,634.3683,172.0436
26.8685,1883.2839,635.5650,172.0436
26.8782,1881.8077,636.6765,172.0436
26.8882,1880.2784,637.9047,172.0436
26.8985,1878.4282,639.2416,172.0436
26.9086,1876.6971,640.4780,172.0436
26.9183,1875.1844,641.6186,172.0436
26.9280,1873.7363,642.7772,172.0436
26.9389,1872.0118,644.1136,172.0436
26.9480,1870.2528,645.4161,172.0436
26.9584,1868.7427,646.4662,172.0436
26.9677,1867.3218,647.5388,172.0436
26.9783,1865.6467,648.7863,172.0436
26.9884,1863.8623,650.0623,172.0436
26.9982,1862.2444,651.2493,172.0436
27.0077,1860.7357,652.3486,142.9834
27.0183,1859.0439,653.5797,142.9675
27.0282,1857.2031,654.8917,142.9933
27.0403,1855.5540,656.1400,143.0733
27.0481,1854.1415,657.4767,143.0733
27.0585,1852.3981,658.6662,143.0733
27.0686,1850.5588,659.8771,143.0733
27.0796,1848.9877,661.2040,143.0733
27.0880,1847.2306,662.3848,143.0733
27.0986,1845.6008,663.5195,143.0733
27.1080,1844.4902,664.8536,143.0733
27.1182,1843.4923,666.0635,143.0733
27.1275,1842.4124,667.0928,143.0733
27.1377,1841.3026,668.1190,143.0733
27.1482,1839.7103,668.9398,143.0733
27.1580,1837.9789,669.6696,143.0733
27.1679,1836.4963,670.4650,143.0733
27.1777,1835.0001,671.3341,143.0733
27.1893,1833.2455,672.4543,143.0733
27.1993,1831.2813,673.6030,143.0733
27.2088,1829.4454,674.5818,143.0733
27.2188,1827.7942,675.4641,143.0733
27.2282,1826.1772,676.3492,143.0733
27.2383,1824.3591,677.4603,143.0733
27.2483,1822.4581,678.5311,143.0733
27.2583,1820.6152,679.4204,143.0733
27.2682,1818.9434,680.3558,143.0733
27.2787,1817.1899,681.3439,143.0733
27.2882,1815.3060,682.3969,143.0733
27.2993,1813.4969,683.3324,143.0733
27.3082,1811.8143,684.2623,143.0733
27.3178,1810.2288,685.4315,143.0733
27.3285,1808.4811,686.5298,143.0733
27.3379,1806.6644,687.4846,143.0733
27.3479,1804.8653,688.3286,143.0733
27.3579,1803.3028,689.4511,143.0733
27.3695,1801.6299,690.6342,143.0733
27.3793,1799.8570,691.6408,143.0733
27.3878,1798.0674,692.5757,143.0733
27.4009,1796.3240,693.5552,143.0733
27.4079,1794.5574,694.6921,143.0733
27.4181,1792.7421,695.7511,143.0733
27.4279,1790.9414,696.6927,143.0733
27.4399,1789.1570,697.6039,143.0733
27.4479,1787.4271,698.5965,143.0733
27.4582,1785.6801,699.6731,143.0733
27.4682,1783.9208,700.6260,143.0733
27.4782,1782.1956,701.5530,143.0733
27.4886,1780.5234,702.4598,143.0733
27.4985,1778.7740,703.4368,143.0733
27.5100,1776.9988,704.3622,143.0733
27.5196,1775.2091,705.3403,143.0733
27.5277,1773.5077,706.3696,143.0733
27.5378,1771.7229,707.4434,143.0733
27.5480,1769.9399,708.4384,143.0733
27.5577,1768.1230,709.4014,143.0733
27.5680,1766.3929,710.3993,143.0733
27.5783,1764.6591,711.4323,143.0733
27.5891,1762.8491,712.4838,143.0733
27.5977,1761.0294,713.4191,143.0733
27.6087,1759.2655,714.3730,143.0733
27.6196,1757.5573,715.3979,143.0733
27.6292,1755.7940,716.4519,143.0733
27.6395,1753.9926,717.3940,143.0733
27.6475,1752.2230,718.3415,143.0733
27.6584,1750.4268,719.3229,143.0733
27.6692,1748.6342,720.3671,143.0733
27.6795,1746.8634,721.3382,143.0733
27.6891,1745.0886,722.3345,143.0733
27.6991,1743.2795,723.2918,143.0733
27.7083,1741.5287,724.2775,143.0733
27.7180,1739.7651,725.2085,143.0733
27.7282,1738.0145,726.1630,143.0733
27.7379,1736.2558,727.1716,143.0733
27.7490,1734.4910,728.1482,143.0733
27.7579,1732.7424,729.1279,143.0733
27.7693,1731.0380,730.0371,143.0733
27.7798,1729.3281,731.0343,143.0733
27.7879,1727.5045,732.0310,143.0733
27.7988,1725.7094,733.0348,143.0733
27.8089,1723.9244,733.9976,143.0733
27.8196,1722.1851,735.0109,143.0733
27.8285,1720.3140,735.9844,143.0733
27.8383,1718.4935,736.9847,143.0733
27.8480,1716.6992,737.9445,143.0733
27.8580,1715.0014,739.0132,143.0733
27.8690,1713.3107,740.0555,143.0733
27.8782,1711.5194,741.0440,143.0733
27.8886,1709.7132,741.9861,143.0733
27.8981,1708.0231,742.9590,143.0733
27.9079,1706.3792,744.0007,143.0733
27.9183,1704.6561,744.9636,143.0733
27.9278,1702.8926,745.9118,143.0733
27.9393,1701.2161,746.8469,143.0733
27.9479,1699.5321,747.8775,143.0733
27.9578,1697.7540,748.8820,143.0733
27.9692,1695.9550,749.8313,143.0733
27.9783,1694.1882,750.8117,143.0733
27.9880,1692.4808,751.8193,143.0733
27.9981,1690.6982,752.8216,143.0733
28.0084,1688.8314,753.8294,143.0733
28.0189,1686.9969,754.7887,143.0733
28.0276,1685.2651,755.8214,143.0733
28.0382,1683.5131,756.8074,143.0733
28.0476,1681.6285,757.7861,143.0733
28.0582,1679.8221,758.7487,143.0733
28.0677,1678.1113,759.7192,143.0733
28.0804,1676.3893,760.7700,143.0733
28.0883,1674.5934,761.7621,143.0733
28.0995,1672.7758,762.7066,143.0733
28.1077,1671.0298,763.6751,143.0733
28.1183,1669.2828,764.6693,143.0733
28.1281,1667.5359,765.7169,143.0733
28.1385,1665.7150,766.6237,143.0733
28.1486,1663.9547,767.5567,143.0733
28.1588,1662.2523,768.5389,143.0733
28.1682,1660.5220,769.5588,143.0733
28.1783,1658.7218,770.5302,143.0733
28.1879,1656.9532,771.3509,143.0733
28.1981,1655.2560,772.2773,143.0733
28.2080,1653.4937,773.2579,143.0733
28.2180,1651.5759,774.2135,143.0733
28.2279,1649.7871,775.1593,143.0733
28.2383,1648.0803,776.0579,143.0733
28.2492,1646.4197,777.0636,143.0733
28.2595,1644.5917,778.0258,143.0733
28.2684,1642.7715,778.9174,143.0733
28.2779,1641.0133,779.7934,143.0733
28.2888,1639.3073,780.7471,143.0733
28.2977,1637.4733,781.7180,143.0733
28.3079,1635.5258,782.5893,143.0733
28.3178,1633.7625,783.3924,143.0733
28.3279,1632.0551,784.3369,143.0733
28.3380,1630.3357,785.3425,143.0733
28.3482,1628.5621,786.3911,143.0733
28.3581,1626.9034,787.2769,143.0733
28.3690,1625.2482,788.1152,143.0733
28.3783,1623.6515,789.0915,143.0733
28.3887,1621.9741,790.1322,143.0733
28.3992,1620.2211,791.1253,143.0733
28.4089,1618.5076,792.0241,143.0733
28.4179,1616.8385,792.9854,143.0733
28.4279,1615.1203,794.0355,143.0733
28.4384,1613.2522,794.9914,143.0733
28.4486,1611.4875,795.9630,143.0733
28.4578,1609.7402,796.8989,143.0733
28.4684,1608.0050,797.8989,143.0733
28.4780,1606.2222,798.9065,143.0733
28.4883,1604.3980,799.7814,143.0733
28.4982,1602.7075,800.6516,143.0733
28.5080,1601.0128,801.6540,143.0733
28.5183,1599.2663,802.7131,143.0733
28.5278,1597.4852,803.7159,143.0733
28.5381,1595.7485,804.5073,143.0733
28.5480,1594.0665,805.3777,143.0733
28.5579,1592.2821,806.3087,143.0733
28.5676,1590.4780,807.3024,143.0733
28.5779,1588.7536,808.2868,143.0733
28.5885,1587.0267,809.1943,143.0733
28.5989,1585.3141,810.1782,143.0733
28.6084,1583.4670,811.1213,143.0733
28.6178,1581.6767,812.0793,143.0733
28.6279,1579.9242,812.9963,143.0733
28.6382,1578.2067,813.9745,143.0733
28.6479,1576.4051,815.0002,143.0733
28.6579,1574.5807,815.9283,143.0733
28.6684,1572.8302,816.8302,143.0733
28.6779,1571.1499,817.7413,143.0733
28.6879,1569.3832,818.7008,143.0733
28.6977,1567.5308,819.6649,143.0733
28.7093,1565.7713,820.5150,143.0733
28.7181,1564.0865,821.4444,143.0733
28.7277,1562.3620,822.4151,143.0733
28.7386,1560.5545,823.4112,143.0733
28.7489,1558.7819,824.2518,143.0733
28.7584,1557.1456,825.0318,143.0733
28.7685,1555.4749,825.9871,143.0733
28.7784,1553.6841,826.9889,143.0733
28.7884,1551.8072,827.9357,143.0733
28.7985,1550.0635,828.7757,143.0733
28.8089,1548.3846,829.6706,143.0733
28.8191,1546.6476,830.6778,143.0733
28.8292,1544.7319,831.5995,143.0733
28.8390,1542.9166,832.4816,143.0733
28.8483,1541.2131,833.3925,143.0733
28.8584,1539.4926,834.4227,143.0733
28.8687,1537.5364,835.4623,143.0733
28.8778,1535.5925,836.3107,143.0733
28.8881,1533.8551,837.1826,143.0733
28.8980,1532.2037,838.2797,143.0733
28.9088,1530.4052,839.3806,143.0733
28.9184,1528.4963,840.3431,143.0733
28.9281,1526.7684,841.0829,143.0733
28.9385,1525.1632,842.0423,143.0733
28.9482,1523.5063,843.0966,143.0733
28.9584,1521.6675,844.0918,143.0733
28.9682,1519.9348,844.9207,143.0733
28.9782,1518.2907,845.7528,143.0733
28.9885,1516.6140,846.8360,143.0733
28.9985,1514.7342,847.8459,143.0733
29.0082,1512.8260,848.7479,143.0733
29.0186,1511.0988,849.5867,143.0733
29.0278,1509.4152,850.6210,143.0733
29.0384,1507.5190,851.6554,143.0733
29.0490,1505.5737,852.6073,143.0733
29.0580,1503.8662,853.4563,143.0733
29.0687,1502.2218,854.4049,143.0733
29.0802,1500.3973,855.3908,143.0733
29.0882,1498.3936,856.4174,143.0733
29.0982,1496.5745,857.3326,143.0733
29.1079,1494.9248,858.1958,143.0733
29.1182,1493.2508,859.1935,143.0733
29.1282,1491.2670,860.1853,143.0733
29.1377,1489.3135,861.1329,143.0733
29.1475,1487.6391,862.0247,143.0733
29.1583,1485.9992,863.0405,143.0733
29.1683,1484.1348,864.0407,143.0733
29.1789,1482.1556,864.9566,143.0733
29.1879,1480.4915,865.8170,143.0733
29.1999,1478.9100,866.6925,143.0733
29.2101,1477.1945,867.6329,143.0733
29.2183,1475.2626,868.5865,143.0733
29.2280,1473.5469,869.3741,143.0733
29.2385,1471.9498,870.2299,143.0733
29.2480,1470.3080,871.1151,143.0733
29.2577,1468.3260,872.0039,143.0733
29.2681,1466.3824,872.7738,143.0733
29.2775,1464.7731,873.6689,143.0733
29.2879,1463.1598,874.6604,143.0733
29.2978,1461.2946,875.5603,143.0733
29.3079,1459.3162,876.3970,143.0733
29.3187,1457.5558,877.1529,143.0733
29.3281,1455.9500,878.0823,143.0733
29.3381,1454.1168,879.0717,143.0733
29.3479,1452.1313,879.9385,143.0733
29.3583,1450.2442,880.6980,143.0733
29.3689,1448.6024,881.4708,143.0733
29.3781,1446.9084,882.5047,143.0733
29.3882,1444.9466,883.4676,143.0733
29.3981,1443.1221,884.2910,143.0733
29.4082,1441.5192,885.1180,143.0733
29.4194,1439.9297,886.1231,143.0733
29.4286,1438.1420,887.2197,143.0733
29.4380,1436.2236,888.0925,143.0733
29.4479,1434.5237,888.8926,143.0733
29.4579,1432.9359,889.8531,143.0733
29.4682,1431.1982,890.8752,143.0733
29.4784,1429.2701,891.8030,143.0733
29.4886,1427.3952,892.5662,143.0733
29.4986,1425.7297,893.4450,143.0733
29.5092,1423.9580,894.5101,143.0733
29.5181,1422.0195,895.5269,143.0733
29.5285,1420.0735,896.3726,143.0733
29.5386,1418.3965,897.1324,143.0733
29.5477,1416.7634,898.0445,143.0733
29.5584,1414.8689,899.0497,143.0733
29.5681,1412.9124,899.9734,143.0733
29.5787,1411.2401,900.8521,143.0733
29.5902,1409.6675,901.5975,143.0733
29.5979,1407.9604,902.4438,143.0733
29.6090,1405.9580,903.3395,143.0733
29.6196,1404.1663,904.2412,143.0733
29.6283,1402.5095,905.1984,143.0733
29.6393,1400.7572,906.1195,143.0733
29.6485,1398.7888,907.0912,143.0733
29.6590,1396.8198,907.9523,143.0733
29.6684,1395.1571,908.7357,143.0733
29.6790,1393.5640,909.6449,143.0733
29.6883,1391.7787,910.6033,143.0733
29.6980,1389.7883,911.5324,143.0733
29.7089,1387.9550,912.3548,143.0733
29.7180,1386.3571,913.1537,143.0733
29.7280,1384.6627,914.0813,143.0733
29.7382,1382.7508,914.9431,143.0733
29.7482,1380.9200,915.7961,143.0733
29.7580,1379.2850,916.6233,143.0733
29.7680,1377.6158,917.5236,143.0733
29.7779,1375.6743,918.4284,143.0733
29.7881,1373.7648,919.2046,143.0733
29.7979,1372.1117,920.0620,143.0733
29.8091,1370.5056,920.9152,143.0733
29.8190,1368.6970,921.8320,143.0733
29.8298,1366.7363,922.7210,143.0733
29.8381,1364.9918,923.5411,143.0733
29.8479,1363.3785,924.3715,143.0733
29.8578,1361.6588,925.2988,143.0733
29.8683,1359.7205,926.1421,143.0733
29.8787,1357.8319,926.9861,153.4485
29.8899,1356.0947,927.7970,153.5038
29.8978,1354.3277,928.7894,153.5551
29.9083,1352.3918,929.7273,153.5904
29.9181,1350.4202,930.6559,153.7759
29.9279,1348.5298,931.8089,153.7759
29.9382,1346.8260,932.6569,153.7759
29.9484,1345.3298,933.6185,153.7759
29.9581,1344.0084,934.7239,153.7759
29.9685,1342.4334,935.4551,153.7759
29.9794,1341.2091,936.4302,153.7759
29.9894,1340.0891,937.6556,153.7759
29.9999,1338.6333,938.6505,153.7759
30.0079,1337.1609,939.5011,153.7759
30.0179,1335.5477,940.2766,153.7759
30.0279,1333.5870,940.8080,153.7759
30.0384,1331.7066,941.3576,153.7759
30.0478,1329.9274,942.0985,153.7759
30.0577,1327.9374,942.6878,153.7759
30.0677,1325.8719,943.3761,153.7759
30.0776,1323.8077,944.0588,153.7759
30.0880,1321.9509,944.7657,153.7759
30.0986,1320.0277,945.4619,153.7759
30.1080,1317.9330,946.0989,153.7759
30.1183,1315.8202,946.7480,153.7759
30.1290,1314.0096,947.3607,153.7759
30.1381,1312.3507,948.0845,153.7759
30.1483,1310.4036,948.7125,153.7759
30.1580,1308.3099,949.2914,153.7759
30.1681,1306.3996,949.8948,153.7759
30.1779,1304.6208,950.6461,153.7759
30.1877,1302.6499,951.3436,153.7759
30.1990,1300.5032,951.9815,153.7759
30.2088,1298.5034,952.5128,153.7759
30.2180,1296.7633,953.2176,153.7759
30.2281,1294.8793,953.8813,153.7759
30.2379,1292.8384,954.5090,153.7759
30.2478,1290.7869,955.0181,153.7759
30.2582,1289.0232,955.6044,153.7759
30.2679,1287.1893,956.3044,153.7759
30.2780,1285.1682,956.9505,153.7759
30.2885,1283.0677,957.5976,153.7759
30.2984,1281.2070,958.1318,153.7759
30.3096,1279.4285,958.7191,153.7759
30.3188,1277.4412,959.3860,153.7759
30.3287,1275.3541,959.8765,153.7759
30.3382,1273.5272,960.4049,153.7759
30.3479,1271.8528,961.1157,153.7759
30.3582,1270.0097,961.7573,153.7759
30.3682,1267.9399,962.3707,153.7759
30.3778,1265.9351,962.7761,153.7759
30.3881,1264.2378,963.3945,153.7759
30.3984,1262.4330,964.1598,153.7759
30.4085,1260.4037,964.8303,153.7759
30.4182,1258.2522,965.3479,153.7759
30.4281,1256.3441,965.7776,153.7759
30.4387,1254.4613,966.4192,153.7759
30.4481,1252.5059,967.1220,153.7759
30.4585,1250.4352,967.7192,153.7759
30.4683,1248.4566,968.2130,153.7759
30.4794,1246.5522,968.7867,153.7759
30.4883,1244.5300,969.4211,153.7759
30.4981,1242.4317,970.0251,153.7759
30.5083,1240.3765,970.5627,153.7759
30.5179,1238.4170,971.1295,153.7759
30.5286,1236.4061,971.7341,153.7759
30.5387,1234.3536,972.3967,153.7759
30.5482,1232.3216,972.9510,153.7759
30.5579,1230.5697,973.5460,153.7759
30.5686,1228.6956,974.1827,153.7759
30.5782,1226.6799,974.7228,153.7759
30.5882,1224.7050,975.2920,153.7759
30.5993,1222.9588,975.9180,153.7759
30.6083,1221.1371,976.5269,153.7759
30.6180,1219.1838,977.1616,153.7759
30.6280,1217.0986,977.6943,153.7759
30.6379,1215.1157,978.3418,153.7759
30.6490,1213.2589,979.0289,153.7759
30.6585,1211.3243,979.6573,153.7759
30.6684,1209.2514,980.2495,153.7759
30.6783,1207.3597,980.7490,153.7759
30.6880,1205.5822,981.4113,153.7759
30.6985,1203.7021,982.0532,153.7759
30.7084,1201.7270,982.6476,153.7759
30.7185,1199.7675,983.1416,153.7759
30.7290,1198.0025,983.6690,153.7759
30.7379,1196.2062,984.2698,153.7759
30.7484,1194.2585,984.8103,153.7759
30.7582,1192.3021,985.3302,153.7759
30.7686,1190.5102,985.8941,153.7759
30.7779,1188.7314,986.4194,153.7759
30.7877,1186.8024,987.0260,153.7759
30.7978,1184.8111,987.4590,153.7759
30.8080,1182.9177,987.9513,153.7759
30.8178,1181.1793,988.5373,153.7759
30.8293,1179.2790,989.1042,153.7759
30.8390,1177.2810,989.6365,153.7759
30.8486,1175.3922,990.1178,153.7759
30.8591,1173.5427,990.6749,153.7759
30.8684,1171.6450,991.2710,153.7759
30.8781,1169.6168,991.8650,153.7759
30.8885,1167.5950,992.3908,153.7759
30.8987,1165.6320,992.9579,153.7759
30.9083,1163.6771,993.5455,153.7759
30.9182,1161.6785,994.2129,153.7759
30.9279,1159.6640,994.7548,153.7759
30.9397,1157.7493,995.2798,153.7759
30.9480,1155.9126,995.8219,163.4047
30.9582,1153.9227,996.4407,163.4273
30.9682,1151.9274,996.9945,163.4795
30.9777,1149.9585,997.5948,163.5365
30.9882,1147.9451,998.3202,163.8481
30.9979,1145.7578,998.9395,164.4687
31.0081,1143.7969,999.5228,164.4687
31.0183,1142.0390,1000.2667,164.4687
31.0279,1140.1852,1000.9345,164.4687
31.0380,1138.2939,1001.4579,164.4687
31.0493,1136.7773,1002.1066,164.4687
31.0589,1135.3975,1002.9243,164.4687
31.0681,1133.9252,1003.8103,164.4687
31.0782,1132.4428,1004.7524,164.4687
31.0878,1130.8984,1005.5012,164.4687
31.0977,1129.4383,1006.1876,164.4687
31.1080,1127.8591,1006.7842,164.4687
31.1180,1126.1942,1006.8966,164.4687
31.1278,1124.2222,1006.7807,164.4687
31.1382,1122.2071,1006.7888,164.4687
31.1478,1120.2851,1007.1028,164.4687
31.1592,1118.3038,1007.4131,164.4687
31.1687,1116.2044,1007.5735,164.4687
31.1789,1113.9366,1007.5608,164.4687
31.1885,1111.7245,1007.6470,164.4687
31.1983,1109.8529,1007.8730,164.4687
31.2085,1107.9901,1008.1522,164.4687
31.2175,1105.9016,1008.1586,164.4687
31.2284,1103.6561,1008.2321,164.4687
31.2383,1101.5821,1008.4152,164.4687
31.2489,1099.5819,1008.6825,164.4687
