time[s], wr_x[mm], wr_y[mm] 
0.0002,1646.4139,2333.1323,-76.5639
0.0332,1646.4316,2333.1334,-76.5628
0.0401,1646.4337,2333.1140,-76.5660
0.0442,1646.4259,2333.1246,-76.5666
0.0480,1646.4316,2333.1274,-76.5814
0.0651,1646.5183,2333.1404,-76.7431
0.0663,1646.7579,2333.0519,-77.3615
0.0745,1646.8284,2332.8591,-78.1765
0.0853,1647.0872,2332.9845,-79.3152
0.0949,1647.5076,2332.9911,-80.6263
0.1054,1647.6274,2332.8999,-82.1893
0.1149,1648.0480,2332.9445,-83.9715
0.1251,1648.4706,2332.8062,-85.7116
0.1349,1649.0032,2332.8864,-87.7716
0.1448,1649.4857,2332.9932,-89.8805
0.1553,1650.3259,2333.1826,-92.1698
0.1684,1650.9673,2333.3002,-94.4694
0.1753,1651.7285,2333.2628,-97.0022
0.1851,1652.3871,2333.2006,-99.5643
0.1947,1653.2026,2333.0688,-99.5643
0.2069,1653.9287,2332.9753,-99.5643
0.2156,1654.8989,2332.8895,-99.5643
0.2249,1655.8646,2332.7430,-99.5643
0.2364,1656.9619,2332.6283,-99.5643
0.2461,1657.9086,2332.3855,-99.5643
0.2563,1658.9912,2332.0446,-99.5643
0.2652,1659.9364,2331.7245,-99.5643
0.2749,1660.6225,2331.3513,-99.5643
0.2849,1661.1122,2330.8994,-99.5643
0.2954,1661.5839,2330.4777,-99.5643
0.3052,1661.9551,2330.1857,-99.5643
0.3148,1662.1363,2329.9558,-99.5643
0.3249,1661.9894,2329.7947,-99.5643
0.3357,1661.6882,2329.7736,-99.5643
0.3453,1661.5266,2329.6139,-99.5643
0.3549,1661.5567,2329.4028,-99.5643
0.3647,1661.5470,2329.2178,-99.5643
0.3753,1661.3984,2329.1047,-99.5643
0.3857,1661.2432,2329.0022,-99.5643
0.3948,1661.1655,2328.8074,-99.5643
0.4052,1661.0958,2328.6584,-99.5643
0.4152,1661.0074,2328.5161,-99.5643
0.4251,1660.8986,2328.3810,-99.5643
0.4348,1660.7924,2328.2803,-99.5643
0.4450,1660.7389,2328.1298,-99.5643
0.4567,1660.7298,2328.0616,-99.5643
0.4659,1660.6794,2328.0049,-99.5643
0.4764,1660.6031,2327.9015,-99.5643
0.4846,1660.5001,2327.7716,-99.5643
0.4947,1660.4407,2327.6102,-99.5643
0.5048,1660.3371,2327.5077,-99.5643
0.5148,1660.2037,2327.3528,-99.5643
0.5257,1660.1099,2327.1528,-99.5643
0.5348,1659.9452,2326.8998,-99.5643
0.5446,1659.7531,2326.6086,-99.5643
0.5547,1659.5513,2326.3358,-99.5643
0.5655,1659.3368,2326.0502,-99.5643
0.5750,1659.1037,2325.7195,-99.5643
0.5859,1658.7915,2325.2629,-99.5643
0.5947,1658.4138,2324.6464,-99.5643
0.6055,1657.9722,2324.0167,-99.5643
0.6146,1657.5371,2323.3442,-99.5643
0.6246,1657.1458,2322.7485,-99.5643
0.6351,1656.7621,2322.1484,-99.5643
0.6457,1656.3615,2321.4867,-99.5643
0.6569,1655.9539,2320.8636,-99.5643
0.6656,1655.5541,2320.2050,-99.5643
0.6750,1655.1501,2319.5858,-99.5643
0.6850,1654.7178,2318.8970,-99.5643
0.6951,1654.2651,2318.1918,-99.5643
0.7060,1653.7693,2317.4939,-99.5643
0.7162,1653.2988,2316.7279,-99.5643
0.7245,1652.8350,2316.0145,-99.5643
0.7346,1652.3688,2315.2667,-99.5643
0.7446,1651.8900,2314.4824,-99.5643
0.7552,1651.3892,2313.7432,-99.5643
0.7650,1650.9177,2312.9603,-99.5643
0.7746,1650.4267,2312.1647,-99.5643
0.7846,1649.9180,2311.3718,-99.5643
0.7950,1649.4018,2310.6124,-99.5643
0.8056,1648.8774,2309.8455,-99.5643
0.8167,1648.3722,2309.0677,-99.5643
0.8250,1647.8953,2308.3069,-99.5643
0.8355,1647.4015,2307.4844,-99.5643
0.8450,1646.8928,2306.6639,-99.5643
0.8551,1646.3620,2305.8477,-99.5643
0.8651,1645.8024,2305.0293,-99.5643
0.8750,1645.2983,2304.1930,-99.5643
0.8849,1644.7794,2303.3837,-99.5643
0.8956,1644.2476,2302.5807,-99.5643
0.9057,1643.7009,2301.7821,-99.5643
0.9168,1643.1897,2300.9539,-99.5643
0.9261,1642.6624,2300.0946,-99.5643
0.9348,1642.1182,2299.1621,-99.5643
0.9448,1641.5451,2298.3506,-99.5643
0.9552,1640.9771,2297.5651,-99.5643
0.9657,1640.4895,2296.6892,-99.5643
0.9749,1640.0043,2295.8859,-99.5643
0.9851,1639.4804,2295.1102,-99.5643
0.9952,1638.9124,2294.3053,-99.5643
1.0050,1638.3890,2293.4596,-99.5643
1.0149,1637.8345,2292.5542,-99.5643
1.0248,1637.2279,2291.6465,-99.5643
1.0347,1636.6412,2290.7737,-99.5643
1.0453,1636.0738,2289.9296,-99.5643
1.0550,1635.4744,2289.0112,-99.5643
1.0651,1634.9302,2288.0969,-99.5643
1.0749,1634.2830,2287.2397,-99.5643
1.0847,1633.6729,2286.2800,-99.5643
1.0950,1633.0843,2285.3752,-99.5643
1.1047,1632.4958,2284.4418,-99.5643
1.1147,1631.8914,2283.5107,-99.5643
1.1246,1631.2516,2282.6115,-99.5643
1.1352,1630.6685,2281.6820,-99.5643
1.1450,1630.0336,2280.7902,-99.5643
1.1554,1629.3974,2279.8837,-99.5643
1.1651,1628.8129,2278.9456,-99.5643
1.1751,1628.2037,2277.9868,-99.5643
1.1846,1627.5663,2276.9500,-99.5643
1.1955,1626.9242,2275.9757,-99.5643
1.2048,1626.2936,2274.9414,-99.5643
1.2150,1625.6508,2274.0145,-99.5643
1.2249,1625.0237,2273.0900,-99.5643
1.2352,1624.4165,2272.1812,-99.5643
1.2453,1623.8062,2271.2693,-99.5643
1.2556,1623.1915,2270.2653,-99.5643
1.2648,1622.5499,2269.3240,-99.5643
1.2756,1621.9285,2268.3483,-99.5643
1.2859,1621.3444,2267.3473,-99.5643
1.2951,1620.7700,2266.3643,-99.5643
1.3054,1620.1636,2265.4106,-99.5643
1.3147,1619.5107,2264.5258,-99.5643
1.3249,1618.9250,2263.5848,-99.5643
1.3346,1618.3167,2262.5836,-99.5643
1.3462,1617.6877,2261.6327,-99.5643
1.3545,1617.0742,2260.5779,-99.5643
1.3647,1616.4953,2259.5714,-99.5643
1.3746,1615.9296,2258.6409,-99.5643
1.3856,1615.3033,2257.7321,-99.5643
1.3949,1614.6731,2256.8578,-99.5643
1.4049,1614.0609,2255.8687,-99.5643
1.4155,1613.4485,2254.8634,-99.5643
1.4250,1612.8058,2253.8545,-99.5643
1.4347,1612.2238,2252.8363,-99.5643
1.4449,1611.6181,2251.8776,-99.5643
1.4556,1611.0458,2250.9520,-99.5643
1.4652,1610.4008,2250.0599,-99.5643
1.4746,1609.7570,2249.0721,-99.5643
1.4846,1609.0892,2248.0701,-99.5643
1.4952,1608.4381,2247.0057,-99.5643
1.5056,1607.7677,2245.8510,-99.5643
1.5155,1607.1020,2244.7729,-99.5643
1.5250,1606.4731,2243.7217,-99.5643
1.5351,1605.8159,2242.7911,-99.5643
1.5445,1605.1658,2241.8711,-99.5643
1.5549,1604.5828,2240.8690,-99.5643
1.5651,1603.9504,2239.8927,-99.5643
1.5745,1603.3730,2238.8610,-99.5643
1.5850,1602.7828,2237.8617,-99.5643
1.5949,1602.1614,2236.8741,-99.5643
1.6052,1601.5385,2235.8662,-99.5643
1.6147,1600.8632,2234.8967,-99.5643
1.6250,1600.2236,2233.8774,-99.5643
1.6350,1599.6162,2232.8236,-99.5643
1.6461,1598.9667,2231.7133,-99.5643
1.6549,1598.3528,2230.5684,-99.5643
1.6650,1597.7431,2229.5087,-99.5643
1.6747,1597.1766,2228.5601,-99.5643
1.6851,1596.5482,2227.6472,-99.5643
1.6950,1595.9276,2226.6688,-99.5643
1.7049,1595.3361,2225.6685,-99.5643
1.7151,1594.7280,2224.6351,-99.5643
1.7252,1594.0801,2223.5648,-99.5643
1.7352,1593.4870,2222.5623,-99.5643
1.7451,1592.9268,2221.6384,-99.5643
1.7553,1592.3322,2220.7277,-99.5643
1.7653,1591.7246,2219.8037,-99.5643
1.7752,1591.0988,2218.8545,-99.5643
1.7856,1590.4436,2217.8911,-99.5643
1.7945,1589.7901,2216.8093,-99.5643
1.8054,1589.1606,2215.7860,-99.5643
1.8144,1588.5704,2214.8317,-99.5643
1.8247,1588.0087,2213.9347,-99.5643
1.8350,1587.4188,2213.0582,-99.5643
1.8450,1586.7885,2212.1755,-99.5643
1.8556,1586.1512,2211.2249,-99.5643
1.8665,1585.5178,2210.1786,-99.5643
1.8748,1584.8678,2209.0833,-99.5643
1.8845,1584.2526,2208.0684,-99.5643
1.8946,1583.7112,2207.1042,-99.5643
1.9069,1583.1036,2206.2103,-99.5643
1.9152,1582.4625,2205.3105,-99.5643
1.9247,1581.7978,2204.3446,-99.5643
1.9349,1581.1710,2203.3127,-99.5643
1.9451,1580.5037,2202.2067,-99.5643
1.9561,1579.8799,2201.1243,-99.5643
1.9658,1579.3224,2200.1281,-99.5643
1.9746,1578.7634,2199.2228,-99.5643
1.9850,1578.0944,2198.3320,-99.5643
1.9950,1577.4379,2197.3704,-99.5643
2.0045,1576.8249,2196.4086,-99.5643
2.0150,1576.1756,2195.3059,-99.5643
2.0246,1575.4952,2194.1953,-99.5643
2.0349,1574.8606,2193.2117,-99.5643
2.0457,1574.3071,2192.2285,-99.5643
2.0556,1573.7413,2191.3159,-99.5643
2.0652,1573.0994,2190.3602,-99.5643
2.0746,1572.4576,2189.4036,-99.5643
2.0850,1571.8312,2188.3500,-99.5643
2.0951,1571.1537,2187.1636,-99.5643
2.1066,1570.4891,2186.0992,-99.5643
2.1153,1569.8591,2185.0735,-99.5643
2.1247,1569.2372,2184.1437,-99.5643
2.1343,1568.5927,2183.2163,-99.5643
2.1445,1567.9498,2182.2395,-99.5643
2.1550,1567.3077,2181.1903,-99.5643
2.1651,1566.6797,2180.0579,-99.5643
2.1750,1565.9901,2178.9347,-99.5643
2.1847,1565.3536,2177.8838,-99.5643
2.1951,1564.7426,2176.9364,-99.5643
2.2058,1564.0793,2175.9995,-99.5643
2.2154,1563.4153,2174.9572,-99.5643
2.2250,1562.7524,2173.9633,-99.5643
2.2347,1562.0667,2172.8499,-99.5643
2.2447,1561.4297,2171.6727,-99.5643
2.2550,1560.8041,2170.6514,-99.5643
2.2649,1560.2219,2169.6587,-99.5643
2.2750,1559.5695,2168.6897,-99.5643
2.2847,1558.8743,2167.6947,-99.5643
2.2947,1558.1742,2166.6509,-99.5643
2.3050,1557.5307,2165.5463,-99.5643
2.3146,1556.9218,2164.3859,-99.5643
2.3250,1556.3459,2163.3831,-99.5643
2.3356,1555.7621,2162.3638,-99.5643
2.3445,1555.1212,2161.4026,-99.5643
2.3547,1554.4473,2160.4664,-99.5643
2.3649,1553.7504,2159.4559,-99.5643
2.3754,1553.1126,2158.3605,-99.5643
2.3847,1552.4673,2157.2288,-99.5643
2.3951,1551.8901,2156.1704,-99.5643
2.4048,1551.3225,2155.2003,-99.5643
2.4154,1550.7482,2154.2570,-99.5643
2.4245,1550.0897,2153.2971,-99.5643
2.4348,1549.4172,2152.2563,-99.5643
2.4449,1548.7732,2151.1986,-99.5643
2.4549,1548.1028,2150.0715,-99.5643
2.4660,1547.4938,2148.9926,-99.5643
2.4746,1546.9279,2148.0399,-99.5643
2.4846,1546.3807,2147.0978,-99.5643
2.4954,1545.7751,2146.1760,-99.5643
2.5062,1545.1357,2145.1931,-99.5643
2.5155,1544.4990,2144.1492,-99.5643
2.5246,1543.8387,2143.0150,-99.5643
2.5347,1543.1749,2141.8103,-99.5643
2.5448,1542.5729,2140.7598,-99.5643
2.5550,1541.9864,2139.7896,-99.5643
2.5645,1541.3519,2138.7964,-99.5643
2.5748,1540.6959,2137.8186,-99.5643
2.5849,1540.0159,2136.7349,-99.5643
2.5951,1539.4222,2135.6282,-99.5643
2.6048,1538.8696,2134.5548,-99.5643
2.6152,1538.3527,2133.5781,-99.5643
2.6265,1537.7571,2132.6830,-99.5643
2.6349,1537.1393,2131.7072,-99.5643
2.6459,1536.4625,2130.7305,-99.5643
2.6545,1535.7720,2129.6395,-99.5643
2.6652,1535.1625,2128.4634,-99.5643
2.6747,1534.5516,2127.3156,-99.5643
2.6850,1533.9683,2126.2679,-99.5643
2.6946,1533.4160,2125.3726,-99.5643
2.7048,1532.8217,2124.4277,-99.5643
2.7151,1532.1405,2123.4620,-99.5643
2.7246,1531.4881,2122.4921,-99.5643
2.7361,1530.8992,2121.4260,-99.5643
2.7453,1530.3196,2120.3530,-99.5643
2.7550,1529.7988,2119.3555,-99.5643
2.7648,1529.2737,2118.4538,-99.5643
2.7749,1528.7263,2117.5601,-99.5643
2.7849,1528.1418,2116.5900,-99.5643
2.7946,1527.4910,2115.6143,-99.5643
2.8052,1526.8189,2114.5311,-99.5643
2.8153,1526.1456,2113.4201,-99.5643
2.8253,1525.5510,2112.2662,-99.5643
2.8356,1525.0020,2111.2403,-99.5643
2.8449,1524.3815,2110.3962,-99.5643
2.8551,1523.7281,2109.4341,-99.5643
2.8648,1523.0464,2108.4773,-99.5643
2.8747,1522.3550,2107.3763,-99.5643
2.8849,1521.6934,2106.1635,-99.5643
2.8944,1521.0239,2104.9926,-99.5643
2.9071,1520.3859,2103.9329,-99.5643
2.9154,1519.7773,2102.9723,-99.5643
2.9256,1519.1174,2102.0262,-99.5643
2.9347,1518.4492,2101.0309,-99.5643
2.9449,1517.8098,2099.9825,-99.5643
2.9563,1517.1942,2098.8592,-99.5643
2.9656,1516.5870,2097.7206,-99.5643
2.9757,1515.9619,2096.6371,-99.5643
2.9846,1515.3485,2095.6460,-99.5643
2.9949,1514.6766,2094.7332,-99.5643
3.0049,1514.0177,2093.7589,-99.5643
3.0152,1513.3585,2092.7393,-99.5643
3.0255,1512.7098,2091.5957,-99.5643
3.0357,1512.0688,2090.4197,-99.5643
3.0452,1511.4597,2089.3802,-99.5643
3.0550,1510.9259,2088.4051,-99.5643
3.0650,1510.3652,2087.5004,-99.5643
3.0751,1509.7850,2086.5134,-99.5643
3.0849,1509.1686,2085.5557,-99.5643
3.0950,1508.4915,2084.4994,-99.5643
3.1063,1507.8865,2083.3651,-99.5643
3.1158,1507.3239,2082.3112,-99.5643
3.1246,1506.7541,2081.2584,-99.5643
3.1346,1506.1598,2080.3228,-99.5643
3.1447,1505.5508,2079.3576,-99.5643
3.1547,1504.9661,2078.3583,-99.5643
3.1652,1504.3264,2077.3064,-99.5643
3.1746,1503.7084,2076.1868,-99.5643
3.1849,1503.1321,2075.1299,-99.5643
3.1949,1502.5420,2074.1187,-99.5643
3.2051,1501.9620,2073.1348,-99.5643
3.2152,1501.3879,2072.2184,-99.5643
3.2259,1500.7386,2071.2241,-99.5643
3.2346,1500.0839,2070.2006,-99.5643
3.2448,1499.4302,2069.0681,-99.5643
3.2555,1498.8137,2067.8766,-99.5643
3.2663,1498.1933,2066.7601,-99.5643
3.2771,1497.5908,2065.6852,-99.5643
3.2871,1496.9777,2064.7193,-99.5643
3.2945,1496.3409,2063.6793,-99.5643
3.3045,1495.6877,2062.5894,-99.5643
3.3146,1495.0340,2061.5065,-99.5643
3.3247,1494.4899,2060.4340,-99.5643
3.3351,1493.8877,2059.4958,-99.5643
3.3450,1493.3643,2058.4559,-99.5643
3.3547,1492.7794,2057.4812,-99.5643
3.3660,1492.2139,2056.4816,-99.5643
3.3747,1491.6116,2055.3898,-99.5643
3.3844,1490.9890,2054.2937,-99.5643
3.3962,1490.3591,2053.0955,-99.5643
3.4061,1489.7589,2051.9649,-99.5643
3.4150,1489.2044,2050.8934,-99.5643
3.4252,1488.6316,2049.8733,-99.5643
3.4349,1488.0077,2048.8983,-99.5643
3.4454,1487.4009,2047.8378,-99.5643
3.4555,1486.7649,2046.7225,-99.5643
3.4660,1486.2089,2045.5903,-99.5643
3.4749,1485.6747,2044.5532,-99.5643
3.4851,1485.0670,2043.6196,-99.5643
3.4962,1484.4632,2042.6310,-99.5643
3.5055,1483.8605,2041.7364,-99.5643
3.5152,1483.2535,2040.7445,-99.5643
3.5245,1482.6200,2039.6384,-99.5643
3.5351,1482.0197,2038.5868,-99.5643
3.5449,1481.4717,2037.4929,-99.5643
3.5546,1480.9044,2036.5242,-99.5643
3.5648,1480.3542,2035.6045,-99.5643
3.5756,1479.7831,2034.7335,-99.5643
3.5852,1479.2017,2033.8082,-99.5643
3.5948,1478.5823,2032.7828,-99.5643
3.6049,1477.9539,2031.7822,-99.5643
3.6162,1477.3762,2030.6800,-99.5643
3.6264,1476.8280,2029.6126,-99.5643
3.6345,1476.2398,2028.6517,-99.5643
3.6449,1475.6386,2027.6791,-99.5643
3.6564,1475.0529,2026.7318,-99.5643
3.6651,1474.4612,2025.7040,-99.5643
3.6744,1473.8344,2024.6001,-99.5643
3.6849,1473.2518,2023.4925,-99.5643
3.6946,1472.6697,2022.4242,-99.5643
3.7054,1472.0441,2021.3870,-99.5643
3.7149,1471.4320,2020.3793,-99.5643
3.7247,1470.8644,2019.4127,-99.5643
3.7350,1470.2889,2018.4213,-99.5643
3.7444,1469.6943,2017.3458,-99.5643
3.7546,1469.1085,2016.2672,-99.5643
3.7650,1468.5062,2015.1371,-99.5643
3.7755,1467.9121,2014.1233,-99.5643
3.7848,1467.3083,2013.1278,-99.5643
3.7943,1466.7322,2012.1967,-99.5643
3.8048,1466.1691,2011.2263,-99.5643
3.8153,1465.6105,2010.1511,-99.5643
3.8247,1465.0064,2009.0906,-99.5643
3.8351,1464.3792,2007.9926,-99.5643
3.8448,1463.8064,2006.9476,-99.5643
3.8550,1463.2011,2005.9749,-99.5643
3.8648,1462.5997,2004.9958,-99.5643
3.8749,1462.0392,2004.0217,-99.5643
3.8866,1461.4955,2003.0137,-99.5643
3.8959,1460.9178,2001.9192,-99.5643
3.9088,1460.2821,2000.8141,-99.5643
3.9149,1459.6494,1999.6799,-99.5643
3.9246,1459.0237,1998.6127,-99.5643
3.9347,1458.3842,1997.5521,-99.5643
3.9446,1457.7914,1996.5955,-99.5643
3.9546,1457.1410,1995.5677,-99.5643
3.9652,1456.5174,1994.4269,-99.5643
3.9747,1455.8985,1993.3594,-99.5643
3.9858,1455.3558,1992.3231,-99.5643
3.9960,1454.8079,1991.3314,-99.5643
4.0063,1454.2125,1990.3604,-99.5643
4.0148,1453.6130,1989.3676,-99.5643
4.0243,1453.0082,1988.3549,-99.5643
4.0349,1452.4399,1987.2746,-99.5643
4.0451,1451.8320,1986.1941,-99.5643
4.0554,1451.2084,1985.0641,-99.5643
4.0647,1450.5771,1983.9232,-99.5643
4.0751,1449.9341,1982.8773,-99.5643
4.0848,1449.3065,1981.8159,-99.5643
4.0956,1448.7241,1980.8076,-99.5643
4.1047,1448.1660,1979.6873,-99.5643
4.1149,1447.5801,1978.6342,-99.5643
4.1251,1446.9758,1977.6028,-99.5643
4.1359,1446.3754,1976.5255,-99.5643
4.1454,1445.8053,1975.4808,-99.5643
4.1553,1445.2023,1974.4568,-99.5643
4.1653,1444.6392,1973.4122,-99.5643
4.1752,1444.0918,1972.3782,-99.5643
4.1852,1443.5496,1971.3168,-99.5643
4.1954,1442.9218,1970.2599,-99.5643
4.2056,1442.3123,1969.1862,-99.5643
4.2156,1441.7194,1968.1660,-99.5643
4.2260,1441.1373,1967.1586,-99.5643
4.2350,1440.5583,1966.1265,-99.5643
4.2446,1440.0082,1965.1301,-99.5643
4.2548,1439.4291,1964.0588,-99.5643
4.2652,1438.8790,1963.0035,-99.5643
4.2746,1438.2711,1961.9843,-99.5643
4.2849,1437.6497,1960.8493,-99.5643
4.2950,1437.0300,1959.7792,-99.5643
4.3053,1436.4227,1958.7167,-99.5643
4.3165,1435.8689,1957.6437,-99.5643
4.3251,1435.3603,1956.5313,-99.5643
4.3359,1434.8132,1955.4826,-99.5643
4.3461,1434.1949,1954.5128,-99.5643
4.3551,1433.5868,1953.4392,-99.5643
4.3650,1433.0009,1952.4018,-99.5643
4.3748,1432.3934,1951.3299,-99.5643
4.3851,1431.8039,1950.2195,-99.5643
4.3949,1431.2653,1949.1696,-99.5643
4.4044,1430.7012,1948.0914,-99.5643
4.4147,1430.0908,1947.0513,-99.5643
4.4261,1429.4793,1946.0039,-99.5643
4.4349,1428.8788,1944.9678,-99.5643
4.4447,1428.2556,1943.9809,-99.5643
4.4547,1427.7161,1942.8986,-99.5643
4.4649,1427.1948,1941.8964,-99.5643
4.4746,1426.6428,1940.8552,-99.5643
4.4849,1426.0756,1939.8463,-99.5643
4.4951,1425.4690,1938.8482,-99.5643
4.5053,1424.8614,1937.7798,-99.5643
4.5154,1424.1943,1936.8177,-99.5643
4.5255,1423.6203,1935.8007,-99.5643
4.5345,1423.1298,1934.7290,-99.5643
4.5445,1422.6005,1933.6732,-99.5643
4.5549,1422.0396,1932.5623,-99.5643
4.5647,1421.4146,1931.6112,-99.5643
4.5749,1420.7974,1930.5812,-99.5643
4.5846,1420.2061,1929.5835,-99.5643
4.5952,1419.6154,1928.5784,-99.5643
4.6049,1419.0515,1927.4352,-99.5643
4.6146,1418.4611,1926.3937,-99.5643
4.6248,1417.8817,1925.3268,-99.5643
4.6345,1417.2568,1924.2996,-99.5643
4.6452,1416.5895,1923.1786,-99.5643
4.6548,1415.9894,1922.1351,-99.5643
4.6645,1415.3446,1921.1552,-99.5643
4.6747,1414.8029,1920.0208,-99.5643
4.6851,1414.2573,1918.9910,-99.5643
4.6947,1413.6200,1917.9089,-99.5643
4.7047,1412.9891,1916.8413,-99.5643
4.7144,1412.4084,1915.7809,-99.5643
4.7253,1411.7914,1914.6764,-99.5643
4.7347,1411.1524,1913.6249,-99.5643
4.7447,1410.5465,1912.5264,-99.5643
4.7557,1409.9919,1911.4525,-99.5643
4.7645,1409.4130,1910.4207,-99.5643
4.7747,1408.8201,1909.3729,-99.5643
4.7849,1408.2019,1908.3485,-99.5643
4.7952,1407.5833,1907.3241,-99.5643
4.8053,1406.9757,1906.3351,-99.5643
4.8146,1406.4095,1905.2922,-99.5643
4.8245,1405.9023,1904.2144,-99.5643
4.8348,1405.3764,1903.2219,-99.5643
4.8445,1404.8203,1902.2013,-99.5643
4.8549,1404.1967,1901.1821,-99.5643
4.8651,1403.5601,1900.0902,-99.5643
4.8751,1402.9456,1898.9844,-99.5643
4.8855,1402.3317,1897.9961,-99.5643
4.8951,1401.7944,1896.9174,-99.5643
4.9052,1401.3583,1895.8586,-99.5643
4.9154,1400.8684,1894.8145,-99.5643
4.9243,1400.2748,1893.7222,-99.5643
4.9346,1399.5977,1892.6611,-99.5643
4.9466,1398.9639,1891.6122,-99.5643
4.9552,1398.3546,1890.6064,-99.5643
4.9647,1397.7965,1889.4908,-99.5643
4.9747,1397.2548,1888.3761,-99.5643
4.9851,1396.6799,1887.3687,-99.5643
4.9960,1396.0738,1886.3326,-99.5643
5.0082,1395.5095,1885.2985,-99.5643
5.0150,1394.9243,1884.1612,-99.5643
5.0247,1394.2992,1883.0144,-99.5643
5.0350,1393.7023,1881.9074,-99.5643
5.0442,1393.1819,1880.8339,-99.5643
5.0552,1392.6164,1879.8088,-99.5643
5.0649,1392.0221,1878.7267,-99.5643
5.0744,1391.4076,1877.6744,-99.5643
5.0853,1390.8118,1876.6567,-99.5643
5.0952,1390.2844,1875.5753,-99.5643
5.1054,1389.7678,1874.4926,-99.5643
5.1155,1389.2463,1873.3863,-99.5643
5.1248,1388.7366,1872.3437,-99.5643
5.1345,1388.1620,1871.3220,-99.5643
5.1446,1387.5599,1870.2152,-99.5643
5.1550,1386.9453,1869.0754,-99.5643
5.1651,1386.3312,1867.9091,-99.5643
5.1746,1385.7352,1866.8370,-99.5643
5.1848,1385.2482,1865.7880,-99.5643
5.1946,1384.8104,1864.7697,-99.5643
5.2049,1384.2965,1863.7541,-99.5643
5.2148,1383.6774,1862.6387,-99.5643
5.2246,1383.0387,1861.5814,-99.5643
5.2350,1382.3699,1860.6000,-99.5643
5.2461,1381.7756,1859.5532,-99.5643
5.2567,1381.2908,1858.5254,-99.5643
5.2649,1380.8714,1857.4900,-99.5643
5.2761,1380.3472,1856.5384,-99.5643
5.2848,1379.7327,1855.5528,-99.5643
5.2948,1379.1123,1854.4977,-99.5643
5.3046,1378.4547,1853.4826,-99.5643
5.3162,1377.8232,1852.4033,-99.5643
5.3248,1377.2728,1851.4378,-99.5643
5.3350,1376.8281,1850.4359,-99.5643
5.3451,1376.3785,1849.4633,-99.5643
5.3559,1375.8164,1848.5393,-99.5643
5.3663,1375.1804,1847.4918,-99.5643
5.3745,1374.5154,1846.4620,-99.5643
5.3849,1373.9299,1845.3373,-99.5643
5.3955,1373.4284,1844.2372,-99.5643
5.4058,1372.9192,1843.1924,-99.5643
5.4148,1372.4447,1842.1751,-99.5643
5.4247,1371.9002,1841.2115,-99.5643
5.4346,1371.3043,1840.1589,-99.5643
5.4451,1370.6662,1839.0976,-99.5643
5.4562,1370.0331,1838.0082,-99.5643
5.4660,1369.4216,1836.8872,-99.5643
5.4760,1368.9027,1835.8586,-99.5643
5.4860,1368.4749,1834.8282,-99.5643
5.4956,1367.9528,1833.8456,-99.5643
5.5054,1367.3351,1832.8307,-99.5643
5.5165,1366.7117,1831.7651,-99.5643
5.5260,1366.0700,1830.7487,-99.5643
5.5359,1365.4731,1829.6617,-99.5643
5.5448,1364.9590,1828.5621,-99.5643
5.5568,1364.4794,1827.5170,-99.5643
5.5655,1364.0095,1826.4974,-99.5643
5.5745,1363.4520,1825.5333,-99.5643
5.5849,1362.8404,1824.4744,-99.5643
5.5948,1362.1830,1823.4487,-99.5643
5.6050,1361.5462,1822.3466,-99.5643
5.6149,1361.0173,1821.2380,-99.5643
5.6247,1360.5208,1820.2117,-99.5643
5.6365,1360.0938,1819.1810,-99.5643
5.6445,1359.5614,1818.2141,-99.5643
5.6556,1358.9551,1817.1964,-99.5643
5.6655,1358.2780,1816.1231,-99.5643
5.6749,1357.6098,1815.0657,-99.5643
5.6861,1356.9814,1813.9349,-99.5643
5.6947,1356.3841,1812.8427,-99.5643
5.7051,1355.9398,1811.7266,-99.5643
5.7153,1355.4390,1810.7015,-99.5643
5.7252,1354.8295,1809.6988,-99.5643
5.7348,1354.1899,1808.6161,-99.5643
5.7446,1353.5251,1807.5757,-99.5643
5.7547,1352.9230,1806.4554,-99.5643
5.7646,1352.4139,1805.3800,-99.5643
5.7745,1351.9357,1804.3005,-99.5643
5.7848,1351.4138,1803.2432,-99.5643
5.7950,1350.7871,1802.1905,-99.5643
5.8052,1350.1434,1801.0826,-99.5643
5.8157,1349.4719,1800.0023,-99.5643
5.8256,1348.8514,1798.8707,-99.5643
5.8356,1348.2831,1797.7444,-99.5643
5.8462,1347.7917,1796.6904,-99.5643
5.8557,1347.3281,1795.6277,-99.5643
5.8668,1346.8068,1794.6108,-99.5643
5.8758,1346.1756,1793.5544,-99.5643
5.8855,1345.5217,1792.4963,-99.5643
5.8954,1344.9019,1791.4357,-99.5643
5.9050,1344.3672,1790.2989,-99.5643
5.9152,1343.8818,1789.2384,-99.5643
5.9257,1343.3960,1788.1560,-99.5643
5.9351,1342.8972,1787.1016,-99.5643
5.9451,1342.2510,1786.0427,-99.5643
5.9552,1341.6270,1784.9417,-99.5643
5.9653,1341.0063,1783.9290,-99.5643
5.9759,1340.4780,1782.8683,-99.5643
5.9863,1339.9958,1781.8123,-99.5643
5.9961,1339.5164,1780.7894,-99.5643
6.0049,1338.9990,1779.7625,-99.5643
6.0156,1338.3995,1778.7342,-99.5643
6.0263,1337.7872,1777.6013,-99.5643
6.0351,1337.1599,1776.4854,-99.5643
6.0447,1336.5869,1775.3343,-99.5643
6.0549,1336.1069,1774.2170,-99.5643
6.0653,1335.6199,1773.2296,-99.5643
6.0744,1335.1069,1772.1791,-99.5643
6.0849,1334.5345,1771.1031,-99.5643
6.0948,1333.9318,1770.0347,-99.5643
6.1063,1333.3077,1768.9084,-99.5643
6.1145,1332.7803,1767.7973,-99.5643
6.1247,1332.3408,1766.6918,-99.5643
6.1347,1331.8451,1765.6372,-99.5643
6.1446,1331.2949,1764.5624,-99.5643
6.1546,1330.6672,1763.4658,-99.5643
6.1660,1330.0234,1762.4498,-99.5643
6.1760,1329.3989,1761.3651,-99.5643
6.1867,1328.8904,1760.3506,-99.5643
6.1966,1328.4229,1759.3468,-99.5643
6.2048,1327.9592,1758.3441,-99.5643
6.2152,1327.4260,1757.3448,-99.5643
6.2247,1326.9037,1756.3026,-99.5643
6.2350,1326.2852,1755.2573,-99.5643
6.2448,1325.6200,1754.1802,-99.5643
6.2564,1325.0259,1753.0878,-99.5643
6.2645,1324.4991,1752.0641,-99.5643
6.2747,1324.0444,1751.0065,-99.5643
6.2845,1323.5999,1750.0525,-99.5643
6.2953,1323.0775,1749.0372,-99.5643
6.3059,1322.5018,1748.0114,-99.5643
6.3143,1321.8659,1746.9382,-99.5643
6.3256,1321.2586,1745.7898,-99.5643
6.3358,1320.6973,1744.6931,-99.5643
6.3471,1320.1995,1743.6056,-99.5643
6.3554,1319.7199,1742.5815,-99.5643
6.3653,1319.1719,1741.5579,-99.5643
6.3749,1318.5592,1740.4880,-99.5643
6.3852,1317.9258,1739.4372,-99.5643
6.3945,1317.2690,1738.2918,-99.5643
6.4053,1316.6889,1737.1293,-99.5643
6.4146,1316.1782,1736.0605,-99.5643
6.4246,1315.7206,1735.0616,-99.5643
6.4352,1315.2106,1734.0908,-99.5643
6.4450,1314.6296,1733.0281,-99.5643
6.4555,1314.0266,1732.0118,-99.5643
6.4650,1313.4030,1730.9202,-99.5643
6.4746,1312.8677,1729.7288,-99.5643
6.4851,1312.3514,1728.6804,-99.5643
6.4948,1311.8010,1727.6423,-99.5643
6.5061,1311.2781,1726.6357,-99.5643
6.5158,1310.7305,1725.5720,-99.5643
6.5256,1310.1026,1724.5112,-99.5643
6.5352,1309.4442,1723.4841,-99.5643
6.5448,1308.9025,1722.3299,-99.5643
6.5550,1308.3839,1721.2213,-99.5643
6.5648,1307.8505,1720.1631,-99.5643
6.5758,1307.3356,1719.1731,-99.5643
6.5860,1306.8151,1718.2013,-99.5643
6.5952,1306.3311,1717.1039,-99.5643
6.6050,1305.7507,1716.0753,-99.5643
6.6148,1305.1155,1714.9807,-99.5643
6.6256,1304.5344,1713.8654,-99.5643
6.6357,1304.0063,1712.7963,-99.5643
6.6447,1303.5223,1711.7404,-99.5643
6.6553,1303.0206,1710.7221,-99.5643
6.6647,1302.5076,1709.6516,-99.5643
6.6756,1301.9130,1708.5612,-99.5643
6.6850,1301.2937,1707.4604,-99.5643
6.6964,1300.7264,1706.3249,-99.5643
6.7055,1300.2256,1705.3290,-99.5643
6.7160,1299.7676,1704.3058,-99.5643
6.7252,1299.2567,1703.2927,-99.5643
6.7353,1298.6851,1702.2067,-99.5643
6.7448,1298.0720,1701.1026,-99.5643
6.7556,1297.4313,1699.8791,-99.5643
6.7653,1296.8196,1698.5795,-99.5643
6.7749,1296.2786,1697.4466,-99.5643
6.7856,1295.7502,1696.3828,-99.5643
6.7959,1295.2434,1695.3537,-99.5643
6.8048,1294.7206,1694.3306,-99.5643
6.8149,1294.1924,1693.2111,-99.5643
6.8247,1293.6114,1692.0784,-99.5643
6.8361,1293.0720,1691.0073,-99.5643
6.8449,1292.5829,1689.9761,-99.5643
6.8553,1292.0964,1688.9636,-99.5643
6.8650,1291.6482,1687.8751,-99.5643
6.8746,1291.1174,1686.8323,-99.5643
6.8848,1290.5502,1685.7173,-99.5643
6.8948,1289.9948,1684.5615,-99.5643
6.9050,1289.4251,1683.3623,-99.5643
6.9154,1288.9189,1682.1612,-99.5643
6.9247,1288.4215,1681.1320,-99.5643
6.9357,1287.9224,1680.0933,-99.5643
6.9445,1287.4166,1679.0372,-99.5643
6.9557,1286.8684,1677.9489,-99.5643
6.9664,1286.2776,1676.8256,-99.5643
6.9743,1285.6345,1675.6979,-99.5643
6.9849,1285.1028,1674.6044,-99.5643
6.9948,1284.6326,1673.6043,-99.5643
7.0046,1284.1359,1672.6248,-99.5643
7.0152,1283.6395,1671.6070,-99.5643
7.0246,1283.1087,1670.6434,-99.5643
7.0347,1282.5436,1669.5947,-99.5643
7.0445,1281.9933,1668.5125,-99.5643
7.0559,1281.4973,1667.4799,-99.5643
7.0650,1280.9985,1666.4661,-99.5643
7.0748,1280.4768,1665.5203,-99.5643
7.0852,1280.0176,1664.5240,-99.5643
7.0952,1279.4960,1663.5565,-99.5643
7.1059,1278.9238,1662.4815,-99.5643
7.1155,1278.3963,1661.3268,-99.5643
7.1255,1277.8756,1660.2170,-99.5643
7.1357,1277.3698,1659.1016,-99.5643
7.1448,1276.8618,1658.1319,-99.5643
7.1546,1276.3210,1657.1259,-99.5643
7.1643,1275.8375,1656.1088,-99.5643
7.1747,1275.3177,1655.0693,-99.5643
7.1847,1274.7714,1653.9058,-99.5643
7.1953,1274.2068,1652.7354,-99.5643
7.2046,1273.6597,1651.6144,-99.5643
7.2146,1273.1437,1650.6017,-99.5643
7.2249,1272.6185,1649.6252,-99.5643
7.2362,1272.1161,1648.5875,-99.5643
7.2445,1271.6082,1647.5615,-99.5643
7.2545,1271.1307,1646.4459,-99.5643
7.2653,1270.5881,1645.3482,-99.5643
7.2759,1270.0215,1644.2707,-99.5643
7.2861,1269.4868,1643.2469,-99.5643
7.2957,1268.9642,1642.2910,-99.5643
7.3050,1268.4731,1641.2341,-99.5643
7.3149,1267.9753,1640.2150,-99.5643
7.3247,1267.4478,1639.1540,-99.5643
7.3348,1266.8852,1637.9760,-99.5643
7.3449,1266.3135,1636.8516,-99.5643
7.3553,1265.7804,1635.7582,-99.5643
7.3646,1265.2692,1634.7813,-99.5643
7.3745,1264.7414,1633.7672,-99.5643
7.3847,1264.2391,1632.7471,-99.5643
7.3963,1263.7251,1631.6927,-99.5643
7.4045,1263.2362,1630.5547,-99.5643
7.4147,1262.6196,1629.4284,-99.5643
7.4248,1262.0471,1628.2318,-99.5643
7.4354,1261.5098,1627.1622,-99.5643
7.4445,1260.9957,1626.1439,-99.5643
7.4557,1260.4634,1625.0755,-99.5643
7.4650,1259.9612,1624.0524,-99.5643
7.4757,1259.4111,1622.9393,-99.5643
7.4845,1258.8264,1621.7865,-99.5643
7.4946,1258.2565,1620.6672,-99.5643
7.5051,1257.7053,1619.5764,-99.5643
7.5149,1257.1558,1618.5095,-99.5643
7.5249,1256.5952,1617.4226,-99.5643
7.5368,1256.0604,1616.3211,-99.5643
7.5449,1255.4976,1615.1935,-99.5643
7.5551,1254.9704,1613.9904,-99.5643
7.5646,1254.4423,1612.8538,-99.5643
7.5746,1253.9158,1611.7715,-99.5643
7.5846,1253.3868,1610.7584,-99.5643
7.5958,1252.8486,1609.7137,-99.5643
7.6049,1252.3271,1608.5844,-99.5643
7.6151,1251.7844,1607.4923,-99.5643
7.6246,1251.2706,1606.3273,-99.5643
7.6347,1250.7263,1605.2366,-99.5643
7.6446,1250.1946,1604.1743,-99.5643
7.6550,1249.6567,1603.1354,-99.5643
7.6659,1249.1578,1602.1061,-99.5643
7.6746,1248.6165,1601.0260,-99.5643
7.6848,1248.1213,1599.9248,-99.5643
7.6951,1247.6154,1598.7817,-99.5643
7.7058,1247.1021,1597.6416,-99.5643
7.7154,1246.5739,1596.5753,-99.5643
7.7247,1246.0151,1595.5539,-99.5643
7.7347,1245.4982,1594.5361,-99.5643
7.7449,1244.9723,1593.4915,-99.5643
7.7554,1244.4728,1592.4158,-99.5643
7.7647,1244.0417,1591.2869,-99.5643
7.7749,1243.5718,1590.1417,-99.5643
7.7850,1243.0305,1589.0309,-99.5643
7.7946,1242.4232,1587.9000,-99.5643
7.8047,1241.8476,1586.7809,-99.5643
7.8150,1241.2759,1585.6637,-99.5643
7.8248,1240.8105,1584.4687,-99.5643
7.8349,1240.3584,1583.3438,-99.5643
7.8446,1239.8801,1582.1819,-99.5643
7.8554,1239.3365,1581.1042,-99.5643
7.8649,1238.7643,1580.1028,-99.5643
7.8764,1238.2654,1579.0691,-99.5643
7.8846,1237.7569,1578.0403,-99.5643
7.8948,1237.2657,1576.9385,-99.5643
7.9052,1236.7578,1575.7889,-99.5643
7.9158,1236.2358,1574.6543,-99.5643
7.9259,1235.7050,1573.5937,-99.5643
7.9361,1235.1722,1572.5966,-99.5643
7.9459,1234.6512,1571.5253,-99.5643
7.9547,1234.1378,1570.5162,-99.5643
7.9648,1233.5797,1569.4797,-99.5643
7.9745,1233.1061,1568.3605,-99.5643
7.9849,1232.6617,1567.2745,-99.5643
7.9949,1232.1482,1566.1959,-99.5643
8.0063,1231.6076,1565.2313,-99.5643
8.0157,1231.0495,1564.2311,-99.5643
8.0246,1230.5312,1563.1807,-99.5643
8.0348,1230.0092,1562.1005,-99.5643
8.0447,1229.5547,1560.9285,-99.5643
8.0547,1229.1227,1559.8276,-99.5643
8.0649,1228.6207,1558.7333,-99.5643
8.0748,1228.0988,1557.6729,-99.5643
8.0846,1227.5656,1556.7041,-99.5643
8.0952,1227.0752,1555.6810,-99.5643
8.1052,1226.5739,1554.6609,-99.5643
8.1164,1226.1146,1553.5580,-99.5643
8.1251,1225.6683,1552.4262,-99.5643
8.1350,1225.0992,1551.2903,-99.5643
8.1449,1224.5413,1550.1820,-99.5643
8.1556,1223.9483,1549.1777,-99.5643
8.1661,1223.3747,1548.0792,-99.5643
8.1745,1222.8472,1547.0018,-99.5643
8.1849,1222.3289,1545.9254,-99.5643
8.1950,1221.8687,1544.7772,-99.5643
8.2049,1221.3896,1543.6904,-99.5643
8.2146,1220.8407,1542.5928,-99.5643
8.2251,1220.2679,1541.4951,-99.5643
8.2345,1219.7078,1540.4288,-99.5643
8.2449,1219.1766,1539.3558,-99.5643
8.2550,1218.6096,1538.3094,-99.5643
8.2659,1218.1319,1537.1608,-99.5643
8.2744,1217.6984,1536.0822,-99.5643
8.2849,1217.1895,1534.9661,-99.5643
8.2949,1216.6069,1533.9031,-99.5643
8.3055,1216.0115,1532.8871,-99.5643
8.3149,1215.4703,1531.7786,-99.5643
8.3250,1214.9202,1530.7025,-99.5643
8.3348,1214.4230,1529.5858,-99.5643
8.3459,1213.9767,1528.4611,-99.5643
8.3559,1213.5180,1527.3791,-99.5643
8.3647,1212.9865,1526.3028,-99.5643
8.3746,1212.4207,1525.3262,-99.5643
8.3849,1211.8817,1524.2835,-99.5643
8.3948,1211.3859,1523.1931,-99.5643
8.4052,1210.8605,1522.0721,-99.5643
8.4160,1210.3756,1520.9170,-99.5643
8.4246,1209.9641,1519.8226,-99.5643
8.4346,1209.5243,1518.7322,-99.5643
8.4448,1208.9545,1517.6751,-99.5643
8.4558,1208.3866,1516.6265,-99.5643
8.4648,1207.8398,1515.6220,-99.5643
8.4746,1207.3744,1514.5322,-99.5643
8.4847,1206.9588,1513.3625,-99.5643
8.4948,1206.5143,1512.2592,-99.5643
8.5053,1205.9827,1511.1162,-99.5643
8.5147,1205.3723,1509.9016,-99.5643
8.5248,1204.8221,1508.7344,-99.5643
8.5349,1204.2154,1507.5848,-99.5643
8.5451,1203.6901,1506.4498,-99.5643
8.5553,1203.2811,1505.3154,-99.5643
8.5653,1202.9175,1504.1962,-99.5643
8.5746,1202.4979,1503.1466,-99.5643
8.5853,1201.9809,1502.1281,-99.5643
8.5960,1201.4224,1501.1634,-99.5643
8.6056,1200.9077,1500.1126,-99.5643
8.6152,1200.4916,1498.9500,-99.5643
8.6246,1200.0302,1497.7928,-99.5643
8.6351,1199.5725,1496.6332,-99.5643
8.6447,1199.1193,1495.5314,-99.5643
8.6549,1198.6231,1494.3713,-99.5643
8.6661,1198.0410,1493.1888,-99.5643
8.6745,1197.4193,1492.0936,-99.5643
8.6850,1196.8481,1490.9634,-99.5643
8.6947,1196.3970,1489.8463,-99.5643
8.7053,1196.0242,1488.6702,-99.5643
8.7159,1195.6356,1487.5461,-99.5643
8.7250,1195.0688,1486.4694,-99.5643
8.7353,1194.4449,1485.4182,-99.5643
8.7467,1193.8456,1484.4719,-99.5643
8.7555,1193.3688,1483.4272,-99.5643
8.7651,1192.9310,1482.3747,-99.5643
8.7744,1192.5333,1481.3270,-99.5643
8.7850,1192.1662,1480.3221,-99.5643
8.7946,1191.6945,1479.3527,-99.5643
8.8044,1191.2119,1478.2733,-99.5643
8.8145,1190.6652,1477.2635,-99.5643
8.8243,1190.1052,1476.2573,-99.5643
8.8350,1189.5968,1475.1931,-99.5643
8.8447,1189.2057,1474.1205,-99.5643
8.8553,1188.8652,1473.0386,-99.5643
8.8660,1188.4418,1472.0259,-99.5643
8.8754,1187.9014,1470.9443,-99.5643
8.8849,1187.3175,1469.8481,-99.5643
8.8948,1186.7283,1468.7832,-99.5643
8.9056,1186.2137,1467.5906,-99.5643
8.9150,1185.7908,1466.4601,-99.5643
8.9249,1185.4143,1465.3641,-99.5643
8.9348,1185.0302,1464.3014,-99.5643
8.9448,1184.5436,1463.2621,-99.5643
8.9553,1183.9623,1462.1916,-99.5643
8.9651,1183.3792,1461.2075,-99.5643
8.9747,1182.8469,1460.1176,-99.5643
8.9851,1182.3535,1459.0292,-99.5643
8.9946,1181.9520,1457.9025,-99.5643
9.0052,1181.5714,1456.8233,-99.5643
9.0162,1181.1079,1455.8032,-99.5643
9.0261,1180.5228,1454.7288,-99.5643
9.0343,1179.9285,1453.6876,-99.5643
9.0443,1179.3537,1452.6557,-99.5643
9.0555,1178.8387,1451.5269,-99.5643
9.0652,1178.4048,1450.3881,-99.5643
9.0757,1178.0079,1449.2570,-99.5643
9.0864,1177.5712,1448.1807,-99.5643
9.0953,1177.0709,1447.0925,-99.5643
9.1068,1176.4889,1446.0380,-99.5643
9.1145,1175.9044,1445.0387,-99.5643
9.1243,1175.3532,1443.9119,-99.5643
9.1358,1174.8757,1442.7670,-99.5643
9.1446,1174.4503,1441.6387,-99.5643
9.1548,1174.0441,1440.5134,-99.5643
9.1647,1173.5488,1439.4263,-99.5643
9.1750,1172.9785,1438.2963,-99.5643
9.1847,1172.3877,1437.2380,-99.5643
9.1946,1171.8328,1436.1650,-99.5643
9.2047,1171.3926,1435.0244,-99.5643
9.2152,1170.9437,1433.9050,-99.5643
9.2254,1170.5452,1432.7650,-99.5643
9.2357,1170.0694,1431.6852,-99.5643
9.2459,1169.4916,1430.5984,-99.5643
9.2560,1168.9039,1429.5333,-99.5643
9.2648,1168.3300,1428.4932,-99.5643
9.2752,1167.8385,1427.3576,-99.5643
9.2853,1167.3624,1426.2072,-99.5643
9.2948,1166.9540,1425.0399,-99.5643
9.3051,1166.5155,1423.9124,-99.5643
9.3148,1165.9725,1422.8026,-99.5643
9.3247,1165.3987,1421.6760,-99.5643
9.3348,1164.8380,1420.6098,-99.5643
9.3446,1164.3207,1419.4750,-99.5643
9.3558,1163.8922,1418.3179,-99.5643
9.3652,1163.4690,1417.2024,-99.5643
9.3747,1163.0306,1416.0494,-99.5643
9.3848,1162.5326,1414.9578,-99.5643
9.3946,1161.9697,1413.8955,-99.5643
9.4061,1161.4264,1412.8586,-99.5643
9.4145,1160.9578,1411.7762,-99.5643
9.4242,1160.5541,1410.6379,-99.5643
9.4348,1160.0945,1409.5093,-99.5643
9.4449,1159.6479,1408.3354,-99.5643
9.4549,1159.1392,1407.2298,-99.5643
9.4647,1158.5829,1406.1544,-99.5643
9.4746,1158.0195,1405.0883,-99.5643
9.4850,1157.5621,1404.0515,-99.5643
9.4962,1157.1758,1402.9697,-99.5643
9.5047,1156.7885,1401.9153,-99.5643
9.5151,1156.3768,1400.8408,-99.5643
9.5254,1155.9185,1399.7200,-99.5643
9.5351,1155.3439,1398.6112,-99.5643
9.5447,1154.7444,1397.4164,-99.5643
9.5547,1154.2231,1396.2601,-99.5643
9.5661,1153.7913,1395.0750,-99.5643
9.5755,1153.4012,1393.9276,-99.5643
9.5850,1152.9429,1392.8412,-99.5643
9.5946,1152.4500,1391.6746,-99.5643
9.6047,1151.9446,1390.5736,-99.5643
9.6159,1151.3857,1389.4916,-99.5643
9.6255,1150.8987,1388.4304,-99.5643
9.6350,1150.4812,1387.3568,-99.5643
9.6446,1150.1072,1386.2711,-99.5643
9.6553,1149.6927,1385.2035,-99.5643
9.6662,1149.2198,1384.0464,-99.5643
9.6749,1148.6384,1382.9339,-99.5643
9.6848,1148.0550,1381.8468,-99.5643
9.6946,1147.5233,1380.7973,-99.5643
9.7048,1147.0787,1379.7465,-99.5643
9.7146,1146.6826,1378.6572,-99.5643
9.7256,1146.2665,1377.6119,-99.5643
9.7352,1145.8102,1376.5427,-99.5643
9.7468,1145.3091,1375.4396,-99.5643
9.7545,1144.7303,1374.3941,-99.5643
9.7648,1144.1828,1373.2980,-99.5643
9.7747,1143.7320,1372.2265,-99.5643
9.7849,1143.3262,1371.1541,-99.5643
9.7948,1142.9321,1370.0620,-99.5643
9.8046,1142.4843,1368.9782,-99.5643
9.8153,1142.0331,1367.8628,-99.5643
9.8249,1141.5082,1366.8087,-99.5643
9.8345,1140.9787,1365.7136,-99.5643
9.8445,1140.5336,1364.5881,-99.5643
9.8548,1140.0980,1363.5187,-99.5643
9.8655,1139.6808,1362.4338,-99.5643
9.8753,1139.2380,1361.3937,-99.5643
9.8862,1138.7867,1360.2687,-99.5643
9.8966,1138.2494,1359.1299,-99.5643
9.9062,1137.6590,1358.0405,-99.5643
9.9163,1137.1266,1356.9076,-99.5643
9.9262,1136.6704,1355.7706,-99.5643
9.9349,1136.2611,1354.6614,-99.5643
9.9449,1135.8401,1353.5882,-99.5643
9.9559,1135.3741,1352.5004,-99.5643
9.9644,1134.8308,1351.3478,-99.5643
9.9750,1134.2253,1350.2730,-99.5643
9.9852,1133.6852,1349.1835,-99.5643
9.9950,1133.2611,1348.0864,-99.5643
10.0056,1132.8795,1346.9762,-99.5643
10.0153,1132.4056,1345.8939,-99.5643
10.0246,1131.9279,1344.8250,-99.5643
10.0357,1131.4507,1343.7015,-99.5643
10.0452,1130.9080,1342.6003,-99.5643
10.0559,1130.2934,1341.4892,-99.5643
10.0666,1129.7992,1340.3561,-99.5643
10.0749,1129.3715,1339.2566,-99.5643
10.0865,1128.9309,1338.1271,-99.5643
10.0948,1128.4597,1337.0740,-99.5643
10.1067,1127.9762,1335.9752,-99.5643
10.1150,1127.4929,1334.8439,-99.5643
10.1255,1126.9648,1333.7578,-99.5643
10.1369,1126.4642,1332.6161,-99.5643
10.1449,1125.9719,1331.5079,-99.5643
10.1568,1125.5872,1330.3921,-99.5643
10.1650,1125.1404,1329.2953,-99.5643
10.1753,1124.6525,1328.1785,-99.5643
10.1855,1124.1797,1327.0193,-99.5643
10.1953,1123.7003,1325.9385,-99.5643
10.2050,1123.2545,1324.8470,-99.5643
10.2150,1122.8076,1323.8102,-99.5643
10.2251,1122.3829,1322.7974,-99.5643
10.2352,1121.9379,1321.7058,-99.5643
10.2446,1121.4783,1320.5659,-99.5643
10.2566,1120.9833,1319.3539,-99.5643
10.2649,1120.4507,1318.1160,-99.5643
10.2752,1119.9341,1316.8757,-99.5643
10.2855,1119.4747,1315.7035,-99.5643
10.2957,1119.0563,1314.6420,-99.5643
10.3068,1118.6334,1313.5646,-99.5643
10.3149,1118.2177,1312.5299,-99.5643
10.3252,1117.7955,1311.4825,-99.5643
10.3365,1117.3372,1310.3630,-99.5643
10.3449,1116.8396,1309.2343,-99.5643
10.3569,1116.3604,1308.0939,-99.5643
10.3649,1115.9071,1306.9698,-99.5643
10.3748,1115.4470,1305.8405,-99.5643
10.3857,1115.0148,1304.6987,-99.5643
10.3953,1114.5704,1303.5839,-99.5643
10.4046,1114.1063,1302.3895,-99.5643
10.4146,1113.6395,1301.2112,-99.5643
10.4254,1113.1988,1300.0637,-99.5643
10.4361,1112.7376,1298.9834,-99.5643
10.4448,1112.3177,1297.9254,-99.5643
10.4547,1111.8858,1296.7895,-99.5643
10.4646,1111.3622,1295.7113,-99.5643
10.4744,1110.8862,1294.5414,-99.5643
10.4847,1110.3834,1293.5027,-99.5643
10.4948,1109.9611,1292.4797,-99.5643
10.5046,1109.5563,1291.4752,-99.5643
10.5159,1109.1501,1290.4589,-99.5643
10.5248,1108.6769,1289.3950,-99.5643
10.5351,1108.2014,1288.3238,-99.5643
10.5447,1107.7276,1287.2131,-99.5643
10.5546,1107.2509,1286.0272,-99.5643
10.5647,1106.7896,1284.9579,-99.5643
10.5749,1106.3888,1283.9563,-99.5643
10.5854,1105.9565,1282.9760,-99.5643
10.5964,1105.5018,1281.9492,-99.5643
10.6050,1105.0653,1280.8448,-99.5643
10.6146,1104.6326,1279.7632,-99.5643
10.6243,1104.1957,1278.5881,-99.5643
10.6356,1103.7557,1277.4610,-99.5643
10.6447,1103.2966,1276.3746,-99.5643
10.6550,1102.8411,1275.3123,-99.5643
10.6647,1102.4055,1274.2742,-99.5643
10.6746,1101.9637,1273.1812,-99.5643
10.6849,1101.5344,1272.1002,-99.5643
10.6958,1101.0804,1270.9510,-99.5643
10.7049,1100.6328,1269.8422,-99.5643
10.7153,1100.1790,1268.7407,-99.5643
10.7249,1099.7223,1267.6844,-99.5643
10.7356,1099.2977,1266.6179,-99.5643
10.7446,1098.8379,1265.5380,-99.5643
10.7547,1098.3655,1264.4196,-99.5643
10.7650,1097.9128,1263.3077,-99.5643
10.7748,1097.4476,1262.1397,-99.5643
10.7850,1096.9652,1261.0704,-99.5643
10.7949,1096.5255,1260.0367,-99.5643
10.8046,1096.0967,1259.0000,-99.5643
10.8148,1095.6468,1257.9301,-99.5643
10.8249,1095.2043,1256.7909,-99.5643
10.8347,1094.7161,1255.6677,-99.5643
10.8457,1094.2020,1254.4408,-99.5643
10.8561,1093.7250,1253.2759,-99.5643
10.8670,1093.2314,1252.1926,-99.5643
10.8746,1092.7836,1251.1016,-99.5643
10.8851,1092.3021,1250.0624,-99.5643
10.8953,1091.8614,1248.9443,-99.5643
10.9046,1091.4127,1247.8482,-99.5643
10.9147,1090.9423,1246.6774,-99.5643
10.9249,1090.4886,1245.5037,-99.5643
10.9349,1090.0073,1244.4276,-99.5643
10.9449,1089.5729,1243.3304,-99.5643
10.9552,1089.1078,1242.2665,-99.5643
10.9648,1088.6342,1241.1419,-99.5643
10.9748,1088.1530,1239.9592,-99.5643
10.9847,1087.6444,1238.7449,-99.5643
10.9953,1087.1840,1237.5505,-99.5643
11.0046,1086.7335,1236.4247,-99.5643
11.0148,1086.2640,1235.3412,-99.5643
11.0245,1085.8404,1234.2708,-99.5643
11.0354,1085.3549,1233.2080,-99.5643
11.0450,1084.8738,1232.0634,-99.5643
11.0548,1084.4141,1230.8784,-99.5643
11.0652,1083.9718,1229.6667,-99.5643
11.0747,1083.5314,1228.4872,-99.5643
11.0856,1083.0715,1227.3673,-99.5643
11.0966,1082.6038,1226.2675,-99.5643
11.1046,1082.1279,1225.1537,-99.5643
11.1147,1081.6429,1223.9775,-99.5643
11.1243,1081.1730,1222.7844,-99.5643
11.1347,1080.7370,1221.6448,-99.5643
11.1450,1080.3674,1220.5173,-99.5643
11.1550,1079.9337,1219.4915,-99.5643
11.1652,1079.5123,1218.4354,-99.5643
11.1748,1079.0587,1217.3812,-99.5643
11.1865,1078.5740,1216.2366,-99.5643
11.1946,1078.1031,1215.0368,-99.5643
11.2048,1077.7198,1213.8539,-99.5643
11.2146,1077.3809,1212.6988,-99.5643
11.2249,1076.9382,1211.6667,-99.5643
11.2345,1076.4413,1210.6031,-99.5643
11.2446,1075.9578,1209.5220,-99.5643
11.2551,1075.4824,1208.4401,-99.5643
11.2649,1075.0607,1207.2632,-99.5643
11.2745,1074.6861,1206.1059,-99.5643
11.2860,1074.3476,1204.9388,-99.5643
11.2959,1073.9485,1203.8080,-99.5643
11.3051,1073.4634,1202.7438,-99.5643
11.3152,1072.9562,1201.6496,-99.5643
11.3250,1072.4717,1200.5375,-99.5643
11.3350,1072.0145,1199.3281,-99.5643
11.3447,1071.5977,1198.1609,-99.5643
11.3547,1071.2633,1196.9908,-99.5643
11.3666,1070.8807,1195.8534,-99.5643
11.3748,1070.4150,1194.7842,-99.5643
11.3846,1069.8781,1193.7573,-99.5643
11.3949,1069.4166,1192.7049,-99.5643
11.4047,1068.9857,1191.5797,-99.5643
11.4147,1068.5731,1190.4274,-99.5643
11.4247,1068.1726,1189.3007,-99.5643
11.4355,1067.7771,1188.2065,-99.5643
11.4457,1067.3257,1187.1529,-99.5643
11.4547,1066.8591,1186.0858,-99.5643
11.4649,1066.3826,1184.9708,-99.5643
11.4748,1065.9022,1183.8833,-99.5643
11.4864,1065.4332,1182.7465,-99.5643
11.4956,1065.0688,1181.5640,-99.5643
11.5066,1064.6791,1180.4783,-99.5643
11.5146,1064.2574,1179.4252,-99.5643
11.5254,1063.7960,1178.4137,-99.5643
11.5358,1063.3465,1177.3284,-99.5643
11.5446,1062.9087,1176.2058,-99.5643
11.5550,1062.4282,1175.0134,-99.5643
11.5645,1062.0463,1173.7653,-99.5643
11.5747,1061.7047,1172.6519,-99.5643
11.5870,1061.3461,1171.5801,-99.5643
11.5958,1060.8910,1170.5815,-99.5643
11.6048,1060.4444,1169.5483,-99.5643
11.6145,1059.9760,1168.4940,-99.5643
11.6250,1059.5349,1167.3597,-99.5643
11.6358,1059.1558,1166.1360,-99.5643
11.6458,1058.7884,1164.9449,-99.5643
11.6554,1058.3342,1163.8274,-99.5643
11.6645,1057.8625,1162.7872,-99.5643
11.6745,1057.3478,1161.7286,-99.5643
11.6846,1056.8717,1160.5889,-99.5643
11.6946,1056.3527,1159.4368,-99.5643
11.7051,1055.9088,1158.2591,-99.5643
11.7145,1055.5537,1157.0611,-99.5643
11.7245,1055.1691,1155.9156,-99.5643
11.7358,1054.7078,1154.8017,-99.5643
11.7450,1054.1967,1153.7526,-99.5643
11.7551,1053.7119,1152.6768,-99.5643
11.7649,1053.1999,1151.5182,-99.5643
11.7754,1052.7379,1150.3220,-99.5643
11.7847,1052.3397,1149.1096,-99.5643
11.7947,1051.9774,1147.9688,-99.5643
11.8052,1051.5143,1146.8448,-99.5643
11.8148,1050.9791,1145.7953,-99.5643
11.8281,1050.4796,1144.7007,-99.5643
11.8346,1049.9652,1143.5654,-99.5643
11.8448,1049.4890,1142.3955,-99.5643
11.8548,1049.1620,1141.2011,-99.5643
11.8651,1048.8117,1140.0844,-99.5643
11.8746,1048.4507,1138.9965,-99.5643
11.8861,1048.0091,1137.9440,-99.5643
11.8948,1047.5501,1136.9279,-99.5643
11.9059,1047.0481,1135.8145,-99.5643
11.9149,1046.5850,1134.6663,-99.5643
11.9252,1046.1776,1133.4125,-99.5643
11.9353,1045.8190,1132.2236,-99.5643
11.9449,1045.4591,1131.0761,-99.5643
11.9554,1045.0262,1130.0074,-99.5643
11.9653,1044.5501,1128.9556,-99.5643
11.9743,1044.0798,1127.8834,-99.5643
11.9859,1043.6384,1126.7616,-99.5643
11.9947,1043.2940,1125.6046,-99.5643
12.0045,1042.9717,1124.4008,-99.5643
12.0148,1042.6118,1123.2362,-99.5643
12.0248,1042.1800,1122.0675,-99.5643
12.0347,1041.6599,1120.9413,-99.5643
12.0447,1041.1618,1119.8196,-99.5643
12.0546,1040.7179,1118.6727,-99.5643
12.0653,1040.3846,1117.5327,-99.5643
12.0746,1040.1174,1116.4118,-99.5643
12.0856,1039.7750,1115.3457,-99.5643
12.0966,1039.3409,1114.3204,-99.5643
12.1056,1038.8468,1113.2631,-99.5643
12.1146,1038.3994,1112.1861,-99.5643
12.1246,1037.9332,1111.0164,-99.5643
12.1348,1037.4998,1109.7885,-99.5643
12.1456,1037.1366,1108.6219,-99.5643
12.1549,1036.8706,1107.4585,-99.5643
12.1651,1036.4852,1106.2888,-99.5643
12.1746,1036.0090,1105.1281,-99.5643
12.1847,1035.4724,1104.0497,-99.5643
12.1948,1034.9420,1102.9807,-99.5643
12.2046,1034.5921,1101.8739,-99.5643
12.2159,1034.2856,1100.8105,-99.5643
12.2253,1033.9741,1099.6619,-99.5643
12.2352,1033.5714,1098.5978,-99.5643
12.2447,1033.0921,1097.5705,-99.5643
12.2558,1032.6132,1096.5385,-99.5643
12.2649,1032.1176,1095.4469,-99.5643
12.2754,1031.7354,1094.3321,-99.5643
12.2849,1031.3790,1093.2481,-110.9999
12.2947,1031.0879,1092.1500,-110.9934
12.3048,1030.7291,1091.0668,-110.9977
12.3152,1030.2684,1089.9945,-110.9390
12.3246,1029.6825,1088.8920,-110.6143
12.3349,1029.1731,1087.6831,-110.0377
12.3450,1028.7726,1086.5343,-109.1206
12.3549,1027.9516,1085.7118,-108.0029
12.3650,1027.4122,1084.7361,-106.7407
12.3750,1026.8676,1083.7033,-105.1006
12.3853,1026.0161,1083.0857,-103.4129
12.3960,1025.1316,1082.5178,-101.5289
12.4057,1024.3127,1082.0345,-99.4588
12.4148,1023.4857,1081.6676,-97.2257
12.4249,1022.5121,1081.3269,-94.9220
12.4353,1021.5382,1081.0240,-92.4617
12.4446,1020.4988,1080.6096,-89.8677
12.4546,1019.4259,1080.3282,-87.2159
12.4650,1018.3710,1080.0124,-84.4779
12.4752,1017.1780,1079.8134,-81.6703
12.4849,1015.9451,1079.6314,-78.7512
12.4952,1014.4930,1079.4762,-75.8008
12.5054,1013.1885,1079.3434,-72.7975
12.5157,1011.7362,1079.1469,-69.6988
12.5244,1010.1162,1078.8941,-66.6491
12.5346,1008.4262,1078.5832,-63.5407
12.5448,1006.9894,1078.2914,-60.3919
12.5548,1005.3429,1077.9425,-57.2097
12.5650,1003.8387,1077.5269,-54.0590
12.5751,1002.3236,1077.0568,-50.8454
12.5850,1001.0978,1076.5232,-47.6743
12.5946,999.8710,1075.9102,-44.4593
12.6049,998.6869,1075.3008,-41.2616
12.6147,997.3267,1074.5482,-38.0071
12.6251,995.9756,1073.7704,-34.7019
12.6345,994.5603,1072.8484,-31.4223
12.6446,993.4811,1071.7702,-28.1294
12.6550,992.6224,1070.9155,-24.8035
12.6657,991.5301,1069.7085,-21.4743
12.6746,990.4593,1068.4547,-18.1980
12.6849,989.3568,1067.2589,-14.8371
12.6948,988.1598,1065.8439,-11.4324
12.7049,986.8904,1064.2958,-8.1335
12.7151,985.7939,1062.8223,-4.7769
12.7247,984.7322,1061.2451,-1.3999
12.7357,983.7459,1059.4862,1.8980
12.7446,983.0341,1057.9761,5.1755
12.7551,982.4418,1056.4932,8.4717
12.7651,982.0056,1054.9366,8.4717
12.7747,981.5259,1053.4522,8.4717
12.7850,981.1785,1051.8000,8.4717
12.7951,980.8553,1050.1230,8.4717
12.8055,980.6379,1048.3307,8.4717
12.8145,980.6419,1046.8266,8.4717
12.8247,980.7348,1045.5292,8.4717
12.8355,981.0602,1044.7127,8.4717
12.8450,981.4373,1044.1165,8.4717
12.8545,981.9110,1043.5576,8.4717
12.8645,982.4348,1043.0653,8.4717
12.8750,983.0128,1042.9929,8.4717
12.8844,983.7238,1043.4895,8.4717
12.8947,984.5377,1043.9879,8.4717
12.9046,985.3152,1044.4855,8.4717
12.9152,986.0623,1045.0006,8.4717
12.9261,986.8863,1045.5976,8.4717
12.9365,987.8222,1046.2661,8.4717
12.9459,988.7794,1047.1151,8.4717
12.9561,989.6244,1047.8700,8.4717
12.9660,990.5117,1048.5715,8.4717
12.9771,991.3733,1049.2766,8.4717
12.9852,992.2853,1049.9242,8.4717
12.9969,993.1816,1050.6391,8.4717
13.0060,994.1132,1051.3608,8.4717
13.0164,995.0913,1052.1291,8.4717
13.0261,996.0504,1052.9666,8.4717
13.0349,997.0612,1053.7838,8.4717
13.0452,998.0085,1054.5939,8.4717
13.0549,998.9576,1055.2861,8.4717
13.0649,999.8850,1055.8994,8.4717
13.0752,1000.8170,1056.5989,8.4717
13.0862,1001.7691,1057.3303,8.4717
13.0949,1002.6637,1058.1432,8.4717
13.1048,1003.5802,1058.9644,8.4717
13.1150,1004.5443,1059.7769,8.4717
13.1247,1005.5793,1060.4816,8.4717
13.1351,1006.6072,1061.1879,8.4717
13.1443,1007.5685,1061.9690,8.4717
13.1547,1008.5091,1062.7281,8.4717
13.1658,1009.3391,1063.5162,8.4717
13.1753,1010.2297,1064.3500,8.4717
13.1864,1011.1655,1065.0919,8.4717
13.1959,1012.1354,1065.8325,8.4717
13.2047,1013.1285,1066.5409,8.4717
13.2146,1014.1247,1067.2929,8.4717
13.2254,1015.0580,1068.0551,8.4717
13.2350,1015.9489,1068.8656,8.4717
13.2446,1016.8551,1069.7130,8.4717
13.2546,1017.8083,1070.4906,8.4717
13.2649,1018.8062,1071.2172,8.4717
13.2746,1019.7236,1071.8993,8.4717
13.2851,1020.6565,1072.5688,8.4717
13.2945,1021.5857,1073.3658,8.4717
13.3047,1022.5284,1074.1392,8.4717
13.3151,1023.4147,1074.9226,8.4717
13.3247,1024.3324,1075.7354,38.5128
13.3348,1025.3608,1076.4882,38.5761
13.3450,1026.3402,1077.2107,38.5994
13.3561,1027.3291,1077.8942,38.5797
13.3653,1028.3352,1078.8632,38.5797
13.3760,1029.2828,1080.0100,38.5797
13.3845,1030.4322,1080.8358,38.5797
13.3947,1031.2830,1081.7792,38.5797
13.4049,1032.0673,1082.8334,38.5797
13.4152,1033.0278,1083.7530,38.5797
13.4253,1033.5945,1084.7404,38.5797
13.4351,1033.7965,1085.9188,38.5797
13.4462,1034.1624,1086.8294,38.5797
13.4545,1034.9555,1087.5374,38.5797
13.4656,1035.7701,1088.1920,38.5797
13.4750,1036.5664,1088.6900,38.5797
13.4846,1037.3784,1089.1988,38.5797
13.4949,1038.3310,1089.7867,38.5797
13.5048,1039.3716,1090.4541,38.5797
13.5151,1040.4909,1091.2211,38.5797
13.5258,1041.6785,1091.8505,38.5797
13.5358,1042.7595,1092.4854,38.5797
13.5455,1043.8011,1093.1166,38.5797
13.5550,1044.7661,1093.8272,38.5797
13.5662,1045.7434,1094.5314,38.5797
13.5753,1046.8088,1095.1413,38.5797
13.5849,1047.9147,1095.7995,38.5797
13.5944,1049.0737,1096.5000,38.5797
13.6056,1050.1766,1097.2521,38.5797
13.6168,1051.3010,1097.9818,38.5797
13.6255,1052.3240,1098.6489,38.5797
13.6358,1053.3315,1099.3008,38.5797
13.6445,1054.3327,1099.9621,38.5797
13.6550,1055.3800,1100.6078,38.5797
13.6645,1056.4454,1101.3065,38.5797
13.6747,1057.5291,1101.9095,38.5797
13.6860,1058.4971,1102.5448,38.5797
13.6951,1059.4677,1103.1960,38.5797
13.7055,1060.4204,1103.8390,38.5797
13.7156,1061.4352,1104.5058,38.5797
13.7267,1062.4720,1105.1215,38.5797
13.7349,1063.5396,1105.7909,38.5797
13.7446,1064.5515,1106.4329,38.5797
13.7549,1065.5254,1107.0062,38.5797
13.7656,1066.4536,1107.6188,38.5797
13.7750,1067.4469,1108.2795,38.5797
13.7846,1068.3938,1108.9476,38.5797
13.7965,1069.4156,1109.5651,38.5797
13.8043,1070.4848,1110.2181,38.5797
13.8150,1071.5615,1110.8801,38.5797
13.8250,1072.5914,1111.4872,38.5797
13.8346,1073.5893,1112.0971,38.5797
13.8445,1074.5232,1112.7216,38.5797
13.8546,1075.4971,1113.3777,38.5797
13.8645,1076.4785,1113.9897,38.5797
13.8746,1077.4768,1114.6057,38.5797
13.8846,1078.4499,1115.2950,38.5797
13.8945,1079.5225,1115.9180,38.5797
13.9049,1080.5435,1116.5682,38.5797
13.9152,1081.5390,1117.2136,38.5797
13.9247,1082.5370,1117.8681,38.5797
13.9353,1083.5440,1118.5354,38.5797
13.9447,1084.5746,1119.1815,38.5797
13.9550,1085.7084,1119.8575,38.5797
13.9663,1086.7882,1120.5132,38.5797
13.9753,1087.8263,1121.1622,38.5797
13.9857,1088.7824,1121.8327,38.5797
13.9964,1089.7394,1122.4384,38.5797
14.0054,1090.6802,1123.1262,38.5797
14.0157,1091.6645,1123.7703,38.5797
14.0246,1092.7093,1124.4175,38.5797
14.0358,1093.7881,1125.1064,38.5797
14.0451,1094.8574,1125.7452,38.5797
14.0547,1095.8438,1126.4634,38.5797
14.0648,1096.8234,1127.1119,38.5797
14.0745,1097.7868,1127.7697,38.5797
14.0852,1098.7814,1128.4460,38.5797
14.0945,1099.7639,1129.0819,38.5797
14.1052,1100.6675,1129.7584,38.5797
14.1148,1101.6631,1130.3459,38.5797
14.1245,1102.5778,1130.9736,38.5797
14.1348,1103.5108,1131.6117,38.5797
14.1464,1104.4845,1132.2693,38.5797
14.1547,1105.4579,1132.9817,38.5797
14.1649,1106.5408,1133.6514,38.5797
14.1747,1107.5924,1134.3259,38.5797
14.1846,1108.6576,1134.9614,38.5797
14.1952,1109.6714,1135.6237,38.5797
14.2048,1110.6655,1136.2806,38.5797
14.2148,1111.6157,1136.8586,38.5797
14.2256,1112.6085,1137.4641,38.5797
14.2351,1113.6603,1138.0946,38.5797
14.2459,1114.7119,1138.7646,38.5797
14.2547,1115.7992,1139.4576,38.5797
14.2647,1116.8583,1140.1774,38.5797
14.2747,1117.9261,1140.9615,38.5797
14.2845,1119.0035,1141.6150,38.5797
14.2943,1120.0847,1142.2271,38.5797
14.3048,1121.0466,1142.8481,38.5797
14.3146,1122.0095,1143.4678,38.5797
14.3245,1122.9821,1144.1528,38.5797
14.3345,1123.9987,1144.7914,38.5797
14.3445,1124.9673,1145.4296,38.5797
14.3565,1125.9936,1146.1137,38.5797
14.3652,1127.0640,1146.7648,38.5797
14.3745,1128.0755,1147.4794,38.5797
14.3849,1129.0836,1148.2402,38.5797
14.3945,1130.0474,1149.0192,38.5797
14.4054,1131.1161,1149.7405,38.5797
14.4149,1132.1979,1150.4450,38.5797
14.4244,1133.2318,1151.1453,38.5797
14.4357,1134.2497,1151.7978,38.5797
14.4448,1135.2629,1152.4745,38.5797
14.4550,1136.2213,1153.1714,38.5797
14.4649,1137.1320,1153.8924,38.5797
14.4745,1138.1072,1154.5579,38.5797
14.4849,1139.1126,1155.1282,38.5797
14.4946,1140.0866,1155.7078,38.5797
14.5065,1141.0424,1156.3476,38.5797
14.5142,1142.0546,1157.0200,38.5797
14.5247,1143.0095,1157.7286,38.5797
14.5348,1143.9827,1158.3563,38.5797
14.5449,1144.9644,1159.0294,38.5797
14.5549,1145.9572,1159.6363,38.5797
14.5650,1146.9128,1160.2415,38.5797
14.5767,1147.8298,1160.8671,38.5797
14.5857,1148.7784,1161.4953,38.5797
14.5947,1149.7399,1162.1455,38.5797
14.6047,1150.7604,1162.7842,38.5797
14.6147,1151.7759,1163.4288,38.5797
14.6247,1152.8107,1164.1033,38.5797
14.6362,1153.8873,1164.7529,38.5797
14.6463,1154.9426,1165.4760,38.5797
14.6546,1155.9666,1166.1306,38.5797
14.6650,1156.9506,1166.7877,38.5797
14.6748,1157.9094,1167.4555,38.5797
14.6854,1158.9048,1168.1392,38.5797
14.6956,1159.9222,1168.8090,38.5797
14.7060,1160.9363,1169.4128,38.5797
14.7149,1161.8596,1170.0294,38.5797
14.7243,1162.8206,1170.6860,38.5797
14.7343,1163.8026,1171.3541,38.5797
14.7448,1164.7974,1171.9933,38.5797
14.7547,1165.7749,1172.6509,38.5797
14.7648,1166.7424,1173.3055,38.5797
14.7743,1167.7554,1173.9636,38.5797
14.7853,1168.7574,1174.5708,38.5797
14.7945,1169.7504,1175.1791,38.5797
14.8042,1170.7720,1175.8304,38.5797
14.8158,1171.7116,1176.5141,38.5797
14.8262,1172.6216,1177.1808,38.5797
14.8347,1173.6068,1177.8336,38.5797
14.8459,1174.6190,1178.5164,38.5797
14.8566,1175.6254,1179.1273,38.5797
14.8647,1176.6170,1179.7580,38.5797
14.8742,1177.6089,1180.4620,38.5797
14.8848,1178.5714,1181.1470,38.5797
14.8943,1179.5181,1181.7740,38.5797
14.9044,1180.4536,1182.4175,38.5797
14.9157,1181.4613,1183.0892,38.5797
14.9259,1182.4515,1183.7297,38.5797
14.9349,1183.4474,1184.3257,38.5797
14.9450,1184.4158,1184.9659,38.5797
14.9551,1185.3968,1185.6584,38.5797
14.9645,1186.3812,1186.3447,38.5797
14.9745,1187.3372,1187.0032,38.5797
14.9847,1188.3619,1187.7130,38.5797
14.9960,1189.4382,1188.3875,38.5797
15.0051,1190.5059,1189.0629,38.5797
15.0150,1191.5590,1189.7291,38.5797
15.0244,1192.5501,1190.3706,38.5797
15.0347,1193.4646,1191.0554,38.5797
15.0444,1194.3864,1191.7425,38.5797
15.0549,1195.4114,1192.4648,38.5797
15.0659,1196.4685,1193.1932,38.5797
15.0754,1197.5200,1193.8425,38.5797
15.0848,1198.5992,1194.5081,38.5797
15.0946,1199.6229,1195.1937,38.5797
15.1046,1200.5948,1195.8968,38.5797
15.1145,1201.5024,1196.5607,38.5797
15.1253,1202.4537,1197.2928,38.5797
15.1345,1203.4936,1197.9672,38.5797
15.1448,1204.5086,1198.5701,38.5797
15.1552,1205.5479,1199.1580,38.5797
15.1667,1206.5316,1199.8564,38.5797
15.1748,1207.4734,1200.5364,38.5797
15.1849,1208.4132,1201.1927,38.5797
15.1946,1209.3746,1201.8887,38.5797
15.2044,1210.4168,1202.5770,38.5797
15.2149,1211.4857,1203.2645,38.5797
15.2244,1212.5740,1203.9293,38.5797
15.2347,1213.6324,1204.6309,38.5797
15.2444,1214.6122,1205.2600,38.5797
15.2551,1215.5104,1205.9423,38.5797
15.2645,1216.3953,1206.6665,38.5797
15.2749,1217.4057,1207.3804,38.5797
15.2849,1218.5189,1208.0361,38.5797
15.2959,1219.6047,1208.6731,38.5797
15.3057,1220.6848,1209.3462,38.5797
15.3169,1221.6839,1210.0449,38.5797
15.3248,1222.6302,1210.7093,38.5797
15.3349,1223.5412,1211.4479,38.5797
15.3450,1224.6345,1212.1537,38.5797
15.3562,1225.7300,1212.8732,38.5797
15.3651,1226.8408,1213.5544,38.5797
15.3743,1227.9024,1214.2500,38.5797
15.3857,1228.9050,1214.9337,38.5797
15.3970,1229.8313,1215.5609,38.5797
15.4049,1230.7596,1216.2961,38.5797
15.4151,1231.7995,1217.0090,38.5797
15.4252,1232.8251,1217.6622,38.5797
15.4356,1233.8726,1218.2648,38.5797
15.4449,1234.9019,1218.9246,38.5797
15.4548,1235.8811,1219.6220,38.5797
15.4656,1236.7982,1220.2386,38.5797
15.4758,1237.6830,1220.9070,38.5797
15.4849,1238.6408,1221.6371,38.5797
15.4943,1239.6536,1222.2787,38.5797
15.5045,1240.6515,1222.8964,38.5797
15.5148,1241.6709,1223.5000,38.5797
15.5246,1242.6306,1224.1714,38.5797
15.5343,1243.6254,1224.8250,38.5797
15.5445,1244.5473,1225.4814,38.5797
15.5548,1245.4570,1226.2098,38.5797
15.5649,1246.4929,1226.8803,38.5797
15.5746,1247.5508,1227.5694,38.5797
15.5858,1248.5734,1228.1620,38.5797
15.5969,1249.5613,1228.7980,38.5797
15.6047,1250.5153,1229.4899,38.5797
15.6146,1251.4705,1230.1385,38.5797
15.6247,1252.4015,1230.8494,38.5797
15.6352,1253.4219,1231.5620,38.5797
15.6446,1254.4246,1232.2206,38.5797
15.6550,1255.4170,1232.8339,38.5797
15.6647,1256.4349,1233.4371,38.5797
15.6749,1257.4108,1234.1208,38.5797
15.6844,1258.3840,1234.7749,38.5797
15.6944,1259.3227,1235.5118,38.5797
15.7047,1260.2587,1236.2680,38.5797
15.7145,1261.2908,1236.9634,38.5797
15.7244,1262.3497,1237.5983,38.5797
15.7343,1263.4094,1238.2271,38.5797
15.7455,1264.3890,1238.9114,38.5797
15.7547,1265.3293,1239.5668,38.5797
15.7644,1266.2532,1240.2778,38.5797
15.7749,1267.1830,1241.0435,38.5797
15.7852,1268.2415,1241.7385,38.5797
15.7949,1269.2519,1242.3904,38.5797
15.8051,1270.2220,1243.0095,38.5797
15.8145,1271.1736,1243.6638,38.5797
15.8243,1272.0813,1244.3089,38.5797
15.8346,1272.9810,1244.9565,38.5797
15.8445,1273.8821,1245.6719,38.5797
15.8545,1274.8412,1246.3984,38.5797
15.8648,1275.8614,1247.1028,38.5797
15.8746,1276.8892,1247.8010,38.5797
15.8853,1277.8889,1248.4377,38.5797
15.8949,1278.8398,1249.0731,38.5797
15.9049,1279.7120,1249.7388,38.5797
15.9168,1280.6399,1250.4286,38.5797
15.9248,1281.6848,1251.1362,38.5797
15.9351,1282.7406,1251.8257,38.5797
15.9458,1283.7355,1252.4435,38.5797
15.9548,1284.7767,1253.1049,34.0933
15.9653,1285.7589,1253.7742,34.1146
15.9747,1286.6892,1254.4144,34.1241
15.9849,1287.5891,1255.0944,34.0950
15.9948,1288.5910,1255.9703,34.0950
16.0053,1289.8340,1256.9753,34.0950
16.0146,1290.9894,1257.7287,34.0950
16.0248,1291.7947,1258.8141,34.0950
16.0345,1292.6135,1259.6301,34.0950
16.0445,1293.0891,1260.5782,34.0950
16.0548,1293.3342,1261.7881,34.0950
16.0648,1294.0372,1262.7439,34.0950
16.0742,1294.9184,1263.6480,34.0950
16.0851,1295.8453,1264.3481,34.0950
16.0951,1296.7155,1264.8867,34.0950
16.1054,1297.6342,1265.3735,34.0950
16.1144,1298.6713,1265.8298,34.0950
16.1245,1299.6871,1266.4296,34.0950
16.1346,1300.7620,1266.9927,34.0950
16.1445,1301.8860,1267.4846,34.0950
16.1546,1303.0532,1268.0065,34.0950
16.1644,1304.1231,1268.6221,34.0950
16.1756,1305.0984,1269.2471,34.0950
16.1858,1306.0449,1269.8026,34.0950
16.1958,1307.0313,1270.2663,34.0950
16.2046,1308.0494,1270.6660,34.0950
16.2148,1309.0670,1271.1899,34.0950
16.2247,1310.1096,1271.7399,34.0950
16.2357,1311.1810,1272.3133,34.0950
16.2448,1312.2278,1272.9402,34.0950
16.2552,1313.2348,1273.4679,34.0950
16.2667,1314.2769,1273.9999,34.0950
16.2746,1315.3694,1274.5188,34.0950
16.2848,1316.4799,1275.1021,34.0950
16.2943,1317.5493,1275.7177,34.0950
16.3049,1318.6368,1276.3081,34.0950
16.3157,1319.7288,1276.9318,34.0950
16.3245,1320.7663,1277.5325,34.0950
16.3345,1321.8136,1278.0968,34.0950
16.3446,1322.8600,1278.6385,34.0950
16.3547,1323.9430,1279.1394,34.0950
16.3645,1324.9854,1279.6490,34.0950
16.3745,1326.0518,1280.2312,34.0950
16.3851,1327.1221,1280.8417,34.0950
16.3950,1328.1462,1281.4429,34.0950
16.4056,1329.1711,1281.9844,34.0950
16.4153,1330.2256,1282.4902,34.0950
16.4246,1331.3145,1282.9832,34.0950
16.4346,1332.3704,1283.4718,34.0950
16.4455,1333.4075,1284.0297,34.0950
16.4567,1334.4271,1284.6326,34.0950
16.4646,1335.4613,1285.2635,34.0950
16.4745,1336.4594,1285.8193,34.0950
16.4849,1337.4676,1286.3248,34.0950
16.4955,1338.5562,1286.8347,34.0950
16.5055,1339.6959,1287.3541,34.0950
16.5150,1340.8027,1287.8979,34.0950
16.5248,1341.8968,1288.4825,34.0950
16.5351,1342.9404,1289.1195,34.0950
16.5462,1343.9464,1289.7203,34.0950
16.5543,1345.0256,1290.2469,34.0950
16.5648,1346.1526,1290.7981,34.0950
16.5744,1347.2807,1291.3204,34.0950
16.5844,1348.3385,1291.8469,34.0950
16.5943,1349.3835,1292.4257,34.0950
16.6048,1350.4053,1293.0486,34.0950
16.6148,1351.4016,1293.6660,34.0950
16.6244,1352.4537,1294.1950,34.0950
16.6348,1353.5461,1294.7689,34.0950
16.6451,1354.7204,1295.3080,34.0950
16.6566,1355.9056,1295.8865,34.0950
16.6642,1357.0412,1296.5038,34.0950
16.6749,1358.1142,1297.0695,34.0950
16.6847,1359.1068,1297.6577,34.0950
16.6947,1360.0886,1298.2228,34.0950
16.7052,1361.1332,1298.7628,34.0950
16.7151,1362.2579,1299.2910,34.0950
16.7244,1363.3698,1299.8187,34.0950
16.7354,1364.4728,1300.4511,34.0950
16.7456,1365.5377,1301.0660,34.0950
16.7547,1366.6065,1301.6715,34.0950
16.7647,1367.6567,1302.2435,34.0950
16.7749,1368.7125,1302.7924,34.0950
16.7845,1369.8090,1303.3452,34.0950
16.7954,1370.9136,1303.8677,34.0950
16.8045,1371.9771,1304.4350,34.0950
16.8156,1373.0012,1305.0294,34.0950
16.8251,1374.0259,1305.6525,34.0950
16.8356,1375.0497,1306.2361,34.0950
16.8454,1376.1703,1306.7914,34.0950
16.8554,1377.2898,1307.3416,34.0950
16.8652,1378.4134,1307.9270,34.0950
16.8747,1379.4908,1308.5242,34.0950
16.8853,1380.5093,1309.1210,34.0950
16.8956,1381.4946,1309.6838,34.0950
16.9045,1382.4562,1310.2106,34.0950
16.9169,1383.5079,1310.7587,34.0950
16.9244,1384.6276,1311.3158,34.0950
16.9347,1385.7751,1311.9082,34.0950
16.9446,1386.9462,1312.5425,34.0950
16.9550,1388.0647,1313.2057,34.0950
16.9647,1389.1183,1313.8058,34.0950
16.9747,1390.1623,1314.3686,34.0950
16.9848,1391.2241,1314.9548,34.0950
16.9947,1392.3295,1315.5098,34.0950
17.0065,1393.4645,1316.0848,34.0950
17.0147,1394.5811,1316.6727,34.0950
17.0249,1395.5881,1317.2764,34.0950
17.0345,1396.5444,1317.8220,34.0950
17.0448,1397.5533,1318.4053,34.0950
17.0546,1398.5687,1319.0012,34.0950
17.0651,1399.6422,1319.4773,34.0950
17.0746,1400.7664,1320.0287,34.0950
17.0843,1401.8522,1320.5502,34.0950
17.0946,1402.8781,1321.1564,34.0950
17.1059,1403.8818,1321.7572,34.0950
17.1155,1404.8669,1322.2966,34.0950
17.1246,1405.8368,1322.8190,34.0950
17.1347,1406.8870,1323.2923,34.0950
17.1449,1407.9761,1323.8447,34.0950
17.1550,1409.0562,1324.4150,34.0950
17.1648,1410.1389,1324.9954,34.0950
17.1764,1411.1769,1325.6055,34.0950
17.1853,1412.1706,1326.1456,34.0950
17.1945,1413.1730,1326.7036,34.0950
17.2045,1414.2033,1327.2498,34.0950
17.2144,1415.2873,1327.7836,34.0950
17.2248,1416.3751,1328.3640,34.0950
17.2347,1417.4889,1328.9574,34.0950
17.2458,1418.5070,1329.5420,34.0950
17.2548,1419.5184,1330.1127,34.0950
17.2650,1420.5096,1330.7019,34.0950
17.2745,1421.5003,1331.2825,34.0950
17.2861,1422.5677,1331.8469,34.0950
17.2949,1423.6884,1332.4213,34.0950
17.3045,1424.7402,1332.9952,34.0950
17.3149,1425.7924,1333.5902,34.0950
17.3244,1426.8165,1334.1855,34.0950
17.3356,1427.8497,1334.7128,34.0950
17.3444,1428.8304,1335.3126,34.0950
17.3547,1429.9026,1335.8691,34.0950
17.3648,1431.0236,1336.4414,34.0950
17.3748,1432.1659,1337.0382,34.0950
17.3848,1433.2479,1337.6523,34.0950
17.3948,1434.2413,1338.2529,34.0950
17.4050,1435.2278,1338.8041,34.0950
17.4148,1436.2336,1339.3481,34.0950
17.4258,1437.2750,1339.9016,34.0950
17.4354,1438.4009,1340.4482,34.0950
17.4449,1439.4766,1341.0142,34.0950
17.4546,1440.5344,1341.5871,34.0950
17.4646,1441.5656,1342.1870,34.0950
17.4762,1442.5645,1342.7478,34.0950
17.4849,1443.5667,1343.3008,34.0950
17.4944,1444.5728,1343.9025,34.0950
17.5045,1445.6367,1344.4931,34.0950
17.5146,1446.7089,1345.0588,34.0950
17.5248,1447.7595,1345.6316,34.0950
17.5348,1448.8170,1346.2228,34.0950
17.5447,1449.8347,1346.8214,34.0950
17.5543,1450.8920,1347.3890,34.0950
17.5649,1451.9235,1347.9763,34.0950
17.5744,1453.0395,1348.5249,34.0950
17.5844,1454.2007,1349.0723,34.0950
17.5947,1455.3157,1349.6840,34.0950
17.6048,1456.3911,1350.2318,34.0950
17.6166,1457.4321,1350.8164,34.0950
17.6247,1458.4499,1351.3672,34.0950
17.6349,1459.4522,1351.9343,34.0950
17.6443,1460.5290,1352.5323,34.0950
17.6553,1461.6731,1353.1874,34.0950
17.6650,1462.8586,1353.8372,34.0950
17.6744,1463.9982,1354.4881,34.0950
17.6847,1465.0475,1355.0858,34.0950
17.6948,1466.0471,1355.6360,34.0950
17.7060,1467.0325,1356.1921,34.0950
17.7157,1468.1230,1356.7420,34.0950
17.7263,1469.2036,1357.3550,34.0950
17.7348,1470.2900,1357.9438,34.0950
17.7445,1471.3259,1358.5516,34.0950
17.7549,1472.3387,1359.0954,34.0950
17.7655,1473.3456,1359.7021,34.0950
17.7751,1474.3868,1360.2868,34.0950
17.7849,1475.4001,1360.8856,34.0950
17.7944,1476.4696,1361.4904,34.0950
17.8046,1477.6259,1362.1031,34.0950
17.8150,1478.7670,1362.7583,34.0950
17.8245,1479.7791,1363.3491,34.0950
17.8358,1480.7649,1363.9688,34.0950
17.8449,1481.7602,1364.5149,34.0950
17.8548,1482.8053,1365.1168,34.0950
17.8648,1483.8414,1365.7283,34.0950
17.8748,1484.9070,1366.3354,34.0950
17.8849,1485.9191,1366.8808,34.0950
17.8947,1486.8787,1367.3774,34.0950
17.9049,1487.8271,1367.8893,34.0950
17.9183,1488.8057,1368.4446,34.0950
17.9249,1489.7930,1368.9854,34.0950
17.9352,1490.8621,1369.5741,34.0950
17.9445,1491.9788,1370.2009,34.0950
17.9547,1493.1185,1370.8207,34.0950
17.9646,1494.1222,1371.3710,34.0950
17.9746,1495.0565,1371.8920,34.0950
17.9846,1495.9574,1372.4424,34.0950
17.9951,1496.8874,1372.9623,34.0950
18.0045,1497.8866,1373.5632,34.0950
18.0146,1498.9224,1374.2194,34.0950
18.0246,1500.0298,1374.8246,34.0950
18.0348,1501.1445,1375.4369,34.0950
18.0449,1502.1716,1375.9944,34.0950
18.0553,1503.1200,1376.5534,34.0950
18.0658,1504.0879,1377.1337,34.0950
18.0750,1505.0867,1377.7229,34.0950
18.0854,1506.1237,1378.3617,34.0950
18.0948,1507.2178,1378.9740,28.8335
18.1051,1508.3138,1379.5691,28.8458
18.1146,1509.3239,1380.1174,28.8526
18.1247,1510.3013,1380.6739,28.8154
18.1352,1511.3009,1381.4203,28.8154
18.1442,1512.4637,1382.3538,28.8154
18.1549,1513.8123,1383.0156,28.8154
18.1645,1514.7667,1383.8121,28.8154
18.1745,1515.4959,1384.7902,28.8154
18.1847,1516.1921,1385.5529,28.8154
18.1950,1516.6230,1386.5242,28.8154
18.2053,1517.1508,1387.4953,28.8154
18.2145,1517.9630,1388.0709,28.8154
18.2244,1518.8278,1388.5820,28.8154
18.2349,1519.7691,1389.0366,28.8154
18.2446,1520.8998,1389.3386,28.8154
18.2550,1522.0317,1389.8036,28.8154
18.2649,1523.1452,1390.3569,28.8154
18.2750,1524.2247,1390.9091,28.8154
18.2854,1525.3394,1391.3353,28.8154
18.2946,1526.5716,1391.7083,28.8154
18.3048,1527.7847,1392.2200,28.8154
18.3150,1528.9623,1392.7286,28.8154
18.3244,1530.0605,1393.2762,28.8154
18.3344,1531.0742,1393.7047,28.8154
18.3446,1532.0710,1394.0894,28.8154
18.3545,1533.0955,1394.5388,28.8154
18.3646,1534.2301,1394.9748,28.8154
18.3744,1535.4315,1395.4488,28.8154
18.3849,1536.6965,1395.9112,28.8154
18.3944,1537.9749,1396.4643,28.8154
18.4046,1539.1359,1397.0016,28.8154
18.4144,1540.2121,1397.4417,28.8154
18.4243,1541.2371,1397.9305,28.8154
18.4349,1542.3380,1398.3455,28.8154
18.4445,1543.5462,1398.8140,28.8154
18.4544,1544.7385,1399.3090,28.8154
18.4646,1545.8305,1399.7883,28.8154
18.4743,1546.8582,1400.2665,28.8154
18.4848,1547.8896,1400.7202,28.8154
18.4945,1548.9722,1401.2104,28.8154
18.5046,1550.1105,1401.6447,28.8154
18.5144,1551.3202,1402.0918,28.8154
18.5246,1552.5855,1402.5873,28.8154
18.5351,1553.7793,1403.0955,28.8154
18.5443,1554.9037,1403.6302,28.8154
18.5548,1555.9348,1404.0892,28.8154
18.5649,1556.9501,1404.5260,28.8154
18.5749,1557.9943,1404.9636,28.8154
18.5847,1559.1379,1405.3704,28.8154
18.5946,1560.2756,1405.8675,28.8154
18.6048,1561.4529,1406.4203,28.8154
18.6147,1562.6519,1406.9813,28.8154
18.6247,1563.7836,1407.4484,28.8154
18.6353,1564.8369,1407.8943,28.8154
18.6446,1565.8942,1408.3570,28.8154
18.6546,1567.0210,1408.8094,28.8154
18.6650,1568.2057,1409.2696,28.8154
18.6752,1569.4003,1409.8275,28.8154
18.6862,1570.5101,1410.3748,28.8154
18.6953,1571.6003,1410.8628,28.8154
18.7058,1572.6703,1411.3472,28.8154
18.7144,1573.7742,1411.8271,28.8154
18.7245,1574.8969,1412.2435,28.8154
18.7346,1576.0657,1412.6982,28.8154
18.7453,1577.1843,1413.1999,28.8154
18.7546,1578.1977,1413.6861,28.8154
18.7647,1579.1953,1414.0901,28.8154
18.7746,1580.2502,1414.5663,28.8154
18.7866,1581.3084,1415.0268,28.8154
18.7947,1582.3867,1415.4752,28.8154
18.8048,1583.5425,1415.9851,28.8154
18.8146,1584.7183,1416.5060,28.8154
18.8247,1585.8185,1416.9952,28.8154
18.8352,1586.8585,1417.4193,28.8154
18.8442,1587.8210,1417.8830,28.8154
18.8547,1588.8297,1418.3238,28.8154
18.8643,1589.8731,1418.7506,28.8154
18.8752,1590.9706,1419.1805,28.8154
18.8856,1592.1319,1419.6720,28.8154
18.8945,1593.2488,1420.2094,28.8154
18.9042,1594.3560,1420.6830,28.8154
18.9147,1595.3999,1421.1393,28.8154
18.9247,1596.4500,1421.5771,28.8154
18.9364,1597.4685,1422.0011,28.8154
18.9460,1598.5303,1422.4639,28.8154
18.9545,1599.6785,1422.9225,28.8154
18.9649,1600.8403,1423.4434,28.8154
18.9754,1601.9421,1423.9172,28.8154
18.9856,1602.9784,1424.3664,28.8154
18.9957,1604.0061,1424.7686,28.8154
19.0049,1605.0929,1425.2266,28.8154
19.0145,1606.2288,1425.7382,28.8154
19.0247,1607.4658,1426.3096,28.8154
19.0351,1608.6447,1426.8655,28.8154
19.0446,1609.7328,1427.3496,28.8154
19.0546,1610.7464,1427.7371,28.8154
19.0649,1611.7322,1428.1593,28.8154
19.0749,1612.7555,1428.6034,28.8154
19.0862,1613.8589,1429.0919,28.8154
19.0947,1615.0637,1429.7079,28.8154
19.1046,1616.3119,1430.3199,28.8154
19.1147,1617.4801,1430.8489,28.8154
19.1265,1618.5784,1431.2983,28.8154
19.1350,1619.5999,1431.7287,28.8154
19.1458,1620.5836,1432.1376,28.8154
19.1547,1621.6357,1432.5947,28.8154
19.1650,1622.7549,1433.1716,28.8154
19.1745,1623.8857,1433.6921,28.8154
19.1848,1625.0059,1434.2169,28.8154
19.1946,1626.0875,1434.6869,28.8154
19.2046,1627.1100,1435.1447,28.8154
19.2144,1628.1455,1435.6424,28.8154
19.2242,1629.2540,1436.0831,28.8154
19.2351,1630.4238,1436.5599,28.8154
19.2444,1631.6517,1437.0562,28.8154
19.2549,1632.8629,1437.5760,28.8154
19.2645,1633.9424,1438.0732,28.8154
19.2760,1634.9373,1438.4575,28.8154
19.2843,1635.9633,1438.9078,28.8154
19.2949,1637.0095,1439.3709,28.8154
19.3049,1638.1895,1439.8561,28.8154
19.3148,1639.4254,1440.4079,28.8154
19.3245,1640.6893,1440.9924,28.8154
19.3350,1641.8719,1441.5471,28.8154
19.3448,1642.9902,1442.0446,28.8154
19.3547,1644.0646,1442.4484,28.8154
19.3644,1645.1221,1442.8977,28.8154
19.3749,1646.2549,1443.3624,28.8154
19.3856,1647.4703,1443.9246,28.8154
19.3945,1648.6412,1444.4506,28.8154
19.4043,1649.7567,1444.9141,28.8154
19.4158,1650.7819,1445.3808,28.8154
19.4255,1651.8485,1445.8505,28.8154
19.4359,1652.9139,1446.3437,28.8154
19.4449,1654.0663,1446.8729,28.8154
19.4549,1655.2204,1447.4443,28.8154
19.4649,1656.3920,1448.0386,28.8154
19.4747,1657.5613,1448.5387,28.8154
19.4862,1658.6793,1449.0630,23.5938
19.4947,1659.7711,1449.5175,23.6443
19.5049,1660.8625,1449.9659,23.6724
19.5167,1661.9397,1450.5449,23.6119
19.5243,1663.1199,1451.3615,23.3001
19.5346,1664.3686,1452.2247,23.3001
19.5444,1665.3950,1452.8149,23.3001
19.5545,1666.2806,1453.7128,23.3001
19.5650,1667.2794,1454.4697,23.3001
19.5743,1668.1004,1455.2056,23.3001
19.5848,1668.7300,1456.2460,23.3001
19.5949,1669.3570,1457.2382,23.3001
19.6050,1670.0208,1458.2210,23.3001
19.6151,1670.8187,1459.0261,23.3001
19.6244,1671.7996,1459.6081,23.3001
19.6344,1672.9512,1460.0231,23.3001
19.6444,1674.2354,1460.1672,23.3001
19.6545,1675.4111,1460.3079,23.3001
19.6661,1676.4270,1460.6088,23.3001
19.6752,1677.4046,1460.9666,23.3001
19.6858,1678.4711,1461.2838,23.3001
19.6957,1679.6600,1461.5126,23.3001
19.7047,1680.8833,1461.7405,23.3001
19.7143,1682.0453,1461.9922,23.3001
19.7247,1683.1552,1462.2724,23.3001
19.7346,1684.2146,1462.5989,23.3001
19.7447,1685.2605,1462.9512,23.3001
19.7548,1686.2692,1463.2886,23.3001
19.7650,1687.3716,1463.5511,23.3001
19.7743,1688.5353,1463.8093,23.3001
19.7845,1689.7436,1464.0850,23.3001
19.7943,1690.9976,1464.3318,23.3001
19.8047,1692.1913,1464.6421,23.3001
19.8149,1693.2745,1464.9576,23.3001
19.8246,1694.3053,1465.3380,23.3001
19.8345,1695.3683,1465.6333,23.3001
19.8443,1696.4831,1465.8921,23.3001
19.8545,1697.6527,1466.1432,23.3001
19.8650,1698.9002,1466.4114,23.3001
19.8744,1700.1302,1466.7466,23.3001
19.8844,1701.2743,1467.0375,23.3001
19.8943,1702.3295,1467.3547,23.3001
19.9062,1703.3642,1467.6887,23.3001
19.9151,1704.5151,1467.9443,23.3001
19.9247,1705.7007,1468.2432,23.3001
19.9347,1706.9607,1468.5196,23.3001
19.9447,1708.2563,1468.8127,23.3001
19.9550,1709.4656,1469.1463,23.3001
19.9645,1710.5426,1469.4952,23.3001
19.9746,1711.5453,1469.8282,23.3001
19.9856,1712.6218,1470.0599,23.3001
19.9957,1713.7582,1470.2903,23.3001
20.0058,1714.9572,1470.5493,23.3001
20.0156,1716.2264,1470.8647,23.3001
20.0248,1717.4451,1471.2640,23.3001
20.0346,1718.5562,1471.6196,23.3001
20.0446,1719.6208,1471.9869,23.3001
20.0560,1720.7366,1472.2476,23.3001
20.0656,1721.9032,1472.5150,23.3001
20.0751,1723.1201,1472.8160,23.3001
20.0846,1724.3943,1473.1138,23.3001
20.0944,1725.6155,1473.5013,23.3001
20.1052,1726.7546,1473.8608,23.3001
20.1155,1727.7830,1474.2000,23.3001
20.1247,1728.8116,1474.5212,23.3001
20.1347,1729.9250,1474.7471,23.3001
20.1445,1731.1203,1475.0479,23.3001
20.1562,1732.3930,1475.3474,23.3001
20.1662,1733.6837,1475.7067,23.3001
20.1744,1734.8546,1476.0790,23.3001
20.1858,1735.9483,1476.4449,23.3001
20.1945,1736.9785,1476.7808,23.3001
20.2046,1738.0660,1477.0217,23.3001
20.2149,1739.2398,1477.2918,23.3001
20.2264,1740.4185,1477.5841,23.3001
20.2357,1741.6853,1477.8993,23.3001
20.2443,1742.9329,1478.2849,23.3001
20.2547,1744.0750,1478.6477,23.3001
20.2646,1745.1551,1478.9986,23.3001
20.2746,1746.3181,1479.2864,23.3001
20.2854,1747.5354,1479.5270,23.3001
20.2957,1748.7831,1479.8087,23.3001
20.3055,1750.0518,1480.0910,23.3001
20.3156,1751.2932,1480.4438,23.3001
20.3258,1752.4012,1480.7977,23.3001
20.3349,1753.4905,1481.1151,23.3001
20.3445,1754.5812,1481.4427,23.3001
20.3548,1755.7571,1481.6903,23.3001
20.3648,1756.9674,1481.9737,23.3001
20.3747,1758.1931,1482.2661,23.3001
20.3845,1759.3404,1482.5721,23.3001
20.3951,1760.4200,1482.9230,23.3001
20.4061,1761.5148,1483.2466,23.3001
20.4156,1762.5826,1483.5668,23.3001
20.4253,1763.7115,1483.7935,23.3001
20.4348,1764.9051,1484.0232,23.3001
20.4442,1766.1692,1484.3226,23.3001
20.4560,1767.3773,1484.6221,23.3001
20.4646,1768.5070,1484.9970,23.3001
20.4749,1769.5790,1485.3114,23.3001
20.4849,1770.6056,1485.6849,23.3001
20.4952,1771.6820,1485.9907,23.3001
20.5049,1772.8459,1486.2443,23.3001
20.5148,1774.0967,1486.4930,23.3001
20.5246,1775.3755,1486.7303,23.3001
20.5348,1776.5918,1487.0327,23.3001
20.5445,1777.7088,1487.3519,23.3001
20.5545,1778.7734,1487.6990,23.3001
20.5646,1779.8440,1488.0463,23.3001
20.5745,1780.9828,1488.3388,23.3001
20.5848,1782.1631,1488.6165,23.3001
20.5946,1783.3834,1488.8421,23.3001
20.6057,1784.5623,1489.1488,23.3001
20.6160,1785.6731,1489.4774,23.3001
20.6252,1786.7910,1489.8250,23.3001
20.6357,1787.9003,1490.1706,23.3001
20.6464,1789.0438,1490.4363,23.3001
20.6556,1790.2639,1490.7238,23.3001
20.6648,1791.4924,1491.0402,23.3001
20.6746,1792.6715,1491.4018,23.3001
20.6853,1793.7876,1491.7899,23.3001
20.6943,1794.9188,1492.1430,23.3001
20.7047,1796.0196,1492.4935,23.3001
20.7149,1797.1537,1492.7788,23.3001
20.7254,1798.3662,1493.0510,23.3001
20.7357,1799.5867,1493.3787,23.3001
20.7445,1800.7677,1493.7084,23.3001
20.7548,1801.9153,1494.0916,23.3001
20.7649,1803.0403,1494.4550,23.3001
20.7745,1804.1314,1494.7590,23.3001
20.7848,1805.2451,1495.0944,23.3001
20.7946,1806.3968,1495.3882,23.3001
20.8045,1807.5728,1495.6933,23.3001
20.8147,1808.7402,1496.0127,23.3001
20.8243,1809.8794,1496.3766,23.3001
20.8354,1810.9466,1496.7096,23.3001
20.8457,1812.0215,1497.0151,23.3001
20.8554,1813.2011,1497.2740,23.3001
20.8653,1814.4285,1497.5530,23.3001
20.8746,1815.6853,1497.8205,23.3001
20.8846,1816.9619,1498.1998,23.3001
20.8943,1818.1414,1498.5672,23.3001
20.9056,1819.2260,1498.9150,23.3001
20.9152,1820.2822,1499.2302,23.3001
20.9250,1821.3792,1499.4739,23.3001
20.9343,1822.4876,1499.7159,23.3001
20.9447,1823.6926,1499.9633,23.3001
20.9547,1824.9561,1500.3354,15.0218
20.9644,1826.2289,1500.7733,14.9945
20.9748,1827.4847,1501.1741,14.9916
20.9849,1828.6508,1501.5762,14.9717
20.9945,1829.8813,1502.0814,14.6733
21.0051,1831.3389,1502.5962,14.6733
21.0160,1832.7571,1502.9702,14.6733
21.0246,1833.8334,1503.6741,14.6733
21.0350,1835.1156,1504.3806,14.6733
21.0450,1836.4368,1504.8123,14.6733
21.0546,1837.4232,1505.4945,14.6733
21.0647,1838.2549,1506.5107,14.6733
21.0745,1839.2888,1507.3264,14.6733
21.0849,1840.3834,1507.9225,14.6733
21.0946,1841.4877,1508.3124,14.6733
21.1048,1842.5959,1508.4243,14.6733
21.1155,1843.7007,1508.4940,14.6733
21.1258,1844.8318,1508.6124,14.6733
21.1350,1845.9515,1508.7709,14.6733
21.1446,1847.0204,1508.9056,14.6733
21.1549,1848.1527,1509.0322,14.6733
21.1648,1849.3483,1509.0147,14.6733
21.1748,1850.5195,1509.1040,14.6733
21.1847,1851.6305,1509.2930,14.6733
21.1947,1852.7615,1509.4878,14.6733
21.2049,1853.9824,1509.7282,14.6733
21.2148,1855.2371,1509.7816,14.6733
21.2242,1856.4542,1509.8807,14.6733
21.2350,1857.5773,1509.9880,14.6733
21.2446,1858.7176,1510.1047,14.6733
21.2546,1859.8822,1510.2319,14.6733
21.2647,1861.0932,1510.3978,14.6733
21.2747,1862.3682,1510.6519,14.6733
21.2854,1863.5499,1510.7868,14.6733
21.2946,1864.7482,1510.8438,14.6733
21.3049,1865.9069,1510.9644,14.6733
21.3151,1867.0535,1511.0436,14.6733
21.3246,1868.1862,1511.1564,14.6733
21.3346,1869.3619,1511.3358,14.6733
21.3444,1870.5660,1511.5339,14.6733
21.3546,1871.7548,1511.7048,14.6733
21.3651,1872.9683,1511.7723,14.6733
21.3746,1874.1062,1511.9233,14.6733
21.3851,1875.2124,1512.0304,14.6733
21.3946,1876.3400,1512.1382,14.6733
21.4049,1877.4871,1512.2634,14.6733
21.4152,1878.6865,1512.4206,14.6733
21.4245,1879.9417,1512.6392,14.6733
21.4349,1881.1887,1512.7446,14.6733
21.4446,1882.3810,1512.8406,14.6733
21.4547,1883.5315,1512.9880,14.6733
21.4646,1884.6747,1513.0636,14.6733
21.4742,1885.8230,1513.1680,14.6733
21.4847,1887.0106,1513.3100,14.6733
21.4945,1888.2417,1513.5062,14.6733
21.5047,1889.4681,1513.6661,14.6733
21.5158,1890.6767,1513.8060,14.6733
21.5243,1891.8661,1513.9631,14.6733
21.5354,1893.0355,1514.0776,14.6733
21.5449,1894.1896,1514.1448,14.6733
21.5545,1895.4011,1514.2750,14.6733
21.5646,1896.6675,1514.4526,14.6733
21.5746,1897.9487,1514.6386,14.6733
21.5849,1899.2203,1514.7267,14.6733
21.5946,1900.4076,1514.8681,14.6733
21.6045,1901.4825,1515.0381,14.6733
21.6145,1902.6332,1515.1169,6.2393
21.6250,1903.8256,1515.3000,6.2633
21.6347,1905.0812,1515.4362,6.2873
21.6455,1906.3217,1515.6273,6.2297
21.6556,1907.6547,1515.9830,5.8930
21.6660,1909.0126,1516.4274,5.2233
21.6763,1910.2842,1516.6949,4.2746
21.6853,1911.5232,1517.3385,3.1133
21.6956,1912.9076,1517.8758,1.7727
21.7055,1914.1541,1518.3217,0.1310
21.7157,1915.2072,1519.0998,-1.6190
21.7250,1916.1660,1520.1295,-3.6007
21.7359,1917.1213,1520.7581,-5.6720
21.7450,1917.8517,1521.8456,-7.9431
21.7556,1918.7625,1522.7835,-10.2519
21.7646,1919.5573,1523.6564,-10.2519
21.7745,1920.1737,1524.8060,-10.2519
21.7845,1920.7788,1526.0468,-10.2519
21.7948,1921.2520,1527.5109,-10.2519
21.8048,1921.8551,1528.8342,-10.2519
21.8143,1922.5932,1530.2048,-10.2519
21.8247,1923.4069,1530.9529,-10.2519
21.8347,1924.3105,1531.4917,-10.2519
21.8454,1925.3450,1531.9186,-10.2519
21.8559,1926.3555,1532.2227,-10.2519
21.8656,1927.2874,1532.2441,-10.2519
21.8745,1928.2798,1531.9150,-10.2519
21.8857,1929.2484,1531.2745,-10.2519
21.8945,1929.9974,1530.5728,-10.2519
21.9047,1930.7929,1530.1349,-10.2519
21.9148,1931.7928,1529.7914,-10.2519
21.9246,1932.8472,1529.2321,-10.2519
21.9352,1933.8205,1528.4672,-10.2519
21.9446,1934.7726,1527.7108,-10.2519
21.9550,1935.8122,1527.0195,-10.2519
21.9664,1936.8557,1526.4694,-10.2519
21.9745,1937.8395,1525.9613,-10.2519
21.9846,1938.7341,1525.4205,-10.2519
21.9947,1939.6029,1524.8650,-10.2519
22.0050,1940.5544,1524.2236,-10.2519
22.0149,1941.5614,1523.5535,-10.2519
22.0245,1942.6170,1522.7985,-10.2519
22.0350,1943.7239,1522.1320,-10.2519
22.0454,1944.7914,1521.5787,-10.2519
22.0543,1945.8367,1520.9929,-10.2519
22.0643,1946.8780,1520.4054,-10.2519
22.0744,1947.9188,1519.6637,-10.2519
22.0847,1948.8856,1518.8864,-10.2519
22.0944,1949.8432,1518.1780,-10.2519
22.1046,1950.9308,1517.5240,-10.2519
22.1154,1952.0163,1516.9058,-10.2519
22.1253,1953.0895,1516.2379,-10.2519
22.1361,1954.1986,1515.5981,-10.2519
22.1446,1955.2829,1514.9286,-10.2519
22.1546,1956.2862,1514.2108,-10.2519
22.1648,1957.2690,1513.4530,-10.2519
22.1746,1958.2833,1512.7302,-10.2519
22.1863,1959.3342,1512.1464,-10.2519
22.1943,1960.3788,1511.5823,-10.2519
22.2048,1961.3828,1511.0041,-10.2519
22.2146,1962.4361,1510.3847,-10.2519
22.2244,1963.5342,1509.7233,-10.2519
22.2346,1964.5661,1509.0653,-10.2519
22.2445,1965.6258,1508.3603,-10.2519
22.2550,1966.6919,1507.7061,-10.2519
22.2651,1967.7066,1507.1473,-10.2519
22.2765,1968.7277,1506.5518,-10.2519
22.2855,1969.7462,1505.9590,-10.2519
22.2952,1970.7650,1505.3113,-10.2519
22.3047,1971.7238,1504.6863,-10.2519
22.3149,1972.7045,1504.0880,-10.2519
22.3247,1973.7773,1503.4825,-10.2519
22.3354,1974.8319,1502.9153,-10.2519
22.3448,1975.8964,1502.3337,-10.2519
22.3549,1976.9665,1501.7476,-10.2519
22.3665,1978.0945,1501.1255,-10.2519
22.3745,1979.1345,1500.4081,-10.2519
22.3855,1980.1931,1499.7211,-10.2519
22.3944,1981.2220,1499.1122,-10.2519
22.4063,1982.2473,1498.5787,-10.2519
22.4159,1983.2414,1498.0692,-10.2519
22.4246,1984.2800,1497.4666,-10.2519
22.4347,1985.2964,1496.8708,-10.2519
22.4443,1986.2331,1496.1841,-10.2519
22.4545,1987.2236,1495.5230,-10.2519
22.4648,1988.2401,1494.9157,-10.2519
22.4746,1989.2415,1494.3237,-10.2519
22.4865,1990.2496,1493.7792,-10.2519
22.4966,1991.2986,1493.1960,-10.2519
22.5044,1992.3127,1492.6113,-10.2519
22.5145,1993.3128,1491.9619,-10.2519
22.5245,1994.2586,1491.2977,-10.2519
22.5343,1995.1978,1490.7166,-10.2519
22.5444,1996.1650,1490.1561,-10.2519
22.5549,1997.1663,1489.6686,-10.2519
22.5660,1998.1618,1489.0587,-10.2519
22.5757,1999.1682,1488.4643,-10.2519
22.5847,2000.2037,1487.8418,-10.2519
22.5947,2001.1933,1487.1846,-10.2519
22.6047,2002.1634,1486.5461,-10.2519
22.6146,2003.1701,1485.9363,-10.2519
22.6244,2004.1730,1485.4056,-10.2519
22.6356,2005.1791,1484.8470,-10.2519
22.6445,2006.2021,1484.2391,-10.2519
22.6549,2007.2651,1483.6470,-10.2519
22.6646,2008.2626,1482.9656,-10.2519
22.6747,2009.2299,1482.2776,-10.2519
22.6848,2010.1972,1481.6515,-10.2519
22.6950,2011.1655,1481.0788,-10.2519
22.7045,2012.1577,1480.5864,-10.2519
22.7142,2013.1419,1479.9999,-10.2519
22.7242,2014.1846,1479.3586,-10.2519
22.7349,2015.1841,1478.6735,-10.2519
22.7450,2016.1893,1477.9922,-10.2519
22.7545,2017.2401,1477.4088,-10.2519
22.7646,2018.2151,1476.8125,-10.2519
22.7763,2019.1729,1476.2804,-10.2519
22.7844,2020.1121,1475.6949,-10.2519
22.7944,2021.1302,1475.0756,-10.2519
22.8054,2022.1462,1474.4612,-10.2519
22.8148,2023.2094,1473.7991,-10.2519
22.8251,2024.2239,1473.1606,-10.2519
22.8352,2025.2808,1472.5576,-10.2519
22.8443,2026.3120,1471.9838,-10.2519
22.8548,2027.3300,1471.4008,-10.2519
22.8646,2028.3671,1470.7601,-10.2519
22.8747,2029.4202,1470.1428,-10.2519
22.8845,2030.4426,1469.5120,-10.2519
22.8946,2031.4243,1468.8726,-10.2519
22.9049,2032.4346,1468.2581,-10.2519
22.9149,2033.4511,1467.6683,-10.2519
22.9244,2034.5103,1467.0554,-10.2519
22.9347,2035.6160,1466.4175,-10.2519
22.9450,2036.7152,1465.7895,-10.2519
22.9546,2037.8256,1465.1473,-10.2519
22.9642,2038.8853,1464.5102,-10.2519
22.9744,2039.8648,1463.9166,-10.2519
22.9848,2040.8412,1463.2789,-10.2519
22.9943,2041.8492,1462.7130,-10.2519
23.0049,2042.8990,1462.0958,-10.2519
23.0140,2043.9460,1461.4647,-10.2519
23.0245,2045.0555,1460.7820,-10.2519
23.0342,2046.1336,1460.1190,-10.2519
23.0446,2047.2181,1459.4808,-10.2519
23.0545,2048.2481,1458.8484,-10.2519
23.0651,2049.2755,1458.2598,-10.2519
23.0759,2050.2863,1457.6463,-10.2519
23.0848,2051.3813,1457.0218,-10.2519
23.0947,2052.4757,1456.3683,-10.2519
23.1052,2053.5168,1455.7135,-10.2519
23.1148,2054.5143,1455.0746,-10.2519
23.1246,2055.5466,1454.4781,-10.2519
23.1348,2056.5831,1453.8854,-10.2519
23.1447,2057.6570,1453.3120,-10.2519
23.1551,2058.7558,1452.6339,-10.2519
23.1649,2059.8580,1451.9792,-10.2519
23.1752,2060.9669,1451.3019,-10.2519
23.1859,2061.9880,1450.6992,-10.2519
23.1947,2063.0188,1450.0901,-10.2519
23.2044,2064.0206,1449.4824,-10.2519
23.2151,2065.0582,1448.8760,-10.2519
23.2247,2066.1035,1448.2936,-10.2519
23.2346,2067.2235,1447.6948,-10.2519
23.2453,2068.3129,1447.0890,-10.2519
23.2545,2069.3955,1446.4834,-10.2519
23.2649,2070.4005,1445.9202,-10.2519
23.2745,2071.3795,1445.3295,-10.2519
23.2859,2072.3655,1444.7107,-10.2519
23.2947,2073.4409,1444.0975,-10.2519
23.3047,2074.5321,1443.4319,-10.2519
23.3147,2075.6479,1442.8091,-10.2519
23.3245,2076.7420,1442.1978,-10.2519
23.3345,2077.7601,1441.6281,-10.2519
23.3456,2078.7261,1441.0930,-10.2519
23.3549,2079.7103,1440.4970,-10.2519
23.3646,2080.6528,1439.9247,-10.2519
23.3751,2081.6596,1439.3221,-10.2519
23.3864,2082.7121,1438.6697,-10.2519
23.3948,2083.7407,1438.0577,-10.2519
23.4052,2084.7343,1437.4733,-10.2519
23.4147,2085.7151,1436.9570,-10.2519
23.4248,2086.7061,1436.3818,-10.2519
23.4358,2087.6793,1435.7626,-10.2519
23.4447,2088.7163,1435.1434,-10.2519
23.4543,2089.7838,1434.5226,-10.2519
23.4645,2090.8159,1433.8869,-10.2519
23.4742,2091.8523,1433.2882,-10.2519
23.4844,2092.8395,1432.7527,-10.2519
23.4948,2093.7972,1432.1955,-10.2519
23.5048,2094.7173,1431.5720,-10.2519
23.5146,2095.7260,1430.9806,-10.2519
23.5250,2096.7852,1430.3368,-10.2519
23.5349,2097.8453,1429.6716,-10.2519
23.5453,2098.9349,1429.0503,-10.2519
23.5551,2099.9576,1428.4818,-10.2519
23.5646,2100.9521,1427.9040,-10.2519
23.5746,2101.9208,1427.3385,-10.2519
23.5848,2102.9058,1426.7206,-10.2519
23.5953,2103.9383,1426.0911,-10.2519
23.6045,2105.0344,1425.4196,-10.2519
23.6147,2106.0814,1424.8096,-10.2519
23.6246,2107.0513,1424.2101,-10.2519
23.6351,2108.0397,1423.6758,-10.2519
23.6446,2108.9963,1423.1219,-10.2519
23.6546,2109.9867,1422.5033,-10.2519
23.6653,2111.0490,1421.8870,-10.2519
23.6747,2112.1382,1421.2254,-10.2519
23.6847,2113.2222,1420.6083,-10.2519
23.6955,2114.3123,1420.0832,-10.2519
23.7048,2115.2863,1419.5806,-10.2519
23.7156,2116.2150,1419.0208,-10.2519
23.7248,2117.1905,1418.4048,-10.2519
23.7356,2118.2448,1417.8153,-10.2519
23.7451,2119.3176,1417.1573,-10.2519
23.7549,2120.4650,1416.5042,-10.2519
23.7647,2121.5549,1415.9071,-10.2519
23.7746,2122.5733,1415.3137,-10.2519
23.7855,2123.5588,1414.7467,-10.2519
23.7945,2124.5591,1414.1093,-10.2519
23.8053,2125.5824,1413.4819,-10.2519
23.8146,2126.6681,1412.8257,-10.2519
23.8245,2127.7753,1412.1766,-10.2519
23.8362,2128.9097,1411.5919,-10.2519
23.8451,2129.9716,1410.9916,-10.2519
23.8550,2130.9562,1410.4052,-10.2519
23.8647,2131.9697,1409.7708,-10.2519
23.8745,2133.0029,1409.1548,-10.2519
23.8851,2134.1179,1408.4980,-10.2519
23.8953,2135.2473,1407.7987,-10.2519
23.9045,2136.3821,1407.1341,-10.2519
23.9145,2137.4545,1406.5284,-10.2519
23.9248,2138.4528,1405.9240,-10.2519
23.9344,2139.4244,1405.3256,-10.2519
23.9443,2140.4503,1404.6585,-10.2519
23.9547,2141.5123,1404.0539,-10.2519
23.9655,2142.6366,1403.3821,-10.2519
23.9747,2143.7904,1402.7705,-10.2519
23.9849,2144.9204,1402.2288,-10.2519
23.9949,2145.9408,1401.6821,-10.2519
24.0050,2146.9113,1401.0842,-10.2519
24.0150,2147.8871,1400.4553,-10.2519
24.0246,2148.9126,1399.8366,-10.2519
24.0348,2150.0005,1399.2300,-10.2519
24.0449,2151.0975,1398.5863,-10.2519
24.0548,2152.1968,1398.0848,-10.2519
24.0657,2153.1920,1397.5813,-10.2519
24.0750,2154.1097,1397.0864,-10.2519
24.0848,2155.0812,1396.5107,-10.2519
24.0943,2156.1014,1395.9083,-10.2519
24.1047,2157.1777,1395.2932,-10.2519
24.1149,2158.3738,1394.7152,-10.2519
24.1250,2159.5925,1394.1851,-10.2519
24.1356,2160.6676,1393.6198,-10.2519
24.1459,2161.6858,1392.9962,-10.2519
24.1549,2162.7096,1392.3828,-10.2519
24.1645,2163.7203,1391.7449,-10.2519
24.1747,2164.8110,1391.1378,-10.2519
24.1846,2165.9615,1390.5654,-10.2519
24.1949,2167.0626,1390.0250,-10.2519
24.2049,2168.0092,1389.5108,-10.2519
24.2156,2168.9307,1388.9365,-10.2519
24.2259,2169.8776,1388.3363,-10.2519
24.2347,2170.8558,1387.7522,-10.2519
24.2443,2171.8885,1387.1435,-10.2519
24.2560,2172.9922,1386.5487,-10.2519
24.2646,2174.1062,1385.9736,-10.2519
24.2749,2175.1591,1385.5076,-10.2519
24.2850,2176.0614,1384.9984,-10.2519
24.2963,2176.9661,1384.4041,-10.2519
24.3061,2177.9348,1383.8258,-10.2519
24.3161,2178.9883,1382.9214,-10.2519
24.3247,2180.0771,1382.2987,-10.2519
24.3351,2181.2195,1381.7125,-10.2519
24.3443,2182.3058,1381.1572,-10.2519
24.3546,2183.3329,1380.6575,-10.2519
24.3649,2184.2928,1380.0730,-10.2519
24.3752,2185.2236,1379.4774,-10.2519
24.3846,2186.2426,1378.8593,-10.2519
24.3943,2187.2770,1378.2497,-10.2519
24.4047,2188.3514,1377.6114,-10.2519
24.4158,2189.4249,1377.0978,-10.2519
24.4244,2190.4216,1376.5994,-10.2519
24.4349,2191.3140,1376.0640,-10.2519
24.4446,2192.2421,1375.4921,-10.2519
24.4550,2193.1700,1374.8696,-10.2519
24.4648,2194.1681,1374.2249,-10.2519
24.4763,2195.3053,1373.6307,-10.2519
24.4850,2196.4325,1373.0450,-10.2519
24.4946,2197.4634,1372.5128,-10.2519
24.5045,2198.3936,1371.9887,-10.2519
24.5150,2199.2964,1371.4647,-10.2519
24.5242,2200.2369,1370.8715,-10.2519
24.5347,2201.2411,1370.2736,-10.2519
24.5446,2202.3357,1369.6362,-10.2519
24.5543,2203.5044,1369.0111,-10.2519
24.5645,2204.6332,1368.4457,-10.2519
24.5761,2205.6852,1367.9545,-10.2519
24.5849,2206.6107,1367.3873,-10.2519
24.5947,2207.5342,1366.8106,-10.2519
24.6046,2208.5125,1366.2074,-10.2519
24.6147,2209.5343,1365.5733,-10.2519
24.6246,2210.6987,1364.9617,-10.2519
24.6360,2211.8939,1364.3552,-10.2519
24.6445,2212.9996,1363.8351,-10.2519
24.6549,2213.9773,1363.2648,-10.2519
24.6651,2214.9193,1362.6957,-10.2519
24.6742,2215.9192,1362.1203,-10.2519
24.6845,2216.9413,1361.4705,-10.2519
24.6951,2218.0691,1360.8709,-10.2519
24.7049,2219.2432,1360.2439,-10.2519
24.7149,2220.3796,1359.6874,-10.2519
24.7245,2221.4613,1359.1423,-10.2519
24.7347,2222.4719,1358.5833,-10.2519
24.7443,2223.4530,1357.9488,-10.2519
24.7544,2224.4775,1357.2921,-10.2519
24.7650,2225.5824,1356.6486,-10.2519
24.7742,2226.7367,1356.0861,-10.2519
24.7848,2227.8893,1355.5154,-10.2519
24.7948,2228.9556,1355.0067,-10.2519
24.8047,2229.9407,1354.3996,-10.2519
24.8151,2230.9137,1353.7880,-10.2519
24.8247,2231.9434,1353.1428,-10.2519
24.8350,2233.0288,1352.5108,-10.2519
24.8442,2234.1777,1351.9073,-10.2519
24.8548,2235.3248,1351.3527,-10.2519
24.8645,2236.4027,1350.8332,-10.2519
24.8743,2237.3986,1350.2943,-10.2519
24.8851,2238.3800,1349.6860,-10.2519
24.8945,2239.3556,1349.0670,-10.2519
24.9060,2240.4164,1348.4045,-10.2519
24.9149,2241.5374,1347.8270,-10.2519
24.9255,2242.6783,1347.2704,-10.2519
24.9348,2243.7567,1346.7634,-10.2519
24.9455,2244.7792,1346.2021,-10.2519
24.9550,2245.7667,1345.5759,-10.2519
24.9649,2246.7738,1344.9521,-10.2519
24.9745,2247.8491,1344.3046,-10.2519
24.9857,2248.9685,1343.7665,-10.2519
24.9959,2250.0966,1343.2726,-10.2519
25.0061,2251.2056,1342.7231,-10.2519
25.0159,2252.2603,1342.1457,-10.2519
25.0246,2253.2819,1341.5394,-10.2519
25.0354,2254.2908,1340.8804,-10.2519
25.0453,2255.3414,1340.2671,-10.2519
25.0557,2256.4517,1339.6970,-10.2519
25.0650,2257.5864,1339.2310,-10.2519
25.0746,2258.6934,1338.6968,-10.2519
25.0851,2259.7540,1338.1736,-10.2519
25.0962,2260.7002,1337.5873,-10.2519
25.1046,2261.7024,1336.9537,-10.2519
25.1148,2262.7200,1336.3238,-10.2519
25.1246,2263.7822,1335.7007,-10.2519
25.1362,2264.8771,1335.2260,-10.2519
25.1466,2265.9614,1334.6971,-10.2519
25.1547,2266.9410,1334.1666,-10.2519
25.1650,2267.8702,1333.6260,-10.2519
25.1745,2268.8486,1333.0114,-10.2519
25.1846,2269.8948,1332.3738,-10.2519
25.1946,2271.0149,1331.7632,-10.2519
25.2050,2272.2075,1331.2148,-10.2519
25.2156,2273.3571,1330.6815,-10.2519
25.2246,2274.3602,1330.1189,-10.2519
25.2360,2275.2820,1329.5835,-10.2519
25.2462,2276.2112,1329.0118,-10.2519
25.2545,2277.2003,1328.4510,-10.2519
25.2648,2278.2285,1327.8260,-10.2519
25.2760,2279.3182,1327.2475,-10.2519
25.2845,2280.4421,1326.7455,-10.2519
25.2945,2281.5398,1326.1941,-10.2519
25.3048,2282.5250,1325.6168,-10.2519
25.3151,2283.4818,1325.0382,-10.2519
25.3255,2284.4736,1324.4102,-10.2519
25.3357,2285.5132,1323.7936,-10.2519
25.3439,2286.5890,1323.2053,-10.2519
25.3548,2287.7344,1322.6887,-10.2519
25.3646,2288.8254,1322.1442,-10.2519
25.3747,2289.8862,1321.5907,-10.2519
25.3856,2290.8436,1321.0290,-10.2519
25.3943,2291.8241,1320.4001,-10.2519
25.4050,2292.8344,1319.8217,-10.2519
25.4145,2293.9093,1319.2444,-10.2519
25.4247,2295.0525,1318.7173,-10.2519
25.4349,2296.1412,1318.1916,-10.2519
25.4455,2297.2029,1317.6364,-10.2519
25.4563,2298.1578,1317.0781,-10.2519
25.4641,2299.1151,1316.5339,-10.2519
25.4751,2300.1400,1315.9622,-10.2519
25.4847,2301.2358,1315.3774,-10.2519
25.4956,2302.4164,1314.8085,-10.2519
25.5056,2303.5826,1314.2830,-10.2519
25.5157,2304.6852,1313.7144,-10.2519
25.5259,2305.7098,1313.1422,-10.2519
25.5363,2306.6809,1312.5295,-10.2519
25.5461,2307.6910,1311.8959,-10.2519
25.5544,2308.7780,1311.2627,-10.2519
25.5648,2309.9550,1310.6721,-10.2519
25.5759,2311.1304,1310.1199,-10.2519
25.5857,2312.2267,1309.5592,-10.2519
25.5946,2313.3058,1308.9567,-10.2519
25.6054,2314.2943,1308.3624,-10.2519
25.6155,2315.3331,1307.6960,-10.2519
25.6247,2316.3843,1307.0466,-10.2519
25.6348,2317.5365,1306.4710,-10.2519
25.6442,2318.6825,1305.9050,-10.2519
25.6545,2319.7363,1305.3760,-10.2519
25.6648,2320.7808,1304.8122,-10.2519
25.6760,2321.7772,1304.2136,-10.2519
25.6864,2322.7968,1303.5686,-10.2519
25.6945,2323.8417,1302.9175,-10.2519
25.7052,2324.9476,1302.3333,-10.2519
25.7158,2326.0878,1301.7980,-10.2519
25.7254,2327.2596,1301.3356,-10.2519
25.7364,2328.3806,1300.7858,-10.2519
25.7460,2329.4495,1300.1926,-10.2519
25.7550,2330.4513,1299.5552,-10.2519
25.7651,2331.4884,1298.9266,-10.2519
25.7758,2332.6025,1298.4214,-10.2519
25.7858,2333.6880,1297.9290,-10.2519
25.7950,2334.7321,1297.4502,-10.2519
25.8049,2335.7355,1296.9037,-10.2519
25.8148,2336.7443,1296.3459,-10.2519
25.8245,2337.7646,1295.8092,-10.2519
25.8353,2338.8055,1295.2627,-10.2519
25.8447,2339.8976,1294.7564,-10.2519
25.8546,2340.9681,1294.2561,-10.2519
25.8645,2342.0505,1293.7787,-10.2519
25.8745,2343.1823,1293.2641,-10.2519
25.8845,2344.2815,1292.6859,-10.2519
25.8947,2345.3116,1292.0714,-10.2519
25.9046,2346.3409,1291.4446,-10.2519
25.9152,2347.4512,1290.8929,-10.2519
25.9246,2348.5657,1290.4301,-10.2519
25.9357,2349.6708,1289.9289,-10.2519
25.9449,2350.7982,1289.3975,-10.2519
25.9550,2351.7937,1288.7949,-10.2519
25.9650,2352.7372,1288.2204,-10.2519
25.9747,2353.6863,1287.6859,-10.2519
25.9857,2354.7056,1287.1483,-10.2519
25.9951,2355.7247,1286.6625,-10.2519
26.0061,2356.8059,1286.1696,-10.2519
26.0149,2357.9192,1285.6431,-10.2519
26.0243,2359.0154,1285.0717,-10.2519
26.0345,2360.0159,1284.5059,-10.2519
26.0445,2360.9558,1283.9548,-10.2519
26.0545,2361.9194,1283.4150,-10.2519
26.0648,2362.9175,1282.8839,-10.2519
26.0743,2363.9574,1282.3817,-10.2519
26.0847,2365.0405,1281.8994,-10.2519
26.0945,2366.1307,1281.3657,-10.2519
26.1045,2367.2107,1280.7664,-10.2519
26.1157,2368.1913,1280.1656,-10.2519
26.1251,2369.1819,1279.5745,-10.2519
26.1347,2370.2300,1279.0474,-10.2519
26.1445,2371.2804,1278.5265,-10.2519
26.1555,2372.3646,1278.0015,-10.2519
26.1644,2373.4325,1277.4625,-10.2519
26.1745,2374.5037,1276.8784,-10.2519
26.1856,2375.4911,1276.2298,-10.2519
26.1946,2376.4647,1275.6592,-10.2519
26.2047,2377.5167,1275.1392,-10.2519
26.2148,2378.5507,1274.6845,-10.2519
26.2243,2379.5841,1274.1807,-10.2519
26.2343,2380.6896,1273.6267,-10.2519
26.2446,2381.7560,1273.0666,-10.2519
26.2549,2382.7991,1272.4814,-10.2519
26.2647,2383.8008,1271.9141,-10.2519
26.2747,2384.8138,1271.3619,-10.2519
26.2846,2385.8757,1270.8301,-10.2519
26.2946,2386.9818,1270.3795,-10.2519
26.3057,2388.0897,1269.8355,-10.2519
26.3164,2389.1707,1269.2804,-10.2519
26.3257,2390.2397,1268.6575,-10.2519
26.3354,2391.2502,1268.0653,-10.2519
26.3443,2392.2676,1267.5187,-10.2519
26.3546,2393.3527,1266.9846,-10.2519
26.3651,2394.4745,1266.4504,-10.2519
26.3748,2395.5782,1265.8903,-10.2519
26.3847,2396.7627,1265.2930,-10.2519
26.3943,2397.9031,1264.7098,-10.2519
26.4055,2398.9519,1264.1075,-10.2519
26.4155,2399.9539,1263.5403,-10.2519
26.4243,2401.0059,1263.0311,-10.2519
26.4345,2402.0767,1262.5432,-10.2519
26.4447,2403.1083,1262.0491,-10.2519
26.4551,2404.2079,1261.4779,-10.2519
26.4663,2405.3630,1260.9053,-10.2519
26.4751,2406.4823,1260.2520,-10.2519
26.4861,2407.5546,1259.6373,-10.2519
26.4946,2408.5803,1259.1320,-10.2519
26.5053,2409.6426,1258.5967,-10.2519
26.5165,2410.7644,1258.1035,-10.2519
26.5243,2411.8389,1257.5311,-10.2519
26.5347,2412.9496,1256.9636,-10.2519
26.5446,2414.0526,1256.3656,-10.2519
26.5547,2415.1310,1255.7700,-10.2519
26.5647,2416.2266,1255.2516,-10.2519
26.5745,2417.3058,1254.6812,-10.2519
26.5850,2418.4169,1254.1739,-10.2519
26.5947,2419.4855,1253.6398,-10.2519
26.6062,2420.5697,1253.0692,-10.2519
26.6151,2421.6598,1252.4860,-10.2519
26.6255,2422.7246,1251.9024,-10.2519
26.6364,2423.7495,1251.4153,-10.2519
26.6448,2424.7585,1250.9109,-10.2519
26.6547,2425.8286,1250.3928,-10.2519
26.6648,2426.8999,1249.8574,-10.2519
26.6748,2428.0184,1249.2697,-10.2519
26.6850,2429.1416,1248.7088,-10.2519
26.6949,2430.1852,1248.1259,-10.2519
26.7052,2431.2108,1247.5948,-10.2519
26.7149,2432.2410,1247.1273,-10.2519
26.7245,2433.2614,1246.6057,-10.2519
26.7352,2434.2953,1246.0670,-10.2519
26.7462,2435.4165,1245.5022,-10.2519
26.7543,2436.5858,1244.9292,-10.2519
26.7655,2437.7235,1244.3062,-10.2519
26.7748,2438.8264,1243.7310,-10.2519
26.7852,2439.8591,1243.2960,-10.2519
26.7947,2440.8962,1242.8071,-10.2519
26.8051,2441.9518,1242.3020,-10.2519
26.8147,2443.0369,1241.7371,-10.2519
26.8275,2444.1631,1241.1688,-10.2519
26.8345,2445.2522,1240.5666,-10.2519
26.8443,2446.3248,1239.9915,-10.2519
26.8548,2447.3524,1239.5316,-10.2519
26.8645,2448.3864,1239.0505,-10.2519
26.8749,2449.4495,1238.5410,-10.2519
26.8850,2450.4952,1237.9891,-10.2519
26.8945,2451.5680,1237.4126,-10.2519
26.9047,2452.6379,1236.8457,-10.2519
26.9151,2453.6685,1236.2603,-10.2519
26.9246,2454.7023,1235.7896,-10.2519
26.9345,2455.7369,1235.3465,-10.2519
26.9443,2456.7401,1234.8364,-10.2519
26.9551,2457.7925,1234.2830,-10.2519
26.9655,2458.8997,1233.6550,-10.2519
26.9746,2460.0543,1233.0477,-10.2519
26.9844,2461.1387,1232.4370,-10.2519
26.9945,2462.2135,1231.8893,-10.2519
27.0049,2463.2856,1231.4509,-10.2519
27.0160,2464.3357,1230.9282,-10.2519
27.0251,2465.3771,1230.3787,-10.2519
27.0346,2466.4208,1229.7970,-10.2519
27.0448,2467.5116,1229.2330,-10.2519
27.0541,2468.5377,1228.6579,-10.2519
27.0661,2469.5640,1228.1415,-10.2519
27.0749,2470.5759,1227.6758,-10.2519
27.0846,2471.6085,1227.1682,-10.2519
27.0951,2472.6960,1226.6127,-10.2519
27.1046,2473.7900,1226.0505,-10.2519
27.1147,2474.9277,1225.4625,-10.2519
27.1245,2476.0502,1224.8477,-10.2519
27.1344,2477.1263,1224.3133,-10.2519
27.1442,2478.1687,1223.8466,-10.2519
27.1546,2479.1851,1223.3815,-10.2519
27.1641,2480.2100,1222.8522,-10.2519
27.1749,2481.2526,1222.3112,-10.2519
27.1849,2482.3497,1221.7456,-10.2519
27.1961,2483.5088,1221.1746,-10.2519
27.2066,2484.6110,1220.6313,-10.2519
27.2145,2485.6554,1220.1291,-10.2519
27.2255,2486.7167,1219.7061,-10.2519
27.2363,2487.7473,1219.2032,-10.2519
27.2447,2488.8252,1218.6403,-10.2519
27.2549,2489.9471,1218.0596,-10.2519
27.2653,2491.0524,1217.4775,-10.2519
27.2746,2492.1012,1216.8959,-10.2519
27.2860,2493.1663,1216.3723,-10.2519
27.2959,2494.2323,1215.8934,-10.2519
27.3049,2495.2654,1215.4122,-10.2519
27.3146,2496.3468,1214.8541,-10.2519
27.3244,2497.5082,1214.2759,-10.2519
27.3347,2498.6445,1213.6774,-10.2519
27.3447,2499.7621,1213.0409,-10.2519
27.3545,2500.8490,1212.4767,-10.2519
27.3642,2501.9022,1211.9427,-10.2519
27.3744,2502.9478,1211.4504,-10.2519
27.3858,2503.9938,1210.9119,-10.2519
27.3943,2505.0909,1210.3331,-10.2519
27.4049,2506.2192,1209.7432,-10.2519
27.4146,2507.3958,1209.1002,-10.2519
27.4247,2508.4620,1208.5140,-10.2519
27.4344,2509.4952,1208.0286,-10.2519
27.4456,2510.5167,1207.5795,-10.2519
27.4550,2511.5480,1207.0661,-10.2519
27.4648,2512.6006,1206.4822,-10.2519
27.4746,2513.7461,1205.8890,-10.2519
27.4846,2514.9147,1205.2783,-10.2519
27.4946,2516.0471,1204.7586,-10.2519
27.5048,2517.0870,1204.3151,-10.2519
27.5146,2518.0701,1203.8901,-10.2519
27.5245,2519.0553,1203.4335,-10.2519
27.5359,2520.0979,1202.8798,-10.2519
27.5445,2521.2147,1202.3005,-10.2519
27.5550,2522.3883,1201.7072,-10.2519
27.5656,2523.5415,1201.1519,-10.2519
27.5746,2524.6193,1200.7080,-10.2519
27.5846,2525.6409,1200.2963,-10.2519
27.5945,2526.6519,1199.8595,-10.2519
27.6050,2527.7008,1199.3316,-10.2519
27.6145,2528.7808,1198.7842,-10.2519
27.6246,2529.8992,1198.2337,-10.2519
27.6347,2531.1022,1197.6735,-10.2519
27.6441,2532.2246,1197.1888,-10.2519
27.6543,2533.3303,1196.7540,-10.2519
27.6645,2534.3628,1196.2880,-10.2519
27.6754,2535.4420,1195.7550,-10.2519
27.6849,2536.5114,1195.1838,-10.2519
27.6946,2537.6394,1194.6298,-10.2519
27.7048,2538.7500,1194.0556,-10.2519
27.7153,2539.7367,1193.5860,-10.2519
27.7243,2540.7275,1193.1826,-10.2519
27.7348,2541.7334,1192.7493,-10.2519
27.7460,2542.7782,1192.2622,-10.2519
27.7545,2543.8167,1191.6821,-10.2519
27.7644,2544.9546,1191.1151,-10.2519
27.7762,2546.0942,1190.5294,-10.2519
27.7844,2547.1281,1190.0143,-10.2519
27.7947,2548.0818,1189.5925,-10.2519
27.8045,2549.0427,1189.1899,-10.2519
27.8146,2550.0349,1188.7783,-10.2519
27.8245,2551.0353,1188.2401,-10.2519
27.8350,2552.0736,1187.6487,-10.2519
27.8444,2553.1825,1187.0412,-10.2519
27.8546,2554.2997,1186.4572,-10.2519
27.8646,2555.3573,1185.9691,-10.2519
27.8744,2556.3013,1185.5484,-10.2519
27.8843,2557.2654,1185.1536,-10.2519
27.8945,2558.2297,1184.6417,-10.2519
27.9054,2559.2986,1184.0611,-10.2519
27.9150,2560.4309,1183.4519,-10.2519
27.9256,2561.5958,1182.8198,-10.2519
27.9354,2562.7185,1182.2806,-10.2519
27.9453,2563.7417,1181.8464,-10.2519
27.9556,2564.7286,1181.4315,-10.2519
27.9651,2565.7437,1180.9816,-10.2519
27.9746,2566.7656,1180.4390,-10.2519
27.9859,2567.8596,1179.8777,-10.2519
27.9970,2569.0452,1179.2655,-10.2519
28.0068,2570.2211,1178.7053,-10.2519
28.0146,2571.3181,1178.2274,-10.2519
28.0243,2572.3756,1177.7761,-10.2519
28.0364,2573.4469,1177.3408,-10.2519
28.0443,2574.4896,1176.7799,-10.2519
28.0558,2575.5828,1176.2063,-10.2519
28.0659,2576.6827,1175.6121,-10.2519
28.0750,2577.8246,1175.0427,-10.2519
28.0847,2578.9171,1174.5477,-10.2519
28.0947,2579.9982,1174.0955,-10.2519
28.1049,2581.0437,1173.6613,-10.2519
28.1155,2582.0652,1173.1791,-10.2519
28.1259,2583.1646,1172.6245,-10.2519
28.1356,2584.2849,1172.0266,-10.2519
28.1460,2585.4535,1171.4053,-10.2519
28.1559,2586.5938,1170.8659,-10.2519
28.1667,2587.6659,1170.4108,-10.2519
28.1750,2588.7401,1169.9684,-10.2519
28.1852,2589.8102,1169.4993,-10.2519
28.1948,2590.8850,1168.8955,-10.2519
28.2048,2592.0166,1168.2740,-10.2519
28.2143,2593.1979,1167.6594,-10.2519
28.2246,2594.3994,1167.1489,-10.2519
28.2345,2595.4979,1166.6959,-10.2519
28.2445,2596.5350,1166.2367,-10.2519
28.2547,2597.5839,1165.7631,-10.2519
28.2651,2598.6190,1165.1896,-10.2519
28.2752,2599.6959,1164.5869,-10.2519
28.2846,2600.8419,1164.0015,-10.2519
28.2953,2602.0079,1163.4924,-10.2519
28.3060,2603.1136,1163.0002,-10.2519
28.3158,2604.2108,1162.5661,-10.2519
28.3247,2605.2529,1162.1091,-10.2519
28.3345,2606.2645,1161.5488,-10.2519
28.3444,2607.3879,1160.9551,-10.2519
28.3549,2608.5371,1160.3544,-10.2519
28.3649,2609.7397,1159.8649,-10.2519
28.3753,2610.8481,1159.4125,-10.2519
28.3851,2611.9320,1158.9814,-10.2519
28.3943,2612.9791,1158.4852,-10.2519
28.4059,2614.0198,1157.9070,-10.2519
28.4145,2615.1108,1157.3361,-10.2519
28.4248,2616.2346,1156.7770,-10.2519
28.4345,2617.3290,1156.3281,-10.2519
28.4446,2618.3992,1155.8540,-10.2519
28.4547,2619.4572,1155.3994,-10.2519
28.4647,2620.4897,1154.9267,-10.2519
28.4748,2621.5496,1154.4189,-10.2519
28.4850,2622.6509,1153.8561,-10.2519
28.4946,2623.8104,1153.2391,-10.2519
28.5048,2624.9783,1152.7216,-10.2519
28.5157,2626.1150,1152.2421,-10.2519
28.5248,2627.1995,1151.7968,-10.2519
28.5346,2628.2405,1151.3395,-10.2519
28.5443,2629.2994,1150.8287,-10.2519
28.5561,2630.3466,1150.2844,-10.2519
28.5646,2631.4402,1149.7114,-10.2519
28.5745,2632.6141,1149.1880,-10.2519
28.5845,2633.7560,1148.7173,-10.2519
28.5947,2634.8884,1148.2581,-10.2519
28.6054,2635.9626,1147.7758,-10.2519
28.6152,2637.0288,1147.2625,-10.2519
28.6249,2638.0820,1146.6840,-10.2519
28.6352,2639.1748,1146.1009,-10.2519
28.6446,2640.3463,1145.5739,-10.2519
28.6545,2641.4623,1145.1063,-10.2519
28.6646,2642.5261,1144.6434,-10.2519
28.6743,2643.5470,1144.1903,-10.2519
28.6847,2644.5779,1143.7123,-10.2519
28.6950,2645.6565,1143.1789,-10.2519
28.7043,2646.7626,1142.6453,-10.2519
28.7156,2647.9231,1142.0534,-10.2519
28.7251,2649.0155,1141.5469,-10.2519
28.7349,2650.0861,1141.0814,-10.2519
28.7458,2651.1307,1140.6099,-10.2519
28.7563,2652.1772,1140.1260,-10.2519
28.7651,2653.2458,1139.5701,-10.2519
28.7746,2654.3450,1138.9952,-10.2519
28.7848,2655.4728,1138.4136,-10.2519
28.7944,2656.6084,1137.9472,-10.2519
28.8059,2657.6543,1137.5133,-10.2519
28.8156,2658.4182,1137.0062,-10.2519
28.8250,2659.4999,1136.5433,-10.2519
28.8360,2660.5656,1136.0008,-10.2519
28.8451,2661.6552,1135.4189,-10.2519
28.8544,2662.8029,1134.8458,-10.2519
28.8648,2663.9912,1134.3482,-10.2519
28.8759,2665.0909,1133.9307,-10.2519
28.8848,2666.1224,1133.4583,-10.2519
28.8956,2667.1799,1132.9889,-10.2519
28.9045,2668.2299,1132.5023,-10.2519
28.9153,2669.2997,1131.9321,-10.2519
28.9262,2670.4399,1131.3560,-10.2519
28.9344,2671.6348,1130.8367,-10.2519
28.9445,2672.8148,1130.3855,-10.2519
28.9546,2673.8873,1129.9344,-10.2519
28.9648,2674.8756,1129.4437,-10.2519
28.9747,2675.9607,1128.9890,-10.2519
28.9846,2677.0326,1128.4997,-10.2519
28.9958,2678.1421,1127.9579,-10.2519
29.0047,2679.3289,1127.4025,-10.2519
29.0145,2680.4921,1126.9011,-10.2519
29.0245,2681.5822,1126.4891,-10.2519
29.0350,2682.6322,1126.0354,-10.2519
29.0446,2683.6962,1125.5853,-10.2519
29.0545,2684.7697,1125.0360,-10.2519
29.0651,2685.8777,1124.3948,-10.2519
29.0746,2687.0863,1123.8107,-10.2519
29.0844,2688.3074,1123.3091,-10.2519
29.0947,2689.4232,1122.8444,-10.2519
29.1052,2690.4514,1122.3317,-10.2519
29.1148,2691.4751,1121.8247,-10.2519
29.1257,2692.5305,1121.3031,-10.2519
29.1342,2693.6063,1120.7215,-10.2519
29.1445,2694.7690,1120.1760,-10.2519
29.1561,2695.8914,1119.7012,-10.2519
29.1651,2696.9619,1119.2523,-10.2519
29.1752,2698.0424,1118.7949,-10.2519
29.1843,2699.0643,1118.2635,-10.2519
29.1945,2700.0883,1117.7324,-10.2519
29.2046,2701.2103,1117.1785,-10.2519
29.2153,2702.3885,1116.6381,-10.2519
29.2249,2703.5637,1116.1503,-10.2519
29.2351,2704.7439,1115.6648,-10.2519
29.2445,2705.8484,1115.2048,-10.2519
29.2550,2706.8910,1114.6989,-10.2519
29.2653,2707.9218,1114.2274,-10.2519
29.2748,2708.9916,1113.7836,-10.2519
29.2858,2710.0837,1113.3303,-10.2519
29.2947,2711.1682,1112.8575,-10.2519
29.3049,2712.3107,1112.3843,-10.2519
29.3157,2713.4305,1111.9131,-10.2519
29.3243,2714.5105,1111.2465,-10.2519
29.3346,2715.6066,1110.7429,-10.2519
29.3443,2716.6923,1110.2222,-10.2519
29.3545,2717.7968,1109.7760,-10.2519
29.3648,2718.9844,1109.3669,-10.2519
29.3746,2720.1479,1108.9728,-10.2519
29.3848,2721.3009,1108.5290,-10.2519
29.3944,2722.4106,1108.0504,-10.2519
29.4047,2723.4315,1107.5373,-10.2519
29.4153,2724.4901,1107.1034,-10.2519
29.4262,2725.5623,1106.6619,-10.2519
29.4345,2726.7053,1106.2179,-10.2519
29.4443,2727.8051,1105.7744,-10.2519
29.4561,2728.8809,1105.2943,-10.2519
29.4644,2730.0050,1104.8262,-10.2519
29.4744,2731.0497,1104.3060,-10.2519
29.4847,2732.0883,1103.8141,-10.2519
29.4947,2733.1682,1103.3047,-10.2519
29.5048,2734.2162,1102.8182,-10.2519
29.5148,2735.3035,1102.3665,-10.2519
29.5243,2736.4073,1101.8996,-10.2519
29.5351,2737.4529,1101.4420,-10.2519
29.5443,2738.4333,1100.9583,-10.2519
29.5553,2739.4742,1100.4664,-10.2519
29.5654,2740.5503,1099.9858,-10.2519
29.5746,2741.6150,1099.4961,-10.2519
29.5845,2742.7189,1099.0110,-10.2519
29.5945,2743.8298,1098.5269,-10.2519
29.6050,2744.9264,1098.0323,-10.2519
29.6150,2746.0026,1097.5135,-10.2519
29.6242,2747.0669,1096.9980,-10.2519
29.6345,2748.1362,1096.5012,-10.2519
29.6443,2749.2296,1095.9874,-10.2519
29.6545,2750.3530,1095.5491,-10.2519
29.6648,2751.4348,1095.0627,-10.2519
29.6749,2752.5247,1094.5691,-10.2519
29.6849,2753.5753,1094.0721,-10.2519
29.6953,2754.6461,1093.5620,-10.2519
29.7045,2755.6953,1093.0626,-10.2519
29.7162,2756.8494,1092.6028,-10.2519
29.7252,2757.9825,1092.1275,-10.2519
29.7351,2759.1422,1091.6674,-10.2519
29.7442,2760.2574,1091.1721,-10.2519
29.7554,2761.3030,1090.6611,-10.2519
29.7657,2762.3641,1090.1715,-10.2519
29.7749,2763.4622,1089.7125,-10.2519
29.7848,2764.5299,1089.2423,-10.2519
29.7941,2765.5887,1088.7503,-10.2519
29.8052,2766.7329,1088.2705,-10.2519
29.8145,2767.8364,1087.7724,-10.2519
29.8246,2768.9192,1087.2894,-10.2519
29.8348,2770.0009,1086.8379,-10.2519
29.8441,2771.0271,1086.3387,-10.2519
29.8557,2772.0774,1085.8816,-10.2519
29.8657,2773.1838,1085.3985,-10.2519
29.8745,2774.2816,1084.9074,-10.2519
29.8849,2775.4315,1084.4334,-10.2519
29.8945,2776.5643,1083.9418,-10.2519
29.9046,2777.6401,1083.4302,-10.2519
29.9145,2778.7268,1082.9016,-10.2519
29.9269,2779.8352,1082.4131,-10.2519
29.9347,2780.9362,1081.9308,-10.2519
29.9447,2782.0509,1081.4330,-10.2519
29.9544,2783.2311,1080.9756,-10.2519
29.9647,2784.0966,1080.3894,-10.2519
29.9747,2785.1769,1079.8827,-10.2519
29.9848,2786.2926,1079.3567,-10.2519
29.9943,2787.3434,1078.8423,-10.2519
30.0046,2788.4476,1078.3721,-10.2519
30.0148,2789.5889,1077.9426,-10.2519
30.0259,2790.7389,1077.4741,-10.2519
30.0356,2791.8832,1076.9742,-10.2519
30.0461,2793.0151,1076.4430,-10.2519
30.0548,2794.1284,1075.9318,-10.2519
30.0648,2795.1708,1075.4273,-10.2519
30.0742,2796.2625,1074.9857,-10.2519
30.0845,2797.3459,1074.5941,-10.2519
30.0954,2798.4415,1074.1193,-10.2519
30.1061,2799.5959,1073.6343,-10.2519
30.1143,2800.7042,1073.1083,-10.2519
30.1246,2801.7878,1072.5771,-10.2519
30.1349,2802.8931,1072.0743,-10.2519
30.1443,2804.0059,1071.6567,-10.2519
30.1546,2805.0939,1071.2498,-10.2519
30.1662,2806.1904,1070.7903,-10.2519
30.1754,2807.3298,1070.3090,-10.2519
30.1849,2808.4808,1069.7798,-10.2519
30.1946,2809.6180,1069.2452,-10.2519
30.2046,2810.7179,1068.7391,-10.2519
30.2143,2811.8134,1068.2618,-10.2519
30.2246,2812.8691,1067.8777,-10.2519
30.2345,2813.9398,1067.4487,-10.2519
30.2443,2815.0648,1066.9762,-10.2519
30.2548,2816.2007,1066.4434,-10.2519
30.2658,2817.3091,1065.9291,-10.2519
30.2741,2818.4292,1065.4172,-10.2519
30.2845,2819.5437,1064.9216,-10.2519
30.2951,2820.6472,1064.5230,-10.2519
30.3049,2821.7772,1064.1094,-10.2519
30.3164,2822.9243,1063.6146,-10.2519
30.3255,2824.0824,1063.0834,-10.2519
30.3357,2825.2053,1062.5809,-10.2519
30.3447,2826.3177,1062.0690,-10.2519
30.3550,2827.4678,1061.5698,-10.2519
30.3649,2828.5410,1061.1319,-10.2519
30.3749,2829.5823,1060.7266,-10.2519
30.3848,2830.7751,1060.2760,-10.2519
30.3942,2831.8455,1059.7445,-10.2519
30.4048,2832.8816,1059.1982,-10.2519
30.4146,2833.9869,1058.6956,-10.2519
30.4249,2835.1261,1058.1877,-10.2519
30.4352,2836.2437,1057.7572,-10.2519
30.4448,2837.3418,1057.3527,-10.2519
30.4546,2838.4886,1056.9064,-10.2519
30.4647,2839.5240,1056.3653,-10.2519
30.4747,2840.5959,1055.8283,-10.2519
30.4842,2841.6764,1055.3266,-10.2519
30.4962,2842.7632,1054.8438,-10.2519
30.5057,2843.8597,1054.3933,-10.2519
30.5148,2844.9266,1053.9955,-10.2519
30.5242,2846.0236,1053.5684,-10.2519
30.5348,2847.1472,1053.0880,-10.2519
30.5445,2848.2418,1052.5588,-10.2519
30.5548,2849.2960,1052.0375,-10.2519
30.5645,2850.3329,1051.5681,-10.2519
30.5755,2851.4760,1051.1346,-10.2519
30.5849,2852.5474,1050.7041,-10.2519
30.5947,2853.6465,1050.2873,-10.2519
30.6046,2854.7834,1049.8181,-10.2519
30.6141,2855.9498,1049.3109,-10.2519
30.6241,2857.0447,1048.7611,-10.2519
30.6347,2858.1760,1048.2228,-10.2519
30.6446,2859.2424,1047.7427,-10.2519
30.6548,2860.3887,1047.3811,-10.2519
30.6651,2861.5067,1046.9878,-10.2519
30.6754,2862.6360,1046.5101,-10.2519
30.6858,2863.7537,1045.9723,-10.2519
30.6960,2864.8044,1045.4337,-10.2519
30.7053,2865.9115,1044.9485,-10.2519
30.7150,2867.0082,1044.4830,-10.2519
30.7255,2868.0914,1044.0869,-10.2519
30.7345,2869.2338,1043.7508,-10.2519
30.7449,2870.3683,1043.3202,-10.2519
30.7548,2871.4242,1042.8088,-10.2519
30.7654,2872.5292,1042.3018,-10.2519
30.7742,2873.6331,1041.7989,-10.2519
30.7842,2874.6908,1041.3255,-10.2519
30.7948,2875.8203,1040.8487,-10.2519
30.8046,2876.9144,1040.3971,-10.2519
30.8143,2878.0433,1039.9453,-10.2519
30.8245,2879.1906,1039.4692,-10.2519
30.8345,2880.3435,1038.9596,-10.2519
30.8445,2881.4303,1038.4112,-10.2519
30.8545,2882.5483,1037.8477,-10.2519
30.8647,2883.6415,1037.3576,-10.2519
30.8753,2884.7239,1036.9581,-10.2519
30.8856,2885.8671,1036.5807,-10.2519
30.8947,2886.9028,1036.0841,-10.2519
30.9047,2888.0210,1035.5406,-10.2519
30.9145,2889.1614,1034.9893,-10.2519
30.9265,2890.2041,1034.4331,-10.2519
30.9342,2891.3455,1033.9955,-10.2519
30.9452,2892.4241,1033.6359,-10.2519
30.9547,2893.4440,1033.2675,-10.2519
30.9650,2894.5260,1032.8224,-10.2519
30.9743,2895.6853,1032.3106,-10.2519
30.9843,2896.9167,1031.8038,-10.2519
30.9950,2898.1279,1031.2513,-10.2519
31.0055,2899.0916,1030.5455,-10.2519
31.0151,2900.1145,1030.1654,-10.2519
31.0265,2901.1677,1029.8310,-10.2519
31.0355,2902.2690,1029.4698,-10.2519
31.0445,2903.3179,1028.9457,-10.2519
31.0544,2904.4518,1028.4075,-10.2519
31.0651,2905.5836,1027.8828,-22.9795
31.0748,2906.7365,1027.3851,-22.9950
31.0845,2907.9177,1027.0189,-23.0258
31.0947,2909.0332,1026.7007,-23.0775
31.1055,2910.2866,1026.4029,-23.3561
31.1148,2911.7505,1026.0004,-24.0041
31.1246,2913.0125,1025.4324,-24.9214
31.1348,2914.3290,1025.4837,-26.1939
31.1450,2915.5929,1025.2317,-27.5695
31.1553,2916.6792,1025.1042,-29.3381
31.1649,2917.9032,1025.3205,-31.1889
31.1750,2918.9622,1025.6147,-33.2108
31.1847,2920.0359,1025.8757,-35.5077
31.1946,2921.2340,1026.4798,-37.8789
31.2045,2922.3817,1026.8913,-40.3649
31.2142,2923.5011,1027.5937,-42.9894
31.2243,2924.6033,1028.3008,-45.7161
31.2346,2925.6322,1029.0766,-48.5217
31.2456,2926.8950,1030.0188,-51.4066
31.2558,2928.1293,1030.8040,-54.3308
31.2654,2929.3195,1031.6800,-57.4065
31.2766,2930.6982,1032.5409,-60.4103
31.2867,2931.9843,1033.5006,-63.5349
31.2951,2933.3286,1034.3152,-66.6170
31.3047,2934.7985,1035.1748,-69.7294
31.3147,2936.2820,1035.9809,-72.8926
31.3247,2937.7054,1036.7145,-76.0957
31.3353,2939.2848,1037.3963,-79.2843
31.3447,2940.7764,1037.9180,-82.4399
31.3550,2942.4011,1038.4250,-85.6652
31.3643,2944.0590,1038.9399,-88.8651
31.3746,2945.7354,1039.3674,-92.1436
31.3848,2947.3208,1039.7681,-95.3942
31.3942,2948.8619,1039.9878,-98.5821
31.4048,2950.1396,1040.1440,-101.7796
31.4147,2951.6953,1040.2917,-104.9202
31.4251,2953.2900,1040.3515,-108.0122
31.4347,2954.9741,1040.4706,-111.1221
31.4450,2956.6952,1040.5453,-114.2546
31.4546,2958.6511,1040.6051,-117.3826
31.4648,2960.5526,1040.5263,-120.4917
31.4749,2962.3374,1040.3026,-123.5628
31.4853,2964.0729,1039.9632,-126.6754
31.4946,2965.7133,1039.5203,-129.7392
31.5052,2967.4550,1039.0108,-132.7672
31.5153,2969.1764,1038.4352,-135.8034
31.5251,2971.0267,1037.7292,-135.8034
31.5345,2972.9822,1036.9824,-135.8034
31.5454,2974.8942,1036.0703,-135.8034
31.5552,2976.7102,1035.1657,-135.8034
31.5646,2978.4917,1034.1006,-135.8034
31.5744,2979.9391,1033.1504,-135.8034
31.5848,2980.8690,1032.3939,-135.8034
31.5950,2981.3671,1031.8024,-135.8034
31.6042,2981.8339,1031.1622,-135.8034
31.6144,2982.2694,1030.5854,-135.8034
31.6245,2982.4174,1030.2646,-135.8034
31.6350,2982.0946,1030.3077,-135.8034
31.6444,2981.4695,1030.1054,-135.8034
31.6546,2980.7559,1029.8314,-135.8034
31.6651,2979.9955,1029.6285,-135.8034
31.6749,2979.2343,1029.3790,-135.8034
31.6846,2978.3568,1029.1262,-135.8034
31.6950,2977.3986,1028.7055,-135.8034
31.7046,2976.2871,1028.2723,-135.8034
31.7142,2975.0493,1027.8289,-135.8034
31.7244,2973.7473,1027.3695,-135.8034
31.7350,2972.5444,1026.9490,-135.8034
31.7443,2971.3942,1026.5720,-135.8034
31.7545,2970.3784,1026.1866,-135.8034
31.7648,2969.3561,1025.7739,-135.8034
31.7761,2968.2526,1025.2935,-135.8034
31.7864,2967.0375,1024.8327,-135.8034
31.7943,2965.8416,1024.4190,-135.8034
31.8046,2964.6375,1024.0428,-135.8034
31.8147,2963.5509,1023.6655,-135.8034
31.8246,2962.5361,1023.2524,-135.8034
31.8351,2961.5098,1022.8219,-135.8034
31.8442,2960.4410,1022.3426,-135.8034
31.8543,2959.3422,1021.8908,-135.8034
31.8645,2958.1812,1021.4612,-135.8034
31.8747,2957.0256,1021.0700,-135.8034
31.8842,2955.9167,1020.7097,-135.8034
31.8945,2954.9188,1020.3233,-135.8034
31.9046,2953.9022,1019.8261,-135.8034
31.9147,2952.8459,1019.3215,-135.8034
31.9266,2951.7028,1018.8223,-135.8034
31.9347,2950.4861,1018.4431,-135.8034
31.9445,2949.2411,1018.1527,-135.8034
31.9546,2948.0118,1017.8407,-135.8034
31.9640,2946.8962,1017.4897,-135.8034
31.9744,2945.8531,1016.9966,-135.8034
31.9846,2944.8282,1016.4904,-135.8034
31.9945,2943.7074,1016.0514,-135.8034
32.0046,2942.4751,1015.6975,-135.8034
32.0154,2941.2439,1015.3770,-135.8034
32.0245,2940.0554,1015.0165,-135.8034
32.0345,2938.9415,1014.6134,-135.8034
32.0442,2937.8489,1014.1467,-135.8034
32.0559,2936.7865,1013.6818,-135.8034
32.0645,2935.6095,1013.2704,-135.8034
32.0747,2934.3838,1012.8724,-135.8034
32.0851,2933.1237,1012.5104,-135.8034
32.0947,2931.8956,1012.1551,-135.8034
32.1048,2930.8102,1011.7681,-135.8034
32.1143,2929.7156,1011.3279,-135.8034
32.1256,2928.6508,1010.8519,-135.8034
32.1342,2927.5339,1010.3817,-135.8034
32.1444,2926.3739,1009.9962,-135.8034
32.1543,2925.1489,1009.6397,-135.8034
32.1649,2923.9546,1009.2599,-135.8034
32.1747,2922.8550,1008.8787,-135.8034
32.1849,2921.8075,1008.4225,-135.8034
32.1952,2920.7311,1007.9625,-135.8034
32.2053,2919.6626,1007.5098,-135.8034
32.2146,2918.5392,1007.0948,-135.8034
32.2243,2917.3551,1006.7049,-135.8034
32.2347,2916.1449,1006.3285,-135.8034
32.2444,2915.0370,1005.8985,-135.8034
32.2558,2914.0060,1005.4407,-135.8034
32.2650,2912.9084,1004.9716,-135.8034
32.2749,2911.8417,1004.4893,-135.8034
32.2842,2910.7054,1004.0552,-135.8034
32.2944,2909.5175,1003.6745,-135.8034
32.3046,2908.3444,1003.3007,-135.8034
32.3149,2907.2987,1002.9132,-135.8034
32.3252,2906.2932,1002.4940,-135.8034
32.3354,2905.2242,1002.0591,-135.8034
32.3448,2904.1747,1001.5889,-135.8034
32.3548,2903.0624,1001.1039,-135.8034
32.3645,2901.8973,1000.6812,-135.8034
32.3758,2900.6353,1000.2466,-135.8034
32.3849,2899.4374,999.8102,-135.8034
32.3944,2898.3145,999.3500,-135.8034
32.4045,2897.2406,998.9225,-135.8034
32.4141,2896.1735,998.4548,-135.8034
32.4245,2895.0551,997.9933,-135.8034
32.4348,2893.9606,997.5440,-135.8034
32.4445,2892.8109,997.1381,-135.8034
32.4546,2891.6478,996.7416,-135.8034
32.4648,2890.5880,996.3524,-135.8034
32.4745,2889.5278,995.9346,-135.8034
32.4844,2888.4288,995.4818,-135.8034
32.4945,2887.3073,995.0066,-135.8034
32.5046,2886.1460,994.5432,-135.8034
32.5146,2884.9137,994.1582,-135.8034
32.5243,2883.7158,993.7395,-135.8034
32.5364,2882.6516,993.3737,-135.8034
32.5444,2881.6750,992.9898,-135.8034
32.5549,2880.6526,992.5591,-135.8034
32.5646,2879.6272,992.1223,-135.8034
32.5746,2878.5192,991.6619,-135.8034
32.5845,2877.3737,991.2443,-135.8034
32.5946,2876.1844,990.8396,-135.8034
32.6045,2875.0299,990.4637,-135.8034
32.6144,2873.9877,990.0948,-135.8034
32.6247,2872.9712,989.6433,-135.8034
32.6343,2871.9374,989.1827,-135.8034
32.6444,2870.9086,988.7388,-135.8034
32.6539,2869.8043,988.3288,-135.8034
32.6641,2868.6786,987.9703,-135.8034
32.6742,2867.5618,987.5681,-135.8034
32.6850,2866.4799,987.2135,-135.8034
32.6947,2865.3879,986.7503,-135.8034
32.7049,2864.2910,986.2855,-135.8034
32.7147,2863.1569,985.7884,-135.8034
32.7250,2861.9960,985.3329,-135.8034
32.7345,2860.7373,984.8970,-135.8034
32.7445,2859.5411,984.4881,-135.8034
32.7548,2858.4819,984.1575,-135.8034
32.7645,2857.4456,983.7358,-135.8034
32.7759,2856.3678,983.2717,-135.8034
32.7845,2855.2852,982.7945,-135.8034
32.7945,2854.1622,982.3457,-135.8034
32.8045,2852.9659,981.9438,-135.8034
32.8148,2851.7231,981.4925,-135.8034
32.8262,2850.6151,981.1113,-135.8034
32.8362,2849.5426,980.7012,-135.8034
32.8447,2848.4530,980.2320,-135.8034
32.8552,2847.3654,979.7627,-135.8034
32.8645,2846.2518,979.2788,-135.8034
32.8741,2845.0823,978.8577,-135.8034
32.8842,2843.8898,978.4620,-135.8034
32.8946,2842.7435,978.0737,-135.8034
32.9059,2841.6433,977.6559,-135.8034
32.9143,2840.5786,977.1595,-135.8034
32.9249,2839.4963,976.6650,-135.8034
32.9348,2838.3628,976.1958,-135.8034
32.9447,2837.1342,975.7565,-135.8034
32.9544,2835.8682,975.3849,-135.8034
32.9650,2834.6987,975.0093,-135.8034
32.9749,2833.5793,974.5978,-135.8034
32.9853,2832.4978,974.1345,-135.8034
32.9948,2831.4379,973.6720,-135.8034
33.0043,2830.2963,973.2568,-135.8034
33.0143,2829.1339,972.8242,-135.8034
33.0245,2827.9276,972.4112,-135.8034
33.0346,2826.7374,972.0114,-135.8034
33.0445,2825.6335,971.6237,-135.8034
33.0555,2824.5698,971.1878,-135.8034
33.0652,2823.5165,970.7307,-135.8034
33.0745,2822.4237,970.2885,-135.8034
33.0861,2821.3285,969.8615,-135.8034
33.0945,2820.1320,969.4108,-135.8034
33.1056,2818.9476,968.9638,-135.8034
33.1143,2817.8107,968.4845,-135.8034
33.1243,2816.6890,968.0100,-135.8034
33.1351,2815.5707,967.5417,-135.8034
33.1445,2814.4493,967.1054,-135.8034
33.1550,2813.3325,966.6675,-135.8034
33.1642,2812.2620,966.1717,-135.8034
33.1745,2811.1754,965.7322,-135.8034
33.1846,2810.0800,965.2950,-135.8034
33.1943,2808.9570,964.8354,-135.8034
33.2043,2807.8362,964.3500,-135.8034
33.2150,2806.7155,963.8773,-135.8034
33.2245,2805.5559,963.3938,-135.8034
33.2346,2804.3975,962.8643,-135.8034
33.2445,2803.2808,962.3493,-135.8034
33.2545,2802.1703,961.8990,-135.8034
33.2643,2801.0571,961.4521,-135.8034
33.2742,2799.9548,961.0000,-135.8034
33.2847,2798.8485,960.4935,-135.8034
33.2946,2797.6864,959.9727,-135.8034
33.3048,2796.5557,959.4464,-135.8034
33.3147,2795.4059,959.0065,-135.8034
33.3245,2794.3131,958.6529,-135.8034
33.3343,2793.2887,958.2507,-135.8034
33.3447,2792.2736,957.8215,-135.8034
33.3545,2791.2374,957.3415,-135.8034
33.3652,2790.1565,956.9060,-135.8034
33.3756,2789.0642,956.4275,-135.8034
33.3844,2787.9340,955.9739,-135.8034
33.3945,2786.7843,955.5848,-135.8034
33.4051,2785.7279,955.1944,-135.8034
33.4155,2784.6594,954.7554,-135.8034
33.4243,2783.5831,954.2997,-135.8034
33.4366,2782.5070,953.8533,-135.8034
33.4444,2781.3840,953.4086,-135.8034
33.4553,2780.2697,952.9449,-135.8034
33.4654,2779.1550,952.4971,-135.8034
33.4759,2778.0399,952.0816,-135.8034
33.4846,2776.9637,951.6680,-135.8034
33.4946,2775.8625,951.1994,-135.8034
33.5066,2774.7227,950.7259,-135.8034
33.5147,2773.5281,950.2747,-135.8034
33.5253,2772.4155,949.7719,-135.8034
33.5340,2771.2650,949.3138,-135.8034
33.5441,2770.1711,948.8901,-135.8034
33.5549,2769.0557,948.4790,-135.8034
33.5646,2768.0129,948.0369,-135.8034
33.5745,2766.9104,947.6057,-135.8034
33.5843,2765.7865,947.1972,-135.8034
33.5952,2764.6708,946.7278,-135.8034
33.6048,2763.5739,946.3021,-135.8034
33.6148,2762.4944,945.9027,-135.8034
33.6243,2761.4854,945.5101,-135.8034
33.6345,2760.4325,945.1091,-135.8034
33.6444,2759.3746,944.6555,-135.8034
33.6547,2758.2422,944.1967,-135.8034
33.6642,2757.0808,943.7301,-135.8034
33.6747,2755.9199,943.2807,-135.8034
33.6846,2754.7655,942.8530,-135.8034
33.6945,2753.7113,942.4386,-135.8034
33.7043,2752.6421,942.0122,-135.8034
33.7151,2751.5510,941.5686,-135.8034
33.7246,2750.4572,941.0865,-135.8034
33.7347,2749.3171,940.6110,-135.8034
33.7445,2748.1907,940.1153,-135.8034
33.7555,2747.0623,939.6526,-135.8034
33.7644,2745.9307,939.2708,-135.8034
33.7743,2744.8041,938.8838,-135.8034
33.7842,2743.6931,938.4434,-135.8034
33.7944,2742.5394,937.9966,-135.8034
33.8054,2741.3994,937.5323,-135.8034
33.8149,2740.2721,937.0573,-135.8034
33.8253,2739.1694,936.5865,-135.8034
33.8349,2738.0341,936.1290,-135.8034
33.8446,2736.9255,935.7180,-135.8034
33.8547,2735.8323,935.3085,-135.8034
33.8651,2734.7271,934.9037,-135.8034
33.8745,2733.5591,934.4449,-135.8034
33.8843,2732.4117,933.9604,-135.8034
33.8941,2731.3290,933.4371,-135.8034
33.9049,2730.2026,932.9386,-135.8034
33.9152,2729.0912,932.5090,-135.8034
33.9254,2727.9801,932.1191,-135.8034
33.9361,2726.8711,931.7085,-135.8034
33.9464,2725.7864,931.2040,-135.8034
33.9546,2724.6924,930.7019,-135.8034
33.9647,2723.6177,930.1779,-135.8034
33.9746,2722.5291,929.6826,-135.8034
33.9848,2721.3706,929.2470,-135.8034
33.9946,2720.2631,928.8129,-135.8034
34.0060,2719.1508,928.3724,-135.8034
34.0159,2718.0033,927.9058,-135.8034
34.0243,2716.9075,927.4084,-135.8034
34.0356,2715.8988,926.9004,-135.8034
34.0456,2714.8492,926.4169,-135.8034
34.0542,2713.7609,925.9998,-135.8034
34.0647,2712.6268,925.5738,-135.8034
34.0749,2711.4910,925.1145,-135.8034
34.0848,2710.3453,924.6795,-135.8034
34.0942,2709.2258,924.1728,-135.8034
34.1047,2708.2094,923.6626,-135.8034
34.1144,2707.1674,923.1365,-135.8034
34.1241,2706.0386,922.6738,-135.8034
34.1351,2704.8917,922.2231,-135.8034
34.1446,2703.7076,921.7771,-135.8034
34.1549,2702.5691,921.3120,-135.8034
34.1646,2701.4174,920.7902,-135.8034
34.1741,2700.3113,920.2609,-135.8034
34.1846,2699.2845,919.7795,-135.8034
34.1943,2698.1543,919.3025,-135.8034
34.2049,2697.0410,918.8770,-135.8034
34.2162,2695.8881,918.4490,-135.8034
34.2248,2694.7599,917.9954,-135.8034
34.2343,2693.7008,917.5121,-135.8034
34.2442,2692.6667,917.0031,-135.8034
34.2546,2691.6254,916.5158,-135.8034
34.2646,2690.5922,916.0796,-135.8034
34.2743,2689.5367,915.6784,-135.8034
34.2845,2688.4476,915.2663,-135.8034
34.2947,2687.3779,914.7930,-135.8034
34.3049,2686.2892,914.3321,-135.8034
34.3146,2685.1755,913.8464,-135.8034
34.3246,2684.1290,913.3777,-135.8034
34.3360,2683.0890,912.8878,-135.8034
34.3445,2681.9861,912.4317,-135.8034
34.3545,2680.8743,912.0109,-135.8034
34.3649,2679.7428,911.6012,-135.8034
34.3749,2678.5792,911.1353,-135.8034
34.3847,2677.4615,910.6338,-135.8034
34.3956,2676.3860,910.1267,-135.8034
34.4044,2675.3185,909.6116,-135.8034
34.4146,2674.1935,909.1188,-135.8034
34.4243,2673.1021,908.6923,-135.8034
34.4345,2672.0095,908.2780,-135.8034
34.4446,2670.9149,907.8140,-135.8034
34.4546,2669.8276,907.3311,-135.8034
34.4645,2668.7686,906.8426,-135.8034
34.4746,2667.7026,906.3498,-135.8034
34.4847,2666.5809,905.8883,-135.8034
34.4946,2665.4375,905.4299,-135.8034
34.5046,2664.2671,904.9680,-135.8034
34.5160,2663.0826,904.5170,-135.8034
34.5244,2661.9559,904.0068,-135.8034
34.5355,2660.8812,903.5341,-135.8034
34.5449,2659.8298,903.0271,-135.8034
34.5552,2658.7069,902.4919,-135.8034
34.5642,2657.5459,902.0206,-135.8034
34.5746,2656.4065,901.6098,-135.8034
34.5855,2655.3002,901.2043,-135.8034
34.5941,2654.2126,900.7164,-135.8034
34.6056,2653.1531,900.2117,-135.8034
34.6155,2652.0627,899.6844,-135.8034
34.6245,2650.9617,899.1411,-135.8034
34.6350,2649.8519,898.6676,-135.8034
34.6446,2648.7036,898.2054,-135.8034
34.6554,2647.5532,897.7626,-135.8034
34.6646,2646.4143,897.3169,-135.8034
34.6740,2645.2865,896.8369,-135.8034
34.6861,2644.1981,896.3052,-135.8034
34.6943,2643.1222,895.7900,-135.8034
34.7050,2641.9551,895.3365,-135.8034
34.7144,2640.8228,894.9126,-135.8034
34.7245,2639.6782,894.5188,-135.8034
34.7351,2638.5245,894.0276,-135.8034
34.7449,2637.3687,893.5472,-135.8034
34.7547,2636.3010,893.0580,-135.8034
34.7645,2635.2083,892.5277,-135.8034
34.7748,2634.0619,892.0421,-135.8034
34.7847,2632.9066,891.5952,-135.8034
34.7943,2631.7538,891.2038,-135.8034
34.8046,2630.6134,890.7347,-135.8034
34.8158,2629.6034,890.2346,-135.8034
34.8251,2628.6143,889.7483,-135.8034
34.8348,2627.5326,889.2130,-135.8034
34.8442,2626.4321,888.7039,-135.8034
34.8545,2625.2438,888.2055,-135.8034
34.8646,2623.9873,887.7122,-135.8034
34.8744,2622.8250,887.2181,-135.8034
34.8859,2621.7440,886.7610,-135.8034
34.8943,2620.7209,886.2818,-135.8034
34.9058,2619.7261,885.7518,-135.8034
34.9151,2618.6593,885.2471,-135.8034
34.9266,2617.5847,884.7469,-135.8034
34.9344,2616.4552,884.2633,-135.8034
34.9460,2615.2910,883.7686,-135.8034
34.9550,2614.1522,883.2767,-135.8034
34.9650,2613.0675,882.7908,-135.8034
34.9753,2611.9968,882.2363,-135.8034
34.9847,2610.8916,881.6390,-135.8034
34.9945,2609.7506,881.0671,-135.8034
35.0055,2608.6047,880.5748,-135.8034
35.0146,2607.4679,880.1050,-135.8034
35.0246,2606.4258,879.6476,-135.8034
35.0350,2605.4348,879.1693,-135.8034
35.0445,2604.4191,878.6171,-135.8034
35.0544,2603.3247,878.0642,-135.8034
35.0648,2602.1636,877.5604,-135.8034
35.0742,2600.9614,877.1489,-135.8034
35.0846,2599.7883,876.7096,-135.8034
35.0949,2598.7607,876.2471,-135.8034
35.1051,2597.7469,875.7615,-135.8034
35.1146,2596.7452,875.2862,-135.8034
35.1245,2595.6698,874.7713,-135.8034
35.1357,2594.5812,874.2311,-135.8034
35.1443,2593.4487,873.7822,-135.8034
35.1547,2592.3214,873.3905,-135.8034
35.1645,2591.2584,872.9672,-135.8034
35.1740,2590.2278,872.4958,-135.8034
35.1848,2589.2004,872.0223,-135.8034
35.1942,2588.2008,871.5093,-135.8034
35.2052,2587.1057,870.9715,-135.8034
35.2143,2585.9492,870.4518,-135.8034
35.2248,2584.7632,870.0348,-135.8034
35.2354,2583.6200,869.6273,-135.8034
35.2447,2582.6008,869.1579,-135.8034
35.2543,2581.6099,868.6407,-135.8034
35.2647,2580.6250,868.1088,-135.8034
35.2745,2579.5521,867.5754,-135.8034
35.2853,2578.4274,867.0920,-135.8034
35.2945,2577.2537,866.6605,-135.8034
35.3047,2576.1075,866.2348,-135.8034
35.3146,2575.0280,865.7833,-135.8034
35.3243,2574.0320,865.2875,-135.8034
35.3356,2572.9902,864.7971,-135.8034
35.3440,2571.9425,864.2427,-135.8034
35.3549,2570.8369,863.7174,-135.8034
35.3646,2569.7437,863.2562,-135.8034
35.3746,2568.6102,862.8304,-135.8034
35.3845,2567.5338,862.4323,-135.8034
35.3946,2566.4890,861.9649,-135.8034
35.4046,2565.4471,861.4824,-135.8034
35.4148,2564.4249,860.9245,-135.8034
35.4245,2563.3594,860.3694,-135.8034
35.4360,2562.1987,859.8697,-135.8034
35.4447,2561.0574,859.4311,-135.8034
35.4553,2559.9121,859.0451,-135.8034
35.4647,2558.8641,858.6018,-135.8034
35.4742,2557.8319,858.1046,-135.8034
35.4850,2556.8174,857.5989,-135.8034
35.4945,2555.7249,857.0439,-135.8034
35.5046,2554.5604,856.5189,-135.8034
35.5158,2553.4136,856.0443,-135.8034
35.5258,2552.2714,855.6148,-135.8034
35.5348,2551.1831,855.2016,-135.8034
35.5459,2550.1234,854.7290,-135.8034
35.5555,2549.0706,854.2180,-135.8034
35.5652,2547.9928,853.6612,-135.8034
35.5741,2546.8464,853.1242,-135.8034
35.5845,2545.6652,852.6568,-135.8034
35.5944,2544.4922,852.2341,-135.8034
35.6051,2543.3811,851.7962,-135.8034
35.6148,2542.3346,851.3071,-135.8034
35.6248,2541.2798,850.7553,-135.8034
35.6347,2540.1940,850.2092,-135.8034
35.6446,2539.0674,849.6229,-135.8034
35.6555,2537.9120,849.1338,-135.8034
35.6642,2536.7919,848.6554,-135.8034
35.6748,2535.6915,848.2093,-135.8034
35.6843,2534.6409,847.7137,-135.8034
35.6945,2533.5742,847.1471,-135.8034
35.7047,2532.4628,846.5527,-135.8034
35.7149,2531.3300,845.9753,-135.8034
35.7247,2530.1619,845.4584,-135.8034
35.7347,2529.0354,844.9733,-135.8034
35.7445,2528.0292,844.5669,-135.8034
35.7561,2527.0096,844.1360,-135.8034
35.7647,2525.9750,843.6052,-135.8034
35.7749,2524.9080,843.0475,-135.8034
35.7848,2523.7865,842.4507,-135.8034
35.7945,2522.5989,841.8892,-135.8034
35.8050,2521.4620,841.3654,-135.8034
35.8144,2520.3706,840.9116,-135.8034
35.8244,2519.3070,840.5031,-135.8034
35.8346,2518.2905,840.0545,-135.8034
35.8445,2517.2299,839.5242,-135.8034
35.8544,2516.1595,838.9616,-135.8034
35.8643,2515.0576,838.3910,-135.8034
35.8743,2513.8989,837.8650,-135.8034
35.8853,2512.7258,837.3675,-135.8034
35.8951,2511.6187,836.9124,-135.8034
35.9047,2510.5430,836.4485,-135.8034
35.9158,2509.4562,835.9040,-135.8034
35.9253,2508.3469,835.3239,-135.8034
35.9354,2507.2185,834.7570,-135.8034
35.9449,2506.0752,834.1817,-135.8034
35.9552,2504.9597,833.6971,-135.8034
35.9644,2503.9072,833.2588,-135.8034
35.9743,2502.8820,832.8173,-135.8034
35.9842,2501.8430,832.3506,-135.8034
35.9945,2500.7594,831.7993,-135.8034
36.0051,2499.6422,831.2259,-135.8034
36.0148,2498.4534,830.6306,-135.8034
36.0249,2497.3396,830.1668,-135.8034
36.0358,2496.2772,829.7729,-135.8034
36.0464,2495.2767,829.3618,-135.8034
36.0544,2494.2561,828.8972,-135.8034
36.0652,2493.2523,828.3500,-135.8034
36.0756,2492.1887,827.7914,-135.8034
36.0864,2491.0422,827.2019,-135.8034
36.0944,2489.9231,826.7227,-135.8034
36.1047,2488.8363,826.3022,-135.8034
36.1144,2487.8026,825.9107,-135.8034
36.1245,2486.7775,825.4625,-135.8034
36.1347,2485.7389,824.9035,-135.8034
36.1445,2484.6533,824.3152,-135.8034
36.1547,2483.5371,823.7237,-135.8034
36.1646,2482.4017,823.1908,-135.8034
36.1749,2481.3369,822.7581,-135.8034
36.1854,2480.3300,822.3669,-135.8034
36.1969,2479.3425,821.9414,-135.8034
36.2044,2478.3341,821.4372,-135.8034
36.2145,2477.2974,820.8799,-135.8034
36.2242,2476.1600,820.3058,-135.8034
36.2343,2474.9739,819.7544,-135.8034
36.2446,2473.8380,819.2727,-135.8034
36.2550,2472.7864,818.8662,-135.8034
36.2644,2471.7775,818.4409,-135.8034
36.2742,2470.7559,817.9259,-135.8034
36.2846,2469.6923,817.3912,-135.8034
36.2950,2468.6228,816.8545,-135.8034
36.3048,2467.4757,816.2780,-135.8034
36.3146,2466.3723,815.7365,-135.8034
36.3244,2465.2900,815.2794,-135.8034
36.3342,2464.2339,814.8258,-135.8034
36.3453,2463.1766,814.3202,-135.8034
36.3547,2462.0933,813.7579,-135.8034
36.3662,2460.9606,813.1784,-135.8034
36.3744,2459.8282,812.6417,-135.8034
36.3842,2458.6934,812.1193,-135.8034
36.3944,2457.5800,811.6273,-135.8034
36.4046,2456.5118,811.2051,-135.8034
36.4156,2455.4785,810.7142,-135.8034
36.4245,2454.4264,810.1719,-135.8034
36.4359,2453.3689,809.6212,-135.8034
36.4447,2452.2677,809.0905,-135.8034
36.4546,2451.1603,808.5581,-135.8034
36.4645,2450.0227,808.0248,-135.8034
36.4745,2448.9167,807.6042,-135.8034
36.4844,2447.8090,807.1541,-135.8034
36.4960,2446.6987,806.6153,-135.8034
36.5050,2445.5598,806.0501,-135.8034
36.5155,2444.4374,805.4788,-135.8034
36.5254,2443.3363,804.9086,-135.8034
36.5358,2442.2582,804.4297,-135.8034
36.5444,2441.2410,804.0135,-135.8034
36.5544,2440.2167,803.5465,-135.8034
36.5644,2439.1343,803.0088,-135.8034
36.5745,2438.0271,802.4336,-135.8034
36.5845,2436.8774,801.8650,-135.8034
36.5947,2435.7074,801.2894,-135.8034
36.6043,2434.6434,800.7208,-135.8034
36.6155,2433.5480,800.2191,-135.8034
36.6243,2432.4294,799.7175,-135.8034
36.6345,2431.3125,799.2158,-135.8034
36.6455,2430.2150,798.6794,-135.8034
36.6549,2429.0997,798.1252,-135.8034
36.6643,2428.0044,797.5609,-135.8034
36.6748,2426.9669,796.9907,-135.8034
36.6848,2425.9342,796.4776,-135.8034
36.6942,2424.8828,796.0003,-135.8034
36.7043,2423.8164,795.4689,-135.8034
36.7143,2422.6935,794.9118,-135.8034
36.7243,2421.5371,794.3021,-135.8034
36.7344,2420.3303,793.6673,-135.8034
36.7443,2419.2637,793.0264,-135.8034
36.7543,2418.2051,792.4521,-135.8034
36.7644,2417.1176,791.9528,-135.8034
36.7760,2415.9984,791.4406,-135.8034
36.7846,2414.9041,790.9236,-135.8034
36.7950,2413.8538,790.3773,-135.8034
36.8049,2412.8521,789.7911,-135.8034
36.8144,2411.8086,789.2120,-135.8034
36.8250,2410.7222,788.7324,-135.8034
36.8345,2409.6691,788.3509,-135.8034
36.8442,2408.6425,787.9066,-135.8034
36.8545,2407.6050,787.3685,-135.8034
36.8643,2406.5378,786.8033,-135.8034
36.8745,2405.4775,786.2527,-135.8034
36.8848,2404.3900,785.7026,-135.8034
36.8962,2403.3705,785.2120,-135.8034
36.9042,2402.3654,784.8116,-135.8034
36.9145,2401.3793,784.4081,-135.8034
36.9246,2400.3479,783.9099,-135.8034
36.9346,2399.2589,783.3501,-135.8034
36.9450,2398.1212,782.7957,-135.8034
36.9551,2396.9838,782.2060,-135.8034
36.9666,2395.9207,781.6536,-135.8034
36.9754,2394.8427,781.1787,-135.8034
36.9861,2393.8313,780.7578,-135.8034
36.9956,2392.8171,780.2605,-135.8034
37.0042,2391.8066,779.7180,-135.8034
37.0150,2390.7440,779.1597,-135.8034
37.0255,2389.6512,778.5767,-135.8034
37.0344,2388.5497,778.0141,-135.8034
37.0442,2387.4932,777.5316,-135.8034
37.0550,2386.4845,777.1229,-135.8034
37.0663,2385.4519,776.6589,-135.8034
37.0742,2384.3949,776.0954,-135.8034
37.0845,2383.2896,775.5322,-135.8034
37.0945,2382.1531,774.9746,-135.8034
37.1065,2380.9980,774.4006,-135.8034
37.1145,2379.9532,773.8786,-135.8034
37.1243,2378.9612,773.4372,-135.8034
37.1348,2377.9777,772.9644,-135.8034
37.1453,2376.9850,772.4767,-135.8034
37.1552,2375.9607,771.9436,-135.8034
37.1653,2374.8315,771.3589,-135.8034
37.1751,2373.7091,770.7849,-135.8034
37.1845,2372.6226,770.2582,-135.8034
37.1941,2371.5520,769.7667,-135.8034
37.2045,2370.5095,769.2813,-135.8034
37.2144,2369.4609,768.7801,-135.8034
37.2243,2368.3834,768.2326,-135.8034
37.2344,2367.2507,767.7244,-135.8034
37.2451,2366.1428,767.1677,-135.8034
37.2548,2365.0453,766.6028,-135.8034
37.2646,2363.9816,766.0657,-135.8034
37.2748,2362.9426,765.5986,-135.8034
37.2847,2361.8856,765.1523,-135.8034
37.2959,2360.7771,764.6382,-135.8034
37.3044,2359.6445,764.0807,-135.8034
37.3151,2358.4735,763.4936,-135.8034
37.3245,2357.3604,762.9164,-135.8034
37.3345,2356.3324,762.3626,-135.8034
37.3445,2355.2809,761.7998,-135.8034
37.3548,2354.1740,761.2835,-135.8034
37.3643,2353.0973,760.7811,-135.8034
37.3748,2352.0148,760.3058,-135.8034
37.3848,2350.9664,759.7445,-135.8034
37.3951,2349.8613,759.1508,-135.8034
37.4053,2348.7765,758.5138,-135.8034
37.4142,2347.7269,757.9293,-135.8034
37.4261,2346.6099,757.3922,-135.8034
37.4361,2345.5270,756.8490,-135.8034
37.4445,2344.4158,756.3402,-135.8034
37.4543,2343.3220,755.7623,-135.8034
37.4650,2342.2797,755.1798,-135.8034
37.4745,2341.2571,754.6264,-135.8034
37.4845,2340.1768,754.0427,-135.8034
37.4945,2339.0967,753.5002,-135.8034
37.5058,2337.9988,752.9852,-135.8034
37.5157,2336.8730,752.4273,-135.8034
37.5254,2335.7407,751.8434,-135.8034
37.5342,2334.6887,751.2300,-135.8034
37.5461,2333.6376,750.6623,-135.8034
37.5555,2332.6035,750.1310,-135.8034
37.5661,2331.5537,749.6441,-135.8034
37.5747,2330.4669,749.1557,-135.8034
37.5851,2329.3921,748.6262,-135.8034
37.5956,2328.3167,748.0783,-135.8034
37.6070,2327.2582,747.4893,-135.8034
37.6144,2326.1880,746.9082,-135.8034
37.6243,2325.1019,746.3264,-135.8034
37.6343,2324.0021,745.7882,-135.8034
37.6445,2322.8713,745.2681,-135.8034
37.6550,2321.7283,744.7345,-135.8034
37.6647,2320.6479,744.1583,-135.8034
37.6750,2319.5978,743.5859,-135.8034
37.6846,2318.5613,743.0149,-135.8034
37.6942,2317.5250,742.4829,-135.8034
37.7044,2316.4540,741.9430,-135.8034
37.7146,2315.3494,741.4138,-135.8034
37.7248,2314.2391,740.8848,-135.8034
37.7349,2313.1105,740.3032,-135.8034
37.7442,2311.9989,739.7170,-135.8034
37.7542,2310.9415,739.1458,-135.8034
37.7644,2309.9004,738.6190,-135.8034
37.7742,2308.8828,738.1144,-135.8034
37.7848,2307.8300,737.6209,-135.8034
37.7946,2306.8145,737.1263,-135.8034
37.8046,2305.7394,736.5985,-135.8034
37.8145,2304.6824,736.0652,-135.8034
37.8248,2303.6766,735.4873,-135.8034
37.8344,2302.6416,734.9405,-135.8034
37.8441,2301.6318,734.4191,-135.8034
37.8549,2300.6270,733.9373,-135.8034
37.8647,2299.5970,733.4343,-135.8034
37.8751,2298.5599,732.8978,-135.8034
37.8851,2297.5013,732.3428,-135.8034
37.8946,2296.4423,731.7991,-135.8034
37.9056,2295.3878,731.2313,-135.8034
37.9154,2294.3444,730.6942,-135.8034
37.9253,2293.3143,730.1472,-135.8034
37.9352,2292.2308,729.6427,-135.8034
37.9443,2291.1854,729.1144,-135.8034
37.9548,2290.1107,728.5705,-135.8034
37.9645,2289.0203,728.0279,-135.8034
37.9742,2287.9604,727.4578,-135.8034
37.9846,2286.9253,726.9186,-135.8034
37.9940,2285.8452,726.3433,-135.8034
38.0044,2284.7584,725.8012,-135.8034
38.0150,2283.6492,725.3044,-135.8034
38.0247,2282.5360,724.7569,-135.8034
38.0345,2281.4580,724.2003,-135.8034
38.0450,2280.4020,723.6259,-135.8034
38.0545,2279.3549,723.0580,-135.8034
38.0655,2278.2936,722.4513,-135.8034
38.0751,2277.1906,721.8696,-135.8034
38.0844,2276.1145,721.3426,-135.8034
38.0942,2275.0068,720.8148,-135.8034
38.1048,2273.9022,720.2407,-135.8034
38.1145,2272.8093,719.6557,-135.8034
38.1243,2271.7084,719.0548,-135.8034
38.1352,2270.6387,718.4910,-135.8034
38.1450,2269.6003,717.9185,-135.8034
38.1562,2268.5801,717.3911,-135.8034
38.1662,2267.5435,716.8477,-135.8034
38.1747,2266.4940,716.3199,-135.8034
38.1847,2265.4047,715.8080,-135.8034
38.1943,2264.3126,715.2038,-135.8034
38.2047,2263.2418,714.5867,-135.8034
38.2146,2262.1459,713.9957,-135.8034
38.2243,2261.0157,713.4876,-135.8034
38.2351,2259.9254,712.9417,-135.8034
38.2446,2258.8599,712.4101,-135.8034
38.2546,2257.7971,711.8423,-135.8034
38.2661,2256.7660,711.2561,-135.8034
38.2755,2255.6815,710.6606,-135.8034
38.2849,2254.5760,710.0816,-135.8034
38.2955,2253.4707,709.5656,-135.8034
38.3062,2252.3884,709.0593,-135.8034
38.3156,2251.3429,708.5072,-135.8034
38.3246,2250.3077,707.9339,-135.8034
38.3346,2249.2587,707.3540,-135.8034
38.3451,2248.1595,706.7217,-135.8034
38.3552,2247.0294,706.0615,-135.8034
38.3645,2245.8236,705.4792,-135.8034
38.3745,2244.6726,704.9369,-135.8034
38.3851,2243.5875,704.4117,-135.8034
38.3948,2242.5830,703.8417,-135.8034
38.4044,2241.6138,703.2966,-135.8034
38.4143,2240.5884,702.7099,-135.8034
38.4246,2239.5442,702.1136,-135.8034
38.4346,2238.5082,701.5448,-135.8034
38.4449,2237.4130,700.9630,-135.8034
38.4556,2236.3289,700.4103,-135.8034
38.4652,2235.3120,699.8586,-135.8034
38.4743,2234.2871,699.3034,-135.8034
38.4846,2233.2603,698.7055,-135.8034
38.4946,2232.2126,698.0573,-135.8034
38.5043,2231.1198,697.4194,-135.8034
38.5147,2230.0153,696.8047,-135.8034
38.5245,2228.9562,696.2722,-135.8034
38.5344,2227.9220,695.7499,-135.8034
38.5442,2226.9220,695.1842,-135.8034
38.5549,2225.9271,694.6234,-135.8034
38.5645,2224.8983,693.9978,-135.8034
38.5740,2223.7822,693.4087,-135.8034
38.5847,2222.7202,692.8730,-135.8034
38.5955,2221.6881,692.3799,-135.8034
38.6044,2220.6925,691.8915,-135.8034
38.6152,2219.7205,691.3548,-135.8034
38.6247,2218.7609,690.8283,-135.8034
38.6348,2217.7249,690.2606,-135.8034
38.6446,2216.6381,689.6560,-135.8034
38.6551,2215.5892,689.0980,-135.8034
38.6643,2214.5327,688.5748,-135.8034
38.6741,2213.5232,688.1080,-135.8034
38.6848,2212.5219,687.6186,-135.8034
38.6944,2211.5209,687.0902,-135.8034
38.7042,2210.4845,686.4916,-135.8034
38.7148,2209.4127,685.8542,-135.8034
38.7247,2208.2980,685.2288,-135.8034
38.7346,2207.1936,684.6673,-135.8034
38.7446,2206.0898,684.1307,-135.8034
38.7556,2205.0775,683.6226,-135.8034
38.7647,2204.0629,683.0854,-135.8034
38.7755,2203.0377,682.4825,-135.8034
38.7847,2201.9727,681.8241,-135.8034
38.7945,2200.8961,681.1932,-135.8034
38.8047,2199.7987,680.6338,-135.8034
38.8150,2198.7347,680.1481,-135.8034
38.8243,2197.7063,679.6664,-135.8034
38.8351,2196.7019,679.1357,-135.8034
38.8447,2195.6915,678.5602,-135.8034
38.8545,2194.6356,677.9289,-135.8034
38.8659,2193.5050,677.2989,-135.8034
38.8750,2192.4349,676.7377,-135.8034
38.8850,2191.4111,676.2058,-135.8034
38.8958,2190.4375,675.6823,-135.8034
38.9044,2189.4211,675.1740,-135.8034
38.9144,2188.3638,674.6346,-135.8034
38.9250,2187.2800,674.0536,-152.1437
38.9345,2186.1477,673.3833,-152.1653
38.9450,2185.0381,672.7805,-152.1773
38.9556,2183.9655,672.2606,-152.1560
38.9643,2182.7394,671.8027,-151.8468
38.9745,2181.5488,671.2406,-151.8468
38.9845,2180.3917,670.6929,-151.8468
38.9945,2179.0289,670.3318,-151.8468
39.0043,2177.8524,669.6776,-151.8468
39.0143,2176.7521,669.2965,-151.8468
39.0246,2175.5564,669.4840,-151.8468
39.0346,2174.3356,669.4263,-151.8468
39.0447,2173.0699,669.1061,-151.8468
39.0551,2171.8181,668.8648,-151.8468
39.0643,2170.7842,668.4970,-151.8468
39.0758,2170.0142,667.9728,-151.8468
39.0854,2169.3396,667.2350,-151.8468
39.0963,2168.6428,666.4390,-151.8468
39.1040,2167.7360,665.7589,-151.8468
39.1142,2166.6642,665.0963,-151.8468
39.1245,2165.5436,664.3241,-151.8468
39.1346,2164.5387,663.5284,-151.8468
39.1450,2163.6343,662.7886,-151.8468
39.1542,2162.7928,662.0801,-151.8468
39.1645,2161.8560,661.3609,-151.8468
39.1747,2160.8357,660.6052,-151.8468
39.1852,2159.8148,659.8162,-151.8468
39.1953,2158.8373,659.0820,-151.8468
39.2048,2157.9568,658.4395,-151.8468
39.2146,2157.0704,657.7598,-151.8468
39.2253,2156.1537,657.0719,-151.8468
39.2347,2155.2083,656.3247,-151.8468
39.2444,2154.1960,655.6217,-151.8468
39.2550,2153.1672,654.8230,-151.8468
39.2660,2152.0878,654.0196,-151.8468
39.2746,2151.0664,653.2221,-151.8468
39.2849,2150.1199,652.5095,-151.8468
39.2963,2149.2493,651.8674,-151.8468
39.3047,2148.3563,651.1805,-151.8468
39.3144,2147.3804,650.4512,-151.8468
39.3245,2146.3885,649.6831,-151.8468
39.3353,2145.3606,648.9270,-151.8468
39.3448,2144.3724,648.1966,-151.8468
39.3546,2143.4230,647.4627,-151.8468
39.3646,2142.4930,646.7551,-151.8468
39.3750,2141.5807,646.0244,-151.8468
39.3852,2140.6237,645.2698,-151.8468
39.3942,2139.6078,644.5128,-151.8468
39.4059,2138.5531,643.7064,-151.8468
39.4149,2137.5269,642.9552,-151.8468
39.4246,2136.6074,642.2115,-151.8468
39.4346,2135.6823,641.5468,-151.8468
39.4446,2134.7750,640.8464,-151.8468
39.4546,2133.8318,640.1356,-151.8468
39.4646,2132.8743,639.4128,-151.8468
39.4748,2131.8367,638.6685,-151.8468
39.4844,2130.8416,637.9682,-151.8468
39.4944,2129.9089,637.3365,-151.8468
39.5042,2128.9771,636.7189,-151.8468
39.5143,2128.0696,636.0696,-151.8468
39.5256,2127.1846,635.3830,-151.8468
39.5351,2126.1713,634.6692,-151.8468
39.5446,2125.0577,633.8903,-151.8468
39.5546,2123.9779,633.0522,-151.8468
39.5643,2122.9235,632.2063,-151.8468
39.5743,2121.9438,631.4082,-151.8468
39.5842,2120.9936,630.6847,-151.8468
39.5945,2119.9736,629.8965,-151.8468
39.6046,2118.8844,629.0498,-151.8468
39.6147,2117.7924,628.2144,-151.8468
39.6246,2116.7625,627.4361,-151.8468
39.6345,2115.8409,626.7669,-151.8468
39.6438,2115.0237,626.0918,-151.8468
39.6545,2114.1603,625.4307,-151.8468
39.6647,2113.2267,624.7015,-151.8468
39.6745,2112.2542,623.9299,-151.8468
39.6849,2111.2071,623.1350,-151.8468
39.6948,2110.1284,622.3586,-151.8468
39.7044,2109.1400,621.6223,-151.8468
39.7146,2108.2151,620.9577,-151.8468
39.7254,2107.3246,620.2741,-151.8468
39.7344,2106.4303,619.5961,-151.8468
39.7446,2105.5005,618.8396,-151.8468
39.7546,2104.5141,618.1303,-151.8468
39.7646,2103.5408,617.4050,-151.8468
39.7764,2102.6296,616.7002,-151.8468
39.7845,2101.7280,616.0381,-151.8468
39.7948,2100.8609,615.3709,-151.8468
39.8045,2099.9767,614.7002,-151.8468
39.8143,2099.0535,613.9965,-151.8468
39.8245,2098.0920,613.2203,-151.8468
39.8350,2097.0823,612.4236,-151.8468
39.8445,2096.0931,611.6657,-151.8468
39.8550,2095.1431,611.0083,-151.8468
39.8660,2094.2912,610.3590,-151.8468
39.8750,2093.4536,609.6916,-151.8468
39.8847,2092.6173,608.9702,-151.8468
39.8942,2091.7664,608.2211,-151.8468
39.9043,2090.8339,607.4803,-151.8468
39.9146,2089.8475,606.7023,-151.8468
39.9244,2088.8780,605.9566,-151.8468
39.9343,2087.9665,605.2899,-151.8468
39.9448,2087.1047,604.6304,-151.8468
39.9546,2086.2266,603.9026,-151.8468
39.9656,2085.3575,603.1355,-151.8468
39.9750,2084.4006,602.3714,-151.8468
39.9850,2083.3392,601.5894,-151.8468
39.9946,2082.3425,600.8051,-151.8468
40.0046,2081.4274,600.0815,-151.8468
40.0141,2080.5399,599.3989,-151.8468
40.0240,2079.6680,598.7753,-151.8468
40.0345,2078.7768,598.0069,-151.8468
40.0446,2077.8592,597.2478,-151.8468
40.0545,2076.8464,596.4512,-151.8468
40.0645,2075.8391,595.6624,-151.8468
40.0740,2074.8981,594.9288,-151.8468
40.0843,2073.9752,594.2715,-151.8468
40.0942,2073.1040,593.6002,-151.8468
40.1047,2072.2397,592.8564,-151.8468
40.1143,2071.3764,592.0846,-151.8468
40.1245,2070.4727,591.3320,-142.6922
40.1346,2069.4684,590.5445,-142.6522
40.1470,2068.4810,589.7900,-142.6020
40.1546,2067.5520,589.0893,-142.5430
40.1646,2066.4934,588.4595,-142.2729
40.1746,2065.3329,587.6180,-142.2729
40.1846,2064.3066,586.6607,-142.2729
40.1943,2063.1121,586.1898,-142.2729
40.2042,2061.9893,585.3450,-142.2729
40.2144,2061.1804,584.2769,-142.2729
40.2246,2060.1735,584.0962,-142.2729
40.2341,2058.9608,583.8685,-142.2729
40.2448,2057.8045,582.9946,-142.2729
40.2551,2056.7758,582.2600,-142.2729
40.2648,2055.8581,581.7910,-134.3932
40.2762,2055.1125,580.9941,-134.5310
40.2848,2054.4423,580.0025,-134.7114
40.2943,2053.6482,579.1335,-134.8985
40.3050,2052.8744,578.3111,-135.0391
40.3149,2052.2514,577.4854,-135.3077
40.3244,2051.5628,576.9010,-135.9190
40.3348,2051.2330,576.1681,-136.8810
40.3445,2050.6546,575.2689,-137.9526
40.3546,2050.0070,574.5620,-139.3930
40.3649,2049.7231,573.5591,-141.0658
40.3743,2049.3318,572.6546,-142.6684
40.3842,2049.0681,571.8000,-144.7278
40.3949,2049.0388,571.0125,-146.9196
40.4049,2049.3981,569.8001,-149.2440
40.4150,2049.6555,568.8182,-151.6081
40.4245,2049.7852,567.8306,-154.1739
40.4348,2050.1598,566.6597,-156.7511
40.4451,2050.3474,565.4581,-159.3858
40.4559,2050.5749,564.3638,-162.1414
40.4661,2050.7745,563.0168,-164.9100
40.4743,2050.9631,561.6143,-167.7467
40.4847,2051.0483,560.4461,-170.6654
40.4948,2051.1874,558.9804,-173.6059
40.5043,2051.2781,557.5552,-176.5741
40.5147,2051.3441,556.2092,-179.6332
40.5244,2051.3432,554.7426,177.3375
40.5345,2051.2444,553.1860,174.2234
40.5445,2051.1301,551.7615,174.2234
40.5558,2050.9920,550.2943,174.2234
40.5643,2050.6603,548.7561,174.2234
40.5746,2050.2988,547.2967,174.2234
40.5863,2049.9798,545.9278,174.2234
40.5942,2049.5440,544.4191,174.2234
40.6046,2048.9423,543.3198,174.2234
40.6146,2048.3267,542.7161,174.2234
40.6246,2047.4641,542.1356,174.2234
40.6351,2046.5826,541.6264,174.2234
40.6448,2045.7888,541.5238,174.2234
40.6548,2044.9183,541.7417,174.2234
40.6659,2044.0517,542.1658,174.2234
40.6757,2043.3481,542.4822,174.2234
40.6848,2042.6400,542.6579,174.2234
40.6948,2041.8826,543.0860,174.2234
40.7043,2040.9167,543.7752,174.2234
40.7143,2039.8356,544.5238,174.2234
40.7241,2038.7303,545.2627,174.2234
40.7347,2037.6359,545.9829,174.2234
40.7450,2036.5551,546.6232,174.2234
40.7550,2035.5021,547.1998,174.2234
40.7644,2034.4578,547.7449,174.2234
40.7740,2033.3630,548.3064,174.2234
40.7845,2032.3471,548.9455,174.2234
40.7944,2031.3613,549.7017,174.2234
40.8045,2030.3847,550.4128,174.2234
40.8148,2029.3292,551.0612,174.2234
40.8246,2028.2211,551.6232,174.2234
40.8347,2027.0952,552.2153,174.2234
40.8449,2025.9804,552.8540,174.2234
40.8549,2024.9501,553.5220,174.2234
40.8645,2023.9642,554.2897,174.2234
40.8750,2022.9743,554.9976,174.2234
40.8849,2021.9175,555.6643,174.2234
40.8961,2020.8928,556.2131,174.2234
40.9056,2019.8419,556.7146,174.2234
40.9153,2018.8291,557.3249,174.2234
40.9249,2017.8296,557.9826,174.2234
40.9346,2016.8755,558.7000,174.2234
40.9446,2015.8989,559.4124,174.2234
40.9547,2014.8221,560.0547,174.2234
40.9649,2013.7396,560.6373,174.2234
40.9742,2012.6777,561.1663,174.2234
40.9846,2011.6262,561.7656,174.2234
40.9947,2010.6024,562.4050,174.2234
41.0060,2009.6788,563.0830,174.2234
41.0145,2008.5647,563.7714,174.2234
41.0247,2007.5350,564.3478,174.2234
41.0344,2006.4813,564.9166,174.2234
41.0442,2005.4603,565.4720,174.2234
41.0549,2004.4139,566.0722,174.2234
41.0650,2003.3392,566.7059,174.2234
41.0747,2002.3573,567.3385,174.2234
41.0850,2001.4156,568.0698,174.2234
41.0945,2000.4113,568.7088,174.2234
41.1061,1999.3743,569.2164,174.2234
41.1146,1998.3844,569.7237,174.2234
41.1243,1997.3799,570.2726,174.2234
41.1343,1996.3395,570.8879,174.2234
41.1458,1995.3331,571.4855,174.2234
41.1555,1994.3967,572.2031,174.2234
41.1655,1993.3846,572.8646,174.2234
41.1755,1992.3363,573.4469,174.2234
41.1846,1991.2709,573.9967,174.2234
41.1952,1990.2262,574.5456,174.2234
41.2046,1989.2012,575.1518,174.2234
41.2149,1988.2001,575.7935,174.2234
41.2261,1987.2883,576.4476,174.2234
41.2358,1986.3182,577.1074,174.2234
41.2446,1985.2916,577.6432,174.2234
41.2542,1984.2401,578.1874,174.2234
41.2644,1983.2181,578.7209,174.2234
41.2742,1982.2007,579.3165,174.2234
41.2851,1981.1700,579.9399,174.2234
41.2950,1980.1642,580.5778,174.2234
41.3041,1979.1644,581.2737,174.2234
41.3147,1978.1130,581.8868,174.2234
41.3244,1977.0087,582.4623,174.2234
41.3358,1975.9702,583.0303,174.2234
41.3462,1974.9556,583.6195,174.2234
41.3543,1973.9391,584.2401,174.2234
41.3644,1972.9166,584.8600,174.2234
41.3745,1971.9848,585.5616,174.2234
41.3853,1970.9462,586.2223,174.2234
41.3947,1969.8739,586.7778,174.2234
41.4046,1968.8118,587.3379,174.2234
41.4147,1967.7697,587.9297,174.2234
41.4245,1966.7095,588.5654,174.2234
41.4344,1965.6106,589.1943,174.2234
41.4447,1964.5632,589.9365,174.2234
41.4548,1963.4502,590.6601,174.2234
41.4657,1962.3863,591.2856,174.2234
41.4751,1961.3459,591.8497,174.2234
41.4847,1960.3547,592.3951,174.2234
41.4949,1959.3243,592.9929,174.2234
41.5061,1958.3163,593.6126,174.2234
41.5156,1957.3246,594.2281,174.2234
41.5254,1956.2957,594.8875,174.2234
41.5357,1955.2261,595.5008,174.2234
41.5449,1954.1832,596.0716,174.2234
41.5543,1953.1100,596.6636,174.2234
41.5647,1952.0284,597.2783,174.2234
41.5740,1950.9256,597.9050,174.2234
41.5855,1949.7995,598.5582,174.2234
41.5962,1948.7178,599.2337,174.2234
41.6043,1947.6845,599.8802,174.2234
41.6146,1946.6385,600.4486,174.2234
41.6245,1945.6259,600.9639,174.2234
41.6341,1944.5879,601.5246,174.2234
41.6452,1943.5298,602.1599,174.2234
41.6546,1942.5417,602.8798,174.2234
41.6651,1941.5509,603.5356,174.2234
41.6746,1940.5625,604.1558,174.2234
41.6859,1939.5593,604.6799,174.2234
41.6949,1938.5908,605.2416,174.2234
41.7064,1937.5508,605.8405,174.2234
41.7149,1936.4791,606.4319,174.2234
41.7248,1935.4337,607.0948,174.2234
41.7344,1934.4531,607.7549,174.2234
41.7445,1933.4440,608.3607,174.2234
41.7548,1932.4498,608.9224,174.2234
41.7657,1931.4128,609.4672,174.2234
41.7744,1930.3857,610.0548,174.2234
41.7843,1929.3293,610.6460,174.2234
41.7945,1928.3138,611.2925,174.2234
41.8047,1927.2573,611.9356,174.2234
41.8148,1926.2177,612.5498,174.2234
41.8258,1925.2189,613.1513,174.2234
41.8346,1924.2201,613.6912,174.2234
41.8449,1923.1924,614.2711,174.2234
41.8552,1922.1409,614.8592,174.2234
41.8661,1921.1299,615.5363,174.2234
41.8742,1920.1000,616.1994,174.2234
41.8842,1919.1310,616.8354,174.2234
41.8943,1918.1660,617.4506,174.2234
41.9049,1917.1804,618.0002,174.2234
41.9143,1916.0227,618.6247,174.2234
41.9255,1915.0129,619.2378,174.2234
41.9356,1913.9272,619.8394,174.2234
41.9465,1912.9252,620.4847,174.2234
41.9546,1911.9990,621.0810,174.2234
41.9647,1911.0959,621.6410,174.2234
41.9743,1910.1672,622.1894,174.2234
41.9847,1909.1990,622.7137,174.2234
41.9945,1908.1790,623.3354,174.2234
42.0045,1907.1092,623.9524,174.2234
42.0153,1906.0244,624.6071,174.2234
42.0245,1904.9581,625.2456,174.2234
42.0341,1903.9628,625.8106,174.2234
42.0441,1903.0143,626.3834,174.2234
42.0545,1902.0623,626.9079,174.2234
42.0646,1901.0748,627.4887,174.2234
42.0743,1900.0410,628.0675,174.2234
42.0847,1898.9744,628.6678,174.2234
42.0949,1897.8702,629.3075,174.2234
42.1050,1896.8176,629.9050,174.2234
42.1146,1895.8223,630.4953,174.2234
42.1244,1894.8138,631.0474,174.2234
42.1351,1893.8034,631.6416,174.2234
42.1442,1892.7501,632.2542,174.2234
42.1545,1891.6599,632.8719,174.2234
42.1654,1890.5281,633.5063,174.2234
42.1745,1889.4470,634.1422,174.2234
42.1846,1888.4130,634.7118,174.2234
42.1941,1887.4323,635.3086,174.2234
42.2045,1886.4099,635.8825,174.2234
42.2151,1885.3743,636.5146,174.2234
42.2251,1884.2615,637.1392,174.2234
42.2345,1883.1579,637.7886,174.2234
42.2450,1882.0667,638.4433,174.2234
42.2550,1881.0128,639.0059,174.2234
42.2648,1879.9977,639.5829,174.2234
42.2758,1879.0317,640.1683,174.2234
42.2850,1878.0065,640.7786,174.2234
42.2943,1876.9282,641.3843,174.2234
42.3043,1875.8336,642.0194,174.2234
42.3140,1874.7354,642.6475,174.2234
42.3244,1873.7203,643.2134,174.2234
42.3345,1872.7408,643.8093,174.2234
42.3441,1871.7504,644.3764,174.2234
42.3553,1870.7192,644.9353,174.2234
42.3651,1869.6640,645.5856,174.2234
42.3746,1868.5772,646.2384,174.2234
42.3843,1867.4769,646.9438,174.2234
42.3943,1866.3928,647.5170,174.2234
42.4043,1865.3933,648.0855,174.2234
42.4145,1864.4044,648.6309,174.2234
42.4261,1863.3926,649.2065,174.2234
42.4346,1862.3543,649.8516,174.2234
42.4445,1861.2589,650.4783,174.2234
42.4548,1860.1281,651.1602,174.2234
42.4647,1858.9927,651.7824,174.2234
42.4742,1857.9092,652.3496,174.2234
42.4843,1856.8937,652.9449,174.2234
42.4945,1855.8484,653.5596,174.2234
42.5040,1854.8170,654.1963,174.2234
42.5145,1853.7059,654.8206,174.2234
42.5245,1852.5764,655.4471,174.2234
42.5345,1851.4470,656.0858,174.2234
42.5449,1850.3761,656.6731,174.2234
42.5556,1849.3709,657.2383,174.2234
42.5645,1848.3935,657.8510,174.2234
42.5742,1847.3615,658.4520,174.2234
42.5843,1846.2878,659.0997,174.2234
42.5942,1845.2073,659.7775,174.2234
42.6057,1844.1564,660.4252,174.2234
42.6151,1843.1061,660.9667,174.2234
42.6248,1842.1051,661.4983,174.2234
42.6348,1841.0872,662.0952,174.2234
42.6445,1840.0920,662.7099,174.2234
42.6545,1839.0637,663.3359,174.2234
42.6644,1838.0012,663.9662,174.2234
42.6759,1836.9464,664.5908,174.2234
42.6843,1835.9376,665.1254,174.2234
42.6951,1834.9757,665.6571,174.2234
42.7059,1833.9862,666.2269,174.2234
42.7161,1832.9711,666.8162,174.2234
42.7239,1831.9314,667.4634,174.2234
42.7342,1830.8160,668.1304,174.2234
42.7448,1829.7225,668.7344,174.2234
42.7552,1828.6896,669.2599,174.2234
42.7648,1827.7260,669.7064,174.2234
42.7755,1826.8057,670.1960,174.2234
42.7861,1825.8522,670.7795,174.2234
42.7955,1824.8301,671.3846,174.2234
42.8055,1823.7485,672.0304,174.2234
42.8142,1822.6286,672.6867,174.2234
42.8255,1821.4993,673.2552,174.2234
42.8356,1820.4863,673.7701,174.2234
42.8449,1819.5565,674.2986,174.2234
42.8546,1818.5950,674.9030,174.2234
42.8648,1817.5915,675.4639,174.2234
42.8746,1816.5282,676.0835,174.2234
42.8857,1815.4343,676.7478,174.2234
42.8939,1814.2934,677.3315,174.2234
42.9042,1813.2542,677.8367,174.2234
42.9147,1812.3069,678.3483,174.2234
42.9244,1811.3354,678.9247,174.2234
42.9352,1810.3378,679.5224,174.2234
42.9445,1809.3196,680.1400,174.2234
42.9542,1808.2141,680.8032,174.2234
42.9648,1807.0718,681.3385,174.2234
42.9744,1806.0188,681.8209,174.2234
42.9846,1805.0550,682.3012,174.2234
42.9945,1804.1422,682.8354,174.2234
43.0056,1803.1852,683.4221,174.2234
43.0166,1802.1675,684.0158,174.2234
43.0245,1801.0458,684.6291,174.2234
43.0353,1799.8788,685.2054,174.2234
43.0446,1798.7883,685.7800,174.2234
43.0546,1797.7717,686.3854,174.2234
43.0650,1796.7821,686.9594,174.2234
43.0742,1795.7778,687.5583,174.2234
43.0848,1794.7121,688.1693,174.2234
43.0947,1793.6138,688.8270,174.2234
43.1044,1792.4709,689.4760,174.2234
43.1150,1791.3171,689.9836,174.2234
43.1246,1790.3046,690.5054,174.2234
43.1353,1789.3438,691.0726,174.2234
43.1445,1788.3549,691.6801,174.2234
43.1548,1787.3107,692.3034,174.2234
43.1664,1786.2241,692.9456,174.2234
43.1783,1785.0516,693.6144,174.2234
43.1851,1783.8146,694.2099,174.2234
43.1942,1782.6708,694.7545,174.2234
43.2046,1781.6555,695.3326,174.2234
43.2144,1780.6769,695.9714,174.2234
43.2241,1779.6745,696.6160,174.2234
43.2352,1778.6288,697.2036,174.2234
43.2445,1777.5611,697.8387,174.2234
43.2548,1776.4324,698.3990,174.2234
43.2656,1775.3381,698.8876,174.2234
43.2743,1774.3256,699.4198,174.2234
43.2843,1773.3679,699.9881,174.2234
43.2947,1772.3343,700.6221,174.2234
43.3043,1771.2939,701.2702,174.2234
43.3153,1770.1289,701.9085,174.2234
43.3248,1768.9153,702.5008,174.2234
43.3345,1767.7300,703.0354,174.2234
43.3447,1766.6366,703.5901,174.2234
43.3548,1765.6242,704.1652,174.2234
43.3644,1764.6037,704.7979,174.2234
43.3741,1763.5396,705.4351,174.2234
43.3846,1762.4795,705.9730,174.2234
43.3947,1761.3912,706.5061,174.2234
43.4041,1760.3206,707.0201,174.2234
43.4142,1759.3221,707.5715,174.2234
43.4249,1758.3489,708.1590,174.2234
43.4346,1757.3260,708.7471,174.2234
43.4446,1756.2891,709.3962,174.2234
43.4546,1755.2194,710.0240,174.2234
43.4652,1754.0807,710.6132,174.2234
43.4748,1752.9612,711.1353,174.2234
43.4844,1751.9717,711.6327,174.2234
43.4942,1751.0119,712.2023,174.2234
43.5047,1750.0229,712.7923,174.2234
43.5144,1749.0459,713.4263,174.2234
43.5255,1747.9965,714.0484,174.2234
43.5342,1746.8716,714.5950,174.2234
43.5447,1745.7106,715.1419,174.2234
43.5541,1744.6460,715.6357,174.2234
43.5642,1743.6796,716.1953,174.2234
43.5741,1742.6873,716.7534,174.2234
43.5846,1741.6859,717.3400,174.2234
43.5950,1740.6725,717.9698,174.2234
43.6059,1739.5943,718.5296,174.2234
43.6154,1738.4766,719.0823,174.2234
43.6255,1737.4041,719.5971,174.2234
43.6356,1736.4310,720.1283,174.2234
43.6446,1735.5126,720.7437,174.2234
43.6543,1734.4865,721.3257,174.2234
43.6663,1733.4340,721.9836,174.2234
43.6756,1732.3455,722.5745,174.2234
43.6863,1731.2413,723.0801,174.2234
43.6945,1730.2135,723.6026,174.2234
43.7042,1729.2858,724.1215,174.2234
43.7143,1728.3732,724.6875,174.2234
43.7246,1727.4152,725.2334,174.2234
43.7348,1726.4009,725.8250,174.2234
43.7449,1725.3372,726.4462,174.2234
43.7545,1724.2002,726.9873,174.2234
43.7641,1723.0513,727.5149,174.2234
43.7745,1722.0345,728.0087,174.2234
43.7850,1721.1003,728.5822,174.2234
43.7945,1720.1546,729.1625,174.2234
43.8047,1719.1640,729.7191,174.2234
43.8147,1718.1013,730.3296,174.2234
43.8245,1716.9563,730.8375,174.2234
43.8343,1715.7990,731.3536,174.2234
43.8442,1714.7134,731.8850,174.2234
43.8542,1713.7048,732.4259,174.2234
43.8642,1712.7146,733.0176,174.2234
43.8741,1711.7304,733.6035,174.2234
43.8850,1710.6621,734.2484,174.2234
43.8940,1709.5421,734.8171,174.2234
43.9045,1708.4156,735.3475,174.2234
43.9153,1707.2670,735.8651,174.2234
43.9243,1706.2090,736.3796,174.2234
43.9380,1705.2333,736.9660,174.2234
43.9442,1704.2610,737.5484,174.2234
43.9546,1703.2158,738.1373,174.2234
43.9644,1702.1275,738.7741,174.2234
43.9747,1700.9869,739.3371,174.2234
43.9856,1699.7438,739.8866,174.2234
43.9943,1698.6023,740.4028,174.2234
44.0045,1697.5891,740.9745,174.2234
44.0149,1696.6215,741.5783,174.2234
44.0242,1695.5820,742.1900,174.2234
44.0360,1694.5126,742.8043,174.2234
44.0444,1693.4212,743.3219,174.2234
44.0544,1692.3010,743.8111,174.2234
44.0642,1691.2255,744.3459,174.2234
44.0742,1690.2032,744.9087,174.2234
44.0844,1689.2330,745.5096,174.2234
44.0949,1688.2165,746.1289,174.2234
44.1050,1687.1433,746.7692,174.2234
44.1147,1686.0568,747.3365,174.2234
44.1244,1684.9481,747.8168,174.2234
44.1347,1683.8580,748.3777,174.2234
44.1442,1682.8316,748.9200,174.2234
44.1542,1681.8345,749.5019,174.2234
44.1645,1680.8278,750.1274,174.2234
44.1745,1679.7621,750.7552,174.2234
44.1845,1678.6614,751.3534,174.2234
44.1941,1677.4987,751.8307,174.2234
44.2058,1676.3622,752.3719,174.2234
44.2143,1675.2493,752.9433,174.2234
44.2243,1674.1864,753.5323,174.2234
44.2342,1673.1497,754.1956,174.2234
44.2452,1672.0526,754.8435,174.2234
44.2553,1670.9207,755.4763,174.2234
44.2660,1669.7694,755.9913,174.2234
44.2745,1668.6329,756.4887,174.2234
44.2843,1667.5553,757.0550,174.2234
44.2954,1666.5117,757.6198,174.2234
44.3065,1665.5119,758.2603,174.2234
44.3140,1664.4774,758.8810,174.2234
44.3238,1663.3609,759.4856,174.2234
44.3344,1662.2275,760.0298,174.2234
44.3442,1661.0906,760.5079,174.2234
44.3546,1660.0406,761.0924,174.2234
44.3643,1659.0505,761.6602,174.2234
44.3745,1658.0878,762.2356,174.2234
44.3845,1657.0964,762.8526,174.2234
44.3946,1656.0309,763.4124,174.2234
44.4048,1654.8882,763.9597,174.2234
44.4148,1653.7678,764.4191,174.2234
44.4241,1652.7307,764.9820,174.2234
44.4340,1651.7625,765.5131,174.2234
44.4456,1650.7943,766.0298,174.2234
44.4546,1649.8019,766.6054,174.2234
44.4655,1648.7014,767.1674,174.2234
44.4749,1647.5706,767.7456,174.2234
44.4859,1646.4256,768.2541,174.2234
44.4951,1645.3432,768.7645,174.2234
44.5048,1644.2980,769.3448,174.2234
44.5149,1643.3412,769.8830,174.2234
44.5256,1642.3712,770.4189,174.2234
44.5358,1641.3412,770.9449,174.2234
44.5483,1640.3045,771.4794,174.2234
44.5548,1639.1935,771.9932,174.2234
44.5645,1638.0565,772.4984,174.2234
44.5750,1636.9716,773.1148,174.2234
44.5851,1635.9207,773.7163,174.2234
44.5960,1634.9053,774.2989,174.2234
44.6059,1633.8620,774.9131,174.2234
44.6163,1632.7887,775.3860,174.2234
44.6262,1631.7387,775.8876,174.2234
44.6345,1630.7009,776.3698,174.2234
44.6452,1629.6657,776.9242,174.2234
44.6552,1628.6404,777.4536,174.2234
44.6654,1627.6450,777.9770,174.2234
44.6742,1626.6313,778.5854,174.2234
44.6850,1625.5676,779.0916,174.2234
44.6944,1624.4722,779.5771,174.2234
44.7057,1623.3860,780.0702,174.2234
44.7161,1622.3140,780.6053,174.2234
44.7249,1621.2949,781.1761,174.2234
44.7357,1620.2912,781.6679,174.2234
44.7444,1619.2898,782.2024,174.2234
44.7547,1618.1882,782.7203,174.2234
44.7640,1617.0842,783.2216,174.2234
44.7745,1615.9994,783.7625,174.2234
44.7854,1614.8784,784.2598,174.2234
44.7947,1613.8080,784.8149,174.2234
44.8060,1612.7781,785.3922,174.2234
44.8144,1611.8010,785.9929,174.2234
44.8242,1610.7083,786.5644,174.2234
44.8345,1609.5961,787.0598,174.2234
44.8448,1608.4507,787.6025,174.2234
44.8550,1607.2790,788.1391,174.2234
44.8650,1606.2125,788.7417,174.2234
44.8749,1605.1928,789.3194,174.2234
44.8850,1604.2233,789.8836,174.2234
44.8943,1603.1588,790.4644,174.2234
44.9047,1602.0913,790.9943,174.2234
44.9143,1601.0342,791.5035,174.2234
44.9240,1599.9066,792.0002,174.2234
44.9371,1598.7563,792.5924,174.2234
44.9447,1597.5607,793.2037,174.2234
44.9541,1596.4796,793.8210,174.2234
44.9645,1595.4037,794.4835,174.2234
44.9753,1594.2944,795.0505,174.2234
44.9853,1593.1996,795.4833,174.2234
44.9941,1592.1370,795.9861,174.2234
45.0046,1591.0749,796.5482,174.2234
45.0149,1589.9973,797.1505,174.2234
45.0241,1588.9406,797.7165,174.2234
45.0346,1587.8928,798.3004,174.2234
45.0447,1586.7726,798.8791,174.2234
45.0543,1585.6683,799.3961,174.2234
45.0653,1584.5745,799.9130,174.2234
45.0750,1583.4089,800.4352,174.2234
45.0848,1582.2799,801.0062,174.2234
45.0944,1581.1786,801.6132,174.2234
45.1048,1580.1092,802.1531,174.2234
45.1148,1578.9872,802.6859,174.2234
45.1247,1577.8872,803.1872,174.2234
45.1346,1576.7982,803.7126,174.2234
45.1450,1575.7023,804.2529,174.2234
45.1545,1574.6809,804.8428,174.2234
45.1652,1573.6641,805.4442,174.2234
45.1746,1572.6429,805.9611,174.2234
45.1843,1571.5803,806.4753,174.2234
45.1945,1570.4753,806.9899,174.2234
45.2045,1569.3964,807.4657,174.2234
45.2147,1568.2781,808.0179,174.2234
45.2248,1567.1945,808.5722,174.2234
45.2345,1566.2227,809.1399,174.2234
45.2461,1565.2799,809.6452,174.2234
45.2545,1564.2994,810.1035,174.2234
45.2647,1563.2787,810.6148,174.2234
45.2746,1562.2241,811.0979,174.2234
45.2845,1561.1288,811.6753,174.2234
45.2949,1559.9276,812.2211,174.2234
45.3043,1558.8190,812.7733,174.2234
45.3151,1557.8221,813.3788,174.2234
45.3249,1556.8122,813.9205,174.2234
45.3363,1555.7420,814.4548,174.2234
45.3447,1554.6777,814.9448,174.2234
45.3548,1553.6533,815.4519,174.2234
45.3644,1552.5469,815.9832,174.2234
45.3739,1551.5038,816.5448,174.2234
45.3847,1550.4745,817.1326,174.2234
45.3945,1549.5054,817.6129,174.2234
45.4045,1548.5404,818.0866,174.2234
45.4145,1547.4946,818.6060,174.2234
45.4242,1546.4683,819.1102,174.2234
45.4354,1545.3537,819.6809,174.2234
45.4467,1544.2735,820.2635,174.2234
45.4542,1543.2345,820.8835,174.2234
45.4644,1542.2204,821.4071,174.2234
45.4743,1541.1909,821.8388,174.2234
45.4849,1540.1594,822.3211,174.2234
45.4947,1539.1503,822.7992,174.2234
45.5050,1538.0944,823.3395,174.2234
45.5150,1536.9872,823.8950,174.2234
45.5256,1535.8995,824.4338,174.2234
45.5348,1534.8749,824.9971,174.2234
45.5448,1533.8820,825.4594,174.2234
45.5552,1532.8666,825.9293,174.2234
45.5649,1531.8308,826.4096,174.2234
45.5748,1530.7491,826.9323,174.2234
45.5851,1529.5961,827.5150,174.2234
45.5946,1528.4772,828.0671,174.2234
45.6045,1527.4131,828.6631,174.2234
45.6154,1526.3453,829.1514,174.2234
45.6257,1525.2997,829.5973,174.2234
45.6349,1524.2742,830.1061,174.2234
45.6455,1523.2130,830.6198,174.2234
45.6550,1522.0978,831.2060,174.2234
45.6643,1520.9360,831.7877,174.2234
45.6743,1519.7902,832.3874,174.2234
45.6849,1518.6982,832.9581,174.2234
45.6952,1517.6806,833.3951,174.2234
45.7047,1516.6423,833.8906,174.2234
45.7145,1515.5624,834.3846,174.2234
45.7241,1514.4760,834.9557,174.2234
45.7343,1513.3436,835.5644,174.2234
45.7447,1512.1930,836.1502,174.2234
45.7551,1511.0624,836.7501,174.2234
45.7644,1510.0128,837.2158,174.2234
45.7745,1508.9807,837.6886,174.2234
45.7852,1507.9144,838.1985,174.2234
45.7949,1506.8283,838.7507,174.2234
45.8044,1505.7031,839.3477,174.2234
45.8147,1504.5756,839.9014,174.2234
45.8253,1503.4980,840.5114,174.2234
45.8346,1502.4114,840.9943,174.2234
45.8454,1501.3519,841.4319,174.2234
45.8550,1500.3138,841.9588,174.2234
45.8641,1499.2533,842.4801,174.2234
45.8745,1498.1753,843.0732,174.2234
45.8852,1497.0472,843.6408,174.2234
45.8947,1495.9270,844.2204,174.2234
45.9046,1494.8254,844.7568,174.2234
45.9146,1493.7986,845.2048,174.2234
45.9246,1492.7687,845.7029,174.2234
45.9369,1491.7209,846.2220,174.2234
45.9444,1490.6022,846.7946,174.2234
45.9552,1489.4309,847.4191,174.2234
45.9647,1488.2362,848.0237,174.2234
45.9743,1487.1046,848.6109,174.2234
45.9846,1486.0287,849.0670,174.2234
45.9942,1484.9614,849.5530,174.2234
46.0046,1483.8440,850.1037,174.2234
46.0146,1482.7391,850.6600,174.2234
46.0243,1481.6005,851.2785,174.2234
46.0347,1480.4922,851.8547,174.2234
46.0463,1479.3651,852.4147,174.2234
46.0541,1478.3057,852.9016,174.2234
46.0652,1477.2485,853.3200,174.2234
46.0750,1476.1658,853.8478,174.2234
46.0855,1475.0988,854.4341,174.2234
46.0943,1473.9839,855.0300,174.2234
46.1049,1472.9006,855.6195,174.2234
46.1153,1471.8505,856.1436,174.2234
46.1246,1470.7903,856.6135,174.2234
46.1348,1469.7394,857.0316,174.2234
46.1450,1468.6818,857.5648,174.2234
46.1544,1467.6018,858.1176,174.2234
46.1643,1466.5040,858.6792,174.2234
46.1743,1465.4576,859.2683,174.2234
46.1849,1464.3828,859.7396,174.2234
46.1951,1463.3345,860.1609,174.2234
46.2046,1462.3126,860.5721,174.2234
46.2145,1461.3248,861.0134,174.2234
46.2248,1460.2703,861.5917,174.2234
46.2363,1459.1612,862.1345,174.2234
46.2453,1458.0295,862.7741,174.2234
46.2549,1456.8861,863.3237,174.2234
46.2649,1455.8503,863.7617,174.2234
46.2757,1454.8438,864.1605,174.2234
46.2842,1453.8315,864.5321,174.2234
46.2939,1452.7592,865.0723,174.2234
46.3042,1451.7022,865.6333,174.2234
46.3147,1450.5767,866.2514,174.2234
46.3257,1449.4463,866.8625,174.2234
46.3344,1448.3586,867.3430,174.2234
46.3447,1447.3299,867.7909,174.2234
46.3546,1446.3126,868.1768,174.2234
46.3646,1445.2507,868.6971,174.2234
46.3747,1444.1570,869.2379,174.2234
46.3851,1443.0439,869.8044,174.2234
46.3947,1441.9177,870.3795,174.2234
46.4049,1440.8146,870.8195,174.2234
46.4148,1439.7531,871.2552,174.2234
46.4245,1438.7419,871.6586,174.2234
46.4346,1437.7086,872.2105,174.2234
46.4446,1436.5988,872.7704,174.2234
46.4547,1435.4698,873.3145,174.2234
46.4643,1434.3561,873.8792,174.2234
46.4740,1433.2856,874.3588,174.2234
46.4844,1432.2238,874.7457,174.2234
46.4943,1431.2083,875.1511,174.2234
46.5045,1430.1672,875.5930,174.2234
46.5146,1429.0620,876.1492,174.2234
46.5245,1427.9670,876.7180,174.2234
46.5349,1426.8820,877.3106,174.2234
46.5451,1425.7404,877.8533,174.2234
46.5544,1424.6797,878.2545,174.2234
46.5642,1423.6464,878.6740,174.2234
46.5745,1422.5801,879.1271,174.2234
46.5841,1421.5049,879.6582,174.2234
46.5941,1420.3917,880.2475,174.2234
46.6048,1419.2305,880.8599,174.2234
46.6144,1418.0815,881.4902,174.2234
46.6242,1417.0232,881.9435,174.2234
46.6344,1415.9878,882.3605,174.2234
46.6442,1414.9786,882.8114,174.2234
46.6548,1413.9138,883.3427,174.2234
46.6652,1412.8531,883.9381,174.2234
46.6750,1411.7042,884.5129,174.2234
46.6846,1410.4766,885.0859,174.2234
46.6947,1409.2166,885.6517,174.2234
46.7050,1408.0612,886.0949,174.2234
46.7147,1407.0041,886.5653,174.2234
46.7241,1405.9596,887.1270,174.2234
46.7357,1404.8672,887.7281,174.2234
46.7441,1403.7895,888.3246,174.2234
46.7549,1402.6997,888.8691,174.2234
46.7645,1401.5778,889.3826,174.2234
46.7739,1400.4502,889.8308,174.2234
46.7839,1399.4107,890.2533,174.2234
46.7941,1398.3358,890.7350,174.2234
46.8041,1397.2274,891.2730,174.2234
46.8147,1396.0928,891.8753,174.2234
46.8245,1394.9191,892.4375,174.2234
46.8346,1393.6932,892.9022,174.2234
46.8447,1392.5707,893.3675,174.2234
46.8552,1391.4849,893.8163,174.2234
46.8648,1390.3924,894.3160,174.2234
46.8740,1389.2897,894.8285,174.2234
46.8846,1388.1464,895.4174,174.2234
46.8940,1387.0374,895.9883,174.2234
46.9046,1385.9440,896.4680,174.2234
46.9142,1384.9086,896.9158,174.2234
46.9256,1383.8928,897.3090,174.2234
46.9364,1382.8698,897.7845,174.2234
46.9441,1381.8457,898.2998,174.2234
46.9546,1380.7642,898.8696,174.2234
46.9641,1379.6274,899.4371,174.2234
46.9744,1378.4412,899.9482,174.2234
46.9850,1377.3727,900.4359,174.2234
46.9944,1376.3459,900.8198,174.2234
47.0053,1375.3555,901.2122,174.2234
47.0144,1374.3419,901.7038,174.2234
47.0246,1373.2801,902.2152,174.2234
47.0349,1372.1980,902.8284,174.2234
47.0461,1371.0760,903.3318,174.2234
47.0556,1369.9749,903.8102,174.2234
47.0661,1368.9164,904.2426,174.2234
47.0741,1367.9025,904.6850,174.2234
47.0843,1366.8681,905.1890,174.2234
47.0940,1365.7961,905.7082,174.2234
47.1051,1364.6746,906.2523,174.2234
47.1150,1363.5690,906.7872,174.2234
47.1249,1362.5006,907.2164,174.2234
47.1344,1361.5022,907.6943,174.2234
47.1446,1360.5059,908.1109,174.2234
47.1555,1359.4690,908.5909,174.2234
47.1647,1358.3847,909.1011,174.2234
47.1746,1357.2888,909.6960,174.2234
47.1862,1356.1248,910.2613,174.2234
47.1951,1355.0198,910.7327,174.2234
47.2055,1353.9442,911.1860,174.2234
47.2144,1352.9387,911.6106,174.2234
47.2244,1351.9440,912.0494,174.2234
47.2341,1350.9146,912.5581,174.2234
47.2446,1349.8016,913.0582,174.2234
47.2544,1348.6663,913.5760,174.2234
47.2644,1347.5087,914.0405,174.2234
47.2769,1346.4157,914.4778,174.2234
47.2847,1345.3798,914.9386,174.2234
47.2941,1344.3935,915.3796,174.2234
47.3043,1343.3594,915.8625,174.2234
47.3144,1342.2847,916.3324,174.2234
47.3245,1341.1859,916.8933,174.2234
47.3344,1340.0240,917.4509,174.2234
47.3441,1338.9045,917.9039,174.2234
47.3541,1337.8170,918.3230,174.2234
47.3643,1336.8038,918.7392,174.2234
47.3739,1335.7642,919.2004,174.2234
47.3840,1334.7201,919.7108,174.2234
47.3942,1333.5948,920.2756,174.2234
47.4043,1332.4136,920.8358,174.2234
47.4154,1331.2487,921.3245,174.2234
47.4250,1330.0977,921.7870,174.2234
47.4346,1329.0289,922.2557,174.2234
47.4442,1327.9807,922.7609,174.2234
47.4546,1326.9168,923.2385,174.2234
47.4649,1325.8320,923.7761,174.2234
47.4741,1324.6710,924.3159,174.2234
47.4842,1323.5262,924.8390,174.2234
47.4940,1322.3546,925.3169,174.2234
47.5046,1321.2104,925.8056,174.2234
47.5142,1320.1281,926.2807,174.2234
47.5245,1319.0621,926.8030,174.2234
47.5342,1317.9800,927.3071,174.2234
47.5448,1316.8515,927.8341,174.2234
47.5548,1315.7396,928.3398,174.2234
47.5650,1314.6570,928.8045,174.2234
47.5743,1313.5748,929.2684,174.2234
47.5845,1312.4948,929.7426,174.2234
47.5960,1311.4005,930.2422,174.2234
47.6045,1310.2894,930.7856,174.2234
47.6160,1309.1474,931.3275,174.2234
47.6259,1307.9716,931.8581,174.2234
47.6359,1306.8407,932.3074,174.2234
47.6440,1305.7448,932.7549,174.2234
47.6546,1304.6447,933.2433,174.2234
47.6657,1303.5647,933.7439,174.2234
47.6747,1302.4803,934.2467,174.2234
47.6849,1301.3819,934.8319,174.2234
47.6946,1300.2286,935.3523,174.2234
47.7045,1299.0239,935.8197,174.2234
47.7139,1297.8828,936.2805,174.2234
47.7245,1296.7115,936.8203,174.2234
47.7346,1295.6143,937.3146,174.2234
47.7451,1294.4911,937.8541,174.2234
47.7545,1293.4007,938.4094,174.2234
47.7647,1292.1949,938.9385,174.2234
47.7759,1291.0463,939.4395,174.2234
47.7851,1289.9185,939.8754,174.2234
47.7943,1288.8445,940.3587,174.2234
47.8047,1287.7478,940.8416,174.2234
47.8142,1286.6838,941.3607,174.2234
47.8241,1285.5683,941.8825,174.2234
47.8345,1284.4205,942.3742,174.2234
47.8447,1283.2589,942.8687,174.2234
47.8549,1282.1627,943.3448,174.2234
47.8642,1281.0985,943.7834,174.2234
47.8748,1280.0479,944.2828,174.2234
47.8848,1278.9656,944.7167,174.2234
47.8949,1277.9142,945.2721,174.2234
47.9050,1276.7742,945.7105,174.2234
47.9154,1275.6565,946.1706,174.2234
47.9247,1274.5751,946.6304,174.2234
47.9351,1273.5739,947.0852,174.2234
47.9446,1272.5206,947.5940,174.2234
47.9543,1271.4901,948.0193,174.2234
47.9648,1270.4311,948.4638,174.2234
47.9743,1269.3842,948.8849,174.2234
47.9845,1268.2401,949.3612,174.2234
47.9947,1267.1436,949.8305,174.2234
48.0042,1266.0322,950.2989,174.2234
48.0140,1264.9878,950.7984,174.2234
48.0240,1263.9133,951.2622,174.2234
48.0340,1262.8597,951.7318,174.2234
48.0441,1261.7611,952.2063,174.2234
48.0545,1260.6597,952.6412,174.2234
48.0645,1259.5410,953.1151,174.2234
48.0751,1258.4598,953.5830,174.2234
48.0842,1257.3970,954.0457,174.2234
48.0945,1256.3651,954.5139,174.2234
48.1043,1255.2670,954.9605,174.2234
48.1145,1254.1818,955.4342,174.2234
48.1243,1253.0709,955.8446,174.2234
48.1347,1251.9561,956.2901,174.2234
48.1443,1250.8204,956.7801,174.2234
48.1546,1249.7264,957.2545,174.2234
48.1645,1248.6705,957.7581,174.2234
48.1745,1247.5803,958.2734,174.2234
48.1860,1246.4464,958.7284,174.2234
48.1944,1245.2730,959.1431,174.2234
48.2044,1244.1567,959.5772,174.2234
48.2145,1243.0164,960.0799,174.2234
48.2245,1241.9521,960.5176,174.2234
48.2349,1240.9105,961.0065,174.2234
48.2440,1239.8475,961.4526,174.2234
48.2546,1238.8079,961.8957,174.2234
48.2640,1237.7059,962.3398,174.2234
48.2743,1236.5551,962.7553,174.2234
48.2845,1235.4490,963.1847,174.2234
48.2953,1234.3749,963.6587,174.2234
48.3057,1233.3026,964.1261,174.2234
48.3145,1232.2119,964.6034,156.2908
48.3243,1231.1471,965.0911,156.2808
48.3348,1230.0142,965.6239,156.3000
48.3441,1228.8640,966.0640,156.3326
48.3545,1227.6479,966.6445,156.6304
48.3642,1226.3753,967.2726,156.6304
48.3747,1225.2518,967.8214,156.6304
48.3848,1224.0609,968.2193,156.6304
48.3949,1223.0173,968.9754,156.6304
48.4052,1221.9335,969.5332,156.6304
48.4149,1221.0659,970.1129,156.6304
48.4241,1220.5231,971.1376,156.6304
48.4345,1219.6395,972.0750,156.6304
48.4455,1218.4133,972.6059,156.6304
48.4552,1217.2971,973.2270,156.6304
48.4645,1216.3113,973.7393,156.6304
48.4743,1215.2281,973.9225,156.6304
48.4845,1214.1426,974.1551,156.6304
48.4947,1212.9824,974.3504,156.6304
48.5044,1211.7201,974.7184,156.6304
48.5151,1210.3912,975.0732,156.6304
48.5242,1208.9890,975.3474,156.6304
48.5360,1207.7214,975.6872,156.6304
48.5444,1206.5629,976.0028,156.6304
48.5543,1205.3760,976.4601,156.6304
48.5652,1204.1722,976.8333,156.6304
48.5745,1202.9421,977.1217,156.6304
48.5855,1201.7660,977.3360,156.6304
48.5943,1200.6312,977.5121,156.6304
48.6043,1199.5363,977.7973,156.6304
48.6143,1198.3912,978.1138,156.6304
48.6247,1197.2997,978.4909,156.6304
48.6345,1196.1859,978.8686,156.6304
48.6445,1195.1006,979.1798,156.6304
48.6549,1193.9913,979.4592,156.6304
48.6649,1192.8121,979.6595,156.6304
48.6758,1191.6020,979.9347,156.6304
48.6848,1190.4474,980.2419,156.6304
48.6940,1189.2964,980.6054,156.6304
48.7045,1188.1294,981.0038,156.6304
48.7145,1186.9786,981.3454,156.6304
48.7253,1185.7754,981.6354,156.6304
48.7347,1184.5381,981.8922,156.6304
48.7465,1183.2917,982.1347,156.6304
48.7542,1182.0414,982.4748,156.6304
48.7647,1180.8043,982.7635,156.6304
48.7740,1179.7364,983.0570,156.6304
48.7843,1178.6136,983.3513,156.6304
48.7940,1177.4692,983.6454,156.6304
48.8048,1176.2825,983.9716,156.6304
48.8153,1175.0849,984.1703,156.6304
48.8256,1173.8966,984.4958,156.6304
48.8368,1172.7786,984.8350,156.6304
48.8442,1171.6738,985.1617,156.6304
48.8544,1170.5430,985.3949,156.6304
48.8659,1169.4365,985.5948,156.6304
48.8751,1168.3184,985.8287,156.6304
48.8846,1167.1129,986.1083,156.6304
48.8946,1165.9374,986.4191,156.6304
48.9045,1164.8057,986.7373,156.6304
48.9146,1163.7139,987.0638,156.6304
48.9244,1162.5991,987.3651,156.6304
48.9345,1161.4814,987.6530,156.6304
48.9444,1160.3724,987.8666,156.6304
48.9542,1159.1554,988.1156,156.6304
48.9647,1157.9099,988.3799,156.6304
48.9751,1156.7430,988.7178,156.6304
48.9861,1155.6154,989.0478,156.6304
48.9942,1154.5234,989.3462,156.6304
49.0049,1153.4161,989.6487,156.6304
49.0149,1152.2771,989.8600,156.6304
49.0253,1151.1113,990.1321,156.6304
49.0351,1149.8992,990.4270,156.6304
49.0447,1148.6995,990.7686,156.6304
49.0546,1147.5528,991.0909,156.6304
49.0642,1146.4984,991.4221,156.6304
49.0745,1145.3998,991.7649,156.6304
49.0845,1144.2841,992.0112,156.6304
49.0942,1143.0906,992.2904,156.6304
49.1043,1141.8759,992.4917,156.6304
49.1150,1140.6603,992.8293,156.6304
49.1240,1139.5351,993.2154,156.6304
49.1359,1138.4194,993.5256,156.6304
49.1445,1137.3335,993.8294,156.6304
49.1545,1136.2448,994.0972,156.6304
49.1644,1135.1199,994.3409,156.6304
49.1740,1133.9268,994.6189,156.6304
49.1846,1132.7261,994.8861,156.6304
49.1949,1131.5715,995.2400,156.6304
49.2040,1130.4503,995.5527,156.6304
49.2153,1129.3757,995.8072,156.6304
49.2251,1128.2630,996.1145,156.6304
49.2343,1127.1177,996.3457,156.6304
49.2456,1125.9041,996.6028,156.6304
49.2547,1124.6592,996.8885,156.6304
49.2662,1123.4235,997.2296,156.6304
49.2743,1122.2499,997.5613,156.6304
49.2846,1121.1343,997.8612,156.6304
49.2949,1120.0133,998.1674,156.6304
49.3045,1118.8726,998.4262,156.6304
49.3147,1117.6921,998.6993,156.6304
49.3243,1116.4469,999.0045,156.6304
49.3348,1115.1798,999.2802,156.6304
49.3446,1113.9827,999.6151,156.6304
49.3545,1112.8252,999.9239,156.6304
49.3643,1111.6904,1000.2390,156.6304
49.3742,1110.5250,1000.5473,156.6304
49.3849,1109.3224,1000.8149,156.6304
49.3946,1108.0914,1001.0870,156.6304
49.4046,1106.8773,1001.3750,156.6304
49.4141,1105.6884,1001.7124,165.8414
49.4246,1104.5315,1001.9942,165.8717
49.4351,1103.4269,1002.2233,165.8595
49.4446,1102.2843,1002.5471,165.8736
49.4548,1101.0420,1002.9031,166.1599
49.4642,1099.7692,1003.4042,166.1599
