time[s], wr_x[mm], wr_y[mm] 
0.0001,485.1037,1262.1962,24.8965
3.6207,485.2396,1262.1705,24.9071
3.6288,485.1808,1262.2159,24.9140
3.6365,485.2543,1262.1785,24.8756
3.6466,485.1841,1262.2010,24.9123
3.6600,485.0925,1262.2336,24.9346
3.6615,485.1485,1262.2554,24.8236
3.6723,484.9272,1262.4404,24.3034
3.6808,484.8761,1262.3823,24.3034
3.6927,484.5205,1262.4359,24.3034
3.7018,484.4275,1262.6144,24.3034
3.7124,484.6327,1262.6191,24.3034
3.7209,484.1037,1262.9724,24.3034
3.7316,483.8342,1263.3078,24.3034
3.7406,483.8399,1263.4880,24.3034
3.7509,483.6329,1263.8355,24.3034
3.7609,483.4979,1264.2191,24.3034
3.7710,483.4429,1264.5884,24.3034
3.7804,483.6872,1264.7191,24.3034
3.7917,484.1231,1264.6721,24.3034
3.8009,484.5276,1264.6078,24.3034
3.8113,484.6283,1264.7315,24.3034
3.8206,484.6574,1264.9039,24.3034
3.8328,485.0020,1264.8909,24.3034
3.8405,485.1440,1264.8813,24.3034
3.8525,485.3591,1264.7998,24.3034
3.8603,485.5288,1264.7773,24.3034
3.8705,485.3429,1264.8735,24.3034
3.8814,485.3591,1264.8898,24.3034
3.8918,485.3721,1264.8832,24.3034
3.9007,485.5442,1264.8331,24.3034
3.9106,485.4676,1264.9316,24.3034
3.9209,485.4240,1264.9616,24.3034
3.9310,485.4613,1264.9240,24.3034
3.9426,485.3383,1264.9598,24.3034
3.9520,485.2318,1264.9573,24.3034
3.9617,485.4969,1264.8878,24.3034
3.9713,485.2646,1264.9409,24.3034
3.9808,485.4996,1264.8613,24.3034
3.9904,485.3826,1264.9067,24.3034
4.0004,485.3390,1264.9106,24.3034
4.0107,485.4502,1264.8775,24.3034
4.0206,485.5422,1264.8672,24.3034
4.0309,485.3741,1264.8918,24.3034
4.0408,485.3985,1264.9234,24.3034
4.0515,485.5006,1264.8726,24.3034
4.0609,485.4576,1264.8923,24.3034
4.0705,485.4999,1264.8723,24.3034
4.0806,485.3424,1264.9598,24.3034
4.0911,485.3377,1265.0528,24.3034
4.1007,485.7793,1265.0554,24.3034
4.1105,485.9869,1265.1154,24.3034
4.1206,486.3831,1265.1341,24.3034
4.1304,486.6270,1265.2195,24.3034
4.1405,487.0754,1265.2456,24.3034
4.1509,487.5261,1265.2889,24.3034
4.1619,487.6712,1265.3984,24.3034
4.1712,488.1697,1265.3847,24.3034
4.1807,488.7202,1265.5342,24.3034
4.1928,489.3416,1265.7401,24.3034
4.2025,490.1986,1265.8585,24.3034
4.2118,491.0587,1266.0461,24.3034
4.2222,491.9914,1266.2547,24.3034
4.2304,492.8356,1266.5059,24.3034
4.2405,493.5846,1266.7219,24.3034
4.2513,494.2323,1266.9922,24.3034
4.2614,494.9237,1267.2454,24.3034
4.2713,495.8767,1267.3884,24.3034
4.2806,496.6050,1267.6514,24.3034
4.2910,497.6977,1267.8443,24.3034
4.3008,498.8262,1268.0645,24.3034
4.3105,499.9680,1268.3333,24.3034
4.3207,501.0400,1268.5897,24.3034
4.3307,501.8728,1268.8970,24.3034
4.3419,502.8799,1269.1461,24.3034
4.3509,503.9118,1269.3627,24.3034
4.3608,504.6803,1269.5914,24.3034
4.3712,505.5987,1269.7384,24.3034
4.3809,506.4230,1269.9850,24.3034
4.3917,507.4225,1270.2279,24.3034
4.4019,508.4632,1270.4826,24.3034
4.4112,509.3541,1270.7241,24.3034
4.4210,510.3962,1270.9089,24.3034
4.4306,511.1358,1271.2268,24.3034
4.4408,512.0454,1271.4649,24.3034
4.4508,512.9197,1271.7288,24.3034
4.4608,513.7709,1271.9713,24.3034
4.4705,514.6049,1272.2309,24.3034
4.4808,515.7125,1272.4812,24.3034
4.4910,516.8410,1272.6658,24.3034
4.5010,517.9403,1272.8723,24.3034
4.5102,518.7581,1273.1431,24.3034
4.5207,519.4468,1273.4456,24.3034
4.5314,520.3798,1273.6956,24.3034
4.5411,521.1237,1273.9531,24.3034
4.5511,522.0387,1274.2428,24.3034
4.5604,522.9336,1274.4662,24.3034
4.5723,523.9798,1274.6749,24.3034
4.5806,525.0265,1274.9004,24.3034
4.5906,526.1051,1275.1176,24.3034
4.6011,527.0046,1275.4280,24.3034
4.6107,527.9114,1275.6654,24.3034
4.6206,528.5441,1275.9942,24.3034
4.6309,529.4790,1276.2462,24.3034
4.6406,530.3543,1276.5129,24.3034
4.6505,531.3223,1276.7360,24.3034
4.6605,532.3705,1276.9153,24.3034
4.6708,533.5949,1277.1539,24.3034
4.6805,534.6558,1277.4693,24.3034
4.6906,535.8058,1277.6925,24.3034
4.7010,536.5190,1277.9686,24.3034
4.7116,537.4007,1278.2389,24.3034
4.7213,538.1656,1278.5010,24.3034
4.7313,539.1194,1278.7188,24.3034
4.7407,540.0802,1278.9447,24.3034
4.7511,540.9407,1279.2326,24.3034
4.7607,542.1151,1279.4878,24.3034
4.7707,543.2629,1279.7570,24.3034
4.7808,544.3462,1280.0251,24.3034
4.7909,545.1965,1280.3219,24.3034
4.8006,545.8794,1280.6476,24.3034
4.8104,546.9145,1280.8461,24.3034
4.8206,547.8703,1281.0718,24.3034
4.8305,548.6869,1281.3304,24.3034
4.8408,549.7258,1281.5707,24.3034
4.8510,550.8323,1281.8214,24.3034
4.8614,551.9079,1282.0406,24.3034
4.8719,552.6905,1282.3237,24.3034
4.8819,553.4769,1282.6009,24.3034
4.8910,554.4892,1282.8785,24.3034
4.9007,555.2532,1283.1777,24.3034
4.9105,556.1290,1283.4008,24.3034
4.9206,557.1702,1283.6677,24.3034
4.9308,558.2997,1283.8900,24.3034
4.9409,559.4283,1284.1083,24.3034
4.9517,560.4843,1284.3585,24.3034
4.9613,561.3475,1284.6204,24.3034
4.9715,561.9849,1284.9401,24.3034
4.9809,562.8410,1285.1625,24.3034
4.9906,563.7879,1285.4294,24.3034
5.0016,564.4998,1285.7408,24.3034
5.0119,565.7462,1285.9132,24.3034
5.0222,566.7460,1286.2045,24.3034
5.0306,567.9944,1286.4433,24.3034
5.0408,568.9926,1286.7379,24.3034
5.0510,569.8680,1287.0247,24.3034
5.0609,570.8410,1287.2834,24.3034
5.0706,571.4585,1287.6174,24.3034
5.0808,572.3109,1287.8616,24.3034
5.0913,573.4659,1288.0349,24.3034
5.1007,574.4764,1288.2809,24.3034
5.1105,575.5425,1288.5369,24.3034
5.1207,576.7000,1288.8506,24.3034
5.1308,577.8439,1289.1904,24.3034
5.1410,578.7837,1289.6008,24.3034
5.1525,579.8814,1289.8454,24.3034
5.1626,580.7908,1290.0570,24.3034
5.1709,581.5521,1290.3184,24.3034
5.1808,582.5750,1290.4945,24.3034
5.1907,583.4895,1290.7640,24.3034
5.2007,584.6697,1290.9916,24.3034
5.2109,585.8705,1291.2778,24.3034
5.2205,586.7262,1291.6765,24.3034
5.2309,587.8446,1291.8909,24.3034
5.2408,588.6294,1292.1650,24.3034
5.2509,589.4576,1292.3995,24.3034
5.2606,590.3928,1292.6581,24.3034
5.2712,591.3301,1292.8697,24.3034
5.2807,592.4454,1293.0966,24.3034
5.2911,593.5665,1293.4057,24.3034
5.3006,594.7177,1293.7415,24.3034
5.3112,595.5457,1294.1484,24.3034
5.3212,596.5344,1294.4446,24.3034
5.3303,597.6752,1294.6224,24.3034
5.3409,598.4327,1294.9666,24.3034
5.3509,599.4174,1295.1760,24.3034
5.3608,600.5046,1295.3426,24.3034
5.3708,601.5488,1295.5466,24.3034
5.3805,602.4723,1295.8334,24.3034
5.3906,603.3593,1296.1753,24.3034
5.4010,604.3404,1296.4037,24.3034
5.4103,605.2048,1296.6688,24.3034
5.4207,606.2456,1296.8597,24.3034
5.4309,607.1833,1297.0964,24.3034
5.4408,608.1564,1297.3630,24.3034
5.4508,609.2915,1297.5388,24.3034
5.4607,610.1765,1297.8048,24.3034
5.4723,611.1219,1298.0657,24.3034
5.4807,612.0975,1298.3287,24.3034
5.4907,612.8248,1298.6285,24.3034
5.5010,613.8481,1298.8080,24.3034
5.5105,614.6647,1299.0750,24.3034
5.5205,615.6935,1299.2869,24.3034
5.5304,616.6995,1299.5367,24.3034
5.5408,617.7203,1299.7413,24.3034
5.5506,618.7885,1299.9937,24.3034
5.5607,619.8069,1300.3378,24.3034
5.5707,620.8310,1300.6140,24.3034
5.5810,621.5685,1300.8873,24.3034
5.5905,622.3823,1301.1401,24.3034
5.6005,623.4435,1301.3576,24.3034
5.6102,624.4014,1301.6183,24.3034
5.6214,625.3435,1301.8352,24.3034
5.6305,626.3418,1302.0826,24.3034
5.6413,627.4745,1302.3267,24.3034
5.6507,628.4706,1302.6730,24.3034
5.6605,629.2811,1302.9860,24.3034
5.6705,630.0745,1303.2109,24.3034
5.6805,630.9541,1303.4781,24.3034
5.6922,631.8055,1303.7659,24.3034
5.7012,632.6640,1304.0266,24.3034
5.7108,633.6443,1304.2337,24.3034
5.7206,634.7456,1304.4484,24.3034
5.7304,635.6575,1304.8410,24.3034
5.7410,636.7908,1305.1221,24.3034
5.7510,637.6944,1305.4318,24.3034
5.7608,638.5131,1305.6863,24.3034
5.7719,639.3998,1305.9073,24.3034
5.7807,640.3901,1306.1399,24.3034
5.7906,641.1897,1306.4829,24.3034
5.8010,642.1969,1306.7232,24.3034
5.8105,643.0528,1306.9703,24.3034
5.8206,644.1505,1307.2132,24.3034
5.8322,645.0502,1307.5882,24.3034
5.8407,646.0818,1307.8240,16.0069
5.8510,646.9142,1308.0834,15.9949
5.8616,647.8151,1308.3082,15.9857
5.8710,648.7051,1308.6161,15.9402
5.8811,649.7334,1308.9831,15.7494
5.8912,650.7827,1309.4915,15.7494
5.9008,651.9129,1310.0162,15.7494
5.9108,653.1909,1310.3340,15.7494
5.9208,654.2071,1311.0541,15.7494
5.9310,655.2791,1311.6724,15.7494
5.9412,656.1269,1312.2276,15.7494
5.9522,656.7410,1313.1371,15.7494
5.9607,657.6190,1313.8972,15.7494
5.9706,658.5412,1314.5148,15.7494
5.9807,659.1573,1315.1273,15.7494
5.9905,659.9616,1315.3924,15.7494
6.0007,660.6830,1315.5866,15.7494
6.0106,661.5761,1315.5902,15.7494
6.0205,662.4825,1315.6633,15.7494
6.0305,663.4057,1315.7926,15.7494
6.0409,664.2223,1315.9460,15.7494
6.0508,665.1454,1316.0317,15.7494
6.0602,665.9787,1316.0827,15.7494
6.0707,666.9409,1316.1805,15.7494
6.0808,667.8637,1316.3140,15.7494
6.0917,668.6781,1316.4583,15.7494
6.1006,669.6774,1316.5653,15.7494
6.1103,670.8743,1316.6591,15.7494
6.1207,671.9086,1316.8040,15.7494
6.1307,672.8209,1316.8932,15.7494
6.1406,673.9016,1316.9122,15.7494
6.1506,674.7310,1317.0673,15.7494
6.1607,675.7828,1317.1325,15.7494
6.1709,676.6851,1317.2842,15.7494
6.1810,677.6766,1317.3961,15.7494
6.1909,678.6614,1317.5270,15.7494
6.2007,679.7591,1317.6731,15.7494
6.2108,680.9170,1317.7842,15.7494
6.2204,682.0041,1317.8892,15.7494
6.2319,682.9738,1317.9221,15.7494
6.2412,683.9863,1317.9884,15.7494
6.2509,684.9705,1318.0952,15.7494
6.2612,685.7516,1318.2366,15.7494
6.2705,686.7199,1318.3502,15.7494
6.2810,687.6664,1318.4912,15.7494
6.2908,688.7724,1318.6098,15.7494
6.3005,689.9403,1318.7521,15.7494
6.3106,691.1243,1318.7974,6.6781
6.3215,692.1091,1318.8716,6.6781
6.3316,693.1606,1318.9373,6.6781
6.3416,694.4968,1319.0493,6.6781
6.3507,695.5210,1319.2449,6.6781
6.3608,696.7723,1319.3167,6.6781
6.3709,697.5977,1319.5276,6.6781
6.3810,NaN,NaN,NaN
6.3916,NaN,NaN,NaN
6.4008,NaN,NaN,NaN
6.4105,NaN,NaN,NaN
6.4213,NaN,NaN,NaN
6.4310,NaN,NaN,NaN
6.4407,NaN,NaN,NaN
6.4509,NaN,NaN,NaN
6.4606,NaN,NaN,NaN
6.4708,NaN,NaN,NaN
6.4815,NaN,NaN,NaN
6.4915,NaN,NaN,NaN
6.5020,NaN,NaN,NaN
6.5113,NaN,NaN,NaN
6.5209,NaN,NaN,NaN
6.5307,NaN,NaN,NaN
6.5414,NaN,NaN,NaN
6.5508,NaN,NaN,NaN
6.5609,NaN,NaN,NaN
6.5711,NaN,NaN,NaN
6.5806,NaN,NaN,NaN
6.5906,NaN,NaN,NaN
6.6008,NaN,NaN,NaN
6.6106,NaN,NaN,NaN
6.6212,NaN,NaN,NaN
6.6309,NaN,NaN,NaN
6.6410,NaN,NaN,NaN
6.6512,NaN,NaN,NaN
6.6609,NaN,NaN,NaN
6.6712,NaN,NaN,NaN
6.6804,NaN,NaN,NaN
6.6915,NaN,NaN,NaN
6.7007,NaN,NaN,NaN
6.7110,NaN,NaN,NaN
6.7207,NaN,NaN,NaN
6.7308,NaN,NaN,NaN
6.7409,NaN,NaN,NaN
6.7504,NaN,NaN,NaN
6.7607,NaN,NaN,NaN
6.7713,NaN,NaN,NaN
6.7824,NaN,NaN,NaN
6.7904,NaN,NaN,NaN
6.8008,NaN,NaN,NaN
6.8105,NaN,NaN,NaN
6.8205,NaN,NaN,NaN
6.8307,NaN,NaN,NaN
6.8423,NaN,NaN,NaN
6.8528,NaN,NaN,NaN
6.8626,NaN,NaN,NaN
6.8731,NaN,NaN,NaN
6.8807,NaN,NaN,NaN
6.8911,NaN,NaN,NaN
6.9012,NaN,NaN,NaN
6.9130,NaN,NaN,NaN
6.9204,NaN,NaN,NaN
6.9305,NaN,NaN,NaN
6.9408,NaN,NaN,NaN
6.9508,NaN,NaN,NaN
6.9607,NaN,NaN,NaN
6.9705,NaN,NaN,NaN
6.9806,NaN,NaN,NaN
6.9912,NaN,NaN,NaN
7.0007,NaN,NaN,NaN
7.0109,NaN,NaN,NaN
7.0207,NaN,NaN,NaN
7.0304,NaN,NaN,NaN
7.0409,NaN,NaN,NaN
7.0509,NaN,NaN,NaN
7.0612,NaN,NaN,NaN
7.0712,NaN,NaN,NaN
7.0805,NaN,NaN,NaN
7.0910,NaN,NaN,NaN
7.1007,NaN,NaN,NaN
7.1105,NaN,NaN,NaN
7.1212,NaN,NaN,NaN
7.1309,NaN,NaN,NaN
7.1414,NaN,NaN,NaN
7.1507,NaN,NaN,NaN
7.1617,NaN,NaN,NaN
7.1713,NaN,NaN,NaN
7.1806,NaN,NaN,NaN
7.1905,NaN,NaN,NaN
7.2011,NaN,NaN,NaN
7.2106,NaN,NaN,NaN
7.2204,NaN,NaN,NaN
7.2304,NaN,NaN,NaN
7.2404,NaN,NaN,NaN
7.2507,NaN,NaN,NaN
7.2606,NaN,NaN,NaN
7.2708,NaN,NaN,NaN
7.2807,NaN,NaN,NaN
7.2910,NaN,NaN,NaN
7.3006,NaN,NaN,NaN
7.3112,NaN,NaN,NaN
7.3207,NaN,NaN,NaN
7.3310,NaN,NaN,NaN
7.3414,NaN,NaN,NaN
7.3514,NaN,NaN,NaN
7.3605,NaN,NaN,NaN
7.3706,NaN,NaN,NaN
7.3805,NaN,NaN,NaN
7.3905,NaN,NaN,NaN
7.4008,NaN,NaN,NaN
7.4118,NaN,NaN,NaN
7.4209,NaN,NaN,NaN
7.4308,NaN,NaN,NaN
7.4407,NaN,NaN,NaN
7.4518,NaN,NaN,NaN
7.4612,NaN,NaN,NaN
7.4713,NaN,NaN,NaN
7.4804,NaN,NaN,NaN
7.4921,NaN,NaN,NaN
7.5008,NaN,NaN,NaN
7.5106,NaN,NaN,NaN
7.5207,NaN,NaN,NaN
7.5304,NaN,NaN,NaN
7.5411,NaN,NaN,NaN
7.5508,NaN,NaN,NaN
7.5608,NaN,NaN,NaN
7.5708,NaN,NaN,NaN
7.5813,NaN,NaN,NaN
7.5905,NaN,NaN,NaN
7.6010,NaN,NaN,NaN
7.6107,NaN,NaN,NaN
7.6211,NaN,NaN,NaN
7.6315,NaN,NaN,NaN
7.6408,NaN,NaN,NaN
7.6507,NaN,NaN,NaN
7.6612,NaN,NaN,NaN
7.6712,NaN,NaN,NaN
7.6802,NaN,NaN,NaN
7.6908,NaN,NaN,NaN
7.7008,NaN,NaN,NaN
7.7108,NaN,NaN,NaN
7.7212,NaN,NaN,NaN
7.7304,NaN,NaN,NaN
7.7413,NaN,NaN,NaN
7.7507,NaN,NaN,NaN
7.7607,NaN,NaN,NaN
7.7710,NaN,NaN,NaN
7.7809,NaN,NaN,NaN
7.7920,NaN,NaN,NaN
7.8024,NaN,NaN,NaN
7.8125,NaN,NaN,NaN
7.8206,NaN,NaN,NaN
7.8306,NaN,NaN,NaN
7.8409,NaN,NaN,NaN
7.8506,NaN,NaN,NaN
7.8608,NaN,NaN,NaN
7.8710,NaN,NaN,NaN
7.8810,NaN,NaN,NaN
7.8910,NaN,NaN,NaN
7.9008,NaN,NaN,NaN
7.9106,NaN,NaN,NaN
7.9207,NaN,NaN,NaN
7.9315,NaN,NaN,NaN
7.9411,NaN,NaN,NaN
7.9507,NaN,NaN,NaN
7.9610,NaN,NaN,NaN
7.9706,NaN,NaN,NaN
7.9805,NaN,NaN,NaN
7.9913,NaN,NaN,NaN
8.0005,NaN,NaN,NaN
8.0108,NaN,NaN,NaN
8.0207,NaN,NaN,NaN
8.0305,NaN,NaN,NaN
8.0406,NaN,NaN,NaN
8.0505,NaN,NaN,NaN
8.0606,NaN,NaN,NaN
8.0713,NaN,NaN,NaN
8.0812,NaN,NaN,NaN
8.0920,NaN,NaN,NaN
8.1013,NaN,NaN,NaN
8.1112,NaN,NaN,NaN
8.1213,NaN,NaN,NaN
8.1304,NaN,NaN,NaN
8.1405,NaN,NaN,NaN
8.1506,NaN,NaN,NaN
8.1604,NaN,NaN,NaN
8.1707,NaN,NaN,NaN
8.1804,NaN,NaN,NaN
8.1915,NaN,NaN,NaN
8.2010,NaN,NaN,NaN
8.2108,NaN,NaN,NaN
8.2217,NaN,NaN,NaN
8.2318,NaN,NaN,NaN
8.2417,NaN,NaN,NaN
8.2516,NaN,NaN,NaN
8.2605,NaN,NaN,NaN
8.2706,NaN,NaN,NaN
8.2821,NaN,NaN,NaN
8.2915,NaN,NaN,NaN
8.3004,NaN,NaN,NaN
8.3106,NaN,NaN,NaN
8.3209,NaN,NaN,NaN
8.3306,NaN,NaN,NaN
8.3410,NaN,NaN,NaN
8.3504,NaN,NaN,NaN
8.3620,NaN,NaN,NaN
8.3722,NaN,NaN,NaN
8.3822,NaN,NaN,NaN
8.3924,NaN,NaN,NaN
8.4008,NaN,NaN,NaN
8.4120,NaN,NaN,NaN
8.4225,NaN,NaN,NaN
8.4306,NaN,NaN,NaN
8.4408,NaN,NaN,NaN
8.4512,NaN,NaN,NaN
8.4608,NaN,NaN,NaN
8.4708,NaN,NaN,NaN
8.4829,NaN,NaN,NaN
8.4918,NaN,NaN,NaN
8.5006,NaN,NaN,NaN
8.5105,NaN,NaN,NaN
8.5209,NaN,NaN,NaN
8.5307,NaN,NaN,NaN
8.5406,NaN,NaN,NaN
8.5516,NaN,NaN,NaN
8.5614,NaN,NaN,NaN
8.5712,NaN,NaN,NaN
8.5810,NaN,NaN,NaN
8.5911,NaN,NaN,NaN
8.6010,NaN,NaN,NaN
8.6111,NaN,NaN,NaN
8.6210,NaN,NaN,NaN
8.6311,NaN,NaN,NaN
8.6406,NaN,NaN,NaN
8.6507,NaN,NaN,NaN
8.6613,NaN,NaN,NaN
8.6713,NaN,NaN,NaN
8.6805,NaN,NaN,NaN
8.6909,NaN,NaN,NaN
8.7011,NaN,NaN,NaN
8.7113,NaN,NaN,NaN
8.7217,NaN,NaN,NaN
8.7311,NaN,NaN,NaN
8.7406,NaN,NaN,NaN
8.7511,NaN,NaN,NaN
8.7604,NaN,NaN,NaN
8.7720,NaN,NaN,NaN
8.7806,NaN,NaN,NaN
8.7909,NaN,NaN,NaN
8.8006,NaN,NaN,NaN
8.8105,NaN,NaN,NaN
8.8206,NaN,NaN,NaN
8.8307,NaN,NaN,NaN
8.8407,NaN,NaN,NaN
8.8513,NaN,NaN,NaN
8.8606,NaN,NaN,NaN
8.8706,NaN,NaN,NaN
8.8807,NaN,NaN,NaN
8.8909,NaN,NaN,NaN
8.9010,NaN,NaN,NaN
8.9106,NaN,NaN,NaN
8.9210,NaN,NaN,NaN
8.9307,NaN,NaN,NaN
8.9410,NaN,NaN,NaN
8.9505,NaN,NaN,NaN
8.9609,NaN,NaN,NaN
8.9705,NaN,NaN,NaN
8.9805,NaN,NaN,NaN
8.9911,NaN,NaN,NaN
9.0009,NaN,NaN,NaN
9.0107,NaN,NaN,NaN
9.0206,NaN,NaN,NaN
9.0308,NaN,NaN,NaN
9.0405,NaN,NaN,NaN
9.0507,NaN,NaN,NaN
9.0605,NaN,NaN,NaN
9.0703,NaN,NaN,NaN
9.0809,NaN,NaN,NaN
9.0910,NaN,NaN,NaN
9.1009,NaN,NaN,NaN
9.1109,NaN,NaN,NaN
9.1219,NaN,NaN,NaN
9.1305,NaN,NaN,NaN
9.1402,NaN,NaN,NaN
9.1508,NaN,NaN,NaN
9.1611,NaN,NaN,NaN
9.1713,NaN,NaN,NaN
9.1803,NaN,NaN,NaN
9.1905,NaN,NaN,NaN
9.2011,NaN,NaN,NaN
9.2107,NaN,NaN,NaN
9.2208,NaN,NaN,NaN
9.2307,NaN,NaN,NaN
9.2405,NaN,NaN,NaN
9.2505,NaN,NaN,NaN
9.2603,NaN,NaN,NaN
9.2713,NaN,NaN,NaN
9.2808,NaN,NaN,NaN
9.2916,NaN,NaN,NaN
9.3014,NaN,NaN,NaN
9.3111,NaN,NaN,NaN
9.3208,NaN,NaN,NaN
9.3305,NaN,NaN,NaN
9.3414,NaN,NaN,NaN
9.3510,NaN,NaN,NaN
9.3613,NaN,NaN,NaN
9.3727,NaN,NaN,NaN
9.3822,NaN,NaN,NaN
9.3908,NaN,NaN,NaN
9.4002,NaN,NaN,NaN
9.4103,NaN,NaN,NaN
9.4208,NaN,NaN,NaN
9.4308,NaN,NaN,NaN
9.4408,NaN,NaN,NaN
9.4514,NaN,NaN,NaN
9.4605,NaN,NaN,NaN
9.4720,NaN,NaN,NaN
9.4806,NaN,NaN,NaN
9.4907,NaN,NaN,NaN
9.5005,NaN,NaN,NaN
9.5107,NaN,NaN,NaN
9.5208,NaN,NaN,NaN
9.5308,NaN,NaN,NaN
9.5403,NaN,NaN,NaN
9.5503,NaN,NaN,NaN
9.5607,NaN,NaN,NaN
9.5704,NaN,NaN,NaN
9.5807,NaN,NaN,NaN
9.5906,NaN,NaN,NaN
9.6013,NaN,NaN,NaN
9.6117,NaN,NaN,NaN
9.6206,NaN,NaN,NaN
9.6313,NaN,NaN,NaN
9.6410,NaN,NaN,NaN
9.6508,NaN,NaN,NaN
9.6604,NaN,NaN,NaN
9.6704,NaN,NaN,NaN
9.6802,NaN,NaN,NaN
9.6909,NaN,NaN,NaN
9.7007,NaN,NaN,NaN
9.7103,NaN,NaN,NaN
9.7205,NaN,NaN,NaN
9.7304,NaN,NaN,NaN
9.7405,NaN,NaN,NaN
9.7522,NaN,NaN,NaN
9.7611,NaN,NaN,NaN
9.7705,NaN,NaN,NaN
9.7803,NaN,NaN,NaN
9.7909,NaN,NaN,NaN
9.8021,NaN,NaN,NaN
9.8113,NaN,NaN,NaN
9.8206,NaN,NaN,NaN
9.8307,NaN,NaN,NaN
9.8423,NaN,NaN,NaN
9.8513,NaN,NaN,NaN
9.8616,NaN,NaN,NaN
9.8707,NaN,NaN,NaN
9.8807,NaN,NaN,NaN
9.8906,NaN,NaN,NaN
9.9015,NaN,NaN,NaN
9.9112,NaN,NaN,NaN
9.9209,NaN,NaN,NaN
9.9305,NaN,NaN,NaN
9.9410,NaN,NaN,NaN
9.9514,NaN,NaN,NaN
9.9604,NaN,NaN,NaN
9.9703,NaN,NaN,NaN
9.9804,NaN,NaN,NaN
9.9904,NaN,NaN,NaN
10.0004,NaN,NaN,NaN
10.0113,NaN,NaN,NaN
10.0213,NaN,NaN,NaN
10.0332,NaN,NaN,NaN
10.0405,NaN,NaN,NaN
10.0505,NaN,NaN,NaN
10.0616,NaN,NaN,NaN
10.0707,NaN,NaN,NaN
10.0806,NaN,NaN,NaN
10.0905,NaN,NaN,NaN
10.1017,NaN,NaN,NaN
10.1106,NaN,NaN,NaN
10.1212,NaN,NaN,NaN
10.1326,NaN,NaN,NaN
10.1403,NaN,NaN,NaN
10.1511,NaN,NaN,NaN
10.1607,NaN,NaN,NaN
10.1704,NaN,NaN,NaN
10.1806,NaN,NaN,NaN
10.1905,NaN,NaN,NaN
10.2004,NaN,NaN,NaN
10.2112,NaN,NaN,NaN
10.2229,NaN,NaN,NaN
10.2307,NaN,NaN,NaN
10.2404,NaN,NaN,NaN
10.2503,NaN,NaN,NaN
10.2627,NaN,NaN,NaN
10.2707,NaN,NaN,NaN
10.2806,NaN,NaN,NaN
10.2902,NaN,NaN,NaN
10.3003,NaN,NaN,NaN
10.3106,NaN,NaN,NaN
10.3205,NaN,NaN,NaN
10.3305,NaN,NaN,NaN
10.3402,NaN,NaN,NaN
10.3504,NaN,NaN,NaN
10.3608,NaN,NaN,NaN
10.3710,NaN,NaN,NaN
10.3806,NaN,NaN,NaN
10.3906,NaN,NaN,NaN
10.4004,NaN,NaN,NaN
10.4105,NaN,NaN,NaN
10.4207,NaN,NaN,NaN
10.4306,NaN,NaN,NaN
10.4426,NaN,NaN,NaN
10.4507,NaN,NaN,NaN
10.4606,NaN,NaN,NaN
10.4704,NaN,NaN,NaN
10.4806,NaN,NaN,NaN
10.4909,NaN,NaN,NaN
10.5007,NaN,NaN,NaN
10.5115,NaN,NaN,NaN
10.5218,NaN,NaN,NaN
10.5307,NaN,NaN,NaN
10.5414,NaN,NaN,NaN
10.5515,NaN,NaN,NaN
10.5610,NaN,NaN,NaN
10.5706,NaN,NaN,NaN
10.5803,NaN,NaN,NaN
10.5907,NaN,NaN,NaN
10.6004,NaN,NaN,NaN
10.6109,NaN,NaN,NaN
10.6214,NaN,NaN,NaN
10.6314,NaN,NaN,NaN
10.6406,NaN,NaN,NaN
10.6507,NaN,NaN,NaN
10.6608,NaN,NaN,NaN
10.6707,NaN,NaN,NaN
10.6810,NaN,NaN,NaN
10.6905,NaN,NaN,NaN
10.7006,NaN,NaN,NaN
10.7104,NaN,NaN,NaN
10.7210,NaN,NaN,NaN
10.7323,NaN,NaN,NaN
10.7404,NaN,NaN,NaN
10.7507,NaN,NaN,NaN
10.7606,NaN,NaN,NaN
10.7708,NaN,NaN,NaN
10.7806,NaN,NaN,NaN
10.7904,NaN,NaN,NaN
10.8005,NaN,NaN,NaN
10.8108,NaN,NaN,NaN
10.8207,NaN,NaN,NaN
10.8310,NaN,NaN,NaN
10.8404,NaN,NaN,NaN
10.8505,NaN,NaN,NaN
10.8619,NaN,NaN,NaN
10.8709,NaN,NaN,NaN
10.8807,NaN,NaN,NaN
10.8905,NaN,NaN,NaN
10.9016,NaN,NaN,NaN
10.9104,NaN,NaN,NaN
10.9210,NaN,NaN,NaN
10.9306,NaN,NaN,NaN
10.9414,NaN,NaN,NaN
10.9506,NaN,NaN,NaN
10.9606,NaN,NaN,NaN
10.9707,NaN,NaN,NaN
10.9804,NaN,NaN,NaN
10.9908,NaN,NaN,NaN
11.0007,NaN,NaN,NaN
11.0106,NaN,NaN,NaN
11.0205,NaN,NaN,NaN
11.0308,NaN,NaN,NaN
11.0408,NaN,NaN,NaN
11.0508,NaN,NaN,NaN
11.0610,NaN,NaN,NaN
11.0703,NaN,NaN,NaN
11.0802,NaN,NaN,NaN
11.0904,NaN,NaN,NaN
11.1007,NaN,NaN,NaN
11.1109,NaN,NaN,NaN
11.1204,NaN,NaN,NaN
11.1306,NaN,NaN,NaN
11.1409,NaN,NaN,NaN
11.1512,NaN,NaN,NaN
11.1619,NaN,NaN,NaN
11.1711,NaN,NaN,NaN
11.1803,NaN,NaN,NaN
11.1905,NaN,NaN,NaN
11.2005,NaN,NaN,NaN
11.2103,NaN,NaN,NaN
11.2210,NaN,NaN,NaN
11.2307,NaN,NaN,NaN
11.2405,NaN,NaN,NaN
11.2507,NaN,NaN,NaN
11.2606,NaN,NaN,NaN
11.2711,NaN,NaN,NaN
11.2807,NaN,NaN,NaN
11.2910,NaN,NaN,NaN
11.3005,NaN,NaN,NaN
11.3107,NaN,NaN,NaN
11.3206,NaN,NaN,NaN
11.3306,NaN,NaN,NaN
11.3425,NaN,NaN,NaN
11.3507,NaN,NaN,NaN
11.3608,NaN,NaN,NaN
11.3706,NaN,NaN,NaN
11.3807,NaN,NaN,NaN
11.3908,NaN,NaN,NaN
11.4007,NaN,NaN,NaN
11.4103,NaN,NaN,NaN
11.4205,NaN,NaN,NaN
11.4322,NaN,NaN,NaN
11.4417,NaN,NaN,NaN
11.4513,NaN,NaN,NaN
11.4601,NaN,NaN,NaN
11.4704,NaN,NaN,NaN
11.4823,NaN,NaN,NaN
11.4907,NaN,NaN,NaN
11.5002,NaN,NaN,NaN
11.5108,NaN,NaN,NaN
11.5209,NaN,NaN,NaN
11.5311,NaN,NaN,NaN
11.5401,NaN,NaN,NaN
11.5502,NaN,NaN,NaN
11.5609,NaN,NaN,NaN
11.5708,NaN,NaN,NaN
11.5807,NaN,NaN,NaN
11.5913,NaN,NaN,NaN
11.6012,NaN,NaN,NaN
11.6109,NaN,NaN,NaN
11.6205,NaN,NaN,NaN
11.6306,NaN,NaN,NaN
11.6408,NaN,NaN,NaN
11.6505,NaN,NaN,NaN
11.6606,NaN,NaN,NaN
11.6707,NaN,NaN,NaN
11.6813,NaN,NaN,NaN
11.6907,NaN,NaN,NaN
11.7010,NaN,NaN,NaN
11.7103,NaN,NaN,NaN
11.7209,NaN,NaN,NaN
11.7307,NaN,NaN,NaN
11.7416,NaN,NaN,NaN
11.7514,NaN,NaN,NaN
11.7608,NaN,NaN,NaN
11.7709,NaN,NaN,NaN
11.7807,NaN,NaN,NaN
11.7908,NaN,NaN,NaN
11.8013,NaN,NaN,NaN
11.8107,NaN,NaN,NaN
11.8212,NaN,NaN,NaN
11.8302,NaN,NaN,NaN
11.8420,NaN,NaN,NaN
11.8518,NaN,NaN,NaN
11.8606,NaN,NaN,NaN
11.8706,NaN,NaN,NaN
11.8803,NaN,NaN,NaN
11.8916,NaN,NaN,NaN
11.9015,NaN,NaN,NaN
11.9110,NaN,NaN,NaN
11.9208,NaN,NaN,NaN
11.9313,NaN,NaN,NaN
11.9406,NaN,NaN,NaN
11.9503,NaN,NaN,NaN
11.9602,NaN,NaN,NaN
11.9704,NaN,NaN,NaN
11.9806,NaN,NaN,NaN
11.9906,NaN,NaN,NaN
12.0035,NaN,NaN,NaN
12.0104,NaN,NaN,NaN
12.0206,NaN,NaN,NaN
12.0305,NaN,NaN,NaN
12.0412,NaN,NaN,NaN
12.0507,NaN,NaN,NaN
12.0605,NaN,NaN,NaN
12.0707,NaN,NaN,NaN
12.0806,NaN,NaN,NaN
12.0907,NaN,NaN,NaN
12.1003,NaN,NaN,NaN
12.1107,NaN,NaN,NaN
12.1214,NaN,NaN,NaN
12.1303,NaN,NaN,NaN
12.1402,NaN,NaN,NaN
12.1506,NaN,NaN,NaN
12.1606,NaN,NaN,NaN
12.1715,NaN,NaN,NaN
12.1816,NaN,NaN,NaN
12.1911,NaN,NaN,NaN
12.2011,NaN,NaN,NaN
12.2107,NaN,NaN,NaN
12.2204,NaN,NaN,NaN
12.2316,NaN,NaN,NaN
12.2408,NaN,NaN,NaN
12.2509,NaN,NaN,NaN
12.2602,NaN,NaN,NaN
12.2713,NaN,NaN,NaN
12.2805,NaN,NaN,NaN
12.2908,NaN,NaN,NaN
12.3016,NaN,NaN,NaN
12.3122,NaN,NaN,NaN
12.3207,NaN,NaN,NaN
12.3303,NaN,NaN,NaN
12.3405,NaN,NaN,NaN
12.3509,NaN,NaN,NaN
12.3608,NaN,NaN,NaN
12.3717,NaN,NaN,NaN
12.3803,NaN,NaN,NaN
12.3907,NaN,NaN,NaN
12.4008,NaN,NaN,NaN
12.4112,NaN,NaN,NaN
12.4224,NaN,NaN,NaN
12.4318,NaN,NaN,NaN
12.4423,NaN,NaN,NaN
12.4522,NaN,NaN,NaN
12.4603,NaN,NaN,NaN
12.4714,NaN,NaN,NaN
12.4805,NaN,NaN,NaN
12.4913,NaN,NaN,NaN
12.5021,NaN,NaN,NaN
12.5118,NaN,NaN,NaN
12.5204,NaN,NaN,NaN
12.5318,NaN,NaN,NaN
12.5414,NaN,NaN,NaN
12.5508,NaN,NaN,NaN
12.5608,NaN,NaN,NaN
12.5711,NaN,NaN,NaN
12.5807,NaN,NaN,NaN
12.5905,NaN,NaN,NaN
12.6007,NaN,NaN,NaN
12.6105,NaN,NaN,NaN
12.6209,NaN,NaN,NaN
12.6303,NaN,NaN,NaN
12.6413,NaN,NaN,NaN
12.6511,NaN,NaN,NaN
12.6606,NaN,NaN,NaN
12.6706,NaN,NaN,NaN
12.6805,NaN,NaN,NaN
12.6921,NaN,NaN,NaN
12.7017,NaN,NaN,NaN
12.7107,NaN,NaN,NaN
12.7204,NaN,NaN,NaN
12.7305,NaN,NaN,NaN
12.7409,NaN,NaN,NaN
12.7507,NaN,NaN,NaN
12.7606,NaN,NaN,NaN
12.7705,NaN,NaN,NaN
12.7809,NaN,NaN,NaN
12.7908,NaN,NaN,NaN
12.8008,NaN,NaN,NaN
12.8104,NaN,NaN,NaN
12.8207,NaN,NaN,NaN
12.8307,NaN,NaN,NaN
12.8413,NaN,NaN,NaN
12.8508,NaN,NaN,NaN
12.8604,NaN,NaN,NaN
12.8705,NaN,NaN,NaN
12.8803,NaN,NaN,NaN
12.8914,NaN,NaN,NaN
12.9014,NaN,NaN,NaN
12.9108,NaN,NaN,NaN
12.9223,NaN,NaN,NaN
12.9308,NaN,NaN,NaN
12.9410,NaN,NaN,NaN
12.9507,NaN,NaN,NaN
12.9607,NaN,NaN,NaN
12.9707,NaN,NaN,NaN
12.9805,NaN,NaN,NaN
12.9905,NaN,NaN,NaN
13.0008,NaN,NaN,NaN
13.0104,NaN,NaN,NaN
13.0218,NaN,NaN,NaN
13.0323,NaN,NaN,NaN
13.0405,NaN,NaN,NaN
13.0502,NaN,NaN,NaN
13.0610,NaN,NaN,NaN
13.0704,NaN,NaN,NaN
13.0812,NaN,NaN,NaN
13.0914,NaN,NaN,NaN
13.1009,NaN,NaN,NaN
13.1119,NaN,NaN,NaN
13.1215,NaN,NaN,NaN
13.1326,NaN,NaN,NaN
13.1420,NaN,NaN,NaN
13.1516,NaN,NaN,NaN
13.1605,NaN,NaN,NaN
13.1703,NaN,NaN,NaN
13.1805,NaN,NaN,NaN
13.1914,NaN,NaN,NaN
13.2013,NaN,NaN,NaN
13.2117,NaN,NaN,NaN
13.2219,NaN,NaN,NaN
13.2310,NaN,NaN,NaN
13.2422,NaN,NaN,NaN
13.2515,NaN,NaN,NaN
13.2619,NaN,NaN,NaN
13.2704,NaN,NaN,NaN
13.2801,NaN,NaN,NaN
13.2919,NaN,NaN,NaN
13.3013,NaN,NaN,NaN
13.3118,NaN,NaN,NaN
13.3203,NaN,NaN,NaN
13.3308,NaN,NaN,NaN
13.3418,NaN,NaN,NaN
13.3504,NaN,NaN,NaN
13.3604,NaN,NaN,NaN
13.3725,NaN,NaN,NaN
13.3804,NaN,NaN,NaN
13.3907,NaN,NaN,NaN
13.4013,NaN,NaN,NaN
13.4109,NaN,NaN,NaN
13.4208,NaN,NaN,NaN
13.4306,NaN,NaN,NaN
13.4406,NaN,NaN,NaN
13.4513,NaN,NaN,NaN
13.4607,NaN,NaN,NaN
13.4709,NaN,NaN,NaN
13.4813,NaN,NaN,NaN
13.4907,NaN,NaN,NaN
13.5006,NaN,NaN,NaN
13.5126,NaN,NaN,NaN
13.5214,NaN,NaN,NaN
13.5306,NaN,NaN,NaN
13.5410,NaN,NaN,NaN
13.5514,NaN,NaN,NaN
13.5606,NaN,NaN,NaN
13.5710,NaN,NaN,NaN
13.5801,NaN,NaN,NaN
13.5907,NaN,NaN,NaN
13.6018,NaN,NaN,NaN
13.6109,NaN,NaN,NaN
13.6210,NaN,NaN,NaN
13.6312,NaN,NaN,NaN
13.6410,NaN,NaN,NaN
13.6511,NaN,NaN,NaN
13.6608,NaN,NaN,NaN
13.6725,NaN,NaN,NaN
13.6807,NaN,NaN,NaN
13.6912,NaN,NaN,NaN
13.7010,NaN,NaN,NaN
13.7114,NaN,NaN,NaN
13.7233,NaN,NaN,NaN
13.7318,NaN,NaN,NaN
13.7408,NaN,NaN,NaN
13.7510,NaN,NaN,NaN
13.7610,NaN,NaN,NaN
13.7709,NaN,NaN,NaN
13.7806,NaN,NaN,NaN
13.7910,NaN,NaN,NaN
13.8009,NaN,NaN,NaN
13.8110,NaN,NaN,NaN
13.8211,NaN,NaN,NaN
13.8309,NaN,NaN,NaN
13.8409,NaN,NaN,NaN
13.8516,NaN,NaN,NaN
13.8609,NaN,NaN,NaN
13.8716,NaN,NaN,NaN
13.8808,NaN,NaN,NaN
13.8918,NaN,NaN,NaN
13.9012,NaN,NaN,NaN
13.9115,NaN,NaN,NaN
13.9212,NaN,NaN,NaN
13.9317,NaN,NaN,NaN
13.9423,NaN,NaN,NaN
13.9512,NaN,NaN,NaN
13.9615,NaN,NaN,NaN
13.9714,NaN,NaN,NaN
13.9814,NaN,NaN,NaN
13.9920,NaN,NaN,NaN
14.0029,NaN,NaN,NaN
14.0109,NaN,NaN,NaN
14.0213,NaN,NaN,NaN
14.0305,NaN,NaN,NaN
14.0408,NaN,NaN,NaN
14.0513,NaN,NaN,NaN
14.0603,NaN,NaN,NaN
14.0711,NaN,NaN,NaN
14.0809,NaN,NaN,NaN
14.0911,NaN,NaN,NaN
14.1005,NaN,NaN,NaN
14.1113,NaN,NaN,NaN
14.1222,NaN,NaN,NaN
14.1316,NaN,NaN,NaN
14.1419,NaN,NaN,NaN
14.1510,NaN,NaN,NaN
14.1609,NaN,NaN,NaN
14.1712,NaN,NaN,NaN
14.1811,NaN,NaN,NaN
14.1911,NaN,NaN,NaN
14.2010,NaN,NaN,NaN
14.2108,NaN,NaN,NaN
14.2209,NaN,NaN,NaN
14.2304,NaN,NaN,NaN
14.2415,NaN,NaN,NaN
14.2516,NaN,NaN,NaN
14.2615,NaN,NaN,NaN
14.2717,NaN,NaN,NaN
14.2808,NaN,NaN,NaN
14.2919,NaN,NaN,NaN
14.3024,NaN,NaN,NaN
14.3115,NaN,NaN,NaN
14.3212,NaN,NaN,NaN
14.3310,NaN,NaN,NaN
14.3408,NaN,NaN,NaN
14.3511,NaN,NaN,NaN
14.3610,NaN,NaN,NaN
14.3717,NaN,NaN,NaN
14.3803,NaN,NaN,NaN
14.3909,NaN,NaN,NaN
14.4011,NaN,NaN,NaN
14.4104,NaN,NaN,NaN
14.4213,NaN,NaN,NaN
14.4315,NaN,NaN,NaN
14.4413,NaN,NaN,NaN
14.4507,NaN,NaN,NaN
14.4611,NaN,NaN,NaN
14.4711,NaN,NaN,NaN
14.4815,NaN,NaN,NaN
14.4910,NaN,NaN,NaN
14.5012,NaN,NaN,NaN
14.5120,NaN,NaN,NaN
14.5221,NaN,NaN,NaN
14.5312,NaN,NaN,NaN
14.5409,NaN,NaN,NaN
14.5511,NaN,NaN,NaN
14.5608,NaN,NaN,NaN
14.5715,NaN,NaN,NaN
14.5805,NaN,NaN,NaN
14.5908,NaN,NaN,NaN
14.6022,NaN,NaN,NaN
14.6116,NaN,NaN,NaN
14.6206,NaN,NaN,NaN
14.6308,NaN,NaN,NaN
14.6411,NaN,NaN,NaN
14.6508,NaN,NaN,NaN
14.6609,NaN,NaN,NaN
14.6705,NaN,NaN,NaN
14.6804,NaN,NaN,NaN
14.6916,NaN,NaN,NaN
14.7007,NaN,NaN,NaN
14.7125,NaN,NaN,NaN
14.7206,NaN,NaN,NaN
14.7307,NaN,NaN,NaN
14.7409,NaN,NaN,NaN
14.7506,NaN,NaN,NaN
14.7610,NaN,NaN,NaN
14.7707,NaN,NaN,NaN
14.7807,NaN,NaN,NaN
14.7905,NaN,NaN,NaN
14.8007,NaN,NaN,NaN
14.8107,NaN,NaN,NaN
14.8207,NaN,NaN,NaN
14.8303,NaN,NaN,NaN
14.8407,NaN,NaN,NaN
14.8506,NaN,NaN,NaN
14.8606,NaN,NaN,NaN
14.8707,NaN,NaN,NaN
14.8808,NaN,NaN,NaN
14.8906,NaN,NaN,NaN
14.9008,NaN,NaN,NaN
14.9111,NaN,NaN,NaN
14.9206,NaN,NaN,NaN
14.9305,NaN,NaN,NaN
14.9405,NaN,NaN,NaN
14.9520,NaN,NaN,NaN
14.9624,NaN,NaN,NaN
14.9706,NaN,NaN,NaN
14.9805,NaN,NaN,NaN
14.9904,NaN,NaN,NaN
15.0006,NaN,NaN,NaN
15.0105,NaN,NaN,NaN
15.0208,NaN,NaN,NaN
15.0305,NaN,NaN,NaN
15.0406,NaN,NaN,NaN
15.0515,NaN,NaN,NaN
15.0609,NaN,NaN,NaN
15.0724,NaN,NaN,NaN
15.0818,NaN,NaN,NaN
15.0947,NaN,NaN,NaN
15.1007,NaN,NaN,NaN
15.1105,NaN,NaN,NaN
15.1214,NaN,NaN,NaN
15.1307,NaN,NaN,NaN
15.1411,NaN,NaN,NaN
15.1507,NaN,NaN,NaN
15.1605,NaN,NaN,NaN
15.1704,NaN,NaN,NaN
15.1802,NaN,NaN,NaN
15.1912,NaN,NaN,NaN
15.2019,NaN,NaN,NaN
15.2106,NaN,NaN,NaN
15.2206,NaN,NaN,NaN
15.2303,NaN,NaN,NaN
15.2416,NaN,NaN,NaN
15.2513,NaN,NaN,NaN
15.2602,NaN,NaN,NaN
15.2703,NaN,NaN,NaN
15.2802,NaN,NaN,NaN
15.2907,NaN,NaN,NaN
15.3011,NaN,NaN,NaN
15.3106,NaN,NaN,NaN
15.3206,NaN,NaN,NaN
15.3303,NaN,NaN,NaN
15.3408,NaN,NaN,NaN
15.3507,NaN,NaN,NaN
15.3617,NaN,NaN,NaN
15.3710,NaN,NaN,NaN
15.3801,NaN,NaN,NaN
15.3919,NaN,NaN,NaN
15.4023,NaN,NaN,NaN
15.4110,NaN,NaN,NaN
15.4211,NaN,NaN,NaN
15.4306,NaN,NaN,NaN
15.4411,NaN,NaN,NaN
15.4509,NaN,NaN,NaN
15.4616,NaN,NaN,NaN
15.4716,NaN,NaN,NaN
15.4806,NaN,NaN,NaN
15.4920,NaN,NaN,NaN
15.5010,NaN,NaN,NaN
15.5106,NaN,NaN,NaN
15.5205,NaN,NaN,NaN
15.5310,NaN,NaN,NaN
15.5409,NaN,NaN,NaN
15.5506,NaN,NaN,NaN
15.5602,NaN,NaN,NaN
15.5707,NaN,NaN,NaN
15.5817,NaN,NaN,NaN
15.5906,NaN,NaN,NaN
15.6007,NaN,NaN,NaN
15.6106,NaN,NaN,NaN
15.6213,NaN,NaN,NaN
15.6307,NaN,NaN,NaN
15.6409,NaN,NaN,NaN
15.6506,NaN,NaN,NaN
15.6609,NaN,NaN,NaN
15.6709,NaN,NaN,NaN
15.6811,NaN,NaN,NaN
15.6907,NaN,NaN,NaN
15.7019,NaN,NaN,NaN
15.7105,NaN,NaN,NaN
15.7213,NaN,NaN,NaN
15.7304,NaN,NaN,NaN
15.7420,NaN,NaN,NaN
15.7508,NaN,NaN,NaN
15.7618,NaN,NaN,NaN
15.7712,NaN,NaN,NaN
15.7803,NaN,NaN,NaN
15.7911,NaN,NaN,NaN
15.8029,NaN,NaN,NaN
15.8121,NaN,NaN,NaN
15.8217,NaN,NaN,NaN
15.8306,NaN,NaN,NaN
15.8410,NaN,NaN,NaN
15.8508,NaN,NaN,NaN
15.8608,NaN,NaN,NaN
15.8706,NaN,NaN,NaN
15.8804,NaN,NaN,NaN
15.8905,NaN,NaN,NaN
15.9017,NaN,NaN,NaN
15.9107,NaN,NaN,NaN
15.9207,NaN,NaN,NaN
15.9307,NaN,NaN,NaN
15.9403,NaN,NaN,NaN
15.9505,NaN,NaN,NaN
15.9615,NaN,NaN,NaN
15.9719,NaN,NaN,NaN
15.9812,NaN,NaN,NaN
15.9916,NaN,NaN,NaN
16.0013,NaN,NaN,NaN
16.0105,NaN,NaN,NaN
16.0205,NaN,NaN,NaN
16.0308,NaN,NaN,NaN
16.0415,NaN,NaN,NaN
16.0510,NaN,NaN,NaN
16.0604,NaN,NaN,NaN
16.0705,NaN,NaN,NaN
16.0805,NaN,NaN,NaN
16.0905,NaN,NaN,NaN
16.1008,NaN,NaN,NaN
16.1103,NaN,NaN,NaN
16.1205,NaN,NaN,NaN
16.1310,NaN,NaN,NaN
16.1408,NaN,NaN,NaN
16.1508,NaN,NaN,NaN
16.1609,NaN,NaN,NaN
16.1718,NaN,NaN,NaN
16.1817,NaN,NaN,NaN
16.1908,NaN,NaN,NaN
16.2013,NaN,NaN,NaN
16.2108,NaN,NaN,NaN
16.2219,NaN,NaN,NaN
16.2316,NaN,NaN,NaN
16.2406,NaN,NaN,NaN
16.2504,NaN,NaN,NaN
16.2604,NaN,NaN,NaN
16.2712,NaN,NaN,NaN
16.2806,NaN,NaN,NaN
16.2909,NaN,NaN,NaN
16.3009,NaN,NaN,NaN
16.3107,NaN,NaN,NaN
16.3209,NaN,NaN,NaN
16.3325,NaN,NaN,NaN
16.3404,NaN,NaN,NaN
16.3508,NaN,NaN,NaN
16.3612,NaN,NaN,NaN
16.3727,NaN,NaN,NaN
16.3806,NaN,NaN,NaN
16.3911,NaN,NaN,NaN
16.4007,NaN,NaN,NaN
16.4103,NaN,NaN,NaN
16.4207,NaN,NaN,NaN
16.4305,NaN,NaN,NaN
16.4410,NaN,NaN,NaN
16.4538,NaN,NaN,NaN
16.4617,NaN,NaN,NaN
16.4731,NaN,NaN,NaN
16.4807,NaN,NaN,NaN
16.4913,NaN,NaN,NaN
16.5009,NaN,NaN,NaN
16.5111,NaN,NaN,NaN
16.5204,NaN,NaN,NaN
16.5304,NaN,NaN,NaN
16.5410,NaN,NaN,NaN
16.5507,NaN,NaN,NaN
16.5605,NaN,NaN,NaN
16.5705,NaN,NaN,NaN
16.5809,NaN,NaN,NaN
16.5905,NaN,NaN,NaN
16.6008,NaN,NaN,NaN
16.6102,NaN,NaN,NaN
16.6212,NaN,NaN,NaN
16.6304,NaN,NaN,NaN
16.6408,NaN,NaN,NaN
16.6505,NaN,NaN,NaN
16.6607,NaN,NaN,NaN
16.6723,NaN,NaN,NaN
16.6816,NaN,NaN,NaN
16.6915,NaN,NaN,NaN
16.7017,NaN,NaN,NaN
16.7109,NaN,NaN,NaN
16.7211,NaN,NaN,NaN
16.7303,NaN,NaN,NaN
16.7407,NaN,NaN,NaN
16.7508,NaN,NaN,NaN
16.7608,NaN,NaN,NaN
16.7709,NaN,NaN,NaN
16.7805,NaN,NaN,NaN
16.7917,NaN,NaN,NaN
16.8031,NaN,NaN,NaN
16.8104,NaN,NaN,NaN
16.8210,NaN,NaN,NaN
16.8304,NaN,NaN,NaN
16.8406,NaN,NaN,NaN
16.8510,NaN,NaN,NaN
16.8614,NaN,NaN,NaN
16.8722,NaN,NaN,NaN
16.8807,NaN,NaN,NaN
16.8904,NaN,NaN,NaN
16.9008,NaN,NaN,NaN
16.9103,NaN,NaN,NaN
16.9214,NaN,NaN,NaN
16.9306,NaN,NaN,NaN
16.9406,NaN,NaN,NaN
16.9508,NaN,NaN,NaN
16.9605,NaN,NaN,NaN
16.9715,NaN,NaN,NaN
16.9810,NaN,NaN,NaN
16.9912,NaN,NaN,NaN
17.0006,NaN,NaN,NaN
17.0106,NaN,NaN,NaN
17.0202,NaN,NaN,NaN
17.0306,NaN,NaN,NaN
17.0408,NaN,NaN,NaN
17.0510,NaN,NaN,NaN
17.0608,NaN,NaN,NaN
17.0707,NaN,NaN,NaN
17.0806,NaN,NaN,NaN
17.0906,NaN,NaN,NaN
17.1005,NaN,NaN,NaN
17.1108,NaN,NaN,NaN
17.1209,NaN,NaN,NaN
17.1302,NaN,NaN,NaN
17.1409,NaN,NaN,NaN
17.1507,NaN,NaN,NaN
17.1605,NaN,NaN,NaN
17.1705,NaN,NaN,NaN
17.1807,NaN,NaN,NaN
17.1910,NaN,NaN,NaN
17.2004,NaN,NaN,NaN
17.2105,NaN,NaN,NaN
17.2205,NaN,NaN,NaN
17.2304,NaN,NaN,NaN
17.2405,NaN,NaN,NaN
17.2513,NaN,NaN,NaN
17.2607,NaN,NaN,NaN
17.2707,NaN,NaN,NaN
17.2804,NaN,NaN,NaN
17.2905,NaN,NaN,NaN
17.3004,NaN,NaN,NaN
17.3107,NaN,NaN,NaN
17.3210,NaN,NaN,NaN
17.3310,NaN,NaN,NaN
17.3412,NaN,NaN,NaN
17.3518,NaN,NaN,NaN
17.3608,NaN,NaN,NaN
17.3706,NaN,NaN,NaN
17.3811,NaN,NaN,NaN
17.3907,NaN,NaN,NaN
17.4007,NaN,NaN,NaN
17.4115,NaN,NaN,NaN
17.4226,NaN,NaN,NaN
17.4311,NaN,NaN,NaN
17.4415,NaN,NaN,NaN
17.4511,NaN,NaN,NaN
17.4607,NaN,NaN,NaN
17.4720,NaN,NaN,NaN
17.4814,NaN,NaN,NaN
17.4909,NaN,NaN,NaN
17.5009,NaN,NaN,NaN
17.5115,NaN,NaN,NaN
17.5218,NaN,NaN,NaN
17.5303,NaN,NaN,NaN
17.5408,NaN,NaN,NaN
17.5509,NaN,NaN,NaN
17.5604,NaN,NaN,NaN
17.5709,NaN,NaN,NaN
17.5805,NaN,NaN,NaN
17.5920,NaN,NaN,NaN
17.6013,NaN,NaN,NaN
17.6109,NaN,NaN,NaN
17.6208,NaN,NaN,NaN
17.6304,NaN,NaN,NaN
17.6403,NaN,NaN,NaN
17.6502,NaN,NaN,NaN
17.6606,NaN,NaN,NaN
17.6703,NaN,NaN,NaN
17.6802,NaN,NaN,NaN
17.6905,NaN,NaN,NaN
17.7016,NaN,NaN,NaN
17.7103,NaN,NaN,NaN
17.7204,NaN,NaN,NaN
17.7303,NaN,NaN,NaN
17.7404,NaN,NaN,NaN
17.7505,NaN,NaN,NaN
17.7602,NaN,NaN,NaN
17.7709,NaN,NaN,NaN
17.7807,NaN,NaN,NaN
17.7909,NaN,NaN,NaN
17.8007,NaN,NaN,NaN
17.8103,NaN,NaN,NaN
17.8207,NaN,NaN,NaN
17.8305,NaN,NaN,NaN
17.8407,NaN,NaN,NaN
17.8510,NaN,NaN,NaN
17.8616,NaN,NaN,NaN
17.8722,NaN,NaN,NaN
17.8815,NaN,NaN,NaN
17.8904,NaN,NaN,NaN
17.9007,NaN,NaN,NaN
17.9104,NaN,NaN,NaN
17.9206,NaN,NaN,NaN
17.9311,NaN,NaN,NaN
17.9408,NaN,NaN,NaN
17.9508,NaN,NaN,NaN
17.9606,NaN,NaN,NaN
17.9709,NaN,NaN,NaN
17.9802,NaN,NaN,NaN
17.9910,NaN,NaN,NaN
18.0006,NaN,NaN,NaN
18.0105,NaN,NaN,NaN
18.0214,NaN,NaN,NaN
18.0302,NaN,NaN,NaN
18.0406,NaN,NaN,NaN
18.0506,NaN,NaN,NaN
18.0606,NaN,NaN,NaN
18.0706,NaN,NaN,NaN
18.0805,NaN,NaN,NaN
18.0911,NaN,NaN,NaN
18.1024,NaN,NaN,NaN
18.1112,NaN,NaN,NaN
18.1208,NaN,NaN,NaN
18.1319,NaN,NaN,NaN
18.1409,NaN,NaN,NaN
18.1505,NaN,NaN,NaN
18.1602,NaN,NaN,NaN
18.1708,NaN,NaN,NaN
18.1813,NaN,NaN,NaN
18.1906,NaN,NaN,NaN
18.2016,NaN,NaN,NaN
18.2109,NaN,NaN,NaN
18.2210,NaN,NaN,NaN
18.2304,NaN,NaN,NaN
18.2410,NaN,NaN,NaN
18.2507,NaN,NaN,NaN
18.2610,NaN,NaN,NaN
18.2705,NaN,NaN,NaN
18.2811,NaN,NaN,NaN
18.2904,NaN,NaN,NaN
18.3011,NaN,NaN,NaN
18.3108,NaN,NaN,NaN
18.3204,NaN,NaN,NaN
18.3303,NaN,NaN,NaN
18.3407,NaN,NaN,NaN
18.3518,NaN,NaN,NaN
18.3617,NaN,NaN,NaN
18.3704,NaN,NaN,NaN
18.3823,NaN,NaN,NaN
18.3913,NaN,NaN,NaN
18.4019,NaN,NaN,NaN
18.4104,NaN,NaN,NaN
18.4207,NaN,NaN,NaN
18.4307,NaN,NaN,NaN
18.4411,NaN,NaN,NaN
18.4506,NaN,NaN,NaN
18.4608,NaN,NaN,NaN
18.4704,NaN,NaN,NaN
18.4805,NaN,NaN,NaN
18.4906,NaN,NaN,NaN
18.5013,NaN,NaN,NaN
18.5103,NaN,NaN,NaN
18.5205,NaN,NaN,NaN
18.5305,NaN,NaN,NaN
18.5407,NaN,NaN,NaN
18.5513,NaN,NaN,NaN
18.5613,NaN,NaN,NaN
18.5713,NaN,NaN,NaN
18.5802,NaN,NaN,NaN
18.5910,NaN,NaN,NaN
18.6012,NaN,NaN,NaN
18.6109,NaN,NaN,NaN
18.6205,NaN,NaN,NaN
18.6306,NaN,NaN,NaN
18.6405,NaN,NaN,NaN
18.6503,NaN,NaN,NaN
18.6607,NaN,NaN,NaN
18.6727,NaN,NaN,NaN
18.6804,NaN,NaN,NaN
18.6905,NaN,NaN,NaN
18.7007,NaN,NaN,NaN
18.7103,NaN,NaN,NaN
18.7203,NaN,NaN,NaN
18.7302,NaN,NaN,NaN
18.7408,NaN,NaN,NaN
18.7509,NaN,NaN,NaN
18.7604,NaN,NaN,NaN
18.7702,NaN,NaN,NaN
18.7821,NaN,NaN,NaN
18.7911,NaN,NaN,NaN
18.8006,NaN,NaN,NaN
18.8102,NaN,NaN,NaN
18.8210,NaN,NaN,NaN
18.8305,NaN,NaN,NaN
18.8406,NaN,NaN,NaN
18.8505,NaN,NaN,NaN
18.8606,NaN,NaN,NaN
18.8706,NaN,NaN,NaN
18.8813,NaN,NaN,NaN
18.8908,NaN,NaN,NaN
18.9013,NaN,NaN,NaN
18.9114,NaN,NaN,NaN
18.9219,NaN,NaN,NaN
18.9318,NaN,NaN,NaN
18.9423,NaN,NaN,NaN
18.9506,NaN,NaN,NaN
18.9602,NaN,NaN,NaN
18.9707,NaN,NaN,NaN
18.9803,NaN,NaN,NaN
18.9904,NaN,NaN,NaN
19.0007,NaN,NaN,NaN
19.0105,NaN,NaN,NaN
19.0207,NaN,NaN,NaN
19.0302,NaN,NaN,NaN
19.0407,NaN,NaN,NaN
19.0502,NaN,NaN,NaN
19.0608,NaN,NaN,NaN
19.0707,NaN,NaN,NaN
19.0819,NaN,NaN,NaN
19.0905,NaN,NaN,NaN
19.1001,NaN,NaN,NaN
19.1107,NaN,NaN,NaN
19.1204,NaN,NaN,NaN
19.1304,NaN,NaN,NaN
19.1402,NaN,NaN,NaN
19.1507,NaN,NaN,NaN
19.1601,NaN,NaN,NaN
19.1709,NaN,NaN,NaN
19.1836,NaN,NaN,NaN
19.1909,NaN,NaN,NaN
19.2013,NaN,NaN,NaN
19.2106,NaN,NaN,NaN
19.2203,NaN,NaN,NaN
19.2305,NaN,NaN,NaN
19.2418,NaN,NaN,NaN
19.2516,NaN,NaN,NaN
19.2605,NaN,NaN,NaN
19.2703,NaN,NaN,NaN
19.2801,NaN,NaN,NaN
19.2903,NaN,NaN,NaN
19.3018,NaN,NaN,NaN
19.3103,NaN,NaN,NaN
19.3206,NaN,NaN,NaN
19.3305,NaN,NaN,NaN
19.3406,NaN,NaN,NaN
19.3512,NaN,NaN,NaN
19.3606,NaN,NaN,NaN
19.3707,NaN,NaN,NaN
19.3806,NaN,NaN,NaN
19.3907,NaN,NaN,NaN
19.4005,NaN,NaN,NaN
19.4108,NaN,NaN,NaN
19.4208,NaN,NaN,NaN
19.4305,NaN,NaN,NaN
19.4408,NaN,NaN,NaN
19.4505,NaN,NaN,NaN
19.4605,NaN,NaN,NaN
19.4706,NaN,NaN,NaN
19.4803,NaN,NaN,NaN
19.4908,NaN,NaN,NaN
19.5002,NaN,NaN,NaN
19.5103,NaN,NaN,NaN
19.5205,NaN,NaN,NaN
19.5306,NaN,NaN,NaN
19.5408,NaN,NaN,NaN
19.5504,NaN,NaN,NaN
19.5605,NaN,NaN,NaN
19.5705,NaN,NaN,NaN
19.5805,NaN,NaN,NaN
19.5908,NaN,NaN,NaN
19.6011,NaN,NaN,NaN
19.6108,NaN,NaN,NaN
19.6209,NaN,NaN,NaN
19.6310,NaN,NaN,NaN
19.6421,NaN,NaN,NaN
19.6511,NaN,NaN,NaN
19.6602,NaN,NaN,NaN
19.6708,NaN,NaN,NaN
19.6806,NaN,NaN,NaN
19.6908,NaN,NaN,NaN
19.7012,NaN,NaN,NaN
19.7106,NaN,NaN,NaN
19.7217,NaN,NaN,NaN
19.7305,NaN,NaN,NaN
19.7414,NaN,NaN,NaN
19.7504,NaN,NaN,NaN
19.7607,NaN,NaN,NaN
19.7704,NaN,NaN,NaN
19.7804,NaN,NaN,NaN
19.7914,NaN,NaN,NaN
19.8009,NaN,NaN,NaN
19.8106,NaN,NaN,NaN
19.8207,NaN,NaN,NaN
19.8304,NaN,NaN,NaN
19.8408,NaN,NaN,NaN
19.8511,NaN,NaN,NaN
19.8609,NaN,NaN,NaN
19.8705,NaN,NaN,NaN
19.8805,NaN,NaN,NaN
19.8908,NaN,NaN,NaN
19.9008,NaN,NaN,NaN
19.9109,NaN,NaN,NaN
19.9209,NaN,NaN,NaN
19.9309,NaN,NaN,NaN
19.9412,NaN,NaN,NaN
19.9507,NaN,NaN,NaN
19.9606,NaN,NaN,NaN
19.9709,NaN,NaN,NaN
19.9803,NaN,NaN,NaN
19.9909,NaN,NaN,NaN
20.0011,NaN,NaN,NaN
20.0109,NaN,NaN,NaN
20.0213,NaN,NaN,NaN
20.0307,NaN,NaN,NaN
20.0407,NaN,NaN,NaN
20.0508,NaN,NaN,NaN
20.0609,NaN,NaN,NaN
20.0704,NaN,NaN,NaN
20.0801,NaN,NaN,NaN
20.0909,NaN,NaN,NaN
20.1010,NaN,NaN,NaN
20.1108,NaN,NaN,NaN
20.1224,NaN,NaN,NaN
20.1306,NaN,NaN,NaN
20.1408,NaN,NaN,NaN
20.1506,NaN,NaN,NaN
20.1601,NaN,NaN,NaN
20.1709,NaN,NaN,NaN
20.1804,NaN,NaN,NaN
20.1907,NaN,NaN,NaN
20.2015,NaN,NaN,NaN
20.2106,NaN,NaN,NaN
20.2205,NaN,NaN,NaN
20.2305,NaN,NaN,NaN
20.2406,NaN,NaN,NaN
20.2527,NaN,NaN,NaN
20.2603,NaN,NaN,NaN
20.2702,NaN,NaN,NaN
20.2806,NaN,NaN,NaN
20.2904,NaN,NaN,NaN
20.3012,NaN,NaN,NaN
20.3102,NaN,NaN,NaN
20.3209,NaN,NaN,NaN
20.3309,NaN,NaN,NaN
20.3404,NaN,NaN,NaN
20.3507,NaN,NaN,NaN
20.3603,NaN,NaN,NaN
20.3707,NaN,NaN,NaN
20.3803,NaN,NaN,NaN
20.3917,NaN,NaN,NaN
20.4019,NaN,NaN,NaN
20.4104,NaN,NaN,NaN
20.4207,NaN,NaN,NaN
20.4308,NaN,NaN,NaN
20.4409,NaN,NaN,NaN
20.4513,NaN,NaN,NaN
20.4623,NaN,NaN,NaN
20.4705,NaN,NaN,NaN
20.4800,NaN,NaN,NaN
20.4920,NaN,NaN,NaN
20.5016,NaN,NaN,NaN
20.5114,NaN,NaN,NaN
20.5204,NaN,NaN,NaN
20.5323,NaN,NaN,NaN
20.5429,NaN,NaN,NaN
20.5516,NaN,NaN,NaN
20.5615,NaN,NaN,NaN
20.5720,NaN,NaN,NaN
20.5834,NaN,NaN,NaN
20.5937,NaN,NaN,NaN
20.6011,NaN,NaN,NaN
20.6117,NaN,NaN,NaN
20.6220,NaN,NaN,NaN
20.6315,NaN,NaN,NaN
20.6419,NaN,NaN,NaN
20.6521,NaN,NaN,NaN
20.6623,NaN,NaN,NaN
20.6746,NaN,NaN,NaN
20.6836,NaN,NaN,NaN
20.6944,NaN,NaN,NaN
20.7038,NaN,NaN,NaN
20.7127,NaN,NaN,NaN
20.7219,NaN,NaN,NaN
20.7312,NaN,NaN,NaN
20.7413,NaN,NaN,NaN
20.7513,NaN,NaN,NaN
20.7608,NaN,NaN,NaN
20.7706,NaN,NaN,NaN
20.7805,NaN,NaN,NaN
20.7905,NaN,NaN,NaN
20.8017,NaN,NaN,NaN
20.8127,NaN,NaN,NaN
20.8205,NaN,NaN,NaN
20.8305,NaN,NaN,NaN
20.8403,NaN,NaN,NaN
20.8508,NaN,NaN,NaN
20.8603,NaN,NaN,NaN
20.8704,NaN,NaN,NaN
20.8805,NaN,NaN,NaN
20.8905,NaN,NaN,NaN
20.9005,NaN,NaN,NaN
20.9101,NaN,NaN,NaN
20.9211,NaN,NaN,NaN
20.9306,NaN,NaN,NaN
20.9405,NaN,NaN,NaN
20.9504,NaN,NaN,NaN
20.9601,NaN,NaN,NaN
20.9703,NaN,NaN,NaN
20.9803,NaN,NaN,NaN
20.9918,NaN,NaN,NaN
21.0025,NaN,NaN,NaN
21.0102,NaN,NaN,NaN
21.0204,NaN,NaN,NaN
21.0305,NaN,NaN,NaN
21.0402,NaN,NaN,NaN
21.0503,NaN,NaN,NaN
21.0605,NaN,NaN,NaN
21.0705,NaN,NaN,NaN
21.0801,NaN,NaN,NaN
21.0906,NaN,NaN,NaN
21.1019,NaN,NaN,NaN
21.1107,NaN,NaN,NaN
21.1202,NaN,NaN,NaN
21.1304,NaN,NaN,NaN
21.1408,NaN,NaN,NaN
21.1516,NaN,NaN,NaN
21.1605,NaN,NaN,NaN
21.1706,NaN,NaN,NaN
21.1806,NaN,NaN,NaN
21.1904,NaN,NaN,NaN
21.2006,NaN,NaN,NaN
21.2107,NaN,NaN,NaN
21.2206,NaN,NaN,NaN
21.2302,NaN,NaN,NaN
21.2407,NaN,NaN,NaN
21.2505,NaN,NaN,NaN
21.2605,NaN,NaN,NaN
21.2705,NaN,NaN,NaN
21.2802,NaN,NaN,NaN
21.2904,NaN,NaN,NaN
21.3004,NaN,NaN,NaN
21.3114,NaN,NaN,NaN
21.3212,NaN,NaN,NaN
21.3304,NaN,NaN,NaN
21.3402,NaN,NaN,NaN
21.3505,NaN,NaN,NaN
21.3602,NaN,NaN,NaN
21.3703,NaN,NaN,NaN
21.3805,NaN,NaN,NaN
21.3906,NaN,NaN,NaN
21.4006,NaN,NaN,NaN
21.4107,NaN,NaN,NaN
21.4218,NaN,NaN,NaN
21.4305,NaN,NaN,NaN
21.4408,NaN,NaN,NaN
21.4507,NaN,NaN,NaN
21.4605,NaN,NaN,NaN
21.4708,NaN,NaN,NaN
21.4819,NaN,NaN,NaN
21.4907,NaN,NaN,NaN
21.5007,NaN,NaN,NaN
21.5113,NaN,NaN,NaN
21.5209,NaN,NaN,NaN
21.5308,NaN,NaN,NaN
21.5403,NaN,NaN,NaN
21.5505,NaN,NaN,NaN
21.5620,NaN,NaN,NaN
21.5718,NaN,NaN,NaN
21.5805,NaN,NaN,NaN
21.5921,NaN,NaN,NaN
21.6007,NaN,NaN,NaN
21.6108,NaN,NaN,NaN
21.6217,NaN,NaN,NaN
21.6310,NaN,NaN,NaN
21.6407,NaN,NaN,NaN
21.6513,NaN,NaN,NaN
21.6602,NaN,NaN,NaN
21.6705,NaN,NaN,NaN
21.6811,NaN,NaN,NaN
21.6904,NaN,NaN,NaN
21.7014,NaN,NaN,NaN
21.7126,NaN,NaN,NaN
21.7208,NaN,NaN,NaN
21.7301,NaN,NaN,NaN
21.7403,NaN,NaN,NaN
21.7507,NaN,NaN,NaN
21.7603,NaN,NaN,NaN
21.7710,NaN,NaN,NaN
21.7802,NaN,NaN,NaN
21.7911,NaN,NaN,NaN
21.8011,NaN,NaN,NaN
21.8104,NaN,NaN,NaN
21.8214,NaN,NaN,NaN
21.8320,NaN,NaN,NaN
21.8402,NaN,NaN,NaN
21.8504,NaN,NaN,NaN
21.8610,NaN,NaN,NaN
21.8702,NaN,NaN,NaN
21.8805,NaN,NaN,NaN
21.8905,NaN,NaN,NaN
21.9000,NaN,NaN,NaN
21.9105,NaN,NaN,NaN
21.9214,NaN,NaN,NaN
21.9304,NaN,NaN,NaN
21.9408,NaN,NaN,NaN
21.9509,NaN,NaN,NaN
21.9601,NaN,NaN,NaN
21.9705,NaN,NaN,NaN
21.9805,NaN,NaN,NaN
21.9903,NaN,NaN,NaN
22.0009,NaN,NaN,NaN
22.0105,NaN,NaN,NaN
22.0206,NaN,NaN,NaN
22.0304,NaN,NaN,NaN
22.0414,NaN,NaN,NaN
22.0517,NaN,NaN,NaN
22.0605,NaN,NaN,NaN
22.0710,NaN,NaN,NaN
22.0805,NaN,NaN,NaN
22.0905,NaN,NaN,NaN
22.1007,NaN,NaN,NaN
22.1102,NaN,NaN,NaN
22.1204,NaN,NaN,NaN
22.1304,NaN,NaN,NaN
22.1402,NaN,NaN,NaN
22.1504,NaN,NaN,NaN
22.1604,NaN,NaN,NaN
22.1707,NaN,NaN,NaN
22.1804,NaN,NaN,NaN
22.1905,NaN,NaN,NaN
22.2006,NaN,NaN,NaN
22.2103,NaN,NaN,NaN
22.2231,NaN,NaN,NaN
22.2324,NaN,NaN,NaN
22.2424,NaN,NaN,NaN
22.2512,NaN,NaN,NaN
22.2605,NaN,NaN,NaN
22.2702,NaN,NaN,NaN
22.2803,NaN,NaN,NaN
22.2905,NaN,NaN,NaN
22.3009,NaN,NaN,NaN
22.3106,NaN,NaN,NaN
22.3201,NaN,NaN,NaN
22.3304,NaN,NaN,NaN
22.3403,NaN,NaN,NaN
22.3505,NaN,NaN,NaN
22.3612,NaN,NaN,NaN
22.3712,NaN,NaN,NaN
22.3807,NaN,NaN,NaN
22.3904,NaN,NaN,NaN
22.4001,NaN,NaN,NaN
22.4102,NaN,NaN,NaN
22.4205,NaN,NaN,NaN
22.4301,NaN,NaN,NaN
22.4404,NaN,NaN,NaN
22.4506,NaN,NaN,NaN
22.4606,NaN,NaN,NaN
22.4702,NaN,NaN,NaN
22.4811,NaN,NaN,NaN
22.4915,NaN,NaN,NaN
22.5016,NaN,NaN,NaN
22.5115,NaN,NaN,NaN
22.5208,NaN,NaN,NaN
22.5304,NaN,NaN,NaN
22.5403,NaN,NaN,NaN
22.5507,NaN,NaN,NaN
22.5602,NaN,NaN,NaN
22.5707,NaN,NaN,NaN
22.5801,NaN,NaN,NaN
22.5903,NaN,NaN,NaN
22.6003,NaN,NaN,NaN
22.6103,NaN,NaN,NaN
22.6202,NaN,NaN,NaN
22.6303,NaN,NaN,NaN
22.6411,NaN,NaN,NaN
22.6505,NaN,NaN,NaN
22.6607,NaN,NaN,NaN
22.6703,NaN,NaN,NaN
22.6804,NaN,NaN,NaN
22.6906,NaN,NaN,NaN
22.7006,NaN,NaN,NaN
22.7102,NaN,NaN,NaN
22.7214,NaN,NaN,NaN
22.7306,NaN,NaN,NaN
22.7405,NaN,NaN,NaN
22.7502,NaN,NaN,NaN
22.7602,NaN,NaN,NaN
22.7708,NaN,NaN,NaN
22.7819,NaN,NaN,NaN
22.7901,NaN,NaN,NaN
22.8008,NaN,NaN,NaN
22.8115,NaN,NaN,NaN
22.8206,NaN,NaN,NaN
22.8301,NaN,NaN,NaN
22.8411,NaN,NaN,NaN
22.8507,NaN,NaN,NaN
22.8605,NaN,NaN,NaN
22.8704,NaN,NaN,NaN
22.8801,NaN,NaN,NaN
22.8916,NaN,NaN,NaN
22.9009,NaN,NaN,NaN
22.9104,NaN,NaN,NaN
22.9203,NaN,NaN,NaN
22.9309,NaN,NaN,NaN
22.9403,NaN,NaN,NaN
22.9509,NaN,NaN,NaN
22.9603,NaN,NaN,NaN
22.9709,NaN,NaN,NaN
22.9808,NaN,NaN,NaN
22.9904,NaN,NaN,NaN
23.0011,NaN,NaN,NaN
23.0103,NaN,NaN,NaN
23.0203,NaN,NaN,NaN
23.0304,NaN,NaN,NaN
23.0423,NaN,NaN,NaN
23.0513,NaN,NaN,NaN
23.0618,NaN,NaN,NaN
23.0706,NaN,NaN,NaN
23.0805,NaN,NaN,NaN
23.0904,NaN,NaN,NaN
23.1003,NaN,NaN,NaN
23.1105,NaN,NaN,NaN
23.1207,NaN,NaN,NaN
23.1310,NaN,NaN,NaN
23.1426,NaN,NaN,NaN
23.1517,NaN,NaN,NaN
23.1622,NaN,NaN,NaN
23.1720,NaN,NaN,NaN
23.1808,NaN,NaN,NaN
23.1912,NaN,NaN,NaN
23.2007,NaN,NaN,NaN
23.2105,NaN,NaN,NaN
23.2206,NaN,NaN,NaN
23.2303,NaN,NaN,NaN
23.2406,NaN,NaN,NaN
23.2511,NaN,NaN,NaN
23.2608,NaN,NaN,NaN
23.2706,NaN,NaN,NaN
23.2801,NaN,NaN,NaN
23.2908,NaN,NaN,NaN
23.3031,NaN,NaN,NaN
23.3103,NaN,NaN,NaN
23.3202,NaN,NaN,NaN
23.3306,NaN,NaN,NaN
23.3404,NaN,NaN,NaN
23.3504,NaN,NaN,NaN
23.3613,NaN,NaN,NaN
23.3702,NaN,NaN,NaN
23.3805,NaN,NaN,NaN
23.3903,NaN,NaN,NaN
23.4009,NaN,NaN,NaN
23.4106,NaN,NaN,NaN
23.4224,NaN,NaN,NaN
23.4305,NaN,NaN,NaN
23.4406,NaN,NaN,NaN
23.4520,NaN,NaN,NaN
23.4609,NaN,NaN,NaN
23.4703,NaN,NaN,NaN
23.4826,NaN,NaN,NaN
23.4903,NaN,NaN,NaN
23.5014,NaN,NaN,NaN
23.5116,NaN,NaN,NaN
23.5218,NaN,NaN,NaN
23.5318,NaN,NaN,NaN
23.5401,NaN,NaN,NaN
23.5503,NaN,NaN,NaN
23.5603,NaN,NaN,NaN
23.5704,NaN,NaN,NaN
23.5802,NaN,NaN,NaN
23.5904,NaN,NaN,NaN
23.6011,NaN,NaN,NaN
23.6106,NaN,NaN,NaN
23.6207,NaN,NaN,NaN
23.6303,NaN,NaN,NaN
23.6404,NaN,NaN,NaN
23.6512,NaN,NaN,NaN
23.6609,NaN,NaN,NaN
23.6711,NaN,NaN,NaN
23.6805,NaN,NaN,NaN
23.6917,NaN,NaN,NaN
23.7021,NaN,NaN,NaN
23.7103,NaN,NaN,NaN
23.7205,NaN,NaN,NaN
23.7314,NaN,NaN,NaN
23.7401,NaN,NaN,NaN
23.7507,NaN,NaN,NaN
23.7610,NaN,NaN,NaN
23.7707,NaN,NaN,NaN
23.7807,NaN,NaN,NaN
23.7903,NaN,NaN,NaN
23.8006,NaN,NaN,NaN
23.8110,NaN,NaN,NaN
23.8204,NaN,NaN,NaN
23.8301,NaN,NaN,NaN
23.8406,NaN,NaN,NaN
23.8517,NaN,NaN,NaN
23.8616,NaN,NaN,NaN
23.8720,NaN,NaN,NaN
23.8821,NaN,NaN,NaN
23.8912,NaN,NaN,NaN
23.9009,NaN,NaN,NaN
23.9104,NaN,NaN,NaN
23.9208,NaN,NaN,NaN
23.9309,NaN,NaN,NaN
23.9409,NaN,NaN,NaN
23.9505,NaN,NaN,NaN
23.9606,NaN,NaN,NaN
23.9710,NaN,NaN,NaN
23.9817,NaN,NaN,NaN
23.9907,NaN,NaN,NaN
24.0008,NaN,NaN,NaN
24.0105,NaN,NaN,NaN
24.0209,NaN,NaN,NaN
24.0301,NaN,NaN,NaN
24.0401,NaN,NaN,NaN
24.0507,NaN,NaN,NaN
24.0608,NaN,NaN,NaN
24.0707,NaN,NaN,NaN
24.0806,NaN,NaN,NaN
24.0909,NaN,NaN,NaN
24.1007,NaN,NaN,NaN
24.1105,NaN,NaN,NaN
24.1205,NaN,NaN,NaN
24.1303,NaN,NaN,NaN
24.1411,NaN,NaN,NaN
24.1507,NaN,NaN,NaN
24.1615,NaN,NaN,NaN
24.1707,NaN,NaN,NaN
24.1807,NaN,NaN,NaN
24.1905,NaN,NaN,NaN
24.2018,NaN,NaN,NaN
24.2112,NaN,NaN,NaN
24.2203,NaN,NaN,NaN
24.2308,NaN,NaN,NaN
24.2405,NaN,NaN,NaN
24.2510,NaN,NaN,NaN
24.2603,NaN,NaN,NaN
24.2707,NaN,NaN,NaN
24.2808,NaN,NaN,NaN
24.2909,NaN,NaN,NaN
24.3012,NaN,NaN,NaN
24.3106,NaN,NaN,NaN
24.3207,NaN,NaN,NaN
24.3303,NaN,NaN,NaN
24.3407,NaN,NaN,NaN
24.3512,NaN,NaN,NaN
24.3615,NaN,NaN,NaN
24.3706,NaN,NaN,NaN
24.3805,NaN,NaN,NaN
24.3908,NaN,NaN,NaN
24.4004,NaN,NaN,NaN
24.4103,NaN,NaN,NaN
24.4203,NaN,NaN,NaN
24.4301,NaN,NaN,NaN
24.4418,NaN,NaN,NaN
24.4506,NaN,NaN,NaN
24.4612,NaN,NaN,NaN
24.4707,NaN,NaN,NaN
24.4806,NaN,NaN,NaN
24.4907,NaN,NaN,NaN
24.5010,NaN,NaN,NaN
24.5107,NaN,NaN,NaN
24.5210,NaN,NaN,NaN
24.5302,NaN,NaN,NaN
24.5407,NaN,NaN,NaN
24.5522,NaN,NaN,NaN
24.5624,NaN,NaN,NaN
24.5722,NaN,NaN,NaN
24.5800,NaN,NaN,NaN
24.5904,NaN,NaN,NaN
24.6002,NaN,NaN,NaN
24.6102,NaN,NaN,NaN
24.6203,NaN,NaN,NaN
24.6325,NaN,NaN,NaN
24.6405,NaN,NaN,NaN
24.6506,NaN,NaN,NaN
24.6605,NaN,NaN,NaN
24.6714,NaN,NaN,NaN
24.6807,NaN,NaN,NaN
24.6904,NaN,NaN,NaN
24.7004,NaN,NaN,NaN
24.7103,NaN,NaN,NaN
24.7215,NaN,NaN,NaN
24.7301,NaN,NaN,NaN
24.7404,NaN,NaN,NaN
24.7505,NaN,NaN,NaN
24.7616,NaN,NaN,NaN
24.7704,NaN,NaN,NaN
24.7805,NaN,NaN,NaN
24.7907,NaN,NaN,NaN
24.8007,NaN,NaN,NaN
24.8104,NaN,NaN,NaN
24.8209,NaN,NaN,NaN
24.8305,NaN,NaN,NaN
24.8405,NaN,NaN,NaN
24.8506,NaN,NaN,NaN
24.8606,NaN,NaN,NaN
24.8708,NaN,NaN,NaN
24.8809,NaN,NaN,NaN
24.8906,NaN,NaN,NaN
24.9003,NaN,NaN,NaN
24.9116,NaN,NaN,NaN
24.9205,NaN,NaN,NaN
24.9304,NaN,NaN,NaN
24.9406,NaN,NaN,NaN
24.9506,NaN,NaN,NaN
24.9605,NaN,NaN,NaN
24.9715,NaN,NaN,NaN
24.9810,NaN,NaN,NaN
24.9912,NaN,NaN,NaN
25.0005,NaN,NaN,NaN
25.0105,NaN,NaN,NaN
25.0205,NaN,NaN,NaN
25.0301,NaN,NaN,NaN
25.0401,NaN,NaN,NaN
25.0506,NaN,NaN,NaN
25.0608,NaN,NaN,NaN
25.0707,NaN,NaN,NaN
25.0809,NaN,NaN,NaN
25.0907,NaN,NaN,NaN
25.1014,NaN,NaN,NaN
25.1120,NaN,NaN,NaN
25.1211,NaN,NaN,NaN
25.1305,NaN,NaN,NaN
25.1405,NaN,NaN,NaN
25.1504,NaN,NaN,NaN
25.1602,NaN,NaN,NaN
25.1702,NaN,NaN,NaN
25.1806,NaN,NaN,NaN
25.1906,NaN,NaN,NaN
25.2007,NaN,NaN,NaN
25.2117,NaN,NaN,NaN
25.2218,NaN,NaN,NaN
25.2314,NaN,NaN,NaN
25.2414,NaN,NaN,NaN
25.2518,NaN,NaN,NaN
25.2616,NaN,NaN,NaN
25.2711,NaN,NaN,NaN
25.2812,NaN,NaN,NaN
25.2909,NaN,NaN,NaN
25.3007,NaN,NaN,NaN
25.3107,NaN,NaN,NaN
25.3209,NaN,NaN,NaN
25.3304,NaN,NaN,NaN
25.3413,NaN,NaN,NaN
25.3506,NaN,NaN,NaN
25.3613,NaN,NaN,NaN
25.3713,NaN,NaN,NaN
25.3808,NaN,NaN,NaN
25.3906,NaN,NaN,NaN
25.4006,NaN,NaN,NaN
25.4108,NaN,NaN,NaN
25.4213,NaN,NaN,NaN
25.4306,NaN,NaN,NaN
25.4418,NaN,NaN,NaN
25.4521,NaN,NaN,NaN
25.4606,NaN,NaN,NaN
25.4707,NaN,NaN,NaN
25.4802,NaN,NaN,NaN
25.4906,NaN,NaN,NaN
25.5009,NaN,NaN,NaN
25.5104,NaN,NaN,NaN
25.5205,NaN,NaN,NaN
25.5306,NaN,NaN,NaN
25.5411,NaN,NaN,NaN
25.5512,NaN,NaN,NaN
25.5630,NaN,NaN,NaN
25.5708,NaN,NaN,NaN
25.5824,NaN,NaN,NaN
25.5919,NaN,NaN,NaN
25.6007,NaN,NaN,NaN
25.6111,NaN,NaN,NaN
25.6211,NaN,NaN,NaN
25.6321,NaN,NaN,NaN
25.6424,NaN,NaN,NaN
25.6521,NaN,NaN,NaN
25.6618,NaN,NaN,NaN
25.6721,NaN,NaN,NaN
25.6820,NaN,NaN,NaN
25.6922,NaN,NaN,NaN
25.7030,NaN,NaN,NaN
25.7128,NaN,NaN,NaN
25.7219,903.6377,1337.6621,40.6408
25.7323,903.9557,1337.8731,40.6328
25.7411,904.4754,1337.9190,40.4540
25.7509,904.3683,1338.1646,40.5822
25.7606,904.4201,1338.3073,40.6302
25.7706,904.4501,1338.4330,40.5298
25.7807,904.3802,1338.8030,40.0694
25.7904,904.4427,1339.1469,39.2959
25.8009,904.5365,1339.1729,38.2575
25.8119,904.2157,1339.3310,36.8904
25.8217,903.9564,1339.7576,35.3576
25.8329,903.9579,1339.8563,33.8121
25.8433,903.7441,1340.1309,32.0127
25.8531,903.8635,1340.5181,30.0160
25.8635,903.8802,1340.9368,27.8917
25.8734,903.8092,1341.4186,25.6468
25.8827,903.6993,1341.7457,23.3421
25.8941,903.3704,1342.2097,20.8523
25.9030,903.1317,1342.7714,18.2815
25.9134,902.8192,1343.3239,15.6377
25.9218,902.5706,1343.9843,12.8904
25.9318,902.6968,1345.2959,10.4032
25.9409,902.5123,1345.9935,7.5012
25.9526,902.4592,1346.5215,4.5805
25.9605,902.3179,1347.2447,1.5609
25.9714,902.2201,1348.0840,-1.4970
25.9807,902.1359,1348.9265,-4.5661
25.9913,902.0296,1349.7700,-7.6659
26.0012,901.9680,1350.7225,-10.8449
26.0121,901.8811,1351.6444,-13.9957
26.0205,901.7800,1352.6550,-17.1721
26.0305,901.8074,1353.7077,-20.3983
26.0409,901.8922,1354.7835,-23.6222
26.0510,902.0917,1355.7529,-26.8601
26.0605,902.3171,1356.7918,-30.1499
26.0704,902.6926,1357.6523,-33.4504
26.0801,903.0750,1358.4963,-36.7495
26.0911,903.5798,1359.4689,-40.0981
26.1010,904.0445,1360.3814,-43.4320
26.1106,904.4941,1361.2252,-46.7750
26.1206,905.0096,1362.0226,-50.1180
26.1302,905.6025,1362.7816,-53.4565
26.1405,906.3226,1363.5771,-56.7851
26.1504,907.0628,1364.3228,-60.1073
26.1604,907.7116,1364.9354,-63.4530
26.1704,908.4786,1365.4636,-63.4530
26.1808,909.2099,1365.8787,-63.4530
26.1913,910.0400,1366.2786,-63.4530
26.2007,910.8971,1366.7024,-63.4530
26.2106,911.7445,1367.0814,-63.4530
26.2216,912.6118,1367.4854,-63.4530
26.2318,913.5260,1367.8536,-63.4530
26.2408,914.0520,1367.8989,-63.4530
26.2515,914.6065,1367.8035,-63.4530
26.2609,915.0827,1367.4528,-63.4530
26.2701,915.2730,1366.8906,-63.4530
26.2802,915.3605,1366.3226,-63.4530
26.2916,915.5481,1365.6754,-63.4530
26.3009,915.7125,1365.0415,-63.4530
26.3105,915.8134,1364.2293,-63.4530
26.3204,915.8183,1363.3472,-63.4530
26.3304,915.7078,1362.4289,-63.4530
26.3408,915.6500,1361.4442,-63.4530
26.3502,915.5417,1360.4682,-63.4530
26.3604,915.3625,1359.3598,-63.4530
26.3704,915.2553,1358.2433,-63.4530
26.3806,915.1786,1357.1912,-63.4530
26.3907,915.1203,1356.0961,-63.4530
26.4006,915.0713,1355.0110,-63.4530
26.4107,914.9626,1353.9255,-63.4530
26.4207,914.8975,1352.8569,-63.4530
26.4308,914.8018,1351.8942,-63.4530
26.4405,914.7198,1350.9169,-63.4530
26.4507,914.5580,1349.9708,-63.4530
26.4605,914.4940,1348.8799,-63.4530
26.4707,914.4198,1347.7520,-63.4530
26.4801,914.3259,1346.6176,-63.4530
26.4907,914.2294,1345.4803,-63.4530
26.5006,914.1400,1344.3845,-63.4530
26.5104,914.0318,1343.3063,-63.4530
26.5203,913.9260,1342.3784,-63.4530
26.5300,913.7844,1341.4341,-63.4530
26.5408,913.6974,1340.4160,-63.4530
26.5505,913.6313,1339.3979,-63.4530
26.5606,913.5741,1338.2966,-63.4530
26.5704,913.4512,1337.1749,-63.4530
26.5801,913.3605,1336.0459,-63.4530
26.5916,913.2608,1334.9397,-63.4530
26.6010,913.1895,1333.9833,-63.4530
26.6115,913.0626,1333.0834,-63.4530
26.6220,912.9181,1332.1845,-63.4530
26.6303,912.8283,1331.2150,-63.4530
26.6407,912.7754,1330.1944,-63.4530
26.6506,912.7243,1329.1229,-63.4530
26.6609,912.6439,1327.9240,-63.4530
26.6706,912.5404,1326.7945,-63.4530
26.6802,912.4352,1325.7626,-63.4530
26.6904,912.3184,1324.8328,-63.4530
26.7009,912.1741,1323.9503,-94.4557
26.7103,912.1013,1322.9713,-94.4608
26.7214,912.0265,1321.9442,-94.5066
26.7304,911.9169,1320.9031,-94.5182
26.7419,911.7618,1319.8084,-94.2873
26.7514,911.4689,1318.5629,-94.2873
26.7602,911.4549,1317.3279,-94.2873
26.7705,911.4135,1316.1146,-94.2873
26.7810,911.0137,1314.9471,-94.2873
26.7903,910.8315,1314.0038,-94.2873
26.8006,910.6483,1313.1511,-94.2873
26.8107,910.1172,1312.4395,-94.2873
26.8215,909.6259,1311.7120,-94.2873
26.8309,909.1265,1310.7782,-94.2873
26.8413,908.6774,1309.7578,-94.2873
26.8507,908.4693,1308.6389,-94.2873
26.8606,908.4649,1307.6443,-94.2873
26.8703,908.6346,1306.8345,-94.2873
26.8801,908.8391,1306.0565,-94.2873
26.8907,908.9013,1305.2349,-94.2873
26.9006,908.8896,1304.2862,-94.2873
26.9102,908.9328,1303.2377,-94.2873
26.9209,909.0273,1302.2448,-94.2873
26.9304,909.1478,1301.2183,-94.2873
26.9406,909.1968,1300.2012,-94.2873
26.9515,909.2702,1299.1893,-94.2873
26.9620,909.3932,1298.1987,-94.2873
26.9719,909.4919,1297.1764,-94.2873
26.9805,909.5714,1296.0727,-94.2873
26.9906,909.6421,1295.0164,-94.2873
27.0009,909.7714,1293.9139,-94.2873
27.0105,909.8438,1292.8672,-94.2873
27.0212,909.8784,1291.8752,-94.2873
27.0303,909.9506,1290.8832,-94.2873
27.0403,910.0483,1289.9470,-94.2873
27.0505,910.1294,1288.9001,-94.2873
27.0605,910.1939,1287.8387,-94.2873
27.0718,910.2251,1286.8109,-94.2873
27.0804,910.3082,1285.7833,-94.2873
27.0908,910.3905,1284.8124,-94.2873
27.1009,910.4978,1283.8008,-94.2873
27.1109,910.5533,1282.7969,-94.2873
27.1206,910.6270,1281.8068,-94.2873
27.1305,910.7368,1280.7371,-94.2873
27.1412,910.8325,1279.6951,-94.2873
27.1525,910.9057,1278.6093,-94.2873
27.1604,910.9622,1277.5229,-94.2873
27.1702,911.0559,1276.4471,-94.2873
27.1801,911.2146,1275.4191,-94.2873
27.1906,911.3082,1274.4327,-94.2873
27.2004,911.3612,1273.3998,-94.2873
27.2101,911.3995,1272.4396,-94.2873
27.2202,911.4724,1271.4369,-94.2873
27.2304,911.5753,1270.4002,-94.2873
27.2408,911.5762,1269.3834,-94.2873
27.2504,911.6232,1268.3637,-94.2873
27.2600,911.7095,1267.3510,-94.2873
27.2714,911.8163,1266.3798,-94.2873
27.2808,911.8999,1265.4005,-94.2873
27.2903,911.9347,1264.3728,-94.2873
27.3000,911.9578,1263.3680,-94.2873
27.3116,912.0435,1262.3808,-94.2873
27.3209,912.0903,1261.2802,-94.2873
27.3302,912.1094,1260.2629,-94.2873
27.3405,912.1286,1259.3220,-94.2873
27.3509,912.2467,1258.3518,-94.2873
27.3604,912.3302,1257.3877,-94.2873
27.3703,912.4067,1256.3826,-94.2873
27.3801,912.4508,1255.4681,-94.2873
27.3904,912.4906,1254.4803,-94.2873
27.4011,912.5706,1253.4334,-94.2873
27.4104,912.5882,1252.4518,-94.2873
27.4211,912.6327,1251.4178,-94.2873
27.4308,912.7235,1250.4537,-94.2873
27.4404,912.8664,1249.4982,-94.2873
27.4514,912.9451,1248.5239,-94.2873
27.4606,912.9783,1247.5519,-94.2873
27.4706,913.0010,1246.5432,-94.2873
27.4801,913.0159,1245.4789,-94.2873
27.4903,913.0838,1244.4225,-94.2873
27.5005,913.1417,1243.4219,-94.2873
27.5102,913.1951,1242.4306,-94.2873
27.5205,913.2829,1241.4551,-94.2873
27.5302,913.4490,1240.5540,-94.2873
27.5405,913.5529,1239.5973,-94.2873
27.5511,913.6010,1238.6168,-94.2873
27.5608,913.6564,1237.6055,-94.2873
27.5702,913.7380,1236.5190,-94.2873
27.5815,913.7721,1235.4719,-94.2873
27.5901,913.7967,1234.4695,-94.2873
27.6005,913.8775,1233.5018,-94.2873
27.6103,913.9745,1232.5782,-94.2873
27.6213,914.1426,1231.5993,-94.2873
27.6309,914.1751,1230.6955,-94.2873
27.6406,914.2025,1229.7103,-94.2873
27.6502,914.3015,1228.6805,-94.2873
27.6614,914.3971,1227.6329,-94.2873
27.6706,914.4992,1226.5541,-94.2873
27.6805,914.5235,1225.5925,-94.2873
27.6902,914.6058,1224.6095,-94.2873
27.7006,914.7641,1223.7076,-94.2873
27.7113,914.8612,1222.8410,-85.1244
27.7224,914.9372,1221.9268,-85.1244
27.7305,914.9892,1220.9854,-85.1244
27.7410,915.0398,1219.9252,-85.1244
27.7501,915.1800,1218.9148,-85.1244
27.7618,915.2339,1217.9634,-85.1244
27.7708,915.3380,1217.0387,-85.1244
27.7812,915.4014,1216.1932,-85.1244
27.7903,915.5075,1215.3284,-85.1244
27.8004,915.6343,1214.5079,-85.1244
27.8102,915.7068,1213.6293,-85.1244
27.8206,915.8260,1212.6645,-85.1244
27.8303,915.8869,1211.6486,-85.1244
27.8402,915.9685,1210.5427,-85.1244
27.8506,916.0583,1209.4761,-85.1244
27.8607,916.1849,1208.4215,-85.1244
27.8708,916.3283,1207.4478,-85.1244
27.8807,916.4381,1206.5894,-85.1244
27.8906,916.5184,1205.6768,-85.1244
27.9018,916.5722,1204.7223,-85.1244
27.9101,916.6613,1203.7358,-85.1244
27.9201,916.7356,1202.7111,-85.1244
27.9304,916.8221,1201.6337,-85.1244
27.9404,916.9411,1200.5146,-85.1244
27.9501,917.0105,1199.4869,-85.1244
27.9612,917.1547,1198.4750,-85.1244
27.9702,917.2982,1197.5698,-85.1244
27.9809,917.3767,1196.6917,-85.1244
27.9905,917.3988,1195.7188,-85.1244
28.0009,917.4318,1194.7302,-85.1244
28.0105,917.5477,1193.6962,-85.1244
28.0213,917.6266,1192.6425,-85.1244
28.0303,917.6734,1191.5366,-85.1244
28.0408,917.7862,1190.4610,-85.1244
28.0503,917.9242,1189.5123,-85.1244
28.0599,918.0545,1188.5707,-85.1244
28.0718,918.1590,1187.6605,-85.1244
28.0815,918.1864,1186.6552,-85.1244
28.0905,918.2639,1185.6095,-85.1244
28.1006,918.3226,1184.5893,-85.1244
28.1102,918.4246,1183.5160,-85.1244
28.1202,918.5120,1182.4861,-85.1244
28.1303,918.6216,1181.4577,-85.1244
28.1415,918.7452,1180.5275,-85.1244
28.1508,918.8041,1179.5720,-85.1244
28.1604,918.8287,1178.5875,-85.1244
28.1706,918.8845,1177.5853,-85.1244
28.1804,918.9583,1176.5388,-85.1244
28.1902,919.0605,1175.4468,-85.1244
28.2014,919.1616,1174.3303,-85.1244
28.2103,919.2638,1173.2368,-85.1244
28.2202,919.3759,1172.2543,-85.1244
28.2302,919.4781,1171.3125,-85.1244
28.2413,919.5782,1170.3912,-85.1244
28.2524,919.5938,1169.4219,-85.1244
28.2604,919.6519,1168.4300,-85.1244
28.2717,919.6832,1167.4655,-85.1244
28.2815,919.7761,1166.3565,-85.1244
28.2906,919.8456,1165.2609,-85.1244
28.3002,919.9704,1164.1644,-85.1244
28.3100,920.1122,1163.1472,-85.1244
28.3212,920.2034,1162.1988,-85.1244
28.3310,920.2624,1161.2383,-85.1244
28.3406,920.2672,1160.2635,-85.1244
28.3502,920.3296,1159.2953,-85.1244
28.3604,920.4236,1158.2606,-85.1244
28.3716,920.4732,1157.2003,-85.1244
28.3825,920.5403,1156.1133,-85.1244
28.3904,920.6798,1155.0890,-85.1244
28.4008,920.8095,1154.1376,-85.1244
28.4116,920.9328,1153.1567,-85.1244
28.4206,920.9493,1152.2248,-85.1244
28.4302,921.0360,1151.2026,-85.1244
28.4405,921.0783,1150.2036,-85.1244
28.4503,921.2101,1149.1863,-85.1244
28.4600,921.3121,1148.1515,-85.1244
28.4717,921.3556,1147.1170,-85.1244
28.4808,921.4845,1146.0863,-85.1244
28.4906,921.5767,1145.1924,-85.1244
28.5009,921.7069,1144.2603,-85.1244
28.5102,921.8066,1143.3231,-85.1244
28.5210,921.8914,1142.3099,-85.1244
28.5305,921.9532,1141.2919,-85.1244
28.5412,922.0051,1140.3118,-85.1244
28.5514,922.0659,1139.3156,-85.1244
28.5614,922.1703,1138.3365,-85.1244
28.5703,922.3055,1137.4090,-85.1244
28.5803,922.4118,1136.4969,-85.1244
28.5905,922.5259,1135.5856,-85.1244
28.6004,922.5881,1134.5988,-85.1244
28.6102,922.6339,1133.5872,-85.1244
28.6209,922.7026,1132.5165,-85.1244
28.6312,922.8043,1131.4041,-85.1244
28.6405,922.8759,1130.3270,-85.1244
28.6504,922.9816,1129.2722,-85.1244
28.6606,923.0974,1128.3436,-85.1244
28.6708,923.2141,1127.4611,-85.1244
28.6807,923.3075,1126.5422,-85.1244
28.6902,923.3528,1125.5607,-85.1244
28.7004,923.3949,1124.5451,-85.1244
28.7104,923.4839,1123.5051,-85.1244
28.7228,923.5678,1122.4052,-85.1244
28.7301,923.7084,1121.2946,-85.1244
28.7411,923.8001,1120.2979,-85.1244
28.7518,923.9314,1119.3837,-85.1244
28.7605,924.0825,1118.5191,-85.1244
28.7716,924.1592,1117.5534,-85.1244
28.7819,924.2326,1116.5794,-85.1244
28.7908,924.2561,1115.6130,-85.1244
28.8011,924.3302,1114.5492,-85.1244
28.8107,924.4503,1113.5174,-85.1244
28.8211,924.5596,1112.5020,-85.1244
28.8303,924.7128,1111.5582,-85.1244
28.8402,924.8421,1110.6750,-85.1244
28.8502,924.9239,1109.7580,-85.1244
28.8603,924.9921,1108.8530,-85.1244
28.8703,925.0547,1107.8388,-85.1244
28.8826,925.1296,1106.8243,-85.1244
28.8901,925.2274,1105.7463,-85.1244
28.9018,925.3117,1104.6204,-84.2431
28.9108,925.4280,1103.6395,-84.2293
28.9207,925.5382,1102.6332,-84.2465
28.9307,925.6558,1101.7651,-84.2622
28.9411,925.7268,1100.8817,-84.1130
28.9505,925.6845,1099.7858,-84.1130
28.9601,925.9232,1098.6883,-84.1130
28.9709,926.2383,1097.6027,-84.1130
28.9808,925.9369,1096.6264,-84.1130
28.9908,925.9449,1095.8351,-84.1130
29.0007,926.2230,1095.1811,-84.1130
29.0107,925.7741,1094.5507,-84.1130
29.0208,925.3296,1093.8228,-84.1130
29.0301,925.3550,1092.8185,-84.1130
29.0404,925.4348,1091.6718,-84.1130
29.0509,925.2831,1090.7506,-84.1130
29.0610,925.1598,1090.0161,-84.1130
29.0712,925.4230,1089.2675,-84.1130
29.0804,925.8265,1088.5093,-84.1130
29.0914,926.0935,1087.5426,-84.1130
29.1017,926.2896,1086.4567,-84.1130
29.1109,926.4983,1085.2925,-84.1130
29.1214,926.7989,1084.1270,-84.1130
29.1317,927.0632,1083.1111,-84.1130
29.1407,927.2588,1082.1844,-84.1130
29.1505,927.4152,1081.3342,-84.1130
29.1600,927.6304,1080.4542,-84.1130
29.1701,927.8375,1079.5092,-84.1130
29.1806,928.0326,1078.5696,-84.1130
29.1917,928.2763,1077.4815,-84.1130
29.2023,928.5911,1076.4276,-84.1130
29.2116,928.8708,1075.3733,-84.1130
29.2212,929.1161,1074.3951,-84.1130
29.2308,929.2700,1073.4507,-84.1130
29.2415,929.4679,1072.4874,-84.1130
29.2503,929.6915,1071.5155,-84.1130
29.2606,929.9057,1070.5316,-84.1130
29.2704,930.1504,1069.4806,-84.1130
29.2801,930.4100,1068.4279,-84.1130
29.2908,930.7463,1067.3225,-84.1130
29.3003,931.0300,1066.2926,-84.1130
29.3102,931.2816,1065.2254,-84.1130
29.3202,931.5171,1064.1950,-84.1130
29.3304,931.7113,1063.2177,-84.1130
29.3402,931.9196,1062.2075,-84.1130
29.3503,932.1512,1061.1979,-84.1130
29.3604,932.4533,1060.1944,-84.1130
29.3706,932.7482,1059.1382,-84.1130
29.3801,932.9603,1058.1355,-84.1130
29.3911,933.1767,1057.1593,-84.1130
29.4006,933.3419,1056.2079,-84.1130
29.4105,933.5530,1055.2065,-84.1130
29.4217,933.7919,1054.2050,-84.1130
29.4317,934.0227,1053.1910,-84.1130
29.4401,934.3145,1052.1115,-84.1130
29.4502,934.6528,1051.1267,-75.7812
29.4601,934.9500,1050.0812,-75.7651
29.4703,935.1532,1049.0043,-75.7220
29.4808,935.3888,1047.9892,-75.6655
29.4906,935.6234,1047.0070,-75.6199
29.5002,935.7959,1046.1049,-75.5126
29.5103,935.8347,1045.0732,-75.0549
29.5219,936.0133,1044.2791,-74.3141
29.5308,935.8574,1043.4897,-73.2134
29.5404,935.8463,1042.6504,-71.9687
29.5511,936.1365,1041.9507,-70.5993
29.5607,936.0263,1041.0361,-68.9169
29.5707,936.0434,1040.2270,-67.1720
29.5808,936.0288,1039.4691,-65.2878
29.5911,935.7953,1038.7189,-63.2345
29.6009,935.7419,1038.0948,-61.1213
29.6107,935.8273,1037.5356,-58.8951
29.6205,935.4718,1036.9311,-56.4731
29.6306,934.9066,1036.3309,-54.0144
29.6408,934.8167,1035.9008,-51.5265
29.6510,934.4846,1035.3058,-48.8568
29.6606,933.9486,1034.5765,-46.0755
29.6713,933.4348,1034.0421,-43.3130
29.6807,932.8263,1033.3998,-40.3999
29.6908,932.1154,1032.7225,-37.4226
29.7014,931.6229,1032.0890,-34.4698
29.7110,931.2465,1031.3553,-34.4698
29.7207,930.7275,1030.5617,-34.4698
29.7314,930.1120,1029.7098,-34.4698
29.7407,929.3765,1028.8544,-34.4698
29.7506,928.5207,1027.8640,-34.4698
29.7606,927.8584,1026.8892,-34.4698
29.7708,927.4326,1025.9429,-34.4698
29.7802,927.3991,1025.2000,-34.4698
29.7904,927.7419,1024.6168,-34.4698
29.8006,928.1888,1023.9836,-34.4698
29.8108,928.7325,1023.4682,-34.4698
29.8202,929.2906,1023.1056,-34.4698
29.8307,929.9702,1022.7002,-34.4698
29.8405,930.8354,1022.4211,-34.4698
29.8507,931.8125,1022.2134,-34.4698
29.8610,932.8522,1022.1383,-34.4698
29.8703,933.8292,1022.1613,-34.4698
29.8800,934.6838,1022.0605,-34.4698
29.8901,935.5404,1021.8522,-34.4698
29.9001,936.5071,1021.7054,-34.4698
29.9105,937.5837,1021.5637,-34.4698
29.9206,938.5858,1021.4621,-34.4698
29.9306,939.5734,1021.3632,-34.4698
29.9401,940.6121,1021.2534,-34.4698
29.9501,941.6994,1021.0743,-34.4698
29.9601,942.7419,1020.9129,-34.4698
29.9703,943.6748,1020.7929,-34.4698
29.9804,944.6447,1020.6133,-34.4698
29.9907,945.6037,1020.4644,-34.4698
30.0004,946.5262,1020.3265,-34.4698
30.0111,947.4707,1020.1707,-34.4698
30.0205,948.4947,1020.1141,-34.4698
30.0306,949.6013,1019.9923,-34.4698
30.0413,950.6267,1019.8886,-34.4698
30.0506,951.6467,1019.7048,-34.4698
30.0605,952.5786,1019.5555,-34.4698
30.0705,953.4871,1019.4520,-34.4698
30.0803,954.4460,1019.2564,-34.4698
30.0930,955.3851,1019.1245,-34.4698
30.1000,956.3672,1018.9869,-34.4698
30.1107,957.4234,1018.8935,-34.4698
30.1206,958.5247,1018.8231,-34.4698
30.1316,959.6158,1018.6534,-34.4698
30.1404,960.6240,1018.5232,-34.4698
30.1501,961.5757,1018.4071,-34.4698
30.1618,962.4828,1018.3155,-34.4698
30.1729,963.3932,1018.1739,-34.4698
30.1802,964.4011,1017.9812,-34.4698
30.1917,965.4106,1017.8843,-34.4698
30.2023,966.5495,1017.8138,-34.4698
30.2102,967.6783,1017.7252,-34.4698
30.2208,968.7802,1017.5623,-34.4698
30.2304,969.8173,1017.3922,-34.4698
30.2405,970.7032,1017.3111,-34.4698
30.2505,971.6230,1017.2070,-34.4698
30.2603,972.5775,1017.0736,-34.4698
30.2704,973.5366,1016.9377,-34.4698
30.2806,974.5374,1016.8872,-34.4698
30.2914,975.5482,1016.8807,-34.4698
30.3002,976.6829,1016.7459,-34.4698
30.3117,977.7464,1016.5970,-34.4698
30.3211,978.7943,1016.4189,-34.4698
30.3306,979.7406,1016.2764,-34.4698
30.3405,980.6971,1016.1555,-34.4698
30.3511,981.7364,1015.9931,-34.4698
30.3609,982.7648,1015.8788,-34.4698
30.3706,983.8365,1015.7420,-34.4698
30.3804,984.9202,1015.6435,-34.4698
30.3907,985.9331,1015.5048,-34.4698
30.4007,986.8724,1015.3462,-34.4698
30.4106,987.7784,1015.2375,-34.4698
30.4205,988.7119,1015.0751,-34.4698
30.4316,989.6706,1014.9144,-34.4698
30.4400,990.6549,1014.8037,-34.4698
30.4501,991.7316,1014.7139,-34.4698
30.4607,992.8663,1014.6339,-34.4698
30.4704,993.9509,1014.4340,-34.4698
30.4809,994.9807,1014.3142,-34.4698
30.4903,995.8889,1014.1819,-34.4698
30.5007,996.7494,1014.0432,-34.4698
30.5115,997.6566,1013.9434,-34.4698
30.5202,998.6414,1013.7716,-34.4698
30.5305,999.6238,1013.6405,-34.4698
30.5411,1000.6943,1013.5694,-34.4698
30.5503,1001.7803,1013.4287,-34.4698
30.5607,1002.8738,1013.3333,-34.4698
30.5707,1003.9163,1013.1707,-34.4698
30.5821,1004.8301,1013.0766,-34.4698
30.5904,1005.7061,1012.8890,-34.4698
30.6000,1006.6576,1012.7168,-34.4698
30.6110,1007.6026,1012.5956,-34.4698
30.6207,1008.5793,1012.4637,-34.4698
30.6303,1009.6248,1012.4069,-34.4698
30.6404,1010.7341,1012.2975,-34.4698
30.6505,1011.8702,1012.1799,-34.4698
30.6604,1013.0076,1012.0900,-34.4698
30.6702,1013.9976,1011.9477,-34.4698
30.6804,1014.9028,1011.7839,-34.4698
30.6902,1015.8660,1011.6042,-34.4698
30.7006,1016.8852,1011.4647,-34.4698
30.7107,1017.8537,1011.3732,-34.4698
30.7204,1018.9185,1011.2483,-34.4698
30.7307,1019.9593,1011.1796,-34.4698
30.7400,1020.9727,1011.0935,-34.4698
30.7505,1021.9060,1011.0684,-34.4698
30.7617,1022.8462,1010.9685,-34.4698
30.7716,1023.7997,1010.8722,-34.4698
30.7806,1024.7666,1010.7727,-34.4698
30.7907,1025.8011,1010.6194,-6.1666
30.8003,1026.8683,1010.4718,-6.1638
30.8104,1027.9473,1010.3484,-6.1402
30.8201,1029.0371,1010.2846,-6.1448
30.8304,1030.1268,1010.3372,-6.3326
30.8410,1031.3294,1010.4518,-6.3326
30.8505,1032.6759,1010.3897,-6.3326
30.8606,1033.9881,1010.2978,-6.3326
30.8703,1035.1988,1010.1536,-6.3326
30.8802,1036.2691,1010.1039,-6.3326
30.8912,1037.1719,1010.4520,-6.3326
30.9006,1037.8986,1010.9264,-6.3326
30.9106,1038.5560,1011.2539,-6.3326
30.9208,1039.2737,1011.3733,-6.3326
30.9307,1039.9934,1011.2820,-6.3326
30.9411,1040.7278,1011.0829,-6.3326
30.9506,1041.4094,1010.9265,-6.3326
30.9601,1042.2636,1010.7768,-6.3326
30.9718,1043.1939,1010.6337,-6.3326
30.9807,1044.2511,1010.3582,-6.3326
30.9905,1045.3167,1010.0228,-6.3326
31.0005,1046.2545,1009.7619,-6.3326
31.0105,1047.1076,1009.4696,-6.3326
31.0202,1047.9948,1009.2695,-6.3326
31.0312,1048.9232,1009.0679,-6.3326
31.0406,1049.9628,1008.8655,-6.3326
31.0505,1051.0866,1008.6968,-6.3326
31.0607,1052.1682,1008.4489,-6.3326
31.0710,1053.1464,1008.2371,-6.3326
31.0807,1054.1166,1008.0519,-6.3326
31.0906,1055.0602,1007.8434,-6.3326
31.1004,1055.9343,1007.6107,-6.3326
31.1102,1056.8514,1007.3122,-6.3326
31.1204,1057.7940,1007.0952,-6.3326
31.1302,1058.8213,1006.8894,-6.3326
31.1403,1059.9124,1006.6327,-6.3326
31.1505,1060.9293,1006.4135,-6.3326
31.1602,1061.9691,1006.1480,-6.3326
31.1706,1062.9803,1006.0015,-6.3326
31.1808,1063.9476,1005.7901,-6.3326
31.1905,1064.8762,1005.5439,-6.3326
31.2004,1065.8096,1005.3383,-6.3326
31.2102,1066.8054,1005.1066,-6.3326
31.2214,1067.8032,1004.9180,-6.3326
31.2306,1068.8213,1004.6434,-6.3326
31.2408,1069.7536,1004.3367,-6.3326
31.2508,1070.6685,1004.1349,-6.3326
31.2602,1071.6478,1003.9318,-6.3326
31.2705,1072.5815,1003.7497,-6.3326
31.2815,1073.5516,1003.4798,-6.3326
31.2910,1074.5537,1003.2239,-6.3326
31.3006,1075.5911,1003.0157,-6.3326
31.3102,1076.6747,1002.7685,-6.3326
31.3200,1077.6413,1002.4982,-6.3326
31.3301,1078.6072,1002.2253,-6.3326
31.3406,1079.5868,1002.0345,-6.3326
31.3500,1080.5492,1001.8826,-6.3326
31.3603,1081.4816,1001.6274,-6.3326
31.3706,1082.4307,1001.3804,-6.3326
31.3811,1083.3832,1001.1321,-6.3326
31.3907,1084.4439,1000.9859,-6.3326
31.4006,1085.4878,1000.8103,-6.3326
31.4104,1086.4807,1000.6031,-6.3326
31.4203,1087.4073,1000.3708,-6.3326
31.4303,1088.3332,1000.1353,-6.3326
31.4405,1089.2445,999.9466,-6.3326
31.4502,1090.1461,999.6898,-6.3326
31.4602,1091.1562,999.4569,-6.3326
31.4718,1092.2029,999.2691,-6.3326
31.4818,1093.2948,999.0463,-6.3326
31.4917,1094.3259,998.8297,-6.3326
31.5005,1095.3179,998.5877,-6.3326
31.5104,1096.2969,998.3788,-6.3326
31.5210,1097.1833,998.2324,-6.3326
31.5307,1098.0619,998.0014,-6.3326
31.5411,1098.9544,997.7480,-6.3326
31.5511,1099.8902,997.5192,-6.3326
31.5602,1100.9154,997.2870,-6.3326
31.5702,1101.9591,997.0812,-6.3326
31.5802,1103.0252,996.7764,-6.3326
31.5914,1104.0216,996.5600,-6.3326
31.6010,1105.0434,996.3885,-6.3326
31.6101,1106.0070,996.1951,-6.3326
31.6202,1106.9795,995.9496,-6.3326
31.6301,1107.9642,995.7047,-6.3326
31.6403,1108.9691,995.5183,-6.3326
31.6504,1110.0528,995.2867,-6.3326
31.6603,1111.0663,995.0455,-6.3326
31.6723,1112.0139,994.7941,-6.3326
31.6801,1112.9559,994.5477,-6.3326
31.6910,1113.8728,994.3984,-6.3326
31.7013,1114.8045,994.2059,-6.3326
31.7117,1115.7498,994.0204,-6.3326
31.7212,1116.7882,993.7990,-6.3326
31.7305,1117.8681,993.5485,-6.3326
31.7415,1118.9387,993.3315,-6.3326
31.7510,1120.0256,993.0236,-6.3326
31.7601,1121.0512,992.7515,-6.3326
31.7705,1122.0164,992.5092,-6.3326
31.7802,1122.9884,992.3459,-6.3326
31.7904,1123.8846,992.2468,-6.3326
31.8001,1124.8248,992.0213,-6.3326
31.8105,1125.7759,991.8111,-6.3326
31.8208,1126.7285,991.5722,-6.3326
31.8312,1127.7813,991.3451,-6.3326
31.8411,1128.8669,991.1162,-6.3326
31.8502,1129.9347,990.7843,-6.3326
31.8601,1130.9254,990.5629,-6.3326
31.8708,1131.9041,990.3312,-6.3326
31.8805,1132.8461,990.1247,-6.3326
31.8905,1133.8203,989.9219,-6.3326
31.9005,1134.8136,989.6946,-6.3326
31.9101,1135.8341,989.5075,-6.3326
31.9200,1136.8091,989.2236,-6.3326
31.9306,1137.7766,988.9823,-6.3326
31.9406,1138.7228,988.7623,-6.3326
31.9511,1139.6209,988.5840,-6.3326
31.9602,1140.4851,988.3947,-6.3326
31.9706,1141.4274,988.1292,-6.3326
31.9813,1142.4113,987.9333,-6.3326
31.9907,1143.4389,987.7103,-6.3326
32.0009,1144.4941,987.4261,-6.3326
32.0102,1145.4797,987.1443,-6.3326
32.0207,1146.4703,986.9124,-6.3326
32.0319,1147.3861,986.8103,-6.3326
32.0419,1148.2984,986.7041,-6.3326
32.0517,1149.1840,986.4934,-6.3326
32.0602,1150.0554,986.2626,-6.3326
32.0704,1150.9849,985.9525,-6.3326
32.0819,1151.9589,985.7311,-6.3326
32.0919,1152.9796,985.4697,-6.3326
32.1015,1154.0198,985.2675,-6.3326
32.1113,1155.0092,985.1074,-6.3326
32.1204,1155.9841,984.9350,-6.3326
32.1308,1156.8661,984.8238,-6.3326
32.1417,1157.7178,984.6647,-6.3326
32.1512,1158.6082,984.4181,-6.3326
32.1600,1159.5351,984.1646,-6.3326
32.1704,1160.5507,983.8824,-6.3326
32.1801,1161.6234,983.7198,-6.3326
32.1905,1162.7455,983.4771,-6.3326
32.2005,1163.8259,983.2811,-6.3326
32.2102,1164.7440,983.1164,-6.3326
32.2204,1165.5911,982.9694,-6.3326
32.2304,1166.4529,982.8524,-6.3326
32.2406,1167.3453,982.6800,-6.3326
32.2506,1168.2822,982.5099,-6.3326
32.2600,1169.2448,982.2628,-6.3326
32.2702,1170.2565,982.0049,-6.3326
32.2799,1171.3156,981.7854,-6.3326
32.2907,1172.3442,981.5473,-6.3326
32.3002,1173.2966,981.3930,-6.3326
32.3105,1174.1861,981.2954,-6.3326
32.3205,1175.1272,981.1245,-6.3326
32.3307,1176.0764,980.9503,-6.3326
32.3405,1177.0374,980.6816,-6.3326
32.3502,1178.0211,980.4218,-6.3326
32.3605,1179.0502,980.1735,-6.3326
32.3702,1180.0188,979.9103,-6.3326
32.3801,1180.9425,979.7484,-6.3326
32.3906,1181.8332,979.6200,-6.3326
32.4021,1182.6921,979.5242,-6.3326
32.4103,1183.5820,979.3075,-6.3326
32.4205,1184.5747,979.0642,-6.3326
32.4302,1185.5438,978.8285,-6.3326
32.4410,1186.6053,978.5419,-6.3326
32.4526,1187.6638,978.3092,-6.3326
32.4603,1188.7405,978.0700,-6.3326
32.4702,1189.6875,977.8588,-6.3326
32.4819,1190.5573,977.7650,-6.3326
32.4918,1191.4398,977.6488,-6.3326
32.5009,1192.3095,977.4677,-6.3326
32.5110,1193.2337,977.1822,-6.3326
32.5202,1194.2419,976.9103,-6.3326
32.5300,1195.2604,976.6659,-6.3326
32.5404,1196.3600,976.4271,-6.3326
32.5505,1197.4815,976.2330,-6.3326
32.5602,1198.4932,976.0475,-6.3326
32.5719,1199.3796,975.8807,-6.3326
32.5817,1200.2587,975.7126,-6.3326
32.5906,1201.1556,975.4576,-6.3326
32.6016,1202.1202,975.2555,-6.3326
32.6120,1203.1432,974.9755,-6.3326
32.6207,1204.2333,974.7547,-6.3326
32.6307,1205.3892,974.5496,-6.3326
32.6417,1206.5341,974.3094,-6.3326
32.6516,1207.5664,974.1310,-6.3326
32.6604,1208.4951,973.9619,-6.3326
32.6702,1209.4005,973.7718,-6.3326
32.6801,1210.3875,973.5427,-6.3326
32.6905,1211.4038,973.2458,-6.3326
32.7003,1212.3512,972.9965,-6.3326
32.7105,1213.4271,972.7857,-6.3326
32.7202,1214.5309,972.6316,-6.3326
32.7306,1215.5463,972.3677,-6.3326
32.7412,1216.4911,972.1880,-6.3326
32.7504,1217.4045,972.0840,-6.3326
32.7602,1218.3455,971.8647,-6.3326
32.7704,1219.3232,971.6689,-6.3326
32.7802,1220.3309,971.4108,-6.3326
32.7920,1221.3974,971.1803,-6.3326
32.8011,1222.5872,970.9638,-6.3326
32.8123,1223.7606,970.7126,-6.3326
32.8215,1224.7317,970.5577,-6.3326
32.8307,1225.6187,970.3912,-6.3326
32.8414,1226.5331,970.2056,-6.3326
32.8510,1227.4838,969.9825,-6.3326
32.8604,1228.5095,969.7027,-6.3326
32.8706,1229.5495,969.4720,-6.3326
32.8808,1230.6854,969.2176,-6.3326
32.8904,1231.7706,968.9410,-6.3326
32.9011,1232.7847,968.7248,-6.3326
32.9107,1233.6708,968.5428,-6.3326
32.9205,1234.5339,968.3770,-6.3326
32.9303,1235.4744,968.1140,-6.3326
32.9403,1236.4173,967.8593,-6.3326
32.9506,1237.3120,967.6180,-6.3326
32.9606,1238.3242,967.4478,-6.3326
32.9704,1239.3869,967.2801,-6.3326
32.9800,1240.3875,967.0147,-6.3326
32.9904,1241.2501,966.8276,-6.3326
33.0002,1242.0883,966.7010,-6.3326
33.0102,1242.9618,966.5768,-6.3326
33.0208,1243.8550,966.3596,-6.3326
33.0302,1244.8011,966.0393,-6.3326
33.0409,1245.7722,965.8193,-6.3326
33.0503,1246.8480,965.6192,-6.3326
33.0600,1247.9283,965.4561,-6.3326
33.0713,1248.8809,965.3269,-6.3326
33.0801,1249.7189,965.1222,-6.3326
33.0902,1250.5619,964.9867,-6.3326
33.1013,1251.4753,964.8015,-6.3326
33.1101,1252.3748,964.5765,-6.3326
33.1209,1253.3201,964.3175,-6.3326
33.1307,1254.3582,964.0299,-6.3326
33.1401,1255.4840,963.8944,-6.3326
33.1505,1256.5723,963.6869,-6.3326
33.1606,1257.5823,963.4905,-6.3326
33.1706,1258.4418,963.3336,-6.3326
33.1800,1259.2873,963.1870,-6.3326
33.1912,1260.1472,963.0390,-6.3326
33.2003,1261.0694,962.7909,-6.3326
33.2101,1261.9936,962.5100,-6.3326
33.2201,1263.0486,962.2520,-6.3326
33.2301,1264.2028,962.0790,-6.3326
33.2402,1265.3107,961.8943,-6.3326
33.2502,1266.3203,961.6883,-6.3326
33.2600,1267.2177,961.5559,-6.3326
33.2705,1268.0966,961.4073,-6.3326
33.2801,1269.0201,961.2152,-6.3326
33.2905,1269.9465,960.9502,-6.3326
33.3004,1270.9233,960.6379,-6.3326
33.3103,1271.9661,960.3806,-6.3326
33.3204,1273.0734,960.1555,-6.3326
33.3301,1274.0889,959.9978,-6.3326
33.3402,1274.9861,959.8504,-6.3326
33.3504,1275.8329,959.6914,-6.3326
33.3605,1276.6809,959.5651,-6.3326
33.3706,1277.6247,959.3315,-6.3326
33.3806,1278.5809,959.0599,-6.3326
33.3917,1279.5932,958.8171,-6.3326
33.4012,1280.7115,958.5746,-6.3326
33.4109,1281.8749,958.4069,-6.3326
33.4204,1282.9104,958.1543,-6.3326
33.4305,1283.7948,957.9974,-6.3326
33.4406,1284.6564,957.8586,-6.3326
33.4508,1285.5423,957.7267,-6.3326
33.4600,1286.4518,957.5320,-6.3326
33.4707,1287.4412,957.2524,-6.3326
33.4802,1288.4404,957.0060,-6.3326
33.4912,1289.5626,956.8029,-6.3326
33.5005,1290.6697,956.6412,-6.3326
33.5106,1291.6147,956.4855,-6.3326
33.5204,1292.4949,956.2726,-6.3326
33.5305,1293.3643,956.1431,-6.3326
33.5405,1294.3250,955.9643,-6.3326
33.5504,1295.2784,955.7162,-6.3326
33.5602,1296.2596,955.4527,-6.3326
33.5705,1297.3530,955.2064,-6.3326
33.5804,1298.4747,955.0200,-6.3326
33.5907,1299.5067,954.8675,-6.3326
33.6005,1300.4222,954.7140,-6.3326
33.6101,1301.2326,954.5417,-6.3326
33.6203,1302.1119,954.3699,-6.3326
33.6305,1303.0193,954.2318,-6.3326
33.6409,1303.9657,953.9727,-6.3326
33.6509,1304.9839,953.7101,-6.3326
33.6605,1306.1151,953.5069,-6.3326
33.6704,1307.2684,953.2962,-6.3326
33.6800,1308.3159,953.1559,-6.3326
33.6905,1309.2855,952.9767,-6.3326
33.7009,1310.1795,952.8010,-6.3326
33.7102,1311.0657,952.6395,-6.3326
33.7212,1312.0450,952.3869,-6.3326
33.7305,1313.0314,952.1428,-6.3326
33.7404,1314.0703,951.9163,-6.3326
33.7503,1315.1760,951.7200,-6.3326
33.7602,1316.2405,951.5500,-6.3326
33.7708,1317.2023,951.3355,-6.3326
33.7809,1318.0851,951.2097,-6.3326
33.7913,1318.9753,951.0692,-6.3326
33.8021,1319.8647,950.9148,-6.3326
33.8120,1320.8323,950.6709,-6.3326
33.8214,1321.8965,950.3760,-6.3326
33.8301,1323.0289,950.1303,-6.3326
33.8402,1324.2396,949.9257,-6.3326
33.8504,1325.3770,949.7675,-6.3326
33.8600,1326.3251,949.5895,-6.3326
33.8701,1327.1776,949.4092,-6.3326
33.8805,1328.0178,949.2638,-6.3326
33.8907,1328.9706,949.0927,-10.9020
33.9011,1329.9509,948.8973,-10.9020
33.9121,1330.9301,948.6540,-10.9020
33.9225,1331.9658,948.4059,-10.9020
33.9317,1333.0130,948.2938,-10.9020
33.9406,1333.9827,948.1542,-10.9020
33.9506,1334.7729,948.0093,-10.9020
33.9604,1335.4677,947.8220,-10.9020
33.9706,1336.1925,947.7012,-10.9020
33.9802,1336.9681,947.5757,-10.9020
33.9901,1337.8286,947.3945,-10.9020
34.0002,1338.7053,947.1406,-10.9020
34.0105,1339.7520,946.8495,-10.9020
34.0217,1340.9003,946.6331,-10.9020
34.0323,1342.0112,946.4908,-10.9020
34.0402,1342.9777,946.3213,-10.9020
34.0503,1343.8312,946.1585,-10.9020
34.0609,1344.7184,945.9632,-10.9020
34.0702,1345.6320,945.7407,-10.9020
34.0800,1346.5798,945.5176,-10.9020
34.0906,1347.6205,945.2918,-10.9020
34.1002,1348.6562,945.0723,-10.9020
34.1103,1349.7740,944.8354,-10.9020
34.1208,1350.8227,944.6774,-10.9020
34.1302,1351.7571,944.4953,-10.9020
34.1406,1352.6088,944.3029,-10.9020
34.1502,1353.4639,944.1392,-10.9020
34.1602,1354.3799,943.9403,-10.9020
34.1708,1355.3487,943.6783,-10.9020
34.1806,1356.4106,943.4414,-10.9020
34.1904,1357.5887,943.2529,-10.9020
34.2004,1358.7410,943.1061,-10.9020
34.2103,1359.7703,942.8961,-10.9020
34.2202,1360.6556,942.7274,-10.9020
34.2305,1361.5062,942.5769,-10.9020
34.2402,1362.3519,942.4353,-10.9020
34.2520,1363.2361,942.3028,-10.9020
34.2610,1364.1783,942.1003,-10.9020
34.2706,1365.1883,941.9007,-10.9020
34.2805,1366.3333,941.7288,-10.9020
34.2901,1367.4595,941.5648,-10.9020
34.3005,1368.4931,941.4174,-10.9020
34.3102,1369.4423,941.2194,-10.9020
34.3205,1370.3187,941.0664,-10.9020
34.3305,1371.1989,940.8921,-10.9020
34.3403,1372.1140,940.7338,-10.9020
34.3501,1373.0651,940.5930,-10.9020
34.3605,1374.0996,940.4069,-10.9020
34.3701,1375.1793,940.2588,-10.9020
34.3806,1376.2429,940.0772,-10.9020
34.3904,1377.2420,939.9410,-10.9020
34.4002,1378.1463,939.7454,-10.9020
34.4108,1379.0675,939.5620,-10.9020
34.4205,1379.9731,939.3889,-10.9020
34.4301,1380.9549,939.1569,-10.9020
34.4406,1381.9655,938.9237,-10.9020
34.4502,1383.0519,938.7299,-10.9020
34.4605,1384.1282,938.5793,-10.9020
34.4703,1385.0845,938.4434,-10.9020
34.4805,1385.9877,938.2482,-10.9020
34.4904,1386.8602,938.1148,-10.9020
34.5005,1387.7529,937.9633,-10.9020
34.5104,1388.6767,937.7482,-10.9020
34.5208,1389.6497,937.5384,-10.9020
34.5305,1390.7436,937.2890,-10.9020
34.5407,1391.8849,937.1132,-10.9020
34.5512,1392.9834,936.9579,-10.9020
34.5616,1393.9524,936.8063,-10.9020
34.5710,1394.8143,936.6259,-10.9020
34.5801,1395.6987,936.4193,-10.9020
34.5903,1396.5510,936.2617,-10.9020
34.6017,1397.4949,936.0583,-10.9020
34.6111,1398.4778,935.8660,-10.9020
34.6211,1399.5727,935.6772,-10.9020
34.6317,1400.7368,935.4929,-10.9020
34.6404,1401.7994,935.3301,-10.9020
34.6508,1402.7936,935.1185,-10.9020
34.6610,1403.7413,934.8953,-10.9020
34.6708,1404.6795,934.7078,-10.9020
34.6810,1405.6531,934.5267,-10.9020
34.6908,1406.6148,934.3361,-10.9020
34.7007,1407.6821,934.0986,-10.9020
34.7111,1408.8055,933.9005,-10.9020
34.7205,1409.9373,933.7250,-10.9020
34.7300,1411.0607,933.5522,-10.9020
34.7401,1412.1061,933.3920,-10.9020
34.7504,1413.0777,933.1564,-10.9020
34.7599,1413.9926,932.9385,-10.9020
34.7704,1414.9710,932.7718,-10.9020
34.7802,1416.0261,932.6396,-10.9020
34.7918,1417.0468,932.4609,-10.9020
34.8009,1418.0562,932.2431,-10.9020
34.8105,1419.0156,932.0877,-10.9020
34.8206,1419.9822,931.9251,-10.9020
34.8301,1420.9857,931.7393,-10.9020
34.8402,1421.9709,931.5242,-10.9020
34.8505,1422.9734,931.2849,-10.9020
34.8607,1423.9923,931.1134,-10.9020
34.8710,1425.1052,930.9392,-10.9020
34.8805,1426.1995,930.7545,-10.9020
34.8907,1427.2737,930.6173,-10.9020
34.9005,1428.3517,930.4511,-10.9020
34.9109,1429.3530,930.2706,-10.9020
34.9214,1430.3144,930.0650,-10.9020
34.9306,1431.2361,929.8696,-10.9020
34.9401,1432.2143,929.6837,-10.9020
34.9505,1433.2695,929.4864,-10.9020
34.9613,1434.3538,929.3194,-10.9020
34.9705,1435.4365,929.0840,-10.9020
34.9802,1436.4764,928.8721,-10.9020
34.9903,1437.4415,928.6986,-10.9020
35.0003,1438.3328,928.5102,-10.9020
35.0104,1439.1921,928.3184,-10.9020
35.0209,1440.1041,928.1490,-10.9020
35.0311,1441.0450,927.9935,-10.9020
35.0401,1442.0475,927.8262,-10.9020
35.0505,1443.0704,927.6556,-10.9020
35.0602,1444.0831,927.4890,-10.9020
35.0704,1445.0766,927.2732,-10.9020
35.0804,1445.9881,927.1060,-10.9020
35.0915,1446.8658,926.9098,-10.9020
35.1010,1447.7358,926.7242,-10.9020
35.1104,1448.6025,926.5610,-10.9020
35.1201,1449.5651,926.4410,-10.9020
35.1306,1450.5442,926.3243,-10.9020
35.1402,1451.5422,926.1602,-10.9020
35.1504,1452.5316,925.9448,-10.9020
35.1605,1453.4886,925.7793,-10.9020
35.1710,1454.4442,925.5736,-10.9020
35.1802,1455.3409,925.3987,-10.9020
35.1910,1456.2536,925.2005,-10.9020
35.2009,1457.2018,925.0462,-10.9020
35.2101,1458.1866,924.9511,-10.9020
35.2202,1459.2158,924.7883,-10.9020
35.2307,1460.2155,924.5993,-10.9020
35.2407,1461.2241,924.3740,-10.9020
35.2503,1462.2103,924.2075,-10.9020
35.2601,1463.1646,924.0288,-10.9020
35.2719,1464.0762,923.8109,-10.9020
35.2804,1464.9808,923.6127,-10.9020
35.2910,1465.9384,923.4645,-10.9020
35.3002,1466.9641,923.3528,-10.9020
35.3110,1467.9634,923.2254,-10.9020
35.3209,1469.0128,923.0349,-10.9020
35.3302,1469.9894,922.8529,-10.9020
35.3401,1470.9976,922.6544,-10.9020
35.3505,1471.9410,922.4577,-10.9020
35.3602,1472.8717,922.2508,-10.9020
35.3702,1473.8109,922.0504,-10.9020
35.3804,1474.7484,921.8928,-10.9020
35.3905,1475.7484,921.7244,-10.9020
35.4003,1476.7485,921.5921,-10.9020
35.4107,1477.7779,921.4337,-10.9020
35.4207,1478.7994,921.1978,-10.9020
35.4302,1479.7956,921.0255,-10.9020
35.4425,1480.7710,920.8210,-10.9020
35.4502,1481.6993,920.6180,-10.9020
35.4601,1482.6426,920.4032,-10.9020
35.4710,1483.6528,920.2760,-10.9020
35.4809,1484.6954,920.1812,-10.9020
35.4904,1485.7263,919.9926,-10.9020
35.5001,1486.7272,919.8210,-10.9020
35.5110,1487.7077,919.6040,-10.9020
35.5204,1488.6571,919.3917,-10.9020
35.5306,1489.5910,919.2320,-10.9020
35.5453,1490.5278,919.0160,-10.9020
35.5503,1491.4723,918.8592,-10.9020
35.5601,1492.4925,918.7571,-10.9020
35.5702,1493.5206,918.6546,-10.9020
35.5799,1494.5250,918.4966,-9.5940
35.5904,1495.5526,918.2731,-9.5607
35.6007,1496.5402,918.1042,-9.5607
35.6100,1497.4969,917.8997,-9.5607
35.6210,1498.3787,917.7356,-9.5607
35.6305,1499.2208,917.5339,-9.5607
35.6405,1500.1329,917.3786,-9.5607
35.6500,1501.0329,917.2952,-9.5607
35.6601,1501.8289,917.1728,-9.5607
35.6713,1502.5189,917.0656,-9.5607
35.6801,1503.1409,916.9549,-9.5607
35.6901,1503.7999,916.8219,-9.5607
35.7001,1504.3961,916.7427,-9.5607
35.7100,1505.0553,916.6240,-9.5607
35.7201,1505.8663,916.4200,-9.5607
35.7302,1506.8674,916.1932,-9.5607
35.7404,1508.0374,915.9917,-9.5607
35.7504,1509.2261,915.8448,-9.5607
35.7604,1510.4011,915.7166,-9.5607
35.7705,1511.5126,915.5804,-9.5607
35.7807,1512.5828,915.3546,-9.5607
35.7906,1513.5987,915.0991,-9.5607
35.8007,1514.5571,914.9398,-9.5607
35.8109,1515.4827,914.7547,-9.5607
35.8204,1516.4183,914.6395,-9.5607
35.8302,1517.4492,914.5050,-9.5607
35.8404,1518.5406,914.3337,-9.5607
35.8504,1519.6582,914.1215,-9.5607
35.8616,1520.8125,913.9362,-9.5607
35.8716,1521.8652,913.7707,-9.5607
35.8819,1522.8862,913.5651,-9.5607
35.8906,1523.8760,913.3633,-9.5607
35.9002,1524.8599,913.1679,-9.5607
35.9104,1525.8820,912.9896,-9.5607
35.9202,1526.9368,912.8943,-9.5607
35.9302,1528.0042,912.7362,-9.5607
35.9405,1529.0436,912.5324,-9.5607
35.9508,1530.1097,912.3380,-9.5607
35.9612,1531.1860,912.1317,-9.5607
35.9704,1532.2076,911.9376,-9.5607
35.9815,1533.2361,911.7261,-9.5607
35.9905,1534.2651,911.5435,-9.5607
36.0006,1535.3337,911.4173,-9.5607
36.0100,1536.4404,911.3180,-9.5607
36.0200,1537.4813,911.1908,-9.5607
36.0304,1538.4904,910.9834,-9.5607
36.0404,1539.4475,910.8006,-9.5607
36.0517,1540.4188,910.6288,-9.5607
36.0609,1541.3779,910.4132,-9.5607
36.0709,1542.3893,910.2512,-9.5607
36.0829,1543.4537,910.0758,-9.5607
36.0904,1544.4960,909.9330,-9.5607
36.1001,1545.5234,909.7442,-9.5607
36.1104,1546.6041,909.5995,-9.5607
36.1208,1547.6674,909.4250,-9.5607
36.1302,1548.6594,909.1879,-9.5607
36.1405,1549.5812,908.9962,-9.5607
36.1504,1550.5000,908.7885,-9.5607
36.1604,1551.4824,908.6414,-9.5607
36.1707,1552.4588,908.5075,-9.5607
36.1800,1553.4700,908.3495,-9.5607
36.1901,1554.4987,908.1954,-9.5607
36.2002,1555.5472,907.9787,-9.5607
36.2103,1556.5665,907.7898,-9.5607
36.2203,1557.5034,907.5807,-9.5607
36.2306,1558.4499,907.3404,-9.5607
36.2405,1559.4013,907.1798,-9.5607
36.2508,1560.3730,907.0409,-9.5607
36.2606,1561.3461,906.9742,-9.5607
36.2701,1562.3174,906.8435,-9.5607
36.2802,1563.3268,906.6476,-9.5607
36.2907,1564.3408,906.4570,-9.5607
36.3001,1565.3596,906.2735,-9.5607
36.3103,1566.3129,906.1018,-9.5607
36.3208,1567.2462,905.8969,-9.5607
36.3304,1568.1940,905.7227,-9.5607
36.3407,1569.1599,905.6084,-9.5607
36.3503,1570.1004,905.5346,-9.5607
36.3605,1571.0156,905.4976,-9.5607
36.3703,1571.9721,905.3667,-9.5607
36.3807,1572.9875,905.1739,-9.5607
36.3912,1574.0243,904.9645,-9.5607
36.4009,1575.0614,904.7489,-9.5607
36.4106,1576.0135,904.5441,-9.5607
36.4207,1577.0049,904.3649,-9.5607
36.4301,1578.0109,904.2806,-9.5607
36.4409,1578.9760,904.2502,-9.5607
36.4506,1579.9258,904.1428,-9.5607
36.4605,1580.8831,904.0242,-9.5607
36.4705,1581.9375,903.8056,-9.5607
36.4804,1582.9751,903.5955,-9.5607
36.4905,1583.9669,903.4029,-9.5607
36.5005,1584.9398,903.2029,-9.5607
36.5100,1585.9318,903.0885,-9.5607
36.5202,1586.9608,903.0142,-9.5607
36.5313,1587.9352,902.9123,-9.5607
36.5412,1588.8716,902.7731,-9.5607
36.5510,1589.8397,902.5683,-9.5607
36.5602,1590.8250,902.3968,-9.5607
36.5703,1591.8143,902.1997,-9.5607
36.5805,1592.7482,901.9829,-9.5607
36.5903,1593.7289,901.8235,-9.5607
36.6008,1594.7028,901.7173,-9.5607
36.6105,1595.6758,901.6570,-9.5607
36.6205,1596.6771,901.5268,-9.5607
36.6311,1597.7052,901.3563,-9.5607
36.6407,1598.7265,901.1101,-9.5607
36.6510,1599.7532,900.8829,-9.5607
36.6601,1600.7302,900.6931,-9.5607
36.6708,1601.7082,900.5007,-9.5607
36.6805,1602.7185,900.3979,-9.5607
36.6902,1603.7168,900.3071,-9.5607
36.7015,1604.6792,900.2096,-9.5607
36.7107,1605.6454,900.0630,-9.5607
36.7208,1606.6855,899.8328,-9.5607
36.7306,1607.7259,899.6476,-9.5607
36.7404,1608.7252,899.4397,-9.5607
36.7508,1609.7302,899.2228,-9.5607
36.7605,1610.7245,899.0359,-9.5607
36.7703,1611.7424,898.8772,-9.5607
36.7818,1612.7113,898.7687,-9.5607
36.7919,1613.7070,898.6600,-9.5607
36.8002,1614.7128,898.4923,-9.5607
36.8106,1615.8083,898.3046,-9.5607
36.8205,1616.9030,898.0961,-9.5607
36.8315,1617.9572,897.9038,-9.5607
36.8405,1618.9759,897.6833,-9.5607
36.8506,1620.0299,897.5498,-9.5607
36.8601,1621.0602,897.4708,-9.5607
36.8713,1622.0306,897.3608,-9.5607
36.8801,1622.9555,897.2470,-9.5607
36.8906,1623.9014,897.0368,-9.5607
36.9001,1624.8856,896.8299,-9.5607
36.9099,1625.8947,896.6370,-9.5607
36.9201,1626.9220,896.4192,-9.5607
36.9321,1627.9657,896.2457,-8.4538
36.9401,1629.0543,896.1123,-8.4647
36.9508,1630.0637,896.0678,-8.4647
36.9606,1631.0567,895.9911,-8.4647
36.9712,1632.1525,895.9100,-8.4647
36.9805,1633.4218,895.8170,-8.4647
36.9906,1634.5984,895.4613,-8.4647
37.0006,1635.5027,895.4089,-8.4647
37.0124,1636.2678,895.5797,-8.4647
37.0205,1636.8681,895.5659,-8.4647
37.0302,1637.4907,895.3284,-8.4647
37.0404,1638.2827,895.0582,-8.4647
37.0501,1639.3300,894.9464,-8.4647
37.0603,1640.5071,894.8054,-8.4647
37.0706,1641.6036,894.5504,-8.4647
37.0804,1642.4777,894.3080,-8.4647
37.0914,1643.2552,894.1299,-8.4647
37.1002,1644.0209,894.0571,-8.4647
37.1100,1644.8428,893.9394,-8.4647
37.1202,1645.6920,893.7423,-8.4647
37.1318,1646.5696,893.5261,-8.4647
37.1401,1647.5541,893.3615,-8.4647
37.1503,1648.5819,893.2285,-8.4647
37.1606,1649.6525,893.0208,-8.4647
37.1706,1650.6451,892.8378,-8.4647
37.1808,1651.5720,892.6345,-8.4647
37.1912,1652.4977,892.4548,-8.4647
37.2004,1653.4196,892.2943,-8.4647
37.2104,1654.3943,892.1202,-8.4647
37.2203,1655.3511,891.9593,-8.4647
37.2304,1656.3721,891.8090,-8.4647
37.2416,1657.3805,891.6380,-8.4647
37.2502,1658.3449,891.4843,-8.4647
37.2612,1659.3318,891.2643,-8.4647
37.2712,1660.2846,891.1001,-8.4647
37.2801,1661.2625,890.9165,-8.4647
37.2906,1662.2509,890.7367,-8.4647
37.3012,1663.2769,890.5884,-8.4647
37.3120,1664.3565,890.4319,-8.4647
37.3205,1665.3936,890.2947,-8.4647
37.3312,1666.4433,890.0834,-8.4647
37.3406,1667.3876,889.8971,-8.4647
37.3515,1668.3482,889.7426,-8.4647
37.3602,1669.3195,889.5717,-8.4647
37.3702,1670.2899,889.4097,-8.4647
37.3802,1671.2684,889.2293,-8.4647
37.3901,1672.2891,889.0549,-8.4647
37.4005,1673.3388,888.8980,-8.4647
37.4104,1674.3870,888.7293,-8.4647
37.4206,1675.3799,888.5770,-8.4647
37.4308,1676.3513,888.3904,-8.4647
37.4404,1677.3214,888.2094,-8.4647
37.4512,1678.3049,888.0084,-8.4647
37.4611,1679.3078,887.8314,-8.4647
37.4709,1680.2817,887.6584,-8.4647
37.4800,1681.3286,887.4991,-8.4647
37.4912,1682.3651,887.3615,-8.4647
37.5016,1683.3661,887.1714,-8.4647
37.5115,1684.3318,886.9519,-8.4647
37.5205,1685.2933,886.7873,-8.4647
37.5309,1686.2832,886.6214,-8.4647
37.5405,1687.2300,886.4507,-8.4647
37.5505,1688.2343,886.2631,-8.4647
37.5602,1689.2435,886.0700,-8.4647
37.5704,1690.2908,885.9917,-8.4647
37.5803,1691.3579,885.8300,-8.4647
37.5905,1692.3562,885.6663,-8.4647
37.6000,1693.3181,885.4420,-8.4647
37.6104,1694.2929,885.2472,-8.4647
37.6205,1695.3159,885.1047,-8.4647
37.6305,1696.3118,884.9068,-8.4647
37.6402,1697.3249,884.7194,-8.4647
37.6504,1698.3609,884.5836,-8.4647
37.6601,1699.4211,884.4692,-8.4647
37.6709,1700.4228,884.3023,-8.4647
37.6802,1701.4097,884.1189,-8.4647
37.6904,1702.3475,883.9679,-8.4647
37.7001,1703.3285,883.7861,-8.4647
37.7102,1704.3521,883.6024,-8.4647
37.7201,1705.3733,883.4106,-8.4647
37.7306,1706.3853,883.2305,-8.4647
37.7407,1707.3997,883.1402,-8.4647
37.7506,1708.4444,883.0004,-8.4647
37.7610,1709.4197,882.8006,-8.4647
37.7702,1710.3813,882.6316,-8.4647
37.7801,1711.3851,882.4597,-8.4647
37.7903,1712.3729,882.3021,-8.4647
37.8010,1713.3899,882.1071,-8.4647
37.8104,1714.3970,881.9280,-8.4647
37.8205,1715.4504,881.8097,-8.4647
37.8310,1716.4788,881.6840,-8.4647
37.8424,1717.5117,881.5387,-8.4647
37.8517,1718.4930,881.3362,-8.4647
37.8604,1719.4549,881.1512,-8.4647
37.8707,1720.4448,880.9818,-8.4647
37.8804,1721.4842,880.8001,-8.4647
37.8901,1722.4913,880.6125,-8.4647
37.9005,1723.5364,880.4208,-8.4647
37.9103,1724.6088,880.3053,-8.4647
37.9209,1725.6570,880.1466,-8.4647
37.9306,1726.6520,879.9899,-8.4647
37.9412,1727.6117,879.8301,-8.4647
37.9513,1728.5523,879.6781,-8.4647
37.9614,1729.4745,879.5188,-8.4647
37.9704,1730.4343,879.3604,-8.4647
37.9802,1731.3955,879.1776,-8.4647
37.9901,1732.4240,879.0130,-8.4647
38.0006,1733.5076,878.8562,-8.4647
38.0105,1734.5757,878.7148,-8.4647
38.0202,1735.6082,878.5317,-8.4647
38.0300,1736.6147,878.3543,-8.4647
38.0405,1737.6018,878.1891,-8.4647
38.0502,1738.5838,878.0080,-8.4647
38.0623,1739.5771,877.8515,-8.4647
38.0708,1740.5964,877.7219,-8.4647
38.0802,1741.5899,877.6049,-8.4647
38.0901,1742.6373,877.4986,-8.4647
38.1002,1743.6862,877.3431,-8.4647
38.1102,1744.6667,877.1442,-8.4647
38.1216,1745.6430,876.9374,-8.4647
38.1300,1746.6361,876.7831,-8.4647
38.1417,1747.6258,876.6303,-8.4647
38.1517,1748.5862,876.4566,-8.4647
38.1614,1749.5816,876.3183,-8.4647
38.1705,1750.5929,876.1653,-8.4647
38.1800,1751.6103,876.0213,-8.4647
38.1902,1752.6144,875.8340,-8.4647
38.2004,1753.5919,875.6473,-8.4647
38.2106,1754.5275,875.4633,-8.4647
38.2210,1755.4722,875.2666,-8.4647
38.2311,1756.3870,875.1003,-8.4647
38.2409,1757.3279,874.9806,-8.4647
38.2508,1758.2643,874.8730,-8.4647
38.2611,1759.2278,874.7755,-8.4647
38.2721,1760.2065,874.6006,-8.4647
38.2804,1761.1423,874.3876,-8.4647
38.2916,1762.0784,874.1902,-8.4647
38.3019,1762.9954,874.0294,-8.4647
38.3121,1763.8961,873.8829,-8.4647
38.3201,1764.7737,873.7082,-8.4647
38.3300,1765.7158,873.5836,-8.4647
38.3402,1766.7211,873.4624,-8.4647
38.3502,1767.7230,873.3486,-8.4647
38.3607,1768.7360,873.2083,-8.4647
38.3709,1769.7252,873.0214,-8.4647
38.3800,1770.7200,872.8653,-8.4647
38.3900,1771.6956,872.6820,-8.4647
38.4013,1772.6346,872.5021,-8.4647
38.4101,1773.5971,872.3058,-8.4647
38.4207,1774.5745,872.1807,-8.4647
38.4299,1775.5159,872.1063,-8.4647
38.4403,1776.4746,872.0707,-8.4647
38.4507,1777.4398,872.0258,-8.4647
38.4600,1778.4202,871.8351,-8.4647
38.4699,1779.4091,871.6275,-8.4647
38.4804,1780.3994,871.4413,-8.4647
38.4902,1781.3537,871.2684,-8.4647
38.5003,1782.2788,871.1323,-8.4647
38.5103,1783.2194,871.0204,-8.4647
38.5206,1784.1425,870.9442,-8.4647
38.5302,1785.0726,870.9037,-8.4647
38.5401,1786.0468,870.8070,-8.4647
38.5512,1787.0153,870.6573,-8.4647
38.5607,1788.0344,870.4510,-8.4647
38.5705,1789.0410,870.2303,-8.4647
38.5799,1790.0389,870.0735,-8.4647
38.5903,1790.9982,869.9033,-8.4647
38.6005,1791.9684,869.7642,-8.4647
38.6102,1792.9457,869.6613,-8.4647
38.6204,1793.8912,869.5878,-8.4647
38.6305,1794.8214,869.4626,-8.4647
38.6407,1795.7789,869.2628,-8.4647
38.6509,1796.7419,869.0799,-8.4647
38.6602,1797.7391,868.8935,-8.4647
38.6703,1798.7273,868.7078,-8.4647
38.6806,1799.7332,868.5360,-8.4647
38.6903,1800.7169,868.4162,-8.4647
38.7005,1801.7064,868.3654,-8.4647
38.7100,1802.7267,868.2686,-8.4647
38.7205,1803.7086,868.0739,-8.4647
38.7306,1804.6942,867.8435,-8.4647
38.7405,1805.7017,867.6584,-8.4647
38.7500,1806.6861,867.4842,-8.4647
38.7601,1807.6910,867.2900,-8.4647
38.7704,1808.6977,867.1505,-8.4647
38.7802,1809.6931,867.0262,-8.4647
38.7905,1810.6878,866.9547,-8.4647
38.8010,1811.7135,866.8607,-8.4647
38.8113,1812.7234,866.6713,-8.4647
38.8220,1813.7131,866.4615,-8.4647
38.8319,1814.7349,866.2549,-8.4647
38.8406,1815.7567,866.0738,-8.4647
38.8506,1816.7397,865.8394,-8.4647
38.8601,1817.7795,865.6938,-8.4647
38.8702,1818.8378,865.6275,-8.4647
38.8801,1819.9124,865.5286,-8.4647
38.8900,1820.9841,865.3581,-8.4647
38.9001,1822.0578,865.1704,-8.4647
38.9104,1823.1475,864.9619,-8.4647
38.9202,1824.1832,864.7470,-8.4647
38.9306,1825.1974,864.5602,-8.4647
38.9406,1826.1539,864.4185,-8.4647
38.9504,1827.1360,864.3326,-8.4647
38.9601,1828.1328,864.2667,-8.4647
38.9714,1829.0657,864.1419,-8.4647
38.9805,1830.0268,863.9353,-8.4647
38.9912,1831.0202,863.7408,-8.4647
39.0005,1832.0225,863.5880,-8.4647
39.0102,1833.0144,863.3715,-8.4647
39.0209,1834.0319,863.1925,-8.4647
39.0309,1835.0893,863.1101,-8.4647
39.0409,1836.0762,863.0600,-8.4647
39.0514,1837.0706,862.9547,-8.4647
39.0607,1838.0774,862.7995,-8.4647
39.0707,1839.0846,862.6204,-8.4647
39.0804,1840.1263,862.4205,-8.4647
39.0901,1841.1709,862.2365,-8.4647
39.1005,1842.2094,862.0319,-8.4647
39.1101,1843.2278,861.8236,-8.4647
39.1209,1844.2570,861.7499,-8.4647
39.1308,1845.2343,861.7232,-8.4647
39.1403,1846.1629,861.6068,-8.4647
39.1506,1847.1478,861.4175,-8.4647
39.1605,1848.1371,861.2130,-8.4647
39.1726,1849.0978,860.9995,-8.4647
39.1806,1850.0812,860.7942,-8.4647
39.1906,1850.9937,860.6366,-8.4647
39.2002,1851.8900,860.5478,-8.4647
39.2105,1852.7770,860.4778,-8.4647
39.2211,1853.7217,860.4318,-8.4647
39.2304,1854.6569,860.2990,-8.4647
39.2419,1855.5989,860.1166,-8.4647
39.2527,1856.7729,860.2530,-8.4647
39.2612,1857.7336,860.0483,-8.4647
39.2712,1858.6606,859.8582,-8.4647
39.2806,1859.5809,859.7418,-8.4647
39.2918,1860.4559,859.6992,-8.4647
39.3006,1861.3547,859.6239,-8.4647
39.3100,1862.3159,859.5600,-8.4647
39.3204,1863.3004,859.4520,-8.4647
39.3307,1864.2764,859.2700,-8.4647
39.3407,1865.2729,859.1058,-8.4647
39.3501,1866.2364,858.9066,-8.4647
39.3599,1867.1411,858.7117,-8.4647
39.3700,1868.0716,858.5718,-8.4647
39.3804,1869.0222,858.4945,-8.4647
39.3904,1869.9467,858.4268,-8.4647
39.4006,1870.9395,858.3225,-8.4647
39.4101,1871.9271,858.1997,-8.4647
39.4205,1872.9603,858.0048,-8.4647
39.4300,1873.9659,857.7670,-8.4647
39.4412,1874.9610,857.5453,-8.4647
39.4502,1875.9543,857.3305,-8.4647
39.4605,1876.8937,857.1718,-8.4647
39.4705,1877.8879,857.0451,-8.4647
39.4823,1878.8573,856.9642,-8.4647
39.4910,1879.7901,856.8522,-8.4647
39.5006,1880.7833,856.7267,-8.4647
39.5119,1881.7788,856.5468,-8.4647
39.5205,1882.7948,856.3006,-8.4647
39.5307,1883.8052,856.0382,-8.4647
39.5401,1884.8563,855.8282,-8.4647
39.5501,1885.8231,855.6690,-8.4647
39.5603,1886.7963,855.6002,-8.4647
39.5701,1887.7629,855.5624,-8.4647
39.5803,1888.7117,855.4558,-8.4647
39.5905,1889.6907,855.3034,-8.4647
39.6013,1890.7200,855.1411,-8.4647
39.6102,1891.7518,854.9365,-8.4647
39.6201,1892.7563,854.7063,-8.4647
39.6304,1893.7637,854.5335,-8.4647
39.6410,1894.7243,854.4175,-8.4647
39.6506,1895.6784,854.3460,-8.4647
39.6607,1896.6224,854.3026,-8.4647
39.6715,1897.5733,854.2122,-8.4647
39.6812,1898.5510,854.0632,-8.4647
39.6901,1899.6017,853.8874,-8.4647
39.7001,1900.6541,853.6583,-8.4647
39.7104,1901.6729,853.4381,-8.4647
39.7208,1902.6744,853.2747,-8.4647
39.7303,1903.6462,853.2343,-8.4647
39.7410,1904.5772,853.1917,-8.4647
39.7507,1905.5209,853.1002,-8.4647
39.7607,1906.5253,853.0056,-8.4647
39.7709,1907.5239,852.8124,-8.4647
39.7817,1908.5901,852.6225,-8.4647
39.7913,1909.6501,852.3826,-8.4647
39.8008,1910.6398,852.1735,-8.4647
39.8103,1911.5951,852.0464,-8.4647
39.8208,1912.5768,851.9939,-8.4647
39.8300,1913.5145,851.9602,-8.4647
39.8399,1914.4749,851.8774,-8.4647
39.8505,1915.5112,851.7669,-8.4647
39.8601,1916.5952,851.7404,-8.4647
39.8700,1917.6700,851.5135,-7.7306
39.8801,1918.7091,851.2746,-7.7306
39.8914,1919.7195,851.1030,-7.7306
39.9015,1920.6865,851.0325,-7.7306
39.9118,1921.6566,850.9875,-7.7306
39.9209,1922.5687,850.9048,-7.7306
39.9301,1923.4084,850.8114,-7.7306
39.9405,1924.2150,850.7079,-7.7306
39.9504,1925.0142,850.6403,-7.7306
39.9603,1925.7312,850.4922,-7.7306
39.9705,1926.3867,850.3494,-7.7306
39.9799,1927.1339,850.2379,-7.7306
39.9907,1928.0403,850.1618,-7.7306
40.0003,1929.1030,850.0752,-7.7306
40.0103,1930.2398,849.9392,-7.7306
40.0206,1931.3446,849.8189,-7.6470
40.0304,1932.3907,849.7390,-7.6315
40.0409,1933.4596,849.5694,-7.5966
40.0510,1934.4963,849.3464,-7.5270
40.0614,1935.5664,848.9838,-7.5270
40.0701,1936.6966,848.6922,-7.5270
40.0801,1937.8234,848.5980,-7.5270
40.0903,1938.8507,848.1892,-7.5270
40.1013,1939.7099,847.9292,-7.5270
40.1104,1940.5273,847.7358,-7.5270
40.1202,1941.1613,847.1302,-7.5270
40.1311,1941.8550,846.4684,-7.5270
40.1408,1942.8097,846.1310,-7.5270
40.1510,1943.8962,845.9120,-7.5270
40.1604,1944.8902,845.7917,-7.5270
40.1704,1945.8729,845.6980,-7.5270
40.1805,1946.7784,845.9424,-7.5270
40.1902,1947.7411,845.9644,-7.5270
40.2002,1948.8543,845.8607,-7.5270
40.2104,1950.1055,845.7644,-7.5270
40.2209,1951.3072,845.6002,-7.5270
40.2304,1952.3731,845.7142,-7.5270
40.2403,1953.3157,845.8212,-7.5270
40.2513,1954.2859,845.8548,-7.5270
40.2605,1955.3224,845.7962,-7.5270
40.2707,1956.4304,845.6637,-7.5270
40.2804,1957.5142,845.7036,-7.5270
40.2901,1958.5208,845.6790,-7.5270
40.3010,1959.4850,845.6528,-7.5270
40.3102,1960.4350,845.7122,-7.5270
40.3204,1961.4189,845.6759,-7.5270
40.3300,1962.4543,845.6862,-7.5270
40.3420,1963.5295,845.6711,-7.5270
40.3506,1964.6245,845.7032,-7.5270
40.3606,1965.7436,845.6252,-7.5270
40.3705,1966.8215,845.6414,-7.5270
40.3804,1967.8141,845.6031,-7.5270
40.3906,1968.7287,845.6610,-7.5270
40.4004,1969.6522,845.6396,-7.5270
40.4112,1970.5967,845.7036,-7.5270
40.4206,1971.5645,845.7074,-7.5270
40.4304,1972.5303,845.6941,-7.5270
40.4402,1973.5707,845.7068,-7.5270
40.4507,1974.6650,845.5485,-7.5270
40.4604,1975.7359,845.4857,-7.5270
40.4706,1976.6503,845.5092,-7.5270
40.4801,1977.4981,845.5537,-7.5270
40.4904,1978.4204,845.4907,-7.5270
40.5008,1979.3834,845.4771,-7.5270
40.5104,1980.4001,845.4577,-7.5270
40.5211,1981.4709,845.4537,-7.5270
40.5305,1982.6060,845.3620,-7.5270
40.5401,1983.6796,845.3455,-7.5270
40.5514,1984.6512,845.2612,-7.5270
40.5610,1985.5515,845.2639,-7.5270
40.5708,1986.4249,845.3293,-7.5270
40.5805,1987.3466,845.2132,-7.5270
40.5914,1988.2898,845.2192,-7.5270
40.6009,1989.2831,845.1830,-7.5270
40.6105,1990.3698,845.1751,-7.5270
40.6210,1991.5181,845.0732,-7.5270
40.6321,1992.6365,845.0677,-7.5270
40.6409,1993.6028,845.0412,-7.5270
40.6507,1994.4910,845.0363,-7.5270
40.6601,1995.3964,845.1071,-7.5270
40.6703,1996.3276,844.9829,-7.5270
40.6799,1997.3090,845.0082,-7.5270
40.6906,1998.3329,845.0164,-7.5270
40.7005,1999.4321,845.0241,-7.5270
40.7117,2000.5535,845.0037,-7.5270
40.7204,2001.6703,844.8440,-7.5270
40.7309,2002.6741,844.8458,-7.5270
40.7403,2003.5511,844.9024,-7.5270
40.7505,2004.4421,844.9984,-7.5270
40.7599,2005.4122,845.0596,-7.5270
40.7702,2006.4405,845.0592,-7.5270
40.7805,2007.5018,844.8628,-7.5270
40.7913,2008.6155,844.8830,-7.5270
40.8014,2009.7515,844.8945,-7.5270
40.8100,2010.8251,844.8661,-7.5270
40.8202,2011.7877,844.8563,-7.5270
40.8301,2012.6729,844.8869,-7.5270
40.8403,2013.5781,844.8082,-7.5270
40.8501,2014.5918,844.8958,-7.5270
40.8603,2015.5743,844.9135,-7.5270
40.8703,2016.5861,844.8688,-7.5270
40.8801,2017.6575,844.8537,-7.5270
40.8905,2018.7160,844.7244,-7.5270
40.9004,2019.6899,844.7093,-7.5270
40.9107,2020.6019,844.7098,-7.5270
40.9206,2021.5012,844.7637,-7.5270
40.9317,2022.4664,844.8307,-7.5270
40.9422,2023.4694,844.7049,-7.5270
40.9507,2024.5168,844.6828,-7.5270
40.9605,2025.6102,844.6461,-7.5270
40.9702,2026.7744,844.6211,-7.5270
40.9805,2027.8162,844.5744,-7.5270
40.9904,2028.7514,844.4537,-7.5270
41.0009,2029.6383,844.5474,-7.5270
41.0105,2030.5249,844.6740,-7.5270
41.0208,2031.4553,844.6964,-7.5270
41.0304,2032.4754,844.6999,-7.5270
41.0403,2033.5842,844.5388,-7.5270
41.0503,2034.7433,844.5214,-7.5270
41.0601,2035.8638,844.4859,-7.5270
41.0702,2036.8785,844.4341,-7.5270
41.0806,2037.7996,844.4479,-7.5270
41.0906,2038.7296,844.3980,-7.5270
41.1008,2039.6647,844.5040,-7.5270
41.1103,2040.5985,844.5319,-7.5270
41.1207,2041.5740,844.4825,-7.5270
41.1301,2042.6044,844.4920,-7.5270
41.1414,2043.7216,844.4124,-7.5270
41.1519,2044.8849,844.4730,-7.5270
41.1604,2045.8782,844.4783,-7.5270
41.1703,2046.7840,844.5131,-7.5270
41.1804,2047.6707,844.6128,-7.5270
41.1908,2048.5875,844.5117,-7.5270
41.2002,2049.5842,844.4832,-7.5270
41.2103,2050.6586,844.4307,-7.5270
41.2203,2051.7723,844.4345,-7.5270
41.2304,2052.8157,844.5104,-7.5270
41.2406,2053.8109,844.4249,-7.5270
41.2512,2054.6834,844.4665,-7.5270
41.2608,2055.5591,844.5201,-7.5270
41.2711,2056.4923,844.5836,-7.5270
41.2810,2057.4278,844.6472,-7.5270
41.2908,2058.4548,844.5315,-7.5270
41.3007,2059.5440,844.5319,-7.5270
41.3108,2060.7150,844.5475,-7.5270
41.3203,2061.8510,844.6042,-7.5270
41.3306,2062.8568,844.6780,-7.5270
41.3402,2063.8002,844.6315,-7.5270
41.3510,2064.7139,844.7085,-7.5270
41.3601,2065.6469,844.7666,-7.5270
41.3705,2066.5962,844.7766,-7.5270
41.3803,2067.5839,844.7381,-7.5270
41.3908,2068.6742,844.6942,-7.5270
41.4013,2069.7968,844.5579,-7.5270
41.4105,2070.8780,844.5908,-7.5270
41.4202,2071.8149,844.5696,-7.5270
41.4322,2072.6772,844.5903,-7.5270
41.4406,2073.5676,844.6105,-7.5270
41.4515,2074.5016,844.5231,-7.5270
41.4600,2075.4443,844.5197,-7.5270
41.4721,2076.4685,844.4576,-7.5270
41.4805,2077.5870,844.4007,-7.5270
41.4914,2078.7518,844.3401,-7.5270
41.5003,2079.7967,844.3439,-7.5270
41.5103,2080.6951,844.1765,-7.5270
41.5205,2081.5190,844.2071,-7.5270
41.5319,2082.3787,844.2335,-7.5270
41.5401,2083.3107,844.2508,-7.5270
41.5506,2084.2812,844.2310,-7.5270
41.5605,2085.3219,844.1453,-7.5270
41.5707,2086.4741,843.9644,-7.5270
41.5799,2087.6200,843.9658,-7.5270
41.5912,2088.6464,843.9468,-7.5270
41.6011,2089.5295,843.9539,-7.5270
41.6110,2090.3879,843.9967,-7.5270
41.6205,2091.2869,844.0747,-7.5270
41.6304,2092.2471,844.1248,-7.5270
41.6407,2093.1829,843.9112,-7.5270
41.6508,2094.2142,843.8918,-7.5270
41.6609,2095.3419,843.8330,-7.5270
41.6708,2096.4660,843.8681,-7.5270
41.6812,2097.4532,843.8683,-7.5270
41.6921,2098.3473,843.9147,-7.5270
41.7005,2099.2108,843.8289,-7.5270
41.7102,2100.1346,843.8764,-7.5270
41.7210,2101.1535,843.8917,-7.5270
41.7303,2102.2162,843.8642,-7.5270
41.7402,2103.3556,843.8516,-7.5270
41.7509,2104.5250,843.8557,-7.5270
41.7600,2105.5576,843.7375,-7.5270
41.7708,2106.4863,843.7475,-7.5270
41.7803,2107.3499,843.7708,-7.5270
41.7915,2108.2751,843.8869,-7.5270
41.8017,2109.2250,843.9321,-7.5270
41.8101,2110.2043,843.7942,-7.5270
41.8205,2111.2249,843.7267,-7.5270
41.8322,2112.3342,843.6911,-7.5270
41.8402,2113.4738,843.7368,-7.5270
41.8505,2114.5443,843.7568,-7.5270
41.8613,2115.4942,843.7594,-7.5270
41.8708,2116.3877,843.6495,-7.5270
41.8805,2117.3157,843.7650,-7.5270
41.8906,2118.2806,843.8096,-7.5270
41.9005,2119.2580,843.7831,-7.5270
41.9105,2120.2865,843.7324,-7.5270
41.9212,2121.4327,843.7063,-7.5270
41.9305,2122.5686,843.5649,-7.5270
41.9403,2123.6232,843.6519,-7.5270
41.9503,2124.5760,843.6695,-7.5270
41.9599,2125.5133,843.7653,-7.5270
41.9706,2126.4510,843.8007,-7.5270
41.9803,2127.3843,843.8558,0.1356
41.9906,2128.3848,843.7111,0.0920
42.0004,2129.4323,843.7195,0.1418
42.0118,2130.5609,843.7128,0.2179
42.0214,2131.7328,843.6234,0.2179
42.0306,2132.9524,843.4373,0.2179
42.0410,2134.0115,843.3918,0.2179
42.0503,2135.0002,843.0879,0.2179
42.0601,2135.8110,843.0983,0.2179
42.0709,2136.5898,842.9185,0.2179
42.0813,2137.3298,842.5313,0.2179
42.0908,2138.1797,842.0068,0.2179
42.1007,2139.0266,841.6650,0.2179
42.1126,2139.8568,841.5042,0.2179
42.1205,2140.7769,841.6837,0.2179
42.1304,2141.7214,841.9962,0.2179
42.1402,2142.7161,842.2097,0.2179
42.1501,2143.7889,842.0917,0.2179
42.1607,2144.9899,842.2069,0.2179
42.1704,2146.2228,842.4913,0.2179
42.1804,2147.4004,842.7394,0.2179
42.1906,2148.4382,842.8288,0.2179
42.2004,2149.4362,842.8037,0.2179
42.2105,2150.4193,842.9607,0.2179
42.2207,2151.4054,843.0942,0.2179
42.2303,2152.3947,843.2553,0.2179
42.2405,2153.3511,843.3782,0.2179
42.2504,2154.3644,843.5451,0.2179
42.2604,2155.3256,843.5697,0.2179
42.2701,2156.2815,843.7187,0.2179
42.2805,2157.2106,843.8452,0.2179
42.2905,2158.1403,843.9597,0.2179
42.3006,2159.0992,844.1163,0.2179
42.3100,2160.0837,844.2668,0.2179
42.3216,2161.1473,844.2736,0.2179
42.3305,2162.2391,844.4374,0.2179
42.3405,2163.2609,844.6177,0.2179
42.3509,2164.2504,844.8043,0.2179
42.3602,2165.1810,844.9065,0.2179
42.3703,2166.1471,845.0094,0.2179
42.3808,2167.1315,845.0240,0.2179
42.3905,2168.1057,845.1737,0.2179
42.4002,2169.1421,845.2929,0.2179
42.4103,2170.1971,845.4586,0.2179
42.4206,2171.2365,845.6277,0.2179
42.4299,2172.1781,845.6584,0.2179
42.4405,2173.0712,845.8267,0.2179
42.4504,2173.9575,845.9122,0.2179
42.4600,2174.8307,846.0163,0.2179
42.4704,2175.7552,846.1624,0.2179
42.4804,2176.7466,846.3216,0.2179
42.4909,2177.7806,846.3432,0.2179
42.5014,2178.8676,846.4793,0.2179
42.5102,2179.9214,846.6799,0.2179
42.5205,2180.9592,846.8546,0.2179
42.5304,2181.9524,846.9870,0.2179
42.5402,2182.9465,847.1130,0.2179
42.5501,2183.9249,847.2689,0.2179
42.5605,2184.8710,847.2765,0.2179
42.5701,2185.8834,847.3813,0.2179
42.5807,2186.9225,847.5281,0.2179
42.5904,2187.9727,847.7089,0.2179
42.6002,2188.9652,847.8816,0.2179
42.6106,2189.9703,847.9548,0.2179
42.6203,2190.9554,848.1076,0.2179
42.6304,2191.9144,848.2193,0.2179
42.6408,2192.8918,848.3725,0.2179
42.6547,2193.8805,848.4984,0.2179
42.6605,2194.9056,848.6464,0.2179
42.6708,2195.9711,848.6012,0.2179
42.6803,2197.0072,848.7957,0.2179
42.6913,2198.0071,848.9712,0.2179
42.7152,2198.9750,849.1815,0.2179
42.7162,2199.9188,849.2530,0.2179
42.7366,2200.8193,849.3752,0.2179
42.7375,2201.7238,849.3665,0.2179
42.7398,2202.6512,849.5074,0.2179
42.7647,2203.6616,849.7082,0.2179
42.7655,2204.7543,849.8672,0.2179
42.7702,2205.8604,850.0194,0.2179
42.7800,2206.8787,850.1493,0.2179
42.7902,2207.7642,850.2405,0.2179
42.8008,2208.5540,850.1650,0.2179
42.8102,2209.1461,850.2438,0.2179
42.8206,2209.5338,850.3010,0.2179
42.8312,2209.7612,850.3577,0.2179
42.8404,2210.0851,850.4220,0.2179
42.8506,2210.4877,850.5094,0.2179
42.8603,2210.9636,850.5838,0.2179
42.8706,2211.6707,850.5077,0.2179
42.8810,2212.6591,850.6730,0.2179
42.8906,2213.8789,850.8564,0.2179
42.9012,2215.1532,851.1025,0.2179
42.9106,2216.3527,851.2093,0.2179
42.9205,2217.4585,851.2952,0.2179
42.9320,2218.4858,851.2311,0.2179
42.9409,2219.5082,851.3460,0.2179
42.9543,2220.5408,851.5109,0.2179
42.9607,2221.6332,851.6624,0.2179
42.9822,2222.7196,851.8181,0.2179
42.9835,2223.8164,852.0284,0.2179
42.9905,2224.9454,852.2312,0.2179
43.0140,2226.0773,852.1580,7.5598
43.0151,2227.2123,852.2896,7.5663
43.0202,2228.3115,852.4078,7.5680
43.0305,2229.3746,852.5515,7.5709
43.0406,2230.4027,852.6104,7.6736
43.0652,2231.3036,852.7242,7.8824
43.0666,2231.8401,852.4907,8.3951
43.0700,2232.1235,852.1715,8.3951
43.0832,2232.4940,851.9243,8.3951
43.0901,2232.9407,852.0532,8.3951
43.1137,2233.6034,851.9344,8.3951
43.1148,2234.2985,851.6399,8.3951
43.1201,2234.9813,851.6604,8.3951
43.1444,2235.6476,851.2827,8.3951
43.1451,2236.3447,850.6018,8.3951
43.1500,2237.1173,850.4442,8.3951
43.1613,2238.0911,850.5112,8.3951
43.1777,2239.0067,850.2443,8.3951
43.1798,2239.7515,850.2435,8.3951
43.1936,2240.3499,850.5104,8.3951
43.2016,2240.7998,850.8774,8.3951
43.2180,2241.1628,851.1466,8.3951
43.2200,2241.5328,851.1374,8.3951
43.2299,2241.9838,851.1364,8.3951
43.2501,2242.5847,851.3310,8.3951
43.2513,2243.3608,851.7801,8.3951
43.2599,2244.3115,852.3116,8.3951
43.2741,2245.3126,852.7006,8.3951
43.2802,2246.2653,852.8122,8.3951
43.2984,2247.1766,853.0592,8.3951
43.2998,2248.0659,853.3704,8.3951
43.3099,2248.9849,853.7099,8.3951
43.3203,2249.9146,854.0376,8.3951
43.3300,2250.7822,854.3240,8.3951
43.3407,2251.6454,854.4931,8.3951
43.3621,2252.5067,854.8335,8.3951
43.3628,2253.3230,855.1289,8.3951
43.3779,2254.1958,855.5073,8.3951
43.3797,2255.1847,855.8838,8.3951
43.3982,2256.3077,856.1956,8.3951
43.3998,2257.5363,856.6651,8.3951
43.4105,2258.8099,857.0847,8.3951
43.4204,2260.0553,857.5032,8.3951
43.4299,2261.2341,857.8999,8.3951
43.4400,2262.3234,858.2252,19.9703
43.4501,2263.3772,858.7022,19.9703
43.4598,2264.4470,859.1301,19.9703
43.4802,2265.5121,859.5193,19.9703
43.4811,2266.5251,859.8858,19.9703
43.4901,2267.4924,860.1946,19.9703
43.5118,2268.3286,860.3625,19.9703
43.5125,2269.0674,860.6762,19.9703
43.5198,2269.8103,860.9868,19.9703
43.5299,2270.5231,861.3011,19.9703
43.5399,2271.1689,861.5577,19.9703
43.5499,2271.6705,861.7191,19.9703
43.5599,2272.0632,861.7543,19.9703
43.5700,2272.4728,861.9708,19.9703
43.5802,2272.9413,862.1432,19.9703
43.5898,2273.4551,862.3776,19.9703
43.5998,2274.1573,862.6240,19.9703
43.6098,2275.1266,862.9909,19.9703
43.6200,2276.3188,863.2393,19.9703
43.6299,2277.6267,863.7264,19.9703
43.6399,2278.8750,864.2633,19.9703
43.6500,2280.0461,864.7172,19.9703
43.6606,2281.1952,865.1325,19.9703
43.6699,2282.3656,865.5564,19.9703
43.6805,2283.6068,865.9843,19.9703
43.6898,2284.8068,866.2343,19.9703
43.7164,2285.8944,866.6745,19.9703
43.7172,2286.9471,867.1419,19.9703
43.7199,2287.9718,867.5415,19.9703
43.7440,2289.0288,867.9886,19.9703
43.7448,2290.1265,868.3791,19.9703
43.7635,2291.3115,868.6514,19.9703
43.7641,2292.4729,869.0647,19.9703
43.7699,2293.4951,869.4709,19.9703
43.7798,2294.3406,869.8969,19.9703
43.7902,2295.1174,870.2519,19.9703
43.8144,2295.8445,870.5202,19.9703
43.8153,2296.5095,870.5859,19.9703
43.8199,2297.1525,870.8073,19.9703
43.8459,2297.7504,871.1029,19.9703
43.8468,2298.3871,871.3368,19.9703
43.8499,2299.0924,871.5669,19.9703
43.8745,2299.8290,871.8284,19.9703
43.8753,2300.4858,871.9502,19.9703
43.8799,2301.0870,872.2299,19.9703
43.9046,2301.6339,872.4345,19.9703
43.9055,2302.1434,872.6351,19.9703
43.9098,2302.5201,872.7913,19.9703
43.9199,2302.7698,872.9209,19.9703
43.9299,2302.8746,872.8509,19.9703
43.9483,2302.9429,872.8994,19.9703
43.9499,2303.0660,872.9529,19.9703
43.9597,2303.2123,873.0490,19.9703
43.9702,2303.4034,873.2031,19.9703
43.9934,2303.8745,873.5484,19.9703
43.9941,2304.7432,874.0753,19.9703
44.0000,2306.0040,874.3815,19.9703
44.0146,2307.5695,874.8230,19.9703
44.0198,2309.1924,875.2824,19.9703
44.0297,2310.6097,875.8995,19.9703
44.0400,2311.8608,876.5260,19.9703
44.0507,2313.0745,877.0281,19.9703
44.0598,2314.1797,877.2617,19.9703
44.0701,2315.2867,877.5953,19.9703
44.0799,2316.3048,878.0208,19.9703
44.0904,2317.3083,878.5129,19.9703
44.1130,2318.2482,878.8980,19.9703
44.1138,2319.1979,879.2355,19.9703
44.1198,2320.0604,879.3693,19.9703
44.1299,2320.9097,879.7495,19.9703
44.1461,2321.9141,880.1265,19.9703
44.1499,2323.0979,880.5930,19.9703
44.1598,2324.3710,881.0876,19.9703
44.1701,2325.5840,881.5796,19.9703
44.1804,2326.7126,881.9148,19.9703
44.1902,2327.8601,882.3425,19.9703
44.1999,2329.0171,882.7074,19.9703
44.2103,2330.1735,883.1222,19.9703
44.2204,2331.2728,883.5437,19.9703
44.2316,2332.4606,884.0428,19.9703
44.2402,2333.6367,884.3404,19.9703
44.2498,2334.8112,884.8324,19.9703
44.2597,2336.0248,885.2443,19.9703
44.2699,2337.2249,885.7296,19.9703
44.2800,2338.3710,886.2505,19.9703
44.2898,2339.5101,886.7002,19.9703
44.3000,2340.6392,887.1348,19.9703
44.3100,2341.7664,887.3612,19.9703
44.3203,2342.9102,887.7750,19.9703
44.3299,2344.0449,888.2265,19.9703
44.3399,2345.2139,888.6954,19.9703
44.3621,2346.3735,889.1927,19.9703
44.3629,2347.5098,889.6270,19.9703
44.3699,2348.6385,890.0818,19.9703
44.3922,2349.7515,890.3040,19.9703
44.3931,2350.8687,890.7072,19.9703
44.4144,2351.9335,891.1076,19.9703
44.4154,2352.9392,891.5135,19.9703
44.4199,2353.8326,891.8948,19.9703
44.4298,2354.6759,892.2370,19.9703
44.4403,2355.4758,892.5319,19.9703
44.4500,2356.2040,892.6928,19.9703
44.4600,2356.9033,892.9692,19.9703
44.4802,2357.5819,893.2234,19.9703
44.4810,2358.2235,893.4625,19.9703
44.4899,2358.8049,893.7213,19.9703
44.5108,2359.3655,893.9855,19.9703
44.5116,2360.0629,894.0794,19.9703
44.5197,2360.9449,894.3311,19.9703
44.5420,2361.9774,894.7131,19.9703
44.5429,2362.9359,895.1162,19.9703
44.5500,2363.6738,895.4836,19.9703
44.5646,2364.2288,895.7048,19.9703
44.5698,2364.6235,895.7249,19.9703
44.5799,2364.8538,895.8732,19.9703
44.5901,2364.9717,895.9426,19.9703
44.6143,2365.0773,896.0037,19.9703
44.6151,2365.2332,896.0583,19.9703
44.6199,2365.5066,896.1497,19.9703
44.6464,2366.0759,896.3285,19.9703
44.6473,2366.9314,896.7320,19.9703
44.6500,2368.1262,897.2660,19.9703
44.6602,2369.5382,897.5442,19.9703
44.6798,2370.9985,898.0355,19.9703
44.6806,2372.2202,898.4409,19.9703
44.6899,2373.2490,898.9717,19.9703
44.7023,2374.2231,899.3612,19.9703
44.7101,2375.2323,899.7129,19.9703
44.7200,2376.2507,900.0977,19.9703
44.7303,2377.1373,900.3999,19.9703
44.7406,2377.8464,900.4757,19.9703
44.7506,2378.4702,900.7491,19.9703
44.7606,2379.1381,901.0200,19.9703
44.7812,2379.8878,901.3573,19.9703
44.7824,2380.6594,901.6503,19.9703
44.7904,2381.5891,901.9850,19.9703
44.8129,2382.7053,902.4405,19.9703
44.8142,2384.0718,902.9897,19.9703
44.8206,2385.6061,903.3976,19.9703
44.8413,2387.1689,903.9653,19.9703
44.8424,2388.5959,904.5377,19.9703
44.8600,2389.9003,905.0525,19.9703
44.8608,2391.2592,905.4741,19.9703
44.8699,2392.5203,905.9626,19.9703
44.8798,2393.5548,906.3423,19.9703
44.8905,2394.3452,906.6280,19.9703
44.9005,2394.9760,906.9596,19.9703
44.9105,2395.6008,907.0175,19.9703
44.9208,2396.2211,907.3296,19.9703
44.9306,2396.9229,907.5804,19.9703
44.9407,2397.5797,907.8508,19.9703
44.9507,2398.2891,908.1144,19.9703
44.9609,2399.1836,908.5043,19.9703
44.9708,2400.2743,909.0014,19.9703
44.9808,2401.5532,909.5676,19.9703
44.9907,2402.9634,909.9987,19.9703
45.0007,2404.3521,910.4959,19.9703
45.0104,2405.6425,910.9523,19.9703
45.0204,2406.9043,911.4752,19.9703
45.0310,2408.2045,912.0281,19.9703
45.0407,2409.5314,912.5073,19.9703
45.0513,2410.7672,912.9808,19.9703
45.0611,2411.8270,913.4818,19.9703
45.0831,2412.8202,913.9505,19.9703
45.0841,2413.9709,914.3904,19.9703
45.0909,2415.1802,914.6305,19.9703
45.1146,2416.3829,915.1324,19.9703
45.1160,2417.4766,915.6275,19.9703
45.1203,2418.4365,916.0602,19.9703
45.1307,2419.3865,916.4381,19.9703
45.1409,2420.3591,916.8159,19.9703
45.1514,2421.2061,917.1998,19.9703
45.1608,2421.8430,917.5218,19.9703
45.1710,2422.2629,917.4841,19.9703
45.1809,2422.7074,917.6601,19.9703
45.1912,2423.1864,917.8601,19.9703
45.2162,2423.7196,918.1227,19.9703
45.2177,2424.3777,918.3741,19.9703
45.2208,2425.2871,918.6439,19.9703
45.2312,2426.3940,919.0940,19.9703
45.2409,2427.6595,919.7259,19.9703
45.2513,2428.8947,920.3260,19.9703
45.2607,2430.0502,920.7798,19.9703
45.2709,2431.1555,921.0975,19.9703
45.2818,2432.1917,921.5069,19.9703
45.2906,2433.1879,921.9003,19.9703
45.3023,2434.1155,922.2727,19.9703
45.3105,2434.9513,922.4160,19.9703
45.3326,2435.8569,922.7906,19.9703
45.3335,2436.8834,923.1978,19.9703
45.3405,2438.1039,923.6827,19.9703
45.3503,2439.4105,924.1588,19.9703
45.3603,2440.7389,924.6461,19.9703
45.3814,2442.0046,925.0940,19.9703
45.3823,2443.1222,925.5451,19.9703
45.3907,2444.1125,925.9684,19.9703
45.4152,2445.0795,926.1767,19.9703
45.4169,2446.1569,926.5616,19.9703
45.4204,2447.2440,926.9711,19.9703
45.4465,2448.2406,927.3920,19.9703
45.4481,2448.9996,927.7148,19.9703
45.4506,2449.5472,927.8902,19.9703
45.4619,2449.8431,927.9520,19.9703
45.4711,2449.9724,928.0158,19.9703
45.4922,2450.0459,928.1219,19.9703
45.4935,2450.2032,928.1703,19.9703
45.5005,2450.3915,928.2505,19.9703
45.5110,2450.6278,928.3560,19.9703
45.5302,2451.1194,928.5801,19.9703
45.5315,2451.9589,928.9416,19.9703
45.5409,2453.0677,929.3983,19.9703
45.5618,2454.4492,929.9147,19.9703
45.5634,2455.9077,930.4196,19.9703
45.5817,2457.2834,930.8827,19.9703
45.5830,2458.4462,931.3333,19.9703
45.5908,2459.4208,931.7164,19.9703
45.6161,2460.3019,932.0925,19.9703
45.6176,2461.1202,932.4522,19.9703
45.6209,2461.9818,932.7797,19.9703
45.6403,2462.8369,932.8916,19.9703
45.6420,2463.7227,933.2289,19.9703
45.6651,2464.5885,933.5598,19.9703
45.6667,2465.4662,933.8880,19.9703
45.6864,2466.2953,934.1897,19.9703
45.6878,2467.1555,934.5748,19.9703
45.6905,2468.0905,934.9910,19.9703
45.7149,2469.0809,935.4786,19.9703
45.7160,2470.2406,935.9443,19.9703
45.7206,2471.5236,936.4248,19.9703
45.7468,2472.7275,936.8539,19.9703
45.7483,2473.7628,937.1681,21.5076
45.7501,2474.6559,937.5162,21.5153
45.7606,2475.4514,937.8396,21.4898
45.7774,2476.1293,938.1482,21.4019
45.7811,2476.5317,938.4296,21.4019
45.7904,2476.5563,938.5734,21.4019
45.8139,2476.2013,938.7104,21.4019
45.8148,2475.6014,938.9821,21.4019
45.8206,2475.1287,939.0978,21.4019
45.8306,2475.1206,938.9187,21.4019
45.8478,2475.3499,938.9300,21.4019
45.8508,2476.0829,938.9949,21.4019
45.8609,2477.1664,938.9503,21.4019
45.8797,2478.2194,939.1754,21.4019
45.8813,2479.3223,939.5861,21.4019
45.8903,2480.5416,939.9622,21.4019
45.9135,2481.8630,940.3042,21.4019
45.9149,2483.2454,940.6501,21.4019
45.9202,2484.5615,941.0563,21.4019
45.9311,2485.7634,941.4701,21.4019
45.9411,2486.8235,941.7955,21.4019
45.9572,2487.7684,942.0547,21.4019
45.9604,2488.4855,942.1804,21.4019
45.9816,2488.9865,942.3097,21.4019
45.9827,2489.4679,942.4032,21.4019
45.9905,2490.0605,942.5739,21.4019
46.0008,2490.7997,942.8819,21.4019
46.0107,2491.7516,943.1864,21.4019
46.0311,2492.9764,943.4542,21.4019
46.0321,2494.3688,943.8832,21.4019
46.0409,2495.7787,944.3501,21.4019
46.0624,2497.1128,944.7715,21.4019
46.0637,2498.4094,945.0207,21.4019
46.0706,2499.7854,945.3276,21.4019
46.0924,2501.2114,945.7469,21.4019
46.0932,2502.5137,946.1538,21.4019
46.1122,2503.4664,946.4333,21.4019
46.1130,2504.0298,946.5384,21.4019
46.1205,2504.1183,946.5185,21.4019
46.1312,2503.9523,946.5067,21.4019
46.1401,2503.8875,946.5980,21.4019
46.1505,2504.0616,946.7032,21.4019
46.1604,2504.4761,946.7968,21.4019
46.1810,2505.2159,946.9471,21.4019
46.1824,2506.2322,947.1762,21.4019
46.1903,2507.5206,947.5846,21.4019
46.2125,2509.0839,948.0197,21.4019
46.2138,2510.6569,948.3872,21.4019
46.2204,2512.0089,948.7221,21.4019
46.2302,2513.2008,949.0552,21.4019
46.2404,2514.3188,949.3419,21.4019
46.2550,2515.3099,949.5741,21.4019
46.2601,2516.1638,949.7369,21.4019
46.2830,2516.7461,949.8796,21.4019
46.2844,2517.1774,950.0374,21.4019
46.2899,2517.7142,950.2453,21.4019
46.3135,2518.3649,950.4496,21.4019
46.3145,2519.1951,950.6230,21.4019
46.3201,2520.2490,950.9294,21.4019
46.3314,2521.5127,951.3493,21.4019
46.3405,2522.8484,951.7494,21.4019
46.3633,2524.1718,951.9611,21.4019
46.3641,2525.3656,952.2043,21.4019
46.3704,2526.4086,952.5487,21.4019
46.3804,2527.3479,952.9068,21.4019
46.3899,2528.2408,953.1706,21.4019
46.4001,2529.1292,953.3730,21.4019
46.4108,2529.9917,953.5883,21.4019
46.4201,2530.8744,953.8729,21.4019
46.4304,2531.8091,954.0887,21.4019
46.4408,2532.9097,954.3891,21.4019
46.4656,2534.1965,954.8137,21.4019
46.4667,2535.6053,955.2740,21.4019
46.4703,2536.9781,955.6615,21.4019
46.4808,2538.2527,955.9944,21.4019
46.4904,2539.5127,956.3434,21.4019
46.5008,2540.7788,956.6783,21.4019
46.5104,2542.1221,957.0874,21.4019
46.5208,2543.3701,957.4939,21.4019
46.5303,2544.4553,957.8016,21.4019
46.5401,2545.3568,958.0652,21.4019
46.5645,2546.2968,958.3018,16.2274
46.5659,2547.2742,958.6485,16.1989
46.5865,2548.3955,958.9811,16.2023
46.5876,2549.6481,959.2861,16.2497
46.5901,2550.9740,959.7214,16.1966
46.6140,2552.3446,960.2582,15.8735
46.6150,2553.7499,960.8500,15.1948
46.6320,2555.1106,961.2707,15.1948
46.6327,2556.3259,961.9033,15.1948
46.6411,2557.4601,962.5302,15.1948
46.6501,2558.5442,963.2318,15.1948
46.6606,2559.5245,963.9892,15.1948
46.6810,2560.3303,964.6799,15.1948
46.6818,2561.0503,965.6308,15.1948
46.6903,2561.7866,966.5999,15.1948
46.7113,2562.5399,967.5150,15.1948
46.7127,2563.4813,968.3063,15.1948
46.7209,2564.5436,968.6269,15.1948
46.7317,2565.6467,968.5934,15.1948
46.7401,2566.6132,968.5138,15.1948
46.7655,2567.2778,968.4850,15.1948
46.7665,2567.7230,968.5819,15.1948
46.7703,2568.1982,968.6779,15.1948
46.7804,2568.7377,968.7953,15.1948
46.7907,2569.3813,968.8644,15.1948
46.8009,2570.1111,968.8170,15.1948
46.8105,2570.9591,968.7644,15.1948
46.8208,2572.0026,968.7563,15.1948
46.8305,2573.3187,968.8753,15.1948
46.8405,2574.7661,969.0037,15.1948
46.8507,2576.1356,969.0413,15.1948
46.8604,2577.4069,969.0884,15.1948
46.8708,2578.6067,969.1544,15.1948
46.8805,2579.8137,969.2166,15.1948
46.9043,2581.0710,969.2790,15.1948
46.9055,2582.3634,969.3409,15.1948
46.9106,2583.5977,969.3841,15.1948
46.9205,2584.8184,969.4204,2.2663
46.9310,2586.0881,969.4608,2.2663
46.9487,2587.3557,969.5348,2.2663
46.9504,2588.5504,969.5947,2.2663
46.9606,2589.6802,969.6328,2.2663
46.9805,2590.7710,969.6357,2.2663
46.9816,2591.7327,969.6739,2.2663
46.9906,2592.4847,969.6739,2.2663
47.0122,2592.9576,969.6830,2.2663
47.0132,2593.1943,969.7115,2.2663
47.0203,2593.3271,969.6950,2.2663
47.0309,2593.5050,969.7541,2.2663
47.0405,2593.7329,969.7429,2.2663
47.0503,2593.8715,969.7291,2.2663
47.0603,2593.9025,969.7379,2.2663
47.0705,2594.0660,969.7675,2.2663
47.0802,2594.6193,969.8294,2.2663
47.0904,2595.5912,969.9128,2.2663
47.1006,2597.0228,969.9984,2.2663
47.1107,2598.7281,970.0103,2.2663
47.1203,2600.3843,969.9074,2.2663
47.1310,2601.8768,969.8802,2.2663
47.1407,2603.1267,969.9434,2.2663
47.1501,2604.3214,970.0579,2.2663
47.1602,2605.5295,970.1582,2.2663
47.1778,2606.8164,970.1384,2.2663
47.1807,2608.1476,970.1051,2.2663
47.1902,2609.4288,970.0756,2.2663
47.2096,2610.7012,970.1416,2.2663
47.2104,2612.0394,970.2044,2.2663
47.2203,2613.4491,970.2551,2.2663
47.2315,2614.8158,970.3132,2.2663
47.2406,2616.1042,970.3338,2.2663
47.2642,2617.3032,970.3701,2.2663
47.2655,2618.4329,970.3775,2.2663
47.2698,2619.5122,970.4037,2.2663
47.2966,2620.5317,970.4561,2.2663
47.2978,2621.5145,970.5038,2.2663
47.3005,2622.4503,970.5244,2.2663
47.3104,2623.3785,970.5240,2.2663
47.3204,2624.2296,970.5738,2.2663
47.3442,2624.8735,970.6815,2.2663
47.3455,2625.3175,970.7043,2.2663
47.3506,2625.6653,970.7097,2.2663
47.3627,2626.0856,970.6704,2.2663
47.3704,2626.6180,970.6998,2.2663
47.3939,2627.2681,970.7519,2.2663
47.3949,2628.0394,970.7122,2.2663
47.4000,2629.0671,970.7158,2.2663
47.4104,2630.3424,970.7701,2.2663
47.4204,2631.8365,970.8542,2.2663
47.4459,2633.3276,970.8901,2.2663
47.4470,2634.6212,970.8633,2.2663
47.4501,2635.7026,970.8606,2.2663
47.4606,2636.6915,970.9095,2.2663
47.4704,2637.7255,971.0223,2.2663
47.4990,2638.8169,971.0820,2.2663
47.5003,2639.8660,971.0833,2.2663
47.5011,2640.8831,971.0950,2.2663
47.5207,2641.8577,971.1169,2.2663
47.5217,2642.8546,971.1651,2.2663
47.5303,2643.8615,971.1973,2.2663
47.5486,2644.8983,971.2367,2.2663
47.5501,2645.8674,971.2682,2.2663
47.5600,2646.7766,971.2670,2.2663
47.5821,2647.6389,971.2987,2.2663
47.5828,2648.3965,971.3633,2.2663
47.5902,2649.0927,971.4040,2.2663
47.6145,2649.7472,971.4488,2.2663
47.6154,2650.4028,971.4961,2.2663
47.6201,2651.0363,971.5464,2.2663
47.6450,2651.6434,971.5797,2.2663
47.6459,2652.1964,971.5729,2.2663
47.6502,2652.7094,971.5634,2.2663
47.6606,2653.2031,971.5623,2.2663
47.6703,2653.6055,971.5869,2.2663
47.6815,2653.9756,971.6021,2.2663
47.6903,2654.2932,971.5916,2.2663
47.7127,2654.5686,971.6337,2.2663
47.7136,2655.0480,971.6999,2.2663
47.7202,2655.8705,971.8902,2.2663
47.7442,2657.0652,972.0478,2.2663
47.7452,2658.2819,972.1149,2.2663
47.7503,2659.8872,972.1354,2.2663
47.7760,2661.3276,972.1151,2.2663
47.7768,2662.5763,972.1830,2.2663
47.7800,2663.7178,972.2318,2.2663
47.7903,2664.7883,972.2900,2.2663
47.8057,2665.6615,972.2898,2.2663
47.8103,2666.1869,972.2419,2.2663
47.8203,2666.3475,972.2931,2.2663
47.8303,2666.3549,972.3697,2.2663
47.8664,2666.8068,972.5047,2.2663
47.8672,2667.4279,972.5834,2.2663
47.8703,2668.4625,972.5471,2.2663
47.8806,2669.8302,972.5292,2.2663
47.8974,2671.5156,972.5971,2.2663
47.9001,2673.3105,972.7134,2.2663
47.9104,2674.9772,972.8059,2.2663
47.9209,2676.4363,972.8820,2.2663
47.9307,2677.7211,972.9774,2.2663
47.9408,2679.0023,973.0737,2.2663
47.9658,2680.3729,973.1823,2.2663
47.9668,2681.7860,973.2402,2.2663
47.9722,2683.1326,973.3007,2.2663
47.9804,2684.4039,973.3814,2.2663
47.9994,2685.5930,973.5097,2.2663
48.0003,2686.7118,973.4927,2.2663
48.0102,2687.8485,973.4566,2.2663
48.0209,2688.9908,973.5151,2.2663
48.0303,2690.1396,973.5916,2.2663
48.0402,2691.2150,973.6753,2.2663
48.0648,2692.2314,973.6780,2.2663
48.0663,2693.2098,973.7278,2.2663
48.0701,2694.1344,973.7758,2.2663
48.0966,2695.0050,973.7694,2.2663
48.0977,2695.9445,973.7590,2.2663
48.0998,2697.0999,973.7750,2.2663
48.1130,2698.3743,973.8056,2.2663
48.1207,2699.5880,973.8359,2.2663
48.1437,2700.6686,973.8481,2.2663
48.1445,2701.5521,973.8959,2.2663
48.1640,2702.3738,973.9644,2.2663
48.1650,2703.1752,974.0374,2.2663
48.1704,2703.9869,974.0164,2.2663
48.1803,2704.7850,974.0167,2.2663
48.1899,2705.6477,974.0664,2.2663
48.2002,2706.6617,974.1194,2.2663
48.2109,2707.8478,974.1802,2.2663
48.2206,2709.1134,974.2148,2.2663
48.2303,2710.3489,974.2909,2.2663
48.2407,2711.5426,974.3810,2.2663
48.2626,2712.7001,974.3623,2.2663
48.2639,2713.9476,974.3993,2.2663
48.2706,2715.2562,974.4464,2.2663
48.2804,2716.6917,974.4922,2.2663
48.2903,2718.1305,974.5660,2.2663
48.3007,2719.5245,974.6562,2.2663
48.3106,2720.7656,974.7693,2.2663
48.3206,2721.8674,974.7891,2.2663
48.3305,2723.0154,974.7946,2.2663
48.3406,2724.2770,974.8604,2.2663
48.3648,2725.5282,974.9175,2.2663
48.3658,2726.6937,974.9535,2.2663
48.3699,2727.7112,975.0095,2.2663
48.3958,2728.7091,975.0699,2.2663
48.3969,2729.7692,975.1104,2.2663
48.4000,2730.9631,975.1600,2.2663
48.4106,2732.2146,975.2205,2.2663
48.4279,2733.3689,975.2535,2.2663
48.4313,2734.3751,975.2829,2.2663
48.4401,2735.2480,975.2982,2.2663
48.4633,2735.9802,975.3322,2.2663
48.4643,2736.6224,975.4055,2.2663
48.4702,2737.1882,975.4220,2.2663
48.4802,2737.7834,975.4703,2.2663
48.4982,2738.4110,975.5078,2.2663
48.5005,2739.0157,975.5625,2.2663
48.5103,2739.6072,975.5960,2.2663
48.5301,2740.3184,975.5909,2.2663
48.5315,2741.2946,975.6432,2.2663
48.5403,2742.5360,975.6957,2.2663
48.5637,2743.9493,975.8040,2.2663
48.5649,2745.2991,975.9363,2.2663
48.5704,2746.4592,975.9819,2.2663
48.5811,2747.4937,976.0795,2.2663
48.5918,2748.5078,976.0974,2.2663
48.6005,2749.4857,976.1209,2.2663
48.6146,2750.3788,976.1244,2.2663
48.6199,2751.0634,976.1247,3.3684
48.6315,2751.6311,976.1528,3.3618
48.6407,2752.2433,976.2230,3.3614
48.6645,2752.9470,976.2931,3.3866
48.6654,2753.7021,976.3863,3.3962
48.6706,2754.4055,976.4163,3.4416
48.6805,2755.1372,976.4652,3.4806
48.6901,2755.8470,976.4410,3.5439
48.7132,2756.5182,976.2841,3.8605
48.7140,2756.9563,976.1520,4.5619
48.7202,2757.0714,975.7728,4.5619
48.7431,2757.0292,975.5143,4.5619
48.7445,2757.2018,975.5005,4.5619
48.7552,2757.4457,975.3322,4.5619
48.7599,2757.7137,975.1497,4.5619
48.7850,2757.9702,974.9124,4.5619
48.7861,2758.0372,974.1894,4.5619
48.7902,2758.1654,973.2365,4.5619
48.8004,2758.4117,972.6988,4.5619
48.8157,2758.9880,972.7909,4.5619
48.8203,2759.9022,973.0743,4.5619
48.8315,2761.0519,973.3947,4.5619
48.8467,2762.3328,973.7224,4.5619
48.8506,2763.6729,974.0677,4.5619
48.8599,2764.9478,974.5123,4.5619
48.8702,2766.2103,974.9388,4.5619
48.8817,2767.4927,975.3491,4.5619
48.8905,2768.8805,975.7882,4.5619
48.9019,2770.3324,976.2571,4.5619
48.9255,2771.7043,976.7031,4.5619
48.9263,2772.9349,977.1574,4.5619
48.9301,2774.0793,977.5068,4.5619
48.9400,2775.2256,977.8246,4.5619
48.9503,2776.4508,978.2485,4.5619
48.9606,2777.7465,978.6903,4.5619
48.9810,2778.9508,979.1371,4.5619
48.9819,2780.1189,979.5301,4.5619
48.9901,2781.2239,979.8631,4.5619
49.0001,2782.2532,980.1866,4.5619
49.0148,2783.3143,980.5078,4.5619
49.0256,2784.4296,980.8632,4.5619
49.0298,2785.5621,981.2432,4.5619
49.0489,2786.6241,981.6216,4.5619
49.0514,2787.6698,981.9766,4.5619
49.0736,2788.7213,982.2771,4.5619
49.0745,2789.7692,982.6602,4.5619
49.0799,2790.8699,983.0110,4.5619
49.1051,2792.0436,983.3514,4.5619
49.1061,2793.3596,983.7825,4.5619
49.1098,2794.6569,984.2364,4.5619
49.1362,2795.9213,984.7033,4.5619
49.1369,2797.0068,985.0429,4.5619
49.1400,2797.9652,985.3250,4.5619
49.1628,2798.6976,985.5531,4.5619
49.1639,2799.1042,985.6605,4.5619
49.1704,2799.1559,985.6246,4.5619
49.1993,2798.8517,985.5753,4.5619
49.2005,2798.8087,985.5999,4.5619
49.2102,2798.8583,985.6420,4.5619
49.2315,2799.0107,985.6573,4.5619
49.2327,2799.3264,985.7437,4.5619
49.2401,2799.9656,985.8972,4.5619
49.2629,2800.9536,986.1889,4.5619
49.2640,2802.2689,986.6442,4.5619
49.2702,2803.7548,987.2017,4.5619
49.2926,2805.2234,987.6772,4.5619
49.2935,2806.4812,988.0660,4.5619
49.3005,2807.5439,988.3841,4.5619
49.3101,2808.5813,988.6809,4.5619
49.3200,2809.5851,989.0209,4.5619
49.3302,2810.4568,989.3114,4.5619
49.3403,2811.0857,989.4842,4.5619
49.3507,2811.4951,989.6690,4.5619
49.3604,2811.9608,989.8524,4.5619
49.3774,2812.5880,990.0992,4.5619
49.3819,2813.3315,990.3660,4.5619
49.3905,2814.1790,990.6833,4.5619
49.4005,2815.2634,991.0213,4.5619
49.4104,2816.3169,991.4198,4.5619
49.4203,2817.8793,991.9448,4.5619
49.4491,2819.4860,992.4802,4.5619
49.4503,2821.0013,993.0236,4.5619
49.4511,2822.2963,993.4931,4.5619
49.4604,2823.4240,993.8167,4.5619
49.4805,2824.6376,994.1619,4.5619
49.4813,2825.8900,994.5892,4.5619
49.4906,2827.2300,995.1134,4.5619
49.5002,2828.4581,995.5327,4.5619
49.5100,2829.4764,995.8607,4.5619
49.5204,2830.2147,996.0786,4.5619
49.5307,2830.5775,996.2137,4.5619
49.5403,2830.7939,996.2961,4.5619
49.5505,2831.0643,996.3934,4.5619
49.5607,2831.4822,996.5826,4.5619
49.5814,2832.1046,996.7971,4.5619
49.5826,2833.0521,997.0799,4.5619
49.5908,2834.2897,997.5394,4.5619
49.6003,2835.6951,998.1203,4.5619
49.6103,2837.1982,998.7173,4.5619
49.6211,2838.5665,999.1101,4.5619
49.6308,2839.7806,999.3582,4.5619
49.6406,2840.9347,999.6894,4.5619
49.6662,2842.0907,1000.1035,4.5619
49.6673,2843.2791,1000.5774,4.5619
49.6700,2844.4106,1000.9720,4.5619
49.6804,2845.4357,1001.3235,4.5619
49.6992,2846.4321,1001.6609,4.5619
49.7007,2847.5068,1001.9985,4.5619
49.7101,2848.6464,1002.4081,4.5619
49.7304,2849.7750,1002.7457,4.5619
49.7312,2850.8292,1003.0672,4.5619
49.7402,2851.8153,1003.3725,4.5619
49.7502,2852.7412,1003.7319,4.5619
49.7605,2853.6423,1004.0968,4.5619
49.7814,2854.4531,1004.4003,4.5619
49.7823,2855.1406,1004.6007,4.5619
49.7905,2855.8311,1004.8231,4.5619
49.8112,2856.5083,1005.0312,4.5619
49.8119,2857.2377,1005.2982,4.5619
49.8323,2858.0134,1005.5153,4.5619
49.8331,2858.8018,1005.7082,4.5619
49.8404,2859.5526,1005.9409,4.5619
49.8504,2860.2178,1006.2495,4.5619
49.8709,2860.9854,1006.5818,4.5619
49.8716,2861.8383,1006.8598,4.5619
49.8809,2862.7111,1007.1009,4.5619
49.8909,2863.4960,1007.3259,4.5619
49.9139,2864.2371,1007.5671,4.5619
49.9151,2865.0725,1007.9020,4.5619
49.9205,2866.0090,1008.1866,4.5619
49.9305,2866.9923,1008.4771,4.5619
49.9401,2868.0414,1008.8174,4.5619
49.9501,2869.1219,1009.2212,4.5619
49.9601,2870.2126,1009.6479,4.5619
49.9698,2871.2030,1009.9457,4.5619
49.9804,2872.0299,1010.2658,4.5619
49.9905,2872.8920,1010.5563,4.5619
50.0004,2873.8912,1010.9751,4.5619
50.0103,2875.1333,1011.4320,4.5619
50.0312,2876.5702,1011.8850,4.5619
50.0323,2878.0131,1012.3925,4.5619
50.0404,2879.3755,1012.8582,4.5619
50.0651,2880.5730,1013.2654,4.5619
50.0664,2881.7876,1013.6508,4.5619
50.0700,2883.0331,1014.0816,4.5619
50.0962,2884.3303,1014.5382,4.5619
50.0972,2885.5292,1014.9310,4.5619
50.1003,2886.4960,1015.2570,4.5619
50.1105,2887.1256,1015.5092,4.5619
50.1203,2887.3389,1015.6154,4.5619
50.1492,2887.3230,1015.6617,4.5619
50.1507,2887.2645,1015.6589,4.5619
50.1515,2887.4255,1015.7010,4.5619
50.1603,2887.7511,1015.9131,4.5619
50.1843,2888.2686,1016.1438,4.5619
50.1851,2889.0140,1016.4146,4.5619
50.1904,2890.0609,1016.7094,4.5619
50.2018,2891.3167,1017.1325,4.5619
50.2103,2892.7192,1017.6136,4.5619
50.2315,2894.0042,1018.0255,4.5619
50.2324,2895.1807,1018.4214,4.5619
50.2405,2896.1560,1018.7426,4.5619
50.2638,2897.1357,1019.1000,4.5619
50.2647,2898.2239,1019.5034,19.5144
50.2700,2899.3574,1019.8828,19.5144
50.2937,2900.5164,1020.2320,19.5144
50.2944,2901.4939,1020.5744,19.5144
50.3132,2902.2762,1020.8607,19.5144
50.3142,2902.7330,1021.0872,19.5144
50.3198,2902.9183,1021.1726,19.5144
50.3319,2902.9559,1021.1722,19.5144
50.3402,2903.0409,1021.1934,19.5144
50.3505,2903.3290,1021.3362,19.5144
50.3604,2903.8040,1021.5825,19.5144
50.3704,2904.5997,1021.7982,19.5144
50.3827,2905.7264,1022.0859,19.5144
50.3903,2907.1302,1022.4918,19.5144
50.4012,2908.6989,1023.0997,19.5144
50.4102,2910.2584,1023.7252,19.5144
50.4333,2911.7197,1024.2673,19.5144
50.4341,2913.0918,1024.6487,19.5144
50.4404,2914.3406,1024.9781,19.5144
50.4534,2915.6675,1025.4076,19.5144
50.4746,2917.0189,1025.8993,19.5144
50.4754,2918.2959,1026.4238,19.5144
50.4803,2919.4604,1026.8666,19.5144
50.5012,2920.5178,1027.2068,19.5144
50.5020,2921.5348,1027.4846,19.5144
50.5102,2922.5610,1027.7780,19.5144
50.5205,2923.5974,1028.1504,19.5144
50.5304,2924.5442,1028.4444,19.5144
50.5405,2925.2590,1028.6400,19.5144
50.5500,2925.7271,1028.8535,19.5144
50.5602,2926.0914,1029.0218,19.5144
50.5705,2926.5168,1029.2016,19.5144
50.5946,2927.0159,1029.4146,19.5144
50.5955,2927.6833,1029.6289,19.5144
50.6004,2928.6458,1029.9316,19.5144
50.6261,2929.8672,1030.2974,19.5144
50.6271,2931.3628,1030.8593,19.5144
50.6308,2933.0157,1031.3949,19.5144
50.6490,2934.5314,1031.9007,19.5144
50.6504,2935.7714,1032.3077,19.5144
50.6651,2936.7747,1032.6772,19.5144
50.6705,2937.5442,1032.9834,19.5144
50.6819,2938.0374,1033.0835,19.5144
50.6982,2938.2349,1033.0811,19.5144
50.7000,2938.4048,1033.1568,19.5144
50.7151,2938.6537,1033.3263,19.5144
50.7205,2939.0613,1033.5462,19.5144
50.7460,2939.7869,1033.7205,19.5144
50.7471,2940.8815,1034.0935,19.5144
50.7501,2942.2207,1034.5941,19.5144
50.7602,2943.7181,1035.1681,19.5144
50.7706,2945.3068,1035.7091,19.5144
50.7943,2946.7220,1036.1247,19.5144
50.7956,2948.0211,1036.5421,19.5144
50.8135,2949.2858,1037.0280,19.5144
50.8147,2950.4973,1037.5264,19.5144
50.8201,2951.6921,1037.9805,19.5144
50.8309,2952.7434,1038.3135,19.5144
50.8401,2953.7565,1038.6556,19.5144
50.8648,2954.7795,1039.0041,19.5144
50.8656,2955.8568,1039.4090,19.5144
50.8704,2956.8788,1039.8104,19.5144
50.8995,2958.5925,1040.3944,19.5144
50.9007,2959.4377,1040.7472,19.5144
50.9108,2960.3541,1041.0811,19.5144
50.9207,2961.2910,1041.3889,19.5144
50.9405,2962.0786,1041.7084,19.5144
50.9416,2962.7089,1041.9774,19.5144
50.9521,2963.2815,1042.2017,19.5144
50.9598,2963.8519,1042.4441,19.5144
50.9824,2964.4104,1042.6467,19.5144
50.9834,2964.9333,1042.8731,19.5144
50.9902,2965.6140,1043.0504,19.5144
51.0158,2966.5605,1043.2812,19.5144
51.0170,2967.7734,1043.6730,19.5144
51.0199,2969.0991,1044.1902,19.5144
51.0314,2970.4330,1044.6752,19.5144
51.0405,2971.6296,1045.0085,19.5144
51.0637,2972.6842,1045.2578,19.5144
51.0646,2973.6781,1045.6226,19.5144
51.0702,2974.6006,1046.0720,19.5144
51.0945,2975.5021,1046.4948,19.5144
51.0954,2976.3872,1046.8271,19.5144
51.1003,2977.2218,1047.0067,19.5144
51.1151,2978.0604,1047.1909,19.5144
51.1202,2978.8564,1047.4583,19.5144
51.1316,2979.5483,1047.7559,19.5144
51.1458,2980.0475,1047.9951,19.5144
51.1506,2980.3987,1048.0661,19.5144
51.1622,2980.7213,1048.1189,19.5144
51.1706,2981.1084,1048.2604,19.5144
51.1817,2981.6504,1048.4746,19.5144
51.1903,2982.5568,1048.7418,19.5144
51.2127,2983.8168,1049.0687,19.5144
51.2137,2985.3011,1049.6180,19.5144
51.2201,2986.9241,1050.2086,19.5144
51.2454,2988.5024,1050.7308,19.5144
51.2465,2989.9972,1051.2401,19.5144
51.2582,2991.3805,1051.7011,19.5144
51.2599,2992.6508,1052.2250,19.5144
51.2812,2993.7863,1052.6581,19.5144
51.2824,2994.6962,1052.9513,19.5144
51.2903,2995.3809,1053.0829,19.5144
51.3007,2995.9469,1053.1592,19.5144
51.3105,2996.5776,1053.3485,19.5144
51.3312,2997.2903,1053.6705,19.5144
51.3321,2998.0833,1054.0245,19.5144
51.3402,2998.8473,1054.3601,19.5144
51.3627,2999.6434,1054.4616,19.5144
51.3638,3000.6499,1054.6222,19.5144
51.3704,3001.7629,1054.9249,19.5144
51.3932,3002.9890,1055.4158,19.5144
51.3944,3004.1528,1055.8705,19.5144
51.4002,3005.1653,1056.1639,19.5144
51.4107,3005.8787,1056.3061,19.5144
51.4321,3006.2079,1056.3560,19.5144
51.4332,3006.3214,1056.4053,19.5144
51.4402,3006.2643,1056.4935,19.5144
51.4511,3006.3462,1056.4889,19.5144
51.4602,3006.5747,1056.5419,19.5144
51.4808,3006.9117,1056.6819,19.5144
51.4818,3007.5553,1056.9659,19.5144
51.4902,3008.5681,1057.4034,19.5144
51.5137,3009.8926,1057.8704,19.5144
51.5145,3011.5476,1058.3102,19.5144
51.5202,3013.2676,1058.7668,19.5144
51.5457,3014.7180,1059.2766,19.5144
51.5469,3015.9277,1059.8325,19.5144
51.5503,3016.9032,1060.2034,19.5144
51.5601,3017.7969,1060.4063,19.5144
51.5699,3018.4362,1060.6164,19.5144
51.5805,3018.8575,1060.6592,19.5144
51.5907,3018.9878,1060.7181,19.5144
51.6139,3018.9749,1060.8807,19.5144
51.6153,3019.2371,1060.9677,19.5144
51.6201,3019.6274,1061.1229,19.5144
51.6439,3020.4391,1061.4128,19.5144
51.6450,3021.5939,1061.8630,19.5144
51.6500,3023.0509,1062.4866,19.5144
51.6647,3024.6293,1063.0334,19.5144
51.6705,3026.1581,1063.3886,19.5144
51.6803,3027.4584,1063.7017,19.5144
51.6905,3028.6456,1064.1075,19.5144
51.7127,3029.7437,1064.6193,19.5144
51.7137,3030.7842,1065.1215,19.5144
51.7314,3031.7301,1065.5342,19.5144
51.7326,3032.6147,1065.7688,19.5144
51.7404,3033.4813,1066.0018,19.5144
51.7542,3034.4346,1066.3328,19.5144
51.7600,3035.6827,1066.7760,19.5144
51.7702,3037.1041,1067.2689,19.5144
51.7813,3038.5945,1067.9117,19.5144
51.7903,3039.9526,1068.5200,19.5144
51.8002,3041.1968,1068.9360,19.5144
51.8102,3042.2598,1069.3237,19.5144
51.8282,3043.3965,1069.7192,19.5144
51.8301,3044.5900,1070.1746,19.5144
51.8404,3045.9490,1070.6578,19.5144
51.8513,3047.3546,1071.2144,19.5144
51.8608,3048.7987,1071.7787,19.5144
51.8708,3050.1853,1072.2133,19.5144
51.8804,3051.4973,1072.5700,19.5144
51.8905,3052.7742,1072.9379,19.5144
51.9005,3054.1007,1073.4073,19.5144
51.9100,3055.4139,1073.9734,19.5144
51.9320,3056.5820,1074.3969,19.5144
51.9329,3057.6071,1074.6941,19.5144
51.9399,3058.6034,1075.0170,19.5144
51.9502,3059.5951,1075.4291,19.5144
51.9605,3060.7339,1075.8422,19.5144
51.9707,3062.0494,1076.2939,19.5144
51.9803,3062.8389,1076.4411,19.5144
51.9901,3064.0052,1076.8121,19.5144
52.0005,3064.9479,1077.1946,19.5144
52.0103,3065.8418,1077.5703,19.5144
52.0201,3066.7556,1077.9232,19.5144
52.0316,3067.7968,1078.2973,19.5144
52.0403,3069.0249,1078.7372,19.5144
52.0507,3070.3793,1079.2040,19.5144
52.0606,3071.7552,1079.6511,19.5144
52.0829,3073.0793,1080.1133,19.5144
52.0837,3074.3676,1080.5027,19.5144
52.0905,3075.6377,1080.8262,19.5144
52.1141,3076.9032,1081.2202,19.5144
52.1150,3078.2168,1081.6631,19.5144
52.1199,3079.4674,1082.1539,19.5144
52.1459,3080.6021,1082.6544,19.5144
52.1470,3081.6890,1083.0191,19.5144
52.1502,3082.6671,1083.2848,19.5144
52.1604,3083.3727,1083.4685,19.5144
52.1706,3083.7400,1083.4865,19.5144
52.1804,3083.7542,1083.4218,19.5144
52.1903,3083.6058,1083.4802,19.5144
52.2004,3083.5970,1083.5570,19.5144
52.2102,3083.7415,1083.6313,19.5144
52.2202,3084.0624,1083.8108,19.5144
52.2314,3084.6866,1084.0987,19.5144
52.2401,3085.6233,1084.4575,19.5144
52.2637,3086.9252,1084.8782,19.5144
52.2651,3088.4946,1085.4219,19.5144
52.2710,3090.0701,1086.0372,19.5144
52.2810,3091.5201,1086.4986,19.5144
52.2900,3092.8134,1086.9011,19.5144
52.3107,3094.0242,1087.3159,19.5144
52.3114,3095.2548,1087.8127,19.5144
52.3205,3096.5645,1088.3727,19.5144
52.3314,3097.7959,1088.8694,19.5144
52.3459,3098.9745,1089.2639,19.5144
52.3505,3100.0248,1089.5973,19.5144
52.3603,3101.0311,1089.9660,19.5144
52.3703,3101.9324,1090.2781,19.5144
52.3945,3102.6964,1090.6104,19.5144
52.3955,3103.4415,1090.9310,19.5144
52.4019,3104.1871,1091.1899,19.5144
52.4098,3104.9819,1091.5201,19.5144
52.4202,3105.8055,1091.8057,19.5144
52.4308,3106.8188,1092.0858,19.5144
52.4520,3107.9232,1092.4282,19.5144
52.4528,3109.0031,1092.8363,19.5144
52.4599,3109.9601,1093.2245,19.5144
52.4834,3110.9379,1093.6108,19.5144
52.4842,3111.9973,1094.0172,19.5144
52.4902,3113.1556,1094.4440,19.5144
52.5148,3114.3157,1094.8157,19.5144
52.5160,3115.2684,1095.1369,19.5144
52.5204,3116.0647,1095.3638,19.5144
52.5318,3116.6620,1095.5259,19.5144
52.5400,3116.9803,1095.6075,19.5144
52.5641,3117.0082,1095.6530,19.5144
52.5648,3116.8792,1095.6390,19.5144
52.5701,3116.8628,1095.6466,19.5144
52.5898,3116.9708,1095.7226,19.5144
52.5908,3117.3215,1095.9068,19.5144
52.6003,3118.0426,1096.1984,19.5144
52.6100,3119.0914,1096.6006,19.5144
52.6303,3120.3414,1097.0992,19.5144
52.6314,3121.6840,1097.6058,19.5144
52.6399,3122.9332,1097.9454,19.5144
52.6500,3123.9972,1098.2368,19.5144
52.6604,3124.9802,1098.5925,19.5144
52.6812,3125.9668,1099.0381,19.5144
52.6821,3126.9362,1099.4448,19.5144
52.6903,3127.9866,1099.7999,19.5144
52.7009,3128.9933,1100.1147,19.5144
52.7103,3129.9451,1100.4716,19.5144
52.7305,3130.9722,1100.8592,19.5144
52.7312,3132.0277,1101.2030,19.5144
52.7398,3132.9707,1101.5179,19.5144
52.7506,3133.7698,1101.8299,19.5144
52.7602,3134.6251,1102.1880,19.5144
52.7801,3135.5796,1102.5523,19.5144
52.7812,3136.5959,1102.9556,19.5144
52.7904,3137.5992,1103.3483,19.5144
52.8138,3138.6042,1103.6809,19.5144
52.8149,3139.7236,1104.0123,19.5144
52.8200,3140.8976,1104.3984,19.5144
52.8313,3141.9601,1104.8163,19.5144
52.8401,3142.8417,1105.2466,19.5144
52.8632,3143.5957,1105.6021,19.5144
52.8641,3144.3490,1105.8602,19.5144
52.8706,3145.0387,1106.0829,19.5144
52.8940,3145.6740,1106.2896,19.5144
52.8948,3146.2781,1106.5329,19.5144
52.9003,3146.8857,1106.7493,19.5144
52.9150,3147.4440,1106.9265,19.5144
52.9201,3148.0244,1107.0814,19.5144
52.9300,3148.4655,1107.2488,19.5144
52.9405,3148.8966,1107.4133,19.5144
52.9502,3149.2550,1107.5905,19.5144
52.9602,3149.6538,1107.7437,19.5144
52.9704,3150.2533,1107.9858,19.5144
52.9807,3151.1519,1108.3292,19.5144
52.9905,3152.3518,1108.7936,19.5144
53.0006,3153.8273,1109.3608,19.5144
53.0104,3155.4189,1109.9294,19.5144
53.0205,3156.9990,1110.3593,19.5144
53.0452,3158.3054,1110.8159,19.5144
53.0461,3159.4493,1111.3446,19.5144
53.0641,3160.6531,1111.8843,19.5144
53.0650,3161.9355,1112.3832,19.5144
53.0703,3163.3103,1112.7530,19.5144
53.0804,3164.6042,1113.1557,19.5144
53.0901,3165.8053,1113.6431,19.5144
53.1008,3166.9657,1114.1647,19.5144
53.1106,3168.2142,1114.6978,19.5144
53.1304,3169.5581,1115.1801,19.5144
53.1313,3170.8383,1115.5827,19.5144
53.1401,3171.9807,1115.9117,19.5144
53.1618,3172.9835,1116.2944,19.5144
53.1627,3173.9369,1116.6973,19.5144
53.1703,3174.8958,1117.1528,19.5144
53.1931,3175.9124,1117.5912,19.5144
53.1938,3176.9606,1117.9141,19.5144
53.2000,3177.8954,1118.2198,19.5144
53.2111,3178.5955,1118.4521,19.5144
53.2268,3178.9092,1118.5923,19.5144
53.2305,3178.9508,1118.6027,19.5144
53.2404,3178.9292,1118.6058,19.5144
53.2506,3178.9957,1118.6567,19.5144
53.2731,3179.2328,1118.7637,19.5144
53.2741,3179.6235,1118.9620,19.5144
53.2802,3180.3113,1119.1841,19.5144
53.2991,3181.2958,1119.5247,19.5144
53.3000,3182.6145,1120.0626,19.5144
53.3151,3184.0665,1120.7169,19.5144
53.3206,3185.5720,1121.3245,19.5144
53.3318,3186.9346,1121.6979,19.5144
53.3537,3188.0836,1121.9933,19.5144
53.3545,3189.1031,1122.3370,19.5144
53.3605,3190.0723,1122.7486,19.5144
53.3708,3191.0685,1123.2382,19.5144
53.3937,3192.1608,1123.6823,19.5144
53.3946,3193.2764,1124.0461,19.5144
53.4002,3194.3893,1124.4012,19.5144
53.4249,3195.4323,1124.7485,19.5144
53.4259,3196.3690,1125.1176,19.5144
53.4303,3197.3158,1125.4398,19.5144
53.4407,3198.2236,1125.7928,19.5144
53.4630,3199.0533,1126.1542,19.5144
53.4639,3199.7792,1126.4749,19.5144
53.4705,3200.4198,1126.7459,19.5144
53.4812,3200.9076,1126.9242,19.5144
53.4903,3201.4235,1127.1115,19.5144
53.5081,3202.0046,1127.3468,19.5144
53.5099,3202.6155,1127.5946,19.5144
53.5207,3203.1434,1127.8049,19.5144
53.5303,3203.7583,1128.0541,19.5144
53.5406,3204.5563,1128.3218,21.0309
53.5546,3205.5892,1128.7812,21.0309
53.5600,3206.7991,1129.3694,21.0309
53.5702,3208.1178,1129.8893,21.0309
53.5804,3209.4349,1130.2996,21.0309
53.5906,3210.7173,1130.6950,21.0309
53.6153,3211.8353,1131.1470,21.0309
53.6162,3212.8225,1131.5647,21.0309
53.6206,3213.7091,1131.8779,21.0309
53.6301,3214.6654,1132.2484,21.0309
53.6478,3215.6743,1132.7094,21.0309
53.6505,3216.8826,1133.2139,21.0309
53.6608,3218.1318,1133.6475,21.0309
53.6703,3219.3314,1134.0474,21.0309
53.6951,3220.3851,1134.3998,21.0309
53.6962,3220.8826,1134.4903,21.0309
53.7002,3221.8444,1134.9210,21.0309
53.7141,3222.7821,1135.3251,21.0309
53.7201,3223.8350,1135.7701,21.0309
53.7305,3224.9291,1136.1559,21.0309
53.7407,3226.1329,1136.6248,21.0309
53.7638,3227.3717,1137.0564,21.0309
53.7647,3228.5073,1137.4589,21.0309
53.7700,3229.5243,1137.8749,21.0309
53.7946,3230.5874,1138.3322,21.0309
53.7957,3231.7712,1138.8196,21.0309
53.8000,3233.0146,1139.2789,21.0309
53.8148,3234.2820,1139.6771,21.0309
53.8207,3235.3665,1140.0884,21.0309
53.8419,3236.3516,1140.4596,21.0309
53.8426,3237.0593,1140.7738,21.0309
53.8501,3237.5006,1140.9241,21.0309
53.8736,3237.7897,1141.0371,21.0309
53.8743,3238.0513,1141.1738,21.0309
53.8806,3238.4883,1141.3577,21.0309
53.8982,3238.9880,1141.5392,21.0309
53.9002,3239.4281,1141.6931,21.0309
53.9145,3239.7983,1141.8196,21.0309
53.9201,3240.2157,1141.9765,21.0309
53.9315,3240.7827,1142.1953,21.0309
53.9457,3241.6240,1142.5435,21.0309
53.9501,3242.8104,1142.9871,21.0309
53.9609,3244.1417,1143.4692,21.0309
53.9787,3245.4655,1143.9596,21.0309
53.9803,3246.6382,1144.4351,21.0309
53.9905,3247.7777,1144.9320,21.0309
54.0104,3248.9235,1145.3915,21.0309
54.0114,3250.1896,1145.7873,21.0309
54.0260,3251.4225,1146.1799,21.0309
54.0309,3252.5245,1146.5591,21.0309
54.0403,3253.4640,1146.9235,21.0309
54.0505,3254.3073,1147.2877,21.0309
54.0654,3255.1584,1147.6572,21.0309
54.0697,3256.0667,1148.0195,21.0309
54.0805,3256.9508,1148.3850,21.0309
54.0903,3257.7814,1148.6829,21.0309
54.1130,3258.6360,1148.9629,21.0309
54.1142,3259.6003,1149.3221,21.0309
54.1200,3260.7745,1149.7386,21.0309
54.1305,3262.0198,1150.1976,21.0309
54.1398,3263.3292,1150.7766,21.0309
54.1506,3264.5798,1151.2885,21.0309
54.1605,3265.7567,1151.7625,21.0309
54.1707,3266.9240,1152.1522,21.0309
54.1803,3268.0786,1152.5471,21.0309
54.1901,3269.1864,1152.9596,21.0309
54.2021,3270.1704,1153.3406,21.0309
54.2153,3271.1011,1153.7845,21.0309
54.2201,3272.1034,1154.2295,21.0309
54.2302,3273.2216,1154.7307,21.0309
54.2402,3274.5200,1155.2641,21.0309
54.2499,3275.9602,1155.7305,21.0309
54.2608,3277.4481,1156.2709,21.0309
54.2703,3278.7810,1156.8329,21.0309
54.2821,3279.9354,1157.3917,21.0309
54.2900,3281.0730,1157.8986,21.0309
54.3122,3282.3447,1158.3337,21.0309
54.3130,3283.6578,1158.7286,21.0309
54.3202,3284.9508,1159.1492,21.0309
54.3304,3286.0507,1159.6363,21.0309
54.3402,3287.0463,1160.1365,21.0309
54.3642,3288.0592,1160.6375,21.0309
54.3651,3289.2465,1161.1151,21.0309
54.3698,3290.3687,1161.4869,21.0309
54.3954,3291.5232,1161.8772,21.0309
54.3967,3292.5636,1162.2849,21.0309
54.3999,3293.5452,1162.7200,21.0309
54.4156,3294.4139,1163.1090,21.0309
54.4202,3295.2777,1163.4650,21.0309
54.4472,3296.0134,1163.7661,21.0309
54.4480,3296.4825,1163.9495,21.0309
54.4503,3296.7510,1164.0880,21.0309
54.4602,3297.0330,1164.2001,21.0309
54.4704,3297.3281,1164.3583,21.0309
54.4803,3297.8325,1164.5820,21.0309
54.4905,3298.5919,1164.8892,21.0309
54.5006,3299.5978,1165.2541,21.0309
54.5102,3300.8870,1165.6765,21.0309
54.5203,3302.1625,1166.1606,21.0309
54.5307,3303.3041,1166.6759,21.0309
54.5400,3304.4154,1167.1638,21.0309
54.5641,3305.4672,1167.5820,21.0309
54.5652,3306.6709,1167.9556,21.0309
54.5702,3307.8671,1168.3558,21.0309
54.5957,3308.9994,1168.7930,21.0309
54.5968,3310.0187,1169.2357,21.0309
54.6006,3311.0060,1169.6641,21.0309
54.6104,3312.0378,1170.0615,21.0309
54.6314,3313.1218,1170.4659,21.0309
54.6325,3314.0585,1170.8084,21.0309
54.6406,3314.7633,1171.0505,21.0309
54.6627,3315.1951,1171.1912,21.0309
54.6642,3315.5018,1171.3257,21.0309
54.6702,3315.9158,1171.4796,21.0309
54.6811,3316.3540,1171.6882,21.0309
54.6908,3316.8129,1171.8809,21.0309
54.7005,3317.1578,1171.9960,21.0309
54.7107,3317.4207,1172.0693,21.0309
54.7312,3317.6753,1172.1919,21.0309
54.7321,3318.2759,1172.3942,21.0309
54.7405,3319.2041,1172.7345,21.0309
54.7646,3320.4044,1173.2318,21.0309
54.7656,3321.8398,1173.8569,21.0309
54.7703,3323.3756,1174.4188,21.0309
54.7812,3324.6752,1174.8534,21.0309
54.7903,3325.6907,1175.2365,21.0309
54.8147,3326.4583,1175.6190,21.0309
54.8159,3327.1056,1175.9428,21.0309
54.8198,3327.6555,1176.1498,21.0309
54.8459,3328.1102,1176.3358,21.0309
54.8471,3328.5713,1176.5015,21.0309
54.8501,3329.1018,1176.7032,21.0309
54.8606,3329.7665,1176.9380,21.0309
54.8783,3330.4537,1177.2161,21.0309
54.8811,3331.1656,1177.4887,21.0309
54.8988,3331.9565,1177.7797,21.0309
54.8999,3332.8208,1178.0849,21.0309
54.9101,3333.7380,1178.4343,21.0309
54.9296,3334.7504,1178.8702,21.0309
54.9307,3335.9220,1179.3993,21.0309
54.9457,3337.0632,1179.9090,21.0309
54.9503,3338.2794,1180.3588,21.0309
54.9620,3339.3906,1180.7162,21.0309
54.9702,3340.3538,1181.0632,21.0309
54.9802,3341.1927,1181.4219,21.0309
54.9909,3342.0063,1181.7648,21.0309
55.0137,3342.8140,1182.1028,21.0309
55.0146,3343.5906,1182.4202,21.0309
55.0200,3344.4167,1182.8131,21.0309
55.0314,3345.1769,1183.1309,21.0309
55.0408,3346.2209,1183.4807,21.0309
55.0504,3347.5109,1183.9681,21.0309
55.0736,3348.8162,1184.4594,21.0309
55.0743,3349.9982,1184.9596,21.0309
55.0799,3350.9054,1185.3302,21.0309
55.0989,3351.7609,1185.6718,21.0309
55.0999,3352.6798,1186.0721,21.0309
55.1102,3353.7191,1186.4930,21.0309
55.1305,3354.9174,1186.9439,21.0309
55.1314,3356.1364,1187.3392,21.0309
55.1404,3357.1501,1187.7006,21.0309
55.1622,3357.9438,1188.0248,21.0309
55.1640,3358.6571,1188.3527,21.0309
55.1704,3358.6816,1188.1269,21.0309
55.1944,3359.0787,1188.2842,21.0309
55.1953,3359.3606,1188.4396,21.0309
55.2003,3359.5081,1188.5922,21.0309
55.2149,3359.7460,1188.7423,21.0309
55.2201,3360.0205,1188.8945,21.0309
55.2490,3360.4506,1189.0594,21.0309
55.2501,3361.0582,1189.2971,22.1120
55.2510,3361.8973,1189.6098,22.1382
55.2599,3363.1091,1190.0899,22.2010
55.2703,3364.4885,1190.6659,22.2659
55.2971,3365.9536,1191.2552,22.3300
55.2986,3367.4497,1191.6782,22.6165
55.3009,3368.8328,1192.0956,23.2354
55.3101,3370.0417,1192.5405,24.1963
55.3201,3371.0927,1192.7755,24.1963
55.3435,3372.2314,1193.0986,24.1963
55.3444,3373.3312,1193.4082,24.1963
55.3518,3374.3582,1193.5721,24.1963
55.3598,3375.2817,1193.6130,24.1963
55.3832,3376.0741,1193.6457,24.1963
55.3839,3376.9600,1193.4201,24.1963
55.3898,3377.7745,1192.9697,24.1963
55.4003,3378.7391,1192.7953,24.1963
55.4098,3379.8676,1192.8844,24.1963
55.4199,3381.1008,1193.3102,24.1963
55.4301,3382.2202,1194.1011,24.1963
55.4404,3383.2773,1195.1464,24.1963
55.4509,3384.3054,1196.0947,24.1963
55.4604,3385.3090,1196.8132,24.1963
55.4820,3386.3120,1197.3782,24.1963
55.4830,3387.3152,1198.0407,24.1963
55.4901,3388.2675,1198.8914,24.1963
55.5128,3389.2838,1199.9866,24.1963
55.5141,3390.4940,1201.0238,24.1963
55.5204,3391.7904,1201.8627,24.1963
55.5318,3393.0597,1202.5692,24.1963
55.5401,3394.0377,1203.2593,24.1963
55.5502,3394.7057,1203.9531,24.1963
55.5604,3395.0907,1204.3948,24.1963
55.5702,3395.4340,1204.6364,24.1963
55.5869,3395.7949,1204.8726,24.1963
55.5903,3396.2471,1205.2243,24.1963
55.6025,3396.9092,1205.7405,24.1963
55.6106,3397.7948,1206.3665,24.1963
55.6309,3398.9255,1207.2205,24.1963
55.6318,3400.1201,1208.2639,24.1963
55.6406,3401.3502,1209.2921,24.1963
55.6502,3402.5332,1210.3153,24.1963
55.6602,3403.6128,1211.2933,24.1963
55.6801,3404.7761,1212.1806,24.1963
55.6810,3405.9888,1213.0682,24.1963
55.6898,3407.0726,1213.8508,24.1963
55.7064,3407.9907,1214.5806,24.1963
55.7101,3408.7822,1215.3283,24.1963
55.7313,3409.6310,1216.2047,24.1963
55.7324,3410.5961,1217.0533,24.1963
55.7406,3411.6396,1217.7758,24.1963
55.7638,3412.5010,1218.3503,24.1963
55.7650,3413.1779,1218.8647,24.1963
55.7700,3413.7300,1219.3754,24.1963
55.7955,3414.3153,1219.9188,24.1963
55.7964,3414.9049,1220.3908,24.1963
55.8003,3415.4629,1220.7562,24.1963
55.8103,3415.8733,1221.0883,24.1963
55.8321,3416.1431,1221.3973,24.1963
55.8328,3416.4120,1221.6909,24.1963
55.8399,3416.7456,1221.9680,24.1963
55.8627,3417.1117,1222.2348,24.1963
55.8641,3417.4863,1222.5369,24.1963
55.8703,3417.9296,1222.9154,24.1963
55.8812,3418.4835,1223.3579,24.1963
55.8908,3419.1808,1223.9108,24.1963
55.9138,3419.8926,1224.4569,24.1963
55.9146,3420.6167,1225.0336,24.1963
55.9204,3421.3593,1225.6432,24.1963
55.9459,3422.2244,1226.4073,24.1963
55.9471,3423.2101,1227.2912,24.1963
55.9502,3424.2861,1228.2237,24.1963
55.9753,3425.4095,1229.0805,24.1963
55.9762,3426.3640,1229.7419,24.1963
55.9808,3427.1047,1230.3145,24.1963
55.9901,3427.5931,1230.7911,24.1963
56.0017,3427.8148,1231.0089,39.6314
