time[s], wr_x[mm], wr_y[mm] 
0.0003,504.1437,1306.5946,-1.6737
4.0025,504.1660,1306.5793,-1.6769
4.0135,504.1987,1306.5743,-1.6710
4.0178,504.3128,1306.5375,-1.6607
4.0251,504.0869,1306.6387,-1.6713
4.0413,504.1002,1306.5864,-1.6741
4.0446,504.0655,1306.5754,-1.5892
4.0502,504.0000,1306.5414,-1.0938
4.0605,503.7861,1306.5647,-0.3415
4.0702,503.4661,1306.3610,0.5585
4.0801,503.7442,1306.0247,1.7664
4.0911,503.6150,1306.0956,3.1786
4.1028,503.4648,1305.7395,4.7345
4.1127,503.2852,1305.3362,6.4378
4.1202,503.0089,1305.0641,8.3421
4.1302,502.6717,1304.3325,10.4013
4.1405,502.2621,1303.8878,12.5936
4.1538,502.0572,1303.4975,14.9100
4.1602,502.1250,1302.7681,17.3633
4.1704,501.9107,1302.2695,19.7605
4.1806,501.8414,1301.7244,22.4676
4.1915,501.9093,1300.9044,25.1418
4.2004,501.8930,1300.0157,25.1418
4.2124,501.8693,1299.1694,25.1418
4.2205,501.7642,1298.2581,25.1418
4.2308,501.9532,1297.3480,25.1418
4.2414,502.0563,1296.5483,25.1418
4.2529,502.4014,1295.6509,25.1418
4.2616,502.7143,1294.9021,25.1418
4.2706,503.2673,1294.2291,25.1418
4.2834,503.5210,1293.8486,25.1418
4.2906,503.8481,1293.5761,25.1418
4.3004,504.2089,1293.0895,25.1418
4.3114,504.4046,1292.6427,25.1418
4.3212,504.8638,1292.3010,25.1418
4.3313,504.9984,1292.3077,25.1418
4.3415,504.7845,1292.5007,25.1418
4.3508,504.8965,1292.5533,25.1418
4.3618,504.8085,1292.6604,25.1418
4.3711,504.9760,1292.6210,25.1418
4.3804,505.0481,1292.6496,25.1418
4.3911,504.9646,1292.7524,25.1418
4.4006,505.0202,1292.7478,25.1418
4.4106,505.0046,1292.7597,25.1418
4.4206,505.0644,1292.7449,25.1418
4.4305,504.9369,1292.8074,25.1418
4.4402,504.9693,1292.8458,25.1418
4.4505,505.1757,1292.8651,25.1418
4.4607,505.1823,1293.0656,25.1418
4.4707,505.4557,1293.1678,25.1418
4.4806,505.5979,1293.3240,25.1418
4.4901,505.6021,1293.4302,25.1418
4.5006,505.6753,1293.5377,25.1418
4.5115,505.6433,1293.7968,25.1418
4.5206,505.9653,1293.8825,25.1418
4.5303,506.0012,1293.9893,25.1418
4.5408,505.9346,1294.1063,25.1418
4.5521,506.0619,1294.0935,25.1418
4.5601,506.0450,1294.1278,25.1418
4.5705,506.0420,1294.0929,25.1418
4.5805,506.0833,1294.0625,25.1418
4.5906,506.1315,1293.9968,25.1418
4.6008,506.0121,1293.9798,25.1418
4.6116,505.9456,1294.0126,25.1418
4.6216,506.0861,1293.9334,25.1418
4.6306,505.8632,1293.9695,25.1418
4.6404,505.9141,1293.9852,25.1418
4.6509,506.0999,1293.9738,25.1418
4.6605,506.0358,1294.1356,25.1418
4.6714,506.2884,1294.2884,25.1418
4.6805,506.5306,1294.5401,25.1418
4.6904,506.7374,1294.6987,25.1418
4.7004,506.7840,1294.8353,25.1418
4.7108,507.0234,1294.8939,25.1418
4.7206,506.8920,1294.9876,25.1418
4.7317,506.9081,1295.0922,25.1418
4.7406,506.9253,1295.2517,25.1418
4.7502,507.1639,1295.4733,25.1418
4.7619,507.5135,1295.8000,25.1418
4.7712,508.0128,1296.2173,25.1418
4.7813,508.4208,1296.9178,25.1418
4.7901,509.0812,1297.6125,25.1418
4.8005,509.6250,1298.3523,25.1418
4.8115,510.2324,1298.9980,25.1418
4.8202,510.7639,1299.7118,25.1418
4.8301,511.3705,1300.4661,25.1418
4.8412,511.9284,1301.2277,25.1418
4.8518,512.4832,1302.0234,25.1418
4.8613,513.2111,1302.7943,25.1418
4.8711,513.8999,1303.5587,25.1418
4.8813,514.4181,1304.3464,25.1418
4.8901,514.8269,1305.0861,25.1418
4.9005,515.7260,1305.7059,25.1418
4.9104,516.3710,1306.4541,25.1418
4.9204,516.8738,1307.2722,25.1418
4.9301,517.4965,1308.1948,25.1418
4.9407,518.2774,1309.0356,25.1418
4.9505,518.9836,1309.8867,25.1418
4.9604,519.5063,1310.7030,25.1418
4.9705,520.2614,1311.4094,25.1418
4.9807,520.6814,1312.1990,25.1418
4.9905,521.3268,1312.8239,25.1418
5.0008,521.8531,1313.6284,25.1418
5.0117,522.4428,1314.4620,25.1418
5.0204,523.1499,1315.3011,25.1418
5.0302,523.9083,1316.1609,25.1418
5.0408,524.6488,1316.9479,25.1418
5.0508,525.2574,1317.7607,25.1418
5.0606,525.7977,1318.4936,25.1418
5.0703,526.2687,1319.2072,25.1418
5.0805,526.8350,1319.8965,25.1418
5.0904,527.6574,1320.5927,25.1418
5.1005,527.9747,1321.4987,25.1418
5.1110,528.7071,1322.2893,25.1418
5.1202,529.4885,1323.1161,25.1418
5.1302,530.0912,1323.9009,25.1418
5.1403,530.7105,1324.6022,25.1418
5.1524,531.1384,1325.3079,25.1418
5.1609,531.8540,1325.9137,25.1418
5.1715,532.3170,1326.6461,25.1418
5.1804,532.8082,1327.3818,25.1418
5.1906,533.6882,1328.1044,25.1418
5.2003,534.2090,1329.0449,25.1418
5.2105,534.8072,1329.8403,25.1418
5.2209,535.5912,1330.5651,25.1418
5.2319,536.2731,1331.2911,25.1418
5.2405,536.6833,1331.9826,25.1418
5.2512,537.1207,1332.7292,25.1418
5.2603,537.9591,1333.3570,25.1418
5.2720,538.3604,1334.1655,25.1418
5.2829,539.0858,1334.9155,25.1418
5.2917,539.8359,1335.7975,25.1418
5.3028,540.2150,1336.7520,25.1418
5.3108,541.1065,1337.4521,25.1418
5.3209,541.7274,1338.2009,25.1418
5.3327,542.1947,1338.8979,25.1418
5.3418,542.7511,1339.5475,25.1418
5.3517,543.2645,1340.3316,25.1418
5.3623,544.0368,1340.9898,25.1418
5.3703,544.4690,1341.8267,25.1418
5.3802,545.2702,1342.6066,25.1418
5.3906,545.7890,1343.4964,25.1418
5.4005,546.4732,1344.2488,25.1418
5.4107,547.0865,1344.8967,25.1418
5.4206,547.4989,1345.6069,25.1418
5.4307,548.1416,1346.2485,25.1418
5.4406,548.5463,1347.0248,25.1418
5.4508,549.3126,1347.7581,25.1418
5.4606,549.9174,1348.6400,25.1418
5.4708,550.6567,1349.5615,25.1418
5.4804,551.3678,1350.4020,25.1418
5.4908,551.8895,1351.1661,25.1418
5.5020,552.5325,1351.8063,25.1418
5.5108,553.1216,1352.4810,25.1418
5.5202,553.5517,1353.2443,25.1418
5.5302,554.2774,1353.8616,25.1418
5.5405,554.7207,1354.7228,25.1418
5.5504,555.3845,1355.5558,25.1418
5.5604,556.1409,1356.4269,25.1418
5.5704,556.7968,1357.3397,25.1418
5.5812,557.6451,1358.0388,25.1418
5.5906,558.0313,1358.7792,25.1418
5.6002,558.6320,1359.4667,25.1418
5.6111,559.3093,1360.1642,25.1418
5.6213,559.7182,1360.9730,25.1418
5.6304,560.3686,1361.7081,25.1418
5.6403,561.1014,1362.5234,25.1418
5.6522,561.6676,1363.4419,25.1418
5.6616,562.2695,1364.2939,25.1418
5.6702,563.1072,1365.0112,25.1418
5.6806,563.6475,1365.6921,25.1418
5.6904,564.1266,1366.4183,25.1418
5.7004,564.8345,1367.0759,25.1418
5.7113,565.4247,1367.8787,25.1418
5.7220,565.9197,1368.6993,25.1418
5.7307,566.8462,1369.4526,25.1418
5.7404,567.3284,1370.4130,25.1418
5.7512,567.9884,1371.2050,25.1418
5.7612,568.7621,1371.8966,52.0440
5.7708,569.3566,1372.5614,52.0105
5.7810,569.8707,1373.2697,52.0226
5.7909,570.3754,1374.0815,51.9852
5.8004,571.0864,1374.8135,51.9926
5.8115,571.4787,1375.7655,51.8078
5.8202,572.2338,1376.8229,51.8078
5.8306,573.1364,1377.5703,51.8078
5.8420,573.3499,1378.6459,51.8078
5.8523,573.7468,1379.8734,51.8078
5.8605,574.4397,1380.5589,51.8078
5.8719,574.5651,1381.7161,51.8078
5.8802,575.0726,1382.8007,51.8078
5.8904,575.6372,1383.7538,51.8078
5.9004,575.8237,1384.7966,51.8078
5.9102,575.9849,1385.7357,51.8078
5.9217,576.5775,1386.4456,51.8078
5.9318,577.1804,1387.1301,51.8078
5.9403,577.8083,1387.7732,51.8078
5.9503,578.6599,1388.3257,51.8078
5.9617,579.3266,1389.0353,51.8078
5.9719,579.9077,1389.7168,51.8078
5.9812,580.7342,1390.4255,51.8078
5.9918,581.6072,1391.0948,51.8078
6.0018,582.4075,1391.7195,51.8078
6.0113,582.8716,1392.3989,51.8078
6.0214,583.6135,1393.0010,51.8078
6.0307,584.4462,1393.6523,51.8078
6.0404,585.1765,1394.3674,51.8078
6.0503,585.8927,1395.0195,51.8078
6.0607,586.5879,1395.7225,51.8078
6.0724,587.2675,1396.3896,51.8078
6.0827,588.0411,1397.0472,51.8078
6.0904,588.6964,1397.7224,51.8078
6.1006,589.2952,1398.4075,51.8078
6.1103,590.0325,1399.1299,51.8078
6.1204,591.0197,1399.8465,51.8078
6.1313,591.4267,1400.8089,51.8078
6.1405,592.3424,1401.4655,51.8078
6.1509,593.1915,1402.1349,51.8078
6.1621,593.8247,1402.8569,51.8078
6.1705,594.4648,1403.5114,51.8078
6.1803,595.3464,1404.1053,51.8078
6.1904,595.9013,1404.8735,51.8078
6.2003,596.4956,1405.6331,51.8078
6.2106,597.2174,1406.3542,51.8078
6.2205,598.2181,1406.8879,51.8078
6.2309,598.5864,1407.6512,51.8078
6.2409,599.5630,1408.1880,51.8078
6.2504,600.3037,1408.8228,51.8078
6.2605,600.9492,1409.4894,51.8078
6.2702,601.6077,1410.0963,51.8078
6.2804,602.4575,1410.7447,51.8078
6.2903,603.0197,1411.5000,51.8078
6.3001,603.7042,1412.1905,51.8078
6.3109,604.4000,1412.8273,51.8078
6.3209,605.2298,1413.3931,51.8078
6.3303,605.6253,1414.1066,51.8078
6.3417,606.4352,1414.6543,51.8078
6.3502,607.1977,1415.2776,51.8078
6.3605,607.8255,1415.9058,51.8078
6.3705,608.5974,1416.5604,51.8078
6.3821,609.2074,1417.2951,51.8078
6.3920,609.9719,1417.9097,51.8078
6.4009,610.5035,1418.6219,51.8078
6.4120,611.3346,1419.2341,51.8078
6.4215,611.9381,1419.8740,51.8078
6.4304,612.5085,1420.5684,51.8078
6.4410,613.2333,1421.1591,51.8078
6.4501,614.0222,1421.7812,51.8078
6.4606,614.6421,1422.4950,51.8078
6.4714,615.5673,1423.1953,51.8078
6.4804,616.1676,1423.9992,51.8078
6.4904,617.0486,1424.6772,51.8078
6.5004,617.6879,1425.3730,51.8078
6.5102,618.4211,1426.0175,51.8078
6.5223,618.8203,1426.7485,51.8078
6.5309,619.5754,1427.3594,51.8078
6.5405,620.3332,1427.9330,51.8078
6.5501,620.8860,1428.6112,51.8078
6.5606,621.6770,1429.2893,51.8078
6.5707,622.6019,1430.0301,51.8078
6.5803,623.1726,1430.8346,51.8078
6.5904,624.0578,1431.4591,51.8078
6.6003,624.5992,1432.2172,51.8078
6.6112,625.4080,1432.7952,51.8078
6.6221,626.0713,1433.3990,51.8078
6.6303,626.7016,1434.0484,51.8078
6.6411,627.5130,1434.6753,51.8078
6.6514,628.0826,1435.4761,51.8078
6.6604,628.8799,1436.2515,51.8078
6.6720,629.6970,1436.9573,51.8078
6.6805,630.2886,1437.6917,51.8078
6.6919,631.2326,1438.2764,51.8078
6.7015,631.7959,1438.9816,51.8078
6.7108,632.4149,1439.6327,51.8078
6.7209,633.1417,1440.2750,44.0577
6.7313,633.8316,1440.9497,44.1048
6.7406,634.7025,1441.6266,44.1686
6.7508,635.2540,1442.4880,44.0153
6.7602,636.1606,1443.2479,43.8633
6.7715,636.8137,1444.3156,43.1369
6.7817,637.8086,1445.0936,43.1369
6.7904,638.4432,1446.1658,43.1369
6.8005,639.0374,1447.4105,43.1369
6.8110,639.9488,1448.2073,43.1369
6.8213,640.2949,1449.3754,43.1369
6.8315,640.7865,1450.3724,43.1369
6.8417,640.7236,1451.6399,43.1369
6.8504,640.8992,1452.8603,33.7026
6.8614,641.4867,1453.7265,33.7026
6.8709,641.8706,1454.6019,33.7026
6.8812,642.7027,1455.2040,33.7026
6.8910,643.7907,1455.6532,33.7026
6.9017,644.4287,1456.2216,33.7026
6.9115,645.0790,1456.6190,33.7026
6.9212,645.5636,1457.0153,33.7026
6.9312,646.1901,1457.3378,33.7026
6.9413,646.8405,1457.7621,33.7026
6.9503,647.6687,1458.1578,33.7026
6.9603,648.4276,1458.6487,33.7026
6.9702,649.0168,1459.1775,33.7026
6.9810,649.8735,1459.6119,33.7026
6.9911,650.7405,1460.1464,33.7026
7.0006,651.4557,1460.7834,33.7026
7.0103,652.4517,1461.2856,33.7026
7.0203,653.1804,1461.7667,33.7026
7.0307,653.8302,1462.2232,33.7026
7.0404,655.7282,1462.2274,33.7026
7.0504,656.8525,1462.6655,33.7026
7.0603,657.8844,1463.1752,33.7026
7.0711,658.8490,1463.7177,33.7026
7.0803,659.8465,1464.3344,33.7026
7.0900,660.7791,1464.9279,33.7026
7.1008,661.4990,1465.4714,33.7026
7.1105,662.3299,1465.9310,33.7026
7.1205,663.1047,1466.3696,33.7026
7.1309,663.9340,1466.8682,33.7026
7.1404,664.7328,1467.4407,33.7026
7.1504,665.5931,1467.9030,33.7026
7.1602,666.2804,1468.3924,33.7026
7.1714,667.1307,1468.9153,33.7026
7.1804,667.9343,1469.5377,33.7026
7.1918,668.7974,1470.0327,33.7026
7.2015,669.6712,1470.4296,33.7026
7.2113,670.3732,1470.9000,33.7026
7.2214,670.9987,1471.4740,33.7026
7.2320,671.9739,1471.9620,33.7026
7.2412,672.8251,1472.5391,33.7026
7.2504,673.8542,1473.0644,33.7026
7.2615,674.6126,1473.7647,33.7026
7.2705,675.5938,1474.2865,33.7026
7.2804,676.3439,1474.7728,33.7026
7.2907,676.9564,1475.1910,33.7026
7.3006,677.9131,1475.6307,33.7026
7.3112,678.7618,1476.1582,33.7026
7.3210,679.4642,1476.6841,33.7026
7.3305,680.5422,1477.1256,33.7026
7.3417,681.3393,1477.7224,33.7026
7.3507,682.1592,1478.3042,33.7026
7.3605,682.9190,1478.8907,33.7026
7.3713,683.7280,1479.3725,33.7026
7.3804,684.4964,1479.7982,33.7026
7.3917,685.2830,1480.2938,33.7026
7.4008,686.1250,1480.8226,33.7026
7.4106,687.0407,1481.3253,33.7026
7.4216,687.8667,1481.8473,33.7026
7.4305,688.8226,1482.4405,33.7026
7.4407,689.5832,1483.0845,33.7026
7.4508,690.4932,1483.6236,33.7026
7.4605,691.3220,1484.0982,33.7026
7.4705,691.9962,1484.5656,33.7026
7.4805,692.7018,1485.1169,33.7026
7.4916,693.4044,1485.6484,33.7026
7.5005,694.2350,1486.1206,33.7026
7.5115,695.1087,1486.6509,33.7026
7.5214,696.0038,1487.1881,33.7026
7.5310,696.8500,1487.8503,33.7026
7.5405,697.7039,1488.4670,33.7026
7.5505,698.5741,1488.9692,33.7026
7.5602,699.3779,1489.4809,33.7026
7.5703,700.1123,1490.0095,33.7026
7.5814,700.7922,1490.6025,33.7026
7.5904,701.6532,1491.0972,33.7026
7.6005,702.5693,1491.5649,33.7026
7.6103,703.3798,1492.1541,33.7026
7.6204,704.2152,1492.7723,33.7026
7.6309,705.0829,1493.3454,33.7026
7.6402,705.8636,1493.8393,33.7026
7.6504,706.6527,1494.3560,33.7026
7.6602,707.5324,1494.9101,33.7026
7.6701,708.2556,1495.4435,33.7026
7.6803,709.1114,1495.9836,33.7026
7.6905,710.1190,1496.4938,33.7026
7.7007,710.9168,1497.1378,33.7026
7.7104,711.7824,1497.7114,33.7026
7.7208,712.5213,1498.2634,33.7026
7.7306,713.2195,1498.8277,32.5957
7.7412,714.2218,1499.1977,32.6997
7.7516,714.9670,1499.7549,32.6687
7.7611,715.7401,1500.3051,32.6730
7.7705,716.6079,1500.7783,32.6730
7.7802,717.5623,1501.3417,32.6730
7.7905,718.3369,1501.8648,32.6730
7.8017,719.2173,1502.2996,32.6730
7.8103,720.0122,1502.6302,32.6730
7.8202,720.8672,1502.7202,32.6730
7.8302,721.5855,1502.8726,32.6730
7.8402,722.5724,1503.0813,32.6730
7.8502,723.6479,1503.4817,32.6730
7.8603,724.5432,1503.9107,32.6730
7.8705,725.3585,1504.4483,32.6730
7.8815,726.0352,1505.2043,32.6730
7.8919,726.7628,1505.8356,32.6730
7.9018,727.4532,1506.3856,32.6730
7.9115,728.3109,1506.9492,32.6730
7.9218,729.0537,1507.6307,32.6730
7.9314,729.7732,1508.4084,32.6730
7.9406,730.6540,1509.0637,32.6730
7.9509,731.5998,1509.6643,32.6730
7.9604,732.3761,1510.3345,32.6730
7.9714,733.1645,1511.0721,32.6730
7.9809,733.9692,1511.7275,32.6730
7.9910,734.7874,1512.3089,32.6730
8.0003,735.5297,1512.9319,32.6730
8.0105,736.3108,1513.5952,32.6730
8.0203,736.8372,1514.2945,32.6730
8.0305,737.7722,1514.8232,32.6730
8.0410,738.4872,1515.4903,32.6730
8.0509,739.4021,1516.1733,32.6730
8.0606,740.2136,1516.9048,32.6730
8.0705,741.0633,1517.6301,32.6730
8.0819,741.8895,1518.2613,32.6730
8.0908,742.5880,1518.8967,32.6730
8.1005,743.1754,1519.5560,32.6730
8.1107,744.0868,1520.1168,32.6730
8.1210,744.5993,1520.7947,32.6730
8.1306,745.5403,1521.3411,32.6730
8.1403,746.4438,1521.9620,32.6730
8.1503,747.1114,1522.6760,32.6730
8.1602,747.8849,1523.3148,32.6730
8.1704,748.5875,1523.9932,32.6730
8.1804,749.2917,1524.6035,32.6730
8.1917,749.9130,1525.2453,32.6730
8.2008,750.7557,1525.8281,32.6730
8.2116,751.5157,1526.4617,32.6730
8.2205,752.3962,1527.0646,32.6730
8.2301,753.0889,1527.8472,32.6730
8.2402,754.1450,1528.5296,32.6730
8.2505,754.8935,1529.2626,32.6730
8.2602,755.7599,1529.8796,32.6730
8.2715,756.4001,1530.5546,32.6730
8.2801,757.1384,1531.1572,32.6730
8.2905,757.8600,1531.8063,32.6730
8.3022,758.8257,1532.3659,32.6730
8.3113,759.4958,1532.9634,32.6730
8.3203,760.2103,1533.6001,32.6730
8.3302,761.1364,1534.1537,32.6730
8.3403,761.7829,1534.8057,32.6730
8.3503,762.5033,1535.4025,32.6730
8.3608,763.1336,1536.0415,32.6730
8.3725,763.9179,1536.5705,32.6730
8.3812,764.6376,1537.1902,32.6730
8.3916,765.4905,1537.8222,32.6730
8.4001,766.2026,1538.4877,32.6730
8.4102,767.0768,1539.1292,32.6730
8.4204,767.7992,1539.8309,32.6730
8.4304,768.6643,1540.4268,32.6730
8.4409,769.2564,1541.0920,32.6730
8.4503,769.9745,1541.6701,32.6730
8.4611,770.7449,1542.2498,32.6730
8.4713,771.4694,1542.8680,32.6730
8.4818,772.2818,1543.4663,32.6730
8.4900,772.9902,1544.1367,32.6730
8.5003,773.8402,1544.7636,32.6730
8.5106,774.5881,1545.3906,32.6730
8.5206,775.3760,1546.0325,32.6730
8.5305,776.0342,1546.6572,32.6730
8.5403,776.6640,1547.2837,32.6730
8.5504,777.3884,1547.8545,32.6730
8.5608,778.1250,1548.5081,32.6730
8.5702,778.9024,1549.0988,32.6730
8.5814,779.7115,1549.7769,32.6730
8.5914,780.5604,1550.4542,32.6730
8.6003,781.3365,1551.1135,32.6730
8.6104,782.0294,1551.7664,32.6730
8.6216,782.7661,1552.3768,32.6730
8.6318,783.4616,1552.9344,32.6730
8.6410,784.1120,1553.5473,32.6730
8.6504,784.8530,1554.1741,32.6730
8.6622,785.5642,1554.8440,32.6730
8.6722,786.4828,1555.4641,32.6730
8.6814,787.3171,1556.1733,32.6730
8.6904,788.0801,1556.8562,32.6730
8.7003,788.7744,1557.4786,32.6730
8.7102,789.4866,1558.0654,32.6730
8.7202,790.1529,1558.6447,32.6730
8.7315,790.7964,1559.2778,32.6730
8.7422,791.5960,1559.8890,32.6730
8.7504,792.4556,1560.5005,32.6730
8.7622,793.2308,1561.2335,32.6730
8.7716,794.1111,1561.8986,32.6730
8.7802,794.8615,1562.6193,32.6730
8.7902,795.5407,1563.2482,32.6730
8.8003,796.2697,1563.8266,32.6730
8.8110,796.9362,1564.4981,32.6730
8.8207,797.7349,1565.0793,32.6730
8.8306,798.4875,1565.6677,32.6730
8.8421,799.2671,1566.3635,32.6730
8.8507,800.1122,1567.0289,39.7551
8.8610,800.8596,1567.7266,39.7218
8.8705,801.6307,1568.3936,39.7236
8.8802,802.3541,1569.0364,39.7627
8.8907,803.1634,1569.6121,40.0467
8.9007,804.1259,1570.2233,40.0467
8.9109,804.8074,1571.1636,40.0467
8.9212,805.7568,1571.5245,40.0467
8.9321,806.8036,1571.9753,40.0467
8.9422,807.5437,1572.8401,40.0467
8.9503,809.3672,1572.4657,40.0467
8.9609,810.7068,1572.4668,40.0467
8.9716,811.7885,1573.3065,40.0467
8.9813,813.0048,1574.0957,40.0467
8.9918,814.0362,1574.5518,40.0467
9.0023,814.9507,1575.0373,40.0467
9.0113,815.6891,1575.8076,40.0467
9.0223,816.3817,1576.7102,40.0467
9.0317,817.0851,1577.5403,40.0467
9.0420,817.7858,1578.2907,40.0467
9.0519,818.4113,1579.0291,40.0467
9.0617,819.0058,1579.7325,40.0467
9.0711,819.5858,1580.4035,40.0467
9.0803,820.1902,1580.9604,40.0467
9.0920,820.7556,1581.5021,40.0467
9.1009,821.3235,1582.1480,40.0467
9.1113,821.8271,1582.7884,40.0467
9.1206,822.4271,1583.4252,40.0467
9.1303,823.1129,1584.1865,40.0467
9.1412,823.6581,1585.0175,40.0467
9.1511,824.3292,1585.7538,40.0467
9.1604,824.9388,1586.5382,40.0467
9.1702,825.6305,1587.1745,40.0467
9.1803,826.2664,1587.8013,40.0467
9.1906,826.8572,1588.4836,40.0467
9.2003,827.4710,1589.2278,40.0467
9.2103,828.0846,1589.9848,40.0467
9.2214,828.7730,1590.7471,40.0467
9.2303,829.3875,1591.5623,40.0467
9.2405,830.0260,1592.3702,40.0467
9.2505,830.6510,1593.1350,40.0467
9.2607,831.3389,1593.7952,40.0467
9.2705,831.9829,1594.4553,40.0467
9.2810,832.6329,1595.1150,40.0467
9.2911,833.2693,1595.8909,40.0467
9.3005,833.9330,1596.7069,40.0467
9.3108,834.6071,1597.4881,40.0467
9.3205,835.2878,1598.3348,49.4726
9.3312,835.8891,1599.1492,49.4630
9.3412,836.4976,1599.8583,49.4647
9.3503,837.2256,1600.5383,49.5431
9.3602,837.8887,1601.2065,49.5864
9.3705,838.3828,1602.0078,49.3551
9.3803,838.8422,1602.9672,48.7328
9.3915,839.5254,1603.7311,48.0018
9.4004,839.9768,1604.4102,46.9311
9.4103,840.1776,1605.4642,45.5556
9.4214,840.9218,1606.3439,44.1276
9.4320,841.3476,1607.2022,42.4334
9.4411,841.7644,1608.3588,40.6465
9.4506,842.2608,1609.2433,38.6302
9.4605,842.3654,1610.3158,36.4263
9.4702,842.4540,1611.2596,34.1790
9.4805,842.6907,1612.2874,31.7490
9.4900,842.8135,1613.2411,29.3144
9.5005,842.9910,1614.3285,26.6564
9.5104,843.1786,1615.4056,24.0524
9.5205,841.1530,1617.4205,20.3326
9.5304,841.0466,1618.6235,17.5559
9.5408,841.1569,1619.7026,14.7053
9.5503,840.9837,1620.9276,11.7275
9.5602,840.8652,1622.1202,8.6832
9.5707,841.1237,1623.1647,5.6785
9.5804,841.2959,1624.2557,2.6373
9.5906,841.4106,1625.4542,-0.4954
9.6009,841.5066,1626.5319,-0.4954
9.6102,841.6790,1627.8690,-0.4954
9.6202,841.8536,1628.9312,-0.4954
9.6308,842.0728,1630.2186,-0.4954
9.6401,842.5726,1631.4775,-0.4954
9.6508,843.0434,1632.6136,-0.4954
9.6603,843.2629,1633.6243,-0.4954
9.6701,843.9276,1634.2666,-0.4954
9.6804,844.6805,1634.6389,-0.4954
9.6911,845.3481,1635.0942,-0.4954
9.7006,846.0148,1635.4332,-0.4954
9.7105,846.8344,1635.4924,-0.4954
9.7204,847.5616,1635.4280,-0.4954
9.7305,848.3368,1635.1982,-0.4954
9.7409,849.0361,1634.9001,-0.4954
9.7504,849.5521,1634.5010,-0.4954
9.7606,851.3149,1633.4857,-0.4954
9.7703,852.1310,1633.1014,-0.4954
9.7802,853.0279,1632.6179,-0.4954
9.7908,853.9449,1632.0159,-0.4954
9.8005,854.8896,1631.3748,-0.4954
9.8106,855.7770,1630.7917,-0.4954
9.8208,856.5263,1630.4036,-0.4954
9.8302,857.2537,1630.0212,-0.4954
9.8406,857.9910,1629.6075,-0.4954
9.8506,858.7628,1629.1663,-0.4954
9.8607,859.4948,1628.8186,-0.4954
9.8706,860.2448,1628.4088,-0.4954
9.8805,861.0784,1627.8961,-0.4954
9.8908,861.9523,1627.3538,-0.4954
9.9005,862.8702,1626.7725,-0.4954
9.9103,863.8195,1626.2416,-0.4954
9.9202,864.6522,1625.7628,-0.4954
9.9301,865.4555,1625.3607,-0.4954
9.9411,866.2106,1625.0096,-0.4954
9.9505,867.0086,1624.5609,-0.4954
9.9603,867.8153,1624.1289,-0.4954
9.9704,868.6310,1623.6584,-0.4954
9.9808,869.5439,1623.0747,-0.4954
9.9906,870.4886,1622.4970,-0.4954
10.0003,871.3846,1621.9948,-0.4954
10.0121,872.2197,1621.5549,-0.4954
10.0215,873.0065,1621.1115,-0.4954
10.0303,873.8001,1620.7173,-0.4954
10.0410,874.5917,1620.3464,-0.4954
10.0510,875.4529,1619.8696,-0.4954
10.0609,876.3463,1619.4097,-0.4954
10.0706,877.3040,1618.8259,-0.4954
10.0803,878.1889,1618.2443,-0.4954
10.0903,879.0511,1617.7598,-0.4954
10.1003,879.8365,1617.3523,-0.4954
10.1106,880.6021,1616.9488,-0.4954
10.1202,881.3820,1616.5745,-0.4954
10.1302,882.1855,1616.1963,-0.4954
10.1427,882.9997,1615.7401,-0.4954
10.1507,883.8845,1615.2161,-0.4954
10.1601,884.8456,1614.7032,-0.4954
10.1701,885.7762,1614.1191,-0.4954
10.1802,886.6741,1613.5790,-0.4954
10.1912,887.4972,1613.1664,-0.4954
10.2008,888.2674,1612.7415,-0.4954
10.2104,889.0737,1612.3324,-0.4954
10.2208,889.8644,1611.9684,-0.4954
10.2305,890.6666,1611.5378,-29.0319
10.2422,891.4948,1611.0368,-29.0166
10.2514,892.4228,1610.5035,-28.9721
10.2605,893.3679,1609.9689,-28.9390
10.2705,894.2453,1609.4448,-28.8956
10.2802,895.0312,1608.9711,-28.6730
10.2906,895.7826,1608.4890,-28.0889
10.3008,896.4258,1608.0353,-27.3305
10.3125,896.9266,1607.3566,-26.2861
10.3203,897.8500,1606.9680,-24.9502
10.3301,898.4863,1606.2897,-23.4177
10.3409,899.0672,1605.6384,-21.7964
10.3509,899.7550,1605.0673,-19.9465
10.3606,900.2560,1604.5742,-17.9388
10.3705,900.5385,1603.6722,-15.7488
10.3806,901.0287,1603.2067,-15.7488
10.3904,901.6099,1602.6248,-15.7488
10.4008,901.8739,1601.6345,-15.7488
10.4103,902.2523,1601.1336,-15.7488
10.4204,902.4740,1600.2385,-15.7488
10.4302,902.6436,1599.1021,-15.7488
10.4404,903.1246,1598.3300,-15.7488
10.4503,903.7790,1597.5045,-15.7488
10.4619,904.6666,1597.0244,-15.7488
10.4709,905.7141,1596.6807,-15.7488
10.4804,906.5673,1596.1322,-15.7488
10.4910,907.4720,1595.6844,-15.7488
10.5009,908.4621,1595.5663,-15.7488
10.5111,909.4283,1595.6760,-15.7488
10.5212,910.3456,1595.7947,-15.7488
10.5307,911.1113,1595.8503,-15.7488
10.5404,911.8202,1595.9073,-15.7488
10.5508,912.5733,1595.9828,-15.7488
10.5603,913.4873,1596.0850,-15.7488
10.5700,914.5980,1596.2472,-15.7488
10.5802,915.6898,1596.3991,-15.7488
10.5908,916.7832,1596.3764,-15.7488
10.6006,917.8711,1596.3897,-15.7488
10.6104,918.9456,1596.4564,-15.7488
10.6202,919.9709,1596.5504,-15.7488
10.6304,920.9188,1596.6876,-15.7488
10.6407,921.8789,1596.7872,-15.7488
10.6510,922.8383,1596.9026,-15.7488
10.6610,923.8454,1596.9975,-15.7488
10.6708,924.8603,1597.0643,-15.7488
10.6812,925.8298,1597.0908,-15.7488
10.6910,926.8920,1597.1225,-15.7488
10.7001,927.9597,1597.2322,-15.7488
10.7122,928.9732,1597.3459,-15.7488
10.7215,930.0201,1597.4449,-15.7488
10.7315,931.0650,1597.5845,-15.7488
10.7404,932.1728,1597.7024,-15.7488
10.7509,933.2854,1597.8044,-15.7488
10.7613,934.3438,1597.8329,-15.7488
10.7712,935.3444,1597.9106,-15.7488
10.7818,936.3292,1598.0193,-15.7488
10.7903,937.3404,1598.1481,-15.7488
10.8002,938.2471,1598.2618,-15.7488
10.8107,939.2104,1598.3067,-15.7488
10.8203,940.2449,1598.4380,-15.7488
10.8304,941.3295,1598.5734,-15.7488
10.8401,942.4079,1598.6335,-15.7488
10.8506,943.4340,1598.6668,-15.7488
10.8606,944.4180,1598.6796,-15.7488
10.8707,945.4045,1598.8101,-15.7488
10.8803,946.3801,1598.9165,-15.7488
10.8907,947.3436,1599.0414,-15.7488
10.9001,948.3374,1599.1202,-15.7488
10.9099,949.4558,1599.2185,-15.7488
10.9204,950.5615,1599.3425,-15.7488
10.9304,951.5943,1599.3788,-15.7488
10.9403,952.6190,1599.4274,-15.7488
10.9507,953.5653,1599.5379,-15.7488
10.9616,954.5464,1599.6939,-15.7488
10.9710,955.4355,1599.7686,-15.7488
10.9805,956.3753,1599.8037,-15.7488
10.9914,957.3867,1599.9120,-15.7488
11.0004,958.4474,1600.0472,-15.7488
11.0103,959.5954,1600.1517,-15.7488
11.0202,960.6808,1600.2623,-15.7488
11.0305,961.7193,1600.4026,-15.7488
11.0407,962.6935,1600.5237,-15.7488
11.0516,963.6558,1600.6566,-15.7488
11.0607,964.6743,1600.7313,-15.7488
11.0701,965.6549,1600.8600,-15.7488
11.0807,966.6891,1600.9709,-15.7488
11.0906,967.7693,1601.0763,-15.7488
11.1017,968.8428,1601.1803,-15.7488
11.1112,969.9013,1601.2841,-15.7488
11.1223,970.9085,1601.4307,-15.7488
11.1319,971.8871,1601.5086,-15.7488
11.1414,972.8469,1601.6175,-15.7488
11.1510,973.8294,1601.7008,-15.7488
11.1614,974.8880,1601.8069,-15.7488
11.1708,975.9480,1601.9491,-15.7488
11.1805,977.0408,1602.0188,-15.7488
11.1905,978.0782,1602.1195,-15.7488
11.2002,979.0610,1602.2327,-15.7488
11.2104,980.0320,1602.3462,-15.7488
11.2203,980.9664,1602.4760,-15.7488
11.2300,981.9463,1602.5283,-15.7488
11.2415,982.8851,1602.6227,-15.7488
11.2503,983.8873,1602.7453,-15.7488
11.2607,984.9655,1602.8400,-15.7488
11.2712,986.0040,1602.9045,-15.7488
11.2809,986.9944,1602.9883,-15.7488
11.2907,987.8885,1603.1211,-15.7488
11.3010,988.8171,1603.2204,-15.7488
11.3104,989.7375,1603.3071,-15.7488
11.3202,990.6908,1603.3787,-15.7488
11.3301,991.7053,1603.4528,-15.7488
11.3405,992.7584,1603.5850,-15.7488
11.3504,993.7872,1603.6467,-15.7488
11.3603,994.8172,1603.7003,-15.7488
11.3706,995.7579,1603.7962,-15.7488
11.3804,996.6030,1603.9562,-15.7488
11.3902,997.5233,1604.0782,-15.7488
11.4012,998.4733,1604.2066,-15.7488
11.4122,999.4462,1604.2811,-15.7488
11.4205,1000.4819,1604.3732,-15.7488
11.4304,1001.5834,1604.4719,-15.7488
11.4408,1002.6656,1604.6008,-15.7488
11.4504,1003.7388,1604.7139,-15.7488
11.4602,1004.7041,1604.8667,-15.7488
11.4714,1005.5994,1605.0107,-15.7488
11.4811,1006.5241,1605.1333,-15.7488
11.4915,1007.4351,1605.1940,-15.7488
11.5003,1008.3818,1605.2780,-15.7488
11.5104,1009.3567,1605.4240,-15.7488
11.5206,1010.4203,1605.5005,-15.7488
11.5303,1011.4670,1605.6311,-15.7488
11.5404,1012.4474,1605.7510,-15.7488
11.5505,1013.3485,1605.8768,-15.7488
11.5605,1014.1857,1606.0863,-15.7488
11.5711,1015.0542,1606.2306,-15.7488
11.5808,1015.9764,1606.2947,-15.7488
11.5905,1016.9755,1606.4009,-15.7488
11.6003,1018.0434,1606.4872,-15.7488
11.6103,1019.1150,1606.6115,-15.7488
11.6203,1020.1625,1606.7055,-15.7488
11.6302,1021.1460,1606.8613,-15.7488
11.6404,1021.9652,1606.9777,-15.7488
11.6505,1022.8377,1607.0783,-15.7488
11.6605,1023.6936,1607.1981,-15.7488
11.6703,1024.6373,1607.2573,-15.7488
11.6806,1025.6926,1607.3723,-15.7488
11.6907,1026.7759,1607.4924,-15.7488
11.7004,1027.8555,1607.5684,-15.7488
11.7107,1028.8808,1607.6841,-15.7488
11.7210,1029.8620,1607.7844,-15.7488
11.7307,1030.7797,1607.9393,-15.7488
11.7405,1031.7046,1608.0317,-15.7488
11.7502,1032.6610,1608.0743,-15.7488
11.7602,1033.6463,1608.1738,-15.7488
11.7707,1034.6800,1608.2584,-15.7488
11.7803,1035.7924,1608.3754,-15.7488
11.7901,1036.8888,1608.4634,-15.7488
11.8015,1037.9541,1608.5724,-15.7488
11.8105,1038.9067,1608.7358,-15.7488
11.8201,1039.7992,1608.8942,-15.7488
11.8318,1040.7045,1609.0318,-15.7488
11.8401,1041.6676,1609.0744,-15.7488
11.8507,1042.7039,1609.1582,-15.7488
11.8606,1043.7700,1609.2750,-15.7488
11.8707,1044.9124,1609.3853,-15.7488
11.8803,1046.0405,1609.5070,-15.7488
11.8903,1047.0992,1609.6313,-15.7488
11.9006,1048.0132,1609.7917,-15.7488
11.9106,1048.8614,1609.9973,-15.7488
11.9207,1049.7642,1610.0656,-15.7488
11.9301,1050.7143,1610.1736,-15.7488
11.9404,1051.7106,1610.2161,-15.7488
11.9507,1052.7801,1610.3156,-15.7488
11.9603,1053.8704,1610.4416,-15.7488
11.9715,1054.9639,1610.5755,-15.7488
11.9809,1055.9933,1610.7479,-15.7488
11.9900,1056.9110,1610.8751,-15.7488
12.0002,1057.7994,1611.0246,-15.7488
12.0104,1058.6974,1611.1429,-15.7488
12.0211,1059.6946,1611.2280,-15.7488
12.0302,1060.7177,1611.2910,-15.7488
12.0408,1061.8162,1611.3700,-15.7488
12.0506,1062.9494,1611.5433,-15.7488
12.0607,1064.0206,1611.6937,-15.7488
12.0706,1065.0013,1611.8698,-15.7488
12.0806,1065.9054,1612.0146,-15.7488
12.0918,1066.7998,1612.0682,-15.7488
12.1010,1067.7809,1612.1586,-15.7488
12.1105,1068.7646,1612.2218,-15.7488
12.1204,1069.7557,1612.2800,-15.7488
12.1305,1070.8627,1612.4004,-15.7488
12.1403,1072.0062,1612.5509,-15.7488
12.1502,1073.0795,1612.7098,-15.7488
12.1603,1074.0377,1612.8391,-15.7488
12.1712,1074.9442,1612.9379,-15.7488
12.1802,1075.8481,1613.0305,-15.7488
12.1905,1076.8008,1613.1061,-15.7488
12.2006,1077.8318,1613.1718,-15.7488
12.2103,1078.8672,1613.2635,-15.7488
12.2211,1079.9482,1613.4218,-15.7488
12.2302,1081.0585,1613.6542,-15.7488
12.2405,1082.1163,1613.8809,-15.7488
12.2511,1083.0729,1614.0490,-15.7488
12.2613,1084.0507,1614.1372,-15.7488
12.2702,1085.0399,1614.1932,-15.7488
12.2801,1085.9666,1614.2692,-15.7488
12.2904,1086.8994,1614.3160,-15.7488
12.3005,1087.8820,1614.4507,-15.7488
12.3106,1088.9321,1614.6206,-15.7488
12.3201,1089.9669,1614.7968,-15.7488
12.3316,1090.9648,1614.9557,-15.7488
12.3403,1091.9137,1615.0626,-15.7488
12.3502,1092.8462,1615.1561,-15.7488
12.3606,1093.8585,1615.2536,-15.7488
12.3716,1094.8716,1615.3500,-15.7488
12.3809,1095.8886,1615.4104,-15.7488
12.3905,1097.0028,1615.5341,-15.7488
12.4004,1098.0852,1615.7903,-15.7488
12.4112,1099.1357,1616.0000,-15.7488
12.4208,1100.1480,1616.1611,-15.7488
12.4301,1101.1272,1616.2891,-15.7488
12.4400,1102.0968,1616.3759,-15.7488
12.4541,1103.0735,1616.4919,-15.7488
12.4617,1104.0439,1616.5400,-15.7488
12.4707,1105.0732,1616.6475,-15.7488
12.4816,1106.1512,1616.8319,-15.7488
12.4908,1107.2221,1617.0555,-15.7488
12.5004,1108.1805,1617.2134,-15.7488
12.5104,1109.0934,1617.2762,-15.7488
12.5213,1110.0035,1617.3762,-15.7488
12.5301,1110.9397,1617.4661,-15.7488
12.5405,1111.8922,1617.5167,-15.7488
12.5503,1112.8871,1617.6226,-15.7488
12.5603,1113.9642,1617.7592,-15.7488
12.5706,1114.9944,1617.9860,-15.7488
12.5809,1116.0206,1618.1522,-15.7488
12.5918,1116.9248,1618.2902,-15.7488
12.6003,1117.7859,1618.4156,-15.7488
12.6106,1118.6748,1618.4911,-15.7488
12.6211,1119.5696,1618.6345,-15.7488
12.6300,1120.5474,1618.6746,-15.7488
12.6404,1121.6311,1618.7280,-15.7488
12.6502,1122.7497,1618.9039,-15.7488
12.6607,1123.8377,1619.1173,-15.7488
12.6704,1124.7773,1619.3011,-15.7488
12.6804,1125.6752,1619.3865,-15.7488
12.6907,1126.5406,1619.5473,-15.7488
12.7013,1127.3898,1619.6462,-15.7488
12.7115,1128.3492,1619.7009,-15.7488
12.7203,1129.3489,1619.7653,-15.7488
12.7313,1130.4738,1619.7955,-15.7488
12.7413,1131.6123,1619.9836,-15.7488
12.7504,1132.7082,1620.1979,-15.7488
12.7604,1133.7171,1620.3908,-15.7488
12.7710,1134.6551,1620.5372,-15.7488
12.7805,1135.5823,1620.6319,-15.7488
12.7907,1136.4904,1620.7855,-15.7488
12.8010,1137.4234,1620.8331,-15.7488
12.8105,1138.4184,1620.9218,-15.7488
12.8204,1139.4039,1621.0600,-15.7488
12.8301,1140.4813,1621.2350,-15.7488
12.8402,1141.5532,1621.4520,-15.7488
12.8503,1142.5865,1621.6048,-15.7488
12.8607,1143.5327,1621.7399,-15.7488
12.8702,1144.4396,1621.8656,-15.7488
12.8800,1145.3596,1621.9838,-15.7488
12.8905,1146.3093,1622.0952,-15.7488
12.9007,1147.3467,1622.1399,-15.7488
12.9107,1148.3879,1622.2501,-15.7488
12.9205,1149.3928,1622.4643,-15.7488
12.9303,1150.4240,1622.6949,-15.7488
12.9411,1151.3896,1622.8368,-15.7488
12.9503,1152.3196,1622.9127,-15.7488
12.9607,1153.2184,1623.0276,-15.7488
12.9704,1154.1191,1623.1533,-15.7488
12.9804,1155.1268,1623.2005,-15.7488
12.9907,1156.1668,1623.2761,-15.7488
13.0004,1157.2388,1623.4208,-15.7488
13.0114,1158.3193,1623.6711,-15.7488
13.0204,1159.3410,1623.8593,-15.7488
13.0304,1160.3152,1623.9861,-15.7488
13.0403,1161.2402,1624.1061,-15.7488
13.0502,1162.1503,1624.2111,-15.7488
13.0603,1163.0722,1624.3470,-15.7488
13.0704,1164.0836,1624.4282,-15.7488
13.0804,1165.0994,1624.5792,-15.7488
13.0904,1166.1312,1624.7761,-15.7488
13.1017,1167.1898,1624.9650,-15.7488
13.1115,1168.2424,1625.1537,-15.7488
13.1212,1169.2690,1625.2862,-15.7488
13.1304,1170.2212,1625.4077,-15.7488
13.1414,1171.1348,1625.5225,-15.7488
13.1509,1172.0939,1625.6489,8.3494
13.1609,1173.0834,1625.7921,8.3629
13.1704,1174.1089,1625.8986,8.3573
13.1807,1175.1301,1626.1110,8.2895
13.1916,1176.2059,1626.4033,7.9744
13.2003,1177.4660,1626.7190,7.9744
13.2102,1178.5108,1626.8484,7.9744
13.2207,1179.5213,1627.4135,7.9744
13.2304,1180.7331,1627.7573,7.9744
13.2404,1181.7346,1628.0180,7.9744
13.2506,1182.7464,1628.8547,7.9744
13.2619,1183.7554,1629.1020,7.9744
13.2708,1184.6434,1629.6974,7.9744
13.2805,1185.5983,1630.2321,7.9744
13.2912,1186.6411,1630.5118,7.9744
13.3019,1187.6773,1630.6669,7.9744
13.3115,1188.6353,1630.5871,7.9744
13.3200,1189.4792,1630.3793,7.9744
13.3302,1190.3831,1630.4615,7.9744
13.3404,1191.3665,1630.5389,7.9744
13.3515,1192.2911,1630.5231,7.9744
13.3604,1193.1863,1630.4704,7.9744
13.3704,1194.1435,1630.3414,7.9744
13.3805,1195.1848,1630.3612,7.9744
13.3906,1196.3166,1630.4078,7.9744
13.4005,1197.2876,1630.4023,7.9744
13.4121,1198.1563,1630.4370,7.9744
13.4204,1199.0415,1630.4089,7.9744
13.4301,1199.9751,1630.4564,-0.6025
13.4408,1200.9342,1630.3978,-0.6025
13.4503,1201.9363,1630.3643,-0.6025
13.4601,1203.0092,1630.3622,-0.6025
13.4705,1204.1252,1630.3490,-0.6025
13.4803,1205.1244,1630.3194,-0.6025
13.4905,1205.9832,1630.2714,-0.6025
13.5004,1206.7595,1630.3172,-0.6025
13.5104,1207.5629,1630.3448,-0.6025
13.5206,1208.4011,1630.3611,-0.6025
13.5304,1209.2184,1630.3640,-0.6025
13.5402,1209.9511,1630.2812,-0.6025
13.5504,1210.6414,1630.2764,-0.6025
13.5618,1211.5082,1630.2841,-0.6025
13.5713,1212.5392,1630.2567,-0.6025
13.5808,1213.6697,1630.2253,-0.6025
13.5905,1214.6891,1630.1726,-0.6025
13.6008,1215.5881,1630.1898,-0.6025
13.6112,1216.4897,1630.1722,-0.6025
13.6206,1217.4711,1630.1654,-0.6025
13.6302,1218.4194,1630.0558,-0.6025
13.6404,1219.4350,1630.0034,-0.6025
13.6506,1220.5526,1630.0072,-0.6025
13.6603,1221.6857,1629.9848,-0.6025
13.6702,1222.7588,1629.9729,-0.6025
13.6803,1223.6950,1629.9811,-0.6025
13.6902,1224.5803,1629.9018,-0.6025
13.7007,1225.5446,1629.8588,-0.6025
13.7120,1226.4976,1629.8528,-0.6025
13.7205,1227.4927,1629.8356,-0.6025
13.7302,1228.5468,1629.7676,-0.6025
13.7401,1229.6931,1629.7302,-0.6025
13.7504,1230.8138,1629.7960,-0.6025
13.7604,1231.8130,1629.7393,-0.6025
13.7699,1232.7167,1629.8013,-0.6025
13.7803,1233.5579,1629.8091,-0.6025
13.7905,1234.4915,1629.7955,-0.6025
13.8026,1235.4313,1629.7922,-0.6025
13.8104,1236.4589,1629.7357,-0.6025
13.8209,1237.5807,1629.7277,-0.6025
13.8302,1238.7368,1629.7138,-0.6025
13.8405,1239.8015,1629.7097,-0.6025
13.8505,1240.7353,1629.7779,-0.6025
13.8609,1241.6768,1629.7497,-0.6025
13.8705,1242.6115,1629.8428,-0.6025
13.8830,1243.5243,1629.8756,-0.6025
13.8904,1244.4371,1629.8409,-0.6025
13.9006,1245.3953,1629.7938,-0.6025
13.9101,1246.4400,1629.7559,-0.6025
13.9218,1247.4992,1629.8105,-0.6025
13.9315,1248.5092,1629.8331,-0.6025
13.9403,1249.4693,1629.8563,-0.6025
13.9522,1250.3634,1629.8653,-0.6025
13.9602,1251.2883,1629.8871,-0.6025
13.9706,1252.2178,1629.9694,-0.6025
13.9812,1253.1700,1629.9681,-0.6025
13.9911,1254.2172,1629.9272,-0.6025
14.0020,1255.3230,1629.9472,-0.6025
14.0115,1256.4211,1629.9260,-0.6025
14.0218,1257.4158,1629.9720,-0.6025
14.0313,1258.3574,1629.9853,-0.6025
14.0415,1259.2562,1629.9714,-0.6025
14.0516,1260.1547,1629.9824,-0.6025
14.0608,1261.1227,1629.9817,-0.6025
14.0718,1262.0928,1629.9723,-0.6025
14.0818,1263.1635,1629.9033,-0.6025
14.0919,1264.2864,1629.9315,-0.6025
14.1014,1265.4141,1629.9519,-0.6025
14.1108,1266.3923,1629.9538,-0.6025
14.1210,1267.3428,1630.0140,-0.6025
14.1310,1268.3138,1629.9828,-0.6025
14.1413,1269.2786,1629.9820,-0.6025
14.1515,1270.2686,1629.9105,-0.6025
14.1611,1271.3250,1629.8326,-0.6025
14.1709,1272.3205,1629.5465,-0.6025
14.1814,1273.4510,1629.8327,-0.6025
14.1906,1274.4889,1629.9205,-0.6025
14.2006,1275.5060,1629.9793,-0.6025
14.2102,1276.5225,1630.0004,-0.6025
14.2206,1277.5585,1629.9833,-0.6025
14.2303,1278.5134,1629.9589,-0.6025
14.2407,1279.5197,1629.9227,-0.6025
14.2507,1280.5933,1629.8810,-0.6025
14.2604,1281.6682,1629.8568,-0.6025
14.2706,1282.7159,1629.8608,-0.6025
14.2809,1283.7396,1629.8680,-0.6025
14.2905,1284.7037,1629.9438,-0.6025
14.3003,1285.6614,1629.9557,-0.6025
14.3117,1286.6104,1629.9863,-0.6025
14.3205,1287.5890,1630.0468,-0.6025
14.3317,1288.6167,1629.9871,-0.6025
14.3416,1289.7028,1629.9412,-0.6025
14.3517,1290.8062,1629.9678,-0.6025
14.3613,1291.8551,1629.9805,-0.6025
14.3701,1292.8878,1630.0351,-0.6025
14.3801,1293.9882,1630.0961,-0.6025
14.3901,1295.0806,1630.1586,-0.6025
14.4004,1296.1174,1630.1567,-0.6025
14.4131,1297.1833,1630.1127,-0.6025
14.4201,1298.2603,1630.0651,-0.6025
14.4303,1299.3173,1630.0550,-0.6025
14.4412,1300.3635,1630.0641,-0.6025
14.4522,1301.3815,1630.0336,-0.6025
14.4603,1302.3408,1630.0664,-0.6025
14.4704,1303.2903,1629.9273,-0.6025
14.4803,1304.0645,1629.6417,-0.6025
14.4906,1305.2975,1630.2329,-0.6025
14.5003,1306.2985,1630.1616,-0.6025
14.5113,1307.3280,1630.1682,-0.6025
14.5210,1308.3052,1630.1791,-0.6025
14.5301,1309.2791,1630.1638,-0.6025
14.5407,1310.2463,1630.2039,-0.6025
14.5520,1311.1917,1630.2372,-0.6025
14.5607,1312.0842,1630.2280,-0.6025
14.5708,1313.0322,1630.2582,-0.6025
14.5812,1313.9773,1630.2612,-0.6025
14.5907,1314.9556,1630.2511,-0.6025
14.6001,1315.9485,1630.2043,-0.6025
14.6103,1316.9232,1630.2078,-0.6025
14.6209,1317.8832,1630.2023,-0.6025
14.6307,1318.8380,1630.2236,-0.6025
14.6407,1319.7748,1630.2028,-0.6025
14.6501,1320.6929,1630.2058,-0.6025
14.6603,1321.6378,1630.1710,-0.6025
14.6704,1322.6831,1630.1166,-0.6025
14.6804,1323.6622,1629.9679,-0.6025
14.6906,1324.4951,1629.5650,-0.6025
14.7003,1325.3738,1629.3604,-0.6025
14.7103,1326.2822,1629.3110,-0.6025
14.7206,1327.2535,1629.2510,-0.6025
14.7316,1328.2146,1629.0822,-0.6025
14.7402,1329.0461,1628.7431,-0.6025
14.7503,NaN,NaN,NaN
14.7613,NaN,NaN,NaN
14.7709,NaN,NaN,NaN
14.7812,NaN,NaN,NaN
14.7914,NaN,NaN,NaN
14.8014,NaN,NaN,NaN
14.8102,NaN,NaN,NaN
14.8202,NaN,NaN,NaN
14.8301,NaN,NaN,NaN
14.8403,NaN,NaN,NaN
14.8508,NaN,NaN,NaN
14.8603,NaN,NaN,NaN
14.8706,NaN,NaN,NaN
14.8803,NaN,NaN,NaN
14.8913,NaN,NaN,NaN
14.9012,NaN,NaN,NaN
14.9100,NaN,NaN,NaN
14.9206,NaN,NaN,NaN
14.9307,NaN,NaN,NaN
14.9407,NaN,NaN,NaN
14.9504,NaN,NaN,NaN
14.9603,NaN,NaN,NaN
14.9706,NaN,NaN,NaN
14.9799,NaN,NaN,NaN
14.9903,NaN,NaN,NaN
15.0004,NaN,NaN,NaN
15.0104,NaN,NaN,NaN
15.0204,NaN,NaN,NaN
15.0307,NaN,NaN,NaN
15.0412,NaN,NaN,NaN
15.0509,NaN,NaN,NaN
15.0607,NaN,NaN,NaN
15.0703,NaN,NaN,NaN
15.0805,NaN,NaN,NaN
15.0908,NaN,NaN,NaN
15.1003,NaN,NaN,NaN
15.1110,NaN,NaN,NaN
15.1207,NaN,NaN,NaN
15.1302,NaN,NaN,NaN
15.1410,NaN,NaN,NaN
15.1508,NaN,NaN,NaN
15.1623,NaN,NaN,NaN
15.1710,NaN,NaN,NaN
15.1822,NaN,NaN,NaN
15.1903,NaN,NaN,NaN
15.2004,NaN,NaN,NaN
15.2101,NaN,NaN,NaN
15.2212,NaN,NaN,NaN
15.2303,NaN,NaN,NaN
15.2409,NaN,NaN,NaN
15.2516,NaN,NaN,NaN
15.2611,NaN,NaN,NaN
15.2711,NaN,NaN,NaN
15.2803,NaN,NaN,NaN
15.2904,NaN,NaN,NaN
15.3001,NaN,NaN,NaN
15.3102,NaN,NaN,NaN
15.3201,NaN,NaN,NaN
15.3303,NaN,NaN,NaN
15.3407,NaN,NaN,NaN
15.3503,NaN,NaN,NaN
15.3603,NaN,NaN,NaN
15.3702,NaN,NaN,NaN
15.3806,NaN,NaN,NaN
15.3909,NaN,NaN,NaN
15.4021,NaN,NaN,NaN
15.4165,NaN,NaN,NaN
15.4209,NaN,NaN,NaN
15.4321,NaN,NaN,NaN
15.4429,1335.5295,1630.0810,NaN
15.4508,1335.1968,1630.2086,NaN
15.4605,NaN,NaN,NaN
15.4704,NaN,NaN,NaN
15.4805,NaN,NaN,NaN
15.4904,NaN,NaN,NaN
15.5001,NaN,NaN,NaN
15.5101,NaN,NaN,NaN
15.5207,NaN,NaN,NaN
15.5310,NaN,NaN,NaN
15.5412,NaN,NaN,NaN
15.5514,NaN,NaN,NaN
15.5610,NaN,NaN,NaN
15.5713,NaN,NaN,NaN
15.5819,NaN,NaN,NaN
15.5904,NaN,NaN,NaN
15.6005,NaN,NaN,NaN
15.6108,NaN,NaN,NaN
15.6215,NaN,NaN,NaN
15.6317,NaN,NaN,NaN
15.6405,NaN,NaN,NaN
15.6506,NaN,NaN,NaN
15.6614,NaN,NaN,NaN
15.6703,NaN,NaN,NaN
15.6803,NaN,NaN,NaN
15.6905,NaN,NaN,NaN
15.7006,NaN,NaN,NaN
15.7103,NaN,NaN,NaN
15.7204,NaN,NaN,NaN
15.7300,1335.5731,1630.2516,NaN
15.7401,1335.5671,1630.2861,NaN
15.7501,1335.5713,1630.2337,NaN
15.7604,1335.5786,1630.2442,NaN
15.7701,1335.5312,1630.0698,NaN
15.7804,1335.5907,1629.9521,NaN
15.7914,1335.5212,1630.0143,NaN
15.8011,1335.5294,1630.0746,NaN
15.8126,1335.5037,1630.1003,NaN
15.8203,1335.5267,1630.1615,NaN
15.8301,1335.5291,1630.1544,NaN
15.8405,1335.5155,1630.1298,NaN
15.8507,1335.5122,1630.1113,NaN
15.8606,1335.5105,1630.1201,NaN
15.8707,1335.4936,1630.1085,NaN
15.8804,1335.5052,1630.0825,NaN
15.8915,1335.5060,1630.1238,NaN
15.9007,1335.4969,1630.0970,NaN
15.9104,1335.4965,1630.0917,NaN
15.9203,1335.5049,1630.1246,NaN
15.9304,1335.5056,1630.1057,NaN
15.9408,1335.4969,1630.1113,NaN
15.9507,1335.4997,1630.1007,NaN
15.9604,1335.4999,1630.1165,NaN
15.9700,1335.4943,1630.0984,NaN
15.9813,1335.5049,1630.0887,NaN
15.9910,1335.5005,1630.1210,NaN
16.0002,1335.4955,1630.0931,NaN
16.0105,1335.5054,1630.0841,NaN
16.0204,1335.5120,1630.1212,NaN
16.0305,1335.4930,1630.0894,NaN
16.0404,1335.4916,1630.0906,NaN
16.0504,1335.5081,1630.1116,NaN
16.0602,1335.4963,1630.1212,NaN
16.0702,1335.5032,1630.0864,NaN
16.0802,1335.5109,1630.1313,NaN
16.0902,1335.5038,1630.1178,NaN
16.1004,1335.4960,1630.0837,NaN
16.1102,1335.5028,1630.1146,NaN
16.1206,1335.5140,1630.1005,NaN
16.1308,1335.5031,1630.0972,NaN
16.1409,1335.5165,1630.1019,NaN
16.1512,1335.5031,1630.1105,NaN
16.1609,1335.5109,1630.1126,NaN
16.1705,1335.5107,1630.1128,NaN
16.1800,1335.5121,1630.1281,NaN
16.1901,1335.4982,1630.1323,NaN
16.2002,1335.5032,1630.0900,NaN
16.2101,1335.5042,1630.1141,NaN
16.2205,1335.5090,1630.1011,NaN
16.2316,1335.4951,1630.0933,NaN
16.2400,1335.5131,1630.1127,NaN
16.2502,1335.5053,1630.1207,NaN
16.2603,1335.4993,1630.1042,NaN
16.2705,1335.5114,1630.0928,NaN
16.2803,1335.5176,1630.1230,NaN
16.2902,1335.4987,1630.1007,NaN
16.3005,1335.5118,1630.0987,NaN
16.3107,1335.5156,1630.1418,NaN
16.3208,1335.5011,1630.0999,NaN
16.3303,1335.5074,1630.1217,NaN
16.3404,1335.5187,1630.1177,NaN
16.3501,1335.5010,1630.0859,NaN
16.3599,1335.5118,1630.1046,NaN
16.3698,1335.5269,1630.1165,NaN
16.3803,1335.5109,1630.1134,NaN
16.3902,1335.5044,1630.1117,NaN
16.4004,1335.5134,1630.1251,NaN
16.4112,1335.4973,1630.1227,NaN
16.4206,1335.5018,1630.1127,NaN
16.4306,1335.5206,1630.1339,NaN
16.4411,1335.5030,1630.1100,NaN
16.4502,1335.5192,1630.1108,NaN
16.4607,1335.5212,1630.1140,NaN
16.4710,1335.5230,1630.1205,NaN
16.4802,1335.5093,1630.1111,NaN
16.4902,1335.4977,1630.1151,NaN
16.5001,1335.5081,1630.1207,NaN
16.5107,1335.4962,1630.1208,NaN
16.5208,1335.5054,1630.1044,NaN
16.5308,1335.5172,1630.1102,NaN
16.5411,1335.5272,1630.0919,NaN
16.5501,1335.5087,1630.0953,NaN
16.5606,1335.5354,1630.1192,NaN
16.5700,1335.5203,1630.1311,NaN
16.5801,1335.5040,1630.1511,NaN
16.5901,1335.5198,1630.1669,NaN
16.6001,1335.5134,1630.1920,NaN
16.6103,1335.4918,1630.1755,NaN
16.6220,1335.5139,1630.1928,NaN
16.6303,1335.4893,1630.2227,NaN
16.6400,1335.4870,1630.1953,NaN
16.6506,1335.4878,1630.2184,NaN
16.6612,1335.5002,1630.2281,NaN
16.6699,1335.4822,1630.2159,NaN
16.6808,1335.4965,1630.2191,NaN
16.6903,1335.5127,1630.2016,NaN
16.7001,1335.4949,1630.2421,NaN
16.7100,1335.4916,1630.2067,NaN
16.7208,1335.5060,1630.2254,NaN
16.7306,1335.4933,1630.2340,NaN
16.7400,1335.5058,1630.1999,NaN
16.7503,1335.4960,1630.2335,NaN
16.7611,1335.4991,1630.2278,NaN
16.7706,1335.4872,1630.2114,NaN
16.7805,1335.5034,1630.2231,NaN
16.7902,1335.5011,1630.2193,NaN
16.8005,1335.4893,1630.2360,NaN
16.8101,1335.5006,1630.2197,NaN
16.8202,1335.5064,1630.2311,NaN
16.8301,1335.4862,1630.2315,NaN
16.8405,1335.5081,1630.1987,NaN
16.8506,1335.5009,1630.2352,NaN
16.8603,1335.4893,1630.2100,NaN
16.8700,1335.5026,1630.2178,NaN
16.8805,1335.5020,1630.2310,NaN
16.8902,1335.4994,1630.2133,NaN
16.9000,1335.4746,1630.2276,NaN
16.9100,1335.5137,1630.2119,NaN
16.9206,1335.4943,1630.2408,NaN
16.9302,1335.4914,1630.2159,NaN
16.9402,1335.5018,1630.2090,NaN
16.9502,1335.4885,1630.2361,NaN
16.9602,1335.4987,1630.1937,NaN
16.9699,1335.4844,1630.2211,NaN
16.9800,1335.4976,1630.2227,NaN
16.9905,1335.4926,1630.2126,NaN
17.0003,1335.4919,1630.2232,NaN
17.0102,1335.5129,1630.2189,NaN
17.0203,1335.4911,1630.2335,NaN
17.0304,1335.4938,1630.2028,NaN
17.0404,1335.5073,1630.2074,NaN
17.0501,1335.4904,1630.2325,NaN
17.0606,1335.4999,1630.2010,NaN
17.0706,1335.4913,1630.2392,NaN
17.0812,1335.4995,1630.2106,NaN
17.0910,1335.4841,1630.2236,NaN
17.1004,1335.4915,1630.2197,NaN
17.1101,1335.5040,1630.2084,NaN
17.1209,1335.4785,1630.2290,NaN
17.1305,1335.5087,1630.2028,NaN
17.1413,1335.5070,1630.2247,NaN
17.1517,1335.4867,1630.2260,NaN
17.1599,1335.5019,1630.2040,NaN
17.1718,1335.4930,1630.2343,NaN
17.1800,1335.5053,1630.2057,NaN
17.1902,1335.4944,1630.2269,NaN
17.2001,1335.5017,1630.2184,NaN
17.2105,1335.5049,1630.2154,NaN
17.2200,1335.4956,1630.2268,NaN
17.2305,1335.5008,1630.2023,NaN
17.2407,1335.4901,1630.2379,NaN
17.2502,1335.4906,1630.2249,NaN
17.2601,1335.4946,1630.2043,NaN
17.2710,1335.4987,1630.2399,NaN
17.2799,1335.4966,1630.2166,NaN
17.2902,1335.4946,1630.2325,NaN
17.3000,1335.5081,1630.2233,NaN
17.3100,1335.4977,1630.2177,NaN
17.3207,1335.4770,1630.2328,NaN
17.3302,1335.5051,1630.2100,NaN
17.3410,1335.4814,1630.2321,NaN
17.3510,1335.4868,1630.2125,NaN
17.3602,1335.4999,1630.2249,NaN
17.3704,1335.4889,1630.2365,NaN
17.3802,1335.5086,1630.2067,NaN
17.3913,1335.4985,1630.2318,NaN
17.4015,1335.4962,1630.2225,NaN
17.4107,1335.4819,1630.2308,NaN
17.4208,1335.4989,1630.2222,NaN
17.4307,1335.4966,1630.2115,NaN
17.4407,1335.4762,1630.2341,NaN
17.4504,1335.5057,1630.1903,NaN
17.4605,1335.4860,1630.2186,NaN
17.4703,1335.4958,1630.2345,NaN
17.4801,1335.4963,1630.2134,NaN
17.4906,1335.4972,1630.2269,NaN
17.4998,1335.4987,1630.2165,NaN
17.5102,1335.4967,1630.2262,NaN
17.5203,1335.4992,1630.2183,NaN
17.5301,1335.5037,1630.2080,NaN
17.5399,1335.4856,1630.2260,NaN
17.5511,1335.4930,1630.2038,NaN
17.5615,1335.4955,1630.2361,NaN
17.5706,1335.4954,1630.2239,NaN
17.5803,1335.4995,1630.2338,NaN
17.5902,1335.5035,1630.2453,NaN
17.6008,1335.5017,1630.2251,NaN
17.6113,1335.4968,1630.2324,NaN
17.6221,1335.5104,1630.2200,NaN
17.6312,1335.4951,1630.2040,NaN
17.6411,1335.4981,1630.2224,NaN
17.6504,1335.5033,1630.2086,NaN
17.6603,1335.4785,1630.2428,NaN
17.6705,1335.4941,1630.2187,NaN
17.6801,1335.5006,1630.2285,NaN
17.6915,1335.4934,1630.2423,NaN
17.7002,1335.5005,1630.2153,NaN
17.7106,1335.4978,1630.2426,NaN
17.7202,1335.5025,1630.2196,NaN
17.7300,1335.4962,1630.2167,NaN
17.7401,1335.4941,1630.2206,NaN
17.7515,1335.4940,1630.2032,NaN
17.7601,1335.4916,1630.2473,NaN
17.7702,1335.4957,1630.2034,NaN
17.7801,1335.4957,1630.2300,NaN
17.7904,1335.4999,1630.2339,NaN
17.8001,1335.5038,1630.2030,NaN
17.8114,1335.4963,1630.2284,NaN
17.8209,1335.4959,1630.2243,NaN
17.8318,1335.4965,1630.2172,NaN
17.8402,1335.4937,1630.2285,NaN
17.8504,1335.4973,1630.2245,NaN
17.8606,1335.4879,1630.2271,NaN
17.8714,1335.5120,1630.1973,NaN
17.8807,1335.4977,1630.2438,NaN
17.8902,1335.4985,1630.2197,NaN
17.9003,1335.5054,1630.2192,NaN
17.9132,1335.4928,1630.2496,1.1707
19.6339,1335.4816,1630.2242,1.1708
19.6354,1335.4910,1630.2327,1.1740
19.6402,1335.5096,1630.2365,1.1721
19.6506,1335.4792,1630.2299,1.1731
19.6609,1335.4940,1630.2195,1.1690
19.6716,1335.5137,1630.3044,1.0178
19.6814,1335.5466,1630.4828,0.4108
19.6911,1335.5228,1630.4455,-0.3934
19.7015,1335.3586,1630.7085,-1.4656
19.7103,1335.4155,1631.1928,-2.8829
19.7203,1335.5327,1631.0606,-4.4118
19.7311,1335.5500,1631.6260,-6.1969
19.7419,1335.7886,1631.9908,-8.0589
19.7510,1335.7949,1632.2085,-10.1444
19.7609,1336.0123,1632.8564,-12.3762
19.7709,1336.1390,1633.3211,-14.6707
19.7805,1336.3682,1633.9468,-14.6707
19.7905,1336.6108,1634.5577,-14.6707
19.8017,1336.8377,1635.2728,-14.6707
19.8112,1337.1152,1635.9227,-14.6707
19.8202,1337.3783,1636.6733,-14.6707
19.8304,1337.7682,1637.3686,-14.6707
19.8406,1338.2245,1638.0699,-14.6707
19.8504,1338.5674,1638.1879,-14.6707
19.8604,1339.3073,1638.2708,-14.6707
19.8703,1340.0129,1638.0712,-14.6707
19.8811,1340.6653,1637.7764,-14.6707
19.8909,1341.4011,1637.4798,-14.6707
19.9003,1342.1602,1637.0278,-14.6707
19.9102,1342.9856,1636.3094,-14.6707
19.9202,1343.8379,1635.6156,-14.6707
19.9302,1344.7338,1635.0090,-14.6707
19.9401,1345.6947,1634.3353,-14.6707
19.9505,1346.6607,1633.6226,-14.6707
19.9602,1347.5991,1632.9241,-14.6707
19.9708,1348.4164,1632.2947,-14.6707
19.9804,1349.2110,1631.6451,-14.6707
19.9915,1350.0486,1630.9420,-14.6707
20.0015,1350.8776,1630.3170,-14.6707
20.0103,1351.6696,1629.7098,-14.6707
20.0206,1352.4631,1629.2101,-14.6707
20.0304,1353.2526,1628.6210,-14.6707
20.0405,1354.1477,1628.0095,-14.6707
20.0506,1355.0143,1627.3235,-14.6707
20.0600,1355.8719,1626.5727,-14.6707
20.0706,1356.7231,1625.8123,-14.6707
20.0807,1357.6310,1625.0859,-14.6707
20.0903,1358.5308,1624.4806,-14.6707
20.1004,1359.3909,1623.8748,-14.6707
20.1107,1360.2438,1623.2170,-14.6707
20.1199,1361.0585,1622.5671,-14.6707
20.1300,1361.9160,1621.9041,-14.6707
20.1408,1362.7589,1621.1518,-14.6707
20.1504,1363.6347,1620.4147,-14.6707
20.1605,1364.4930,1619.7433,-14.6707
20.1710,1365.3368,1619.1502,-14.6707
20.1815,1366.1951,1618.5306,-14.6707
20.1914,1367.0976,1617.9066,-14.6707
20.2005,1367.9614,1617.2898,-14.6707
20.2106,1368.7674,1616.6615,-14.6707
20.2203,1369.5330,1616.0551,-14.6707
20.2304,1370.3489,1615.3885,-14.6707
20.2410,1371.1541,1614.7362,-14.6707
20.2520,1371.9904,1614.1129,-14.6707
20.2610,1372.8231,1613.4926,-14.6707
20.2709,1373.7068,1612.8815,-14.6707
20.2802,1374.5991,1612.2790,-14.6707
20.2906,1375.4160,1611.7002,-14.6707
20.3003,1376.2231,1611.1005,-14.6707
20.3104,1377.0529,1610.4630,-14.6707
20.3202,1377.8880,1609.8229,-14.6707
20.3314,1378.6696,1609.1447,-14.6707
20.3424,1379.4210,1608.5598,-14.6707
20.3506,1380.2444,1608.0103,-14.6707
20.3602,1381.0972,1607.4352,-14.6707
20.3712,1381.9102,1606.8245,-14.6707
20.3806,1382.7300,1606.2319,-14.6707
20.3909,1383.5565,1605.6225,-14.6707
20.4004,1384.4176,1605.0202,-14.6707
20.4102,1385.2170,1604.4174,-14.6707
20.4206,1385.9823,1603.7590,-14.6707
20.4320,1386.8015,1603.1215,-14.6707
20.4401,1387.7061,1602.5455,-14.6707
20.4510,1388.5903,1601.9293,-14.6707
20.4608,1389.3880,1601.3572,-14.6707
20.4716,1390.1398,1600.7590,-14.6707
20.4806,1390.9244,1600.1519,-14.6707
20.4911,1391.6848,1599.5251,-14.6707
20.5007,1392.4456,1598.9043,-14.6707
20.5110,1393.2893,1598.3577,-14.6707
20.5204,1394.1885,1597.7455,-14.6707
20.5302,1395.1108,1597.1366,-14.6707
20.5401,1395.9265,1596.5375,-14.6707
20.5503,1396.7155,1595.8983,-14.6707
20.5604,1397.5109,1595.3266,-14.6707
20.5707,1398.3027,1594.7487,-14.6707
20.5808,1399.0341,1594.1324,-14.6707
20.5908,1399.8107,1593.5274,-14.6707
20.6006,1400.7178,1592.9408,-14.6707
20.6102,1401.6444,1592.3660,-14.6707
20.6200,1402.5981,1591.7222,-14.6707
20.6300,1403.5189,1591.0312,-14.6707
20.6407,1404.3935,1590.4052,-14.6707
20.6506,1405.2169,1589.7526,-14.6707
20.6606,1405.9933,1589.1832,-14.6707
20.6710,1406.7424,1588.5976,-14.6707
20.6802,1407.5396,1587.9902,-14.6707
20.6908,1408.4238,1587.4601,-14.6707
20.7014,1409.3265,1586.8894,-14.6707
20.7111,1410.1634,1586.2825,-14.6707
20.7204,1410.9874,1585.6659,-14.6707
20.7301,1411.7841,1585.1373,-14.6707
20.7401,1412.5485,1584.5135,-14.6707
20.7503,1413.3240,1583.9186,-14.6707
20.7614,1414.0891,1583.3722,-14.6707
20.7702,1414.9244,1582.7971,-14.6707
20.7805,1415.8193,1582.2042,-14.6707
20.7905,1416.7939,1581.5925,-14.6707
20.8009,1417.7383,1580.9379,-14.6707
20.8108,1418.6177,1580.2993,-14.6707
20.8202,1419.4526,1579.7178,-14.6707
20.8301,1420.2120,1579.1600,-14.6707
20.8404,1420.9692,1578.5673,-14.6707
20.8502,1421.7374,1577.9731,-14.6707
20.8605,1422.5269,1577.4510,-14.6707
20.8705,1423.3818,1576.8945,-35.6582
20.8804,1424.2001,1576.2896,-35.6582
20.8902,1425.0098,1575.6617,-35.6582
20.9005,1425.7915,1575.0933,-35.6582
20.9104,1426.5284,1574.5334,-35.6582
20.9211,1427.2469,1573.9908,-35.6582
20.9305,1427.8688,1573.4660,-35.6582
20.9406,1428.4522,1572.9474,-35.6582
20.9505,1429.0972,1572.5302,-35.6582
20.9616,1429.7562,1572.1105,-35.6582
20.9706,1430.4022,1571.6259,-35.6582
20.9817,1431.0887,1571.1141,-35.6582
20.9910,1431.8650,1570.5059,-35.6582
20.9999,1432.6860,1569.9097,-35.6582
21.0109,1433.5047,1569.3335,-35.6582
21.0205,1434.2518,1568.7234,-35.6582
21.0303,1434.9459,1568.1362,-35.6582
21.0409,1435.7188,1567.5581,-35.6582
21.0517,1436.5320,1567.0152,-35.6582
21.0607,1437.3898,1566.3787,-35.6582
21.0708,1438.2496,1565.7351,-35.6582
21.0804,1439.0558,1565.0864,-35.6582
21.0901,1439.8784,1564.4731,-35.6582
21.1003,1440.6965,1563.8693,-35.6582
21.1105,1441.5141,1563.2759,-35.6582
21.1226,1442.2944,1562.6713,-35.6582
21.1307,1443.1361,1562.0632,-35.6582
21.1413,1444.0601,1561.4844,-35.6582
21.1512,1444.9662,1560.8606,-35.6582
21.1613,1445.8062,1560.1732,-35.6582
21.1700,1446.6231,1559.5319,-35.6582
21.1805,1447.4399,1559.0042,-35.6582
21.1922,1448.2480,1558.3943,-35.6582
21.2001,1449.0379,1557.8055,-35.6582
21.2103,1449.8578,1557.2085,-35.6582
21.2203,1450.7299,1556.6409,-35.6582
21.2309,1451.6420,1556.0425,-35.6582
21.2403,1452.5541,1555.4095,-35.6582
21.2501,1453.3780,1554.7527,-35.6582
21.2604,1454.1492,1554.1237,-35.6582
21.2710,1454.9598,1553.6332,-35.6582
21.2816,1455.7153,1553.1000,-35.6582
21.2906,1456.4814,1552.4607,-35.6582
21.3005,1457.3315,1551.8793,-35.6582
21.3103,1458.2433,1551.2605,-35.6582
21.3201,1459.1280,1550.6032,-35.6582
21.3308,1459.9976,1549.9751,-35.6582
21.3409,1460.7936,1549.3917,-35.6582
21.3513,1461.5046,1548.8643,-35.6582
21.3610,1462.2515,1548.3330,-35.6582
21.3705,1463.0055,1547.7663,-35.6582
21.3818,1463.7625,1547.1397,-35.6582
21.3905,1464.6291,1546.5296,-35.6582
21.4001,1465.5837,1545.9601,-35.6582
21.4105,1466.5117,1545.3033,-35.6582
21.4223,1467.3146,1544.6403,-35.6582
21.4321,1468.0959,1544.0600,-35.6582
21.4415,1468.8191,1543.5600,-35.6582
21.4518,1469.5472,1543.0399,-35.6582
21.4614,1470.3307,1542.4718,-35.6582
21.4712,1471.0859,1541.9042,-35.6582
21.4811,1471.9300,1541.2958,-35.6582
21.4912,1472.8973,1540.7097,-35.6582
21.5008,1473.8600,1540.0497,-35.6582
21.5111,1474.7402,1539.3934,-35.6582
21.5205,1475.5068,1538.8403,-35.6582
21.5313,1476.2526,1538.3789,-35.6582
21.5401,1477.0201,1537.8334,-35.6582
21.5516,1477.8387,1537.2234,-35.6582
21.5603,1478.6539,1536.6836,-35.6582
21.5714,1479.4611,1536.1672,-35.6582
21.5804,1480.3528,1535.5828,-35.6582
21.5911,1481.2486,1535.0012,-35.6582
21.6005,1482.0590,1534.4044,-35.6582
21.6104,1482.8038,1533.8625,-35.6582
21.6201,1483.5508,1533.4383,-35.6582
21.6306,1484.3541,1532.8898,-35.6582
21.6404,1485.1838,1532.2997,-35.6582
21.6505,1486.0620,1531.6963,-35.6582
21.6612,1487.0442,1531.0822,-35.6582
21.6704,1488.0240,1530.4115,-35.6582
21.6804,1488.9459,1529.7840,-35.6582
21.6904,1489.7094,1529.2575,-35.6582
21.7001,1490.4109,1528.7535,-35.6582
21.7104,1491.1514,1528.2224,-35.6582
21.7210,1491.9644,1527.6890,-35.6582
21.7303,1492.7689,1527.1191,-35.6582
21.7408,1493.5730,1526.5856,-35.6582
21.7501,1494.4795,1526.0139,-35.6582
21.7601,1495.3993,1525.3849,-35.6582
21.7705,1496.2603,1524.7340,-35.6582
21.7801,1497.0355,1524.1841,-35.6582
21.7906,1497.7598,1523.7079,-35.6582
21.8004,1498.4985,1523.1746,-35.6582
21.8105,1499.3227,1522.5812,-35.6582
21.8207,1500.1600,1521.9971,-35.6582
21.8302,1501.0545,1521.3721,-35.6582
21.8404,1501.9618,1520.7687,-35.6582
21.8506,1502.8368,1520.1715,-35.6582
21.8604,1503.5937,1519.6281,-35.6582
21.8710,1504.3090,1519.1361,-35.6582
21.8802,1505.0048,1518.6271,-35.6582
21.8907,1505.7395,1518.0468,-35.6582
21.9001,1506.5279,1517.4541,-35.6582
21.9104,1507.4271,1516.9123,-35.6582
21.9201,1508.4088,1516.3024,-35.6582
21.9303,1509.3575,1515.5949,-35.6582
21.9401,1510.2496,1514.9716,-35.6582
21.9503,1511.0148,1514.4305,-35.6582
21.9608,1511.7380,1513.9496,-35.6582
21.9703,1512.4883,1513.4279,-35.6582
21.9814,1513.2826,1512.8502,-35.6582
21.9903,1514.0958,1512.2831,-35.6582
22.0011,1514.9127,1511.7166,-35.6582
22.0100,1515.7640,1511.1924,-35.6582
22.0209,1516.6402,1510.5713,-35.6582
22.0318,1517.5118,1509.9796,-35.6582
22.0415,1518.2698,1509.4224,-35.6582
22.0504,1518.9968,1508.9127,-35.6582
22.0606,1519.7624,1508.3848,-35.6582
22.0705,1520.6233,1507.8187,-35.6582
22.0801,1521.4887,1507.2115,-35.6582
22.0912,1522.3858,1506.5795,-35.6582
22.1004,1523.3494,1505.9255,-35.6582
22.1104,1524.1921,1505.3170,-35.6582
22.1204,1524.9792,1504.7438,-35.6582
22.1304,1525.6871,1504.2590,-34.6032
22.1406,1526.4119,1503.7543,-34.6032
22.1501,1527.1772,1503.1836,-34.6032
22.1603,1527.9832,1502.6062,-34.6032
22.1707,1528.7679,1502.0537,-34.6032
22.1806,1529.5140,1501.5542,-34.6032
22.1908,1530.2357,1501.0352,-34.6032
22.2002,1530.9359,1500.5500,-34.6032
22.2112,1531.5930,1500.0923,-34.6032
22.2218,1532.2903,1499.6275,-34.6032
22.2310,1532.9996,1499.1173,-34.6032
22.2423,1533.7561,1498.5324,-34.6032
22.2502,1534.5718,1497.8881,-34.6032
22.2599,1535.4626,1497.2921,-34.6032
22.2708,1536.4103,1496.6516,-34.6032
22.2802,1537.3294,1495.9952,-34.6032
22.2902,1538.2055,1495.3879,-34.6032
22.3001,1538.9607,1494.8608,-34.6032
22.3106,1539.6260,1494.3622,-34.6032
22.3220,1540.3440,1493.8618,-34.6032
22.3307,1541.1127,1493.3617,-34.6032
22.3401,1541.9341,1492.7949,-34.6032
22.3504,1542.8032,1492.1711,-34.6032
22.3603,1543.7690,1491.4924,-34.6032
22.3702,1544.7920,1490.7513,-34.6032
22.3804,1545.7293,1490.1071,-34.6032
22.3918,1546.5166,1489.5840,-34.6032
22.4006,1547.1980,1489.1005,-34.6032
22.4106,1547.9717,1488.5775,-34.6032
22.4214,1548.8821,1488.0305,-34.6032
22.4306,1549.7336,1487.4860,-34.6032
22.4406,1550.5154,1486.8615,-34.6032
22.4505,1551.3494,1486.2140,-34.6032
22.4603,1552.2638,1485.6331,-34.6032
22.4711,1553.1235,1485.0872,-34.6032
22.4815,1553.8670,1484.5161,-34.6032
22.4920,1554.6165,1483.9933,-34.6032
22.5003,1555.4005,1483.4874,-34.6032
22.5102,1556.2717,1482.9681,-34.6032
22.5201,1557.1395,1482.3936,-34.6032
22.5306,1558.0158,1481.7101,-34.6032
22.5405,1558.9673,1481.0405,-34.6032
22.5503,1559.8572,1480.4895,-34.6032
22.5613,1560.6145,1479.9708,-34.6032
22.5715,1561.3093,1479.4580,-34.6032
22.5804,1562.0825,1478.9551,-34.6032
22.5906,1562.9100,1478.4374,-34.6032
22.6005,1563.7202,1477.8726,-34.6032
22.6104,1564.5992,1477.2482,-34.6032
22.6204,1565.5800,1476.6112,-34.6032
22.6305,1566.5443,1475.9811,-34.6032
22.6405,1567.3745,1475.4131,-34.6032
22.6500,1568.1180,1474.8777,-34.6032
22.6600,1568.9138,1474.3643,-34.6032
22.6708,1569.7538,1473.8796,-34.6032
22.6801,1570.5690,1473.3725,-34.6032
22.6904,1571.3399,1472.7460,-34.6032
22.7005,1572.2003,1472.0744,-34.6032
22.7100,1573.2220,1471.4402,-34.6032
22.7202,1574.1984,1470.8516,-34.6032
22.7304,1575.0958,1470.2675,-34.6032
22.7405,1575.9127,1469.7166,-34.6032
22.7500,1576.7469,1469.2056,-34.6032
22.7600,1577.6320,1468.6696,-34.6032
22.7713,1578.4780,1468.1522,-34.6032
22.7804,1579.2769,1467.5439,-34.6032
22.7910,1580.1014,1466.8892,-34.6032
22.8005,1580.9926,1466.3374,-34.6032
22.8107,1581.8513,1465.8596,-34.6032
22.8205,1582.6188,1465.3652,-34.6032
22.8303,1583.3466,1464.8002,-34.6032
22.8408,1584.1572,1464.3137,-34.6032
22.8506,1584.9694,1463.8064,-34.6032
22.8616,1585.8286,1463.2236,-34.6032
22.8711,1586.7087,1462.5998,-34.6032
22.8804,1587.6376,1461.9782,-34.6032
22.8907,1588.5793,1461.4186,-34.6032
22.9002,1589.5096,1460.8532,-34.6032
22.9104,1590.3461,1460.2745,-34.6032
22.9211,1591.1354,1459.7281,-34.6032
22.9311,1592.0272,1459.1887,-34.6032
22.9420,1592.9167,1458.6938,-34.6032
22.9508,1593.7443,1458.1146,-34.6032
22.9623,1594.5600,1457.4750,-34.6032
22.9719,1595.4140,1456.9327,-34.6032
22.9820,1596.2707,1456.3776,-34.6032
22.9907,1597.0239,1455.8188,-34.6032
23.0005,1597.7641,1455.2916,-34.6032
23.0106,1598.5208,1454.7717,-34.6032
23.0214,1599.3218,1454.2662,-34.6032
23.0301,1600.1620,1453.7185,-34.6032
23.0405,1601.0201,1453.0995,-34.6032
23.0506,1601.8977,1452.4459,-34.6032
23.0604,1602.8225,1451.8568,-34.6032
23.0702,1603.6531,1451.3049,-34.6032
23.0801,1604.3464,1450.7508,-34.6032
23.0905,1605.0274,1450.2570,-34.6032
23.1006,1605.7842,1449.7826,-34.6032
23.1104,1606.5895,1449.2800,-34.6032
23.1204,1607.3409,1448.6924,-34.6032
23.1304,1608.1754,1448.0554,-34.6032
23.1417,1609.0743,1447.4578,-34.6032
23.1519,1610.0100,1446.8690,-34.6032
23.1620,1610.8391,1446.3441,-34.6032
23.1708,1611.5426,1445.7980,-34.6032
23.1804,1612.3072,1445.2826,-34.6032
23.1909,1613.1490,1444.8351,-34.6032
23.2003,1613.9987,1444.3251,-34.6032
23.2106,1614.8329,1443.6951,-34.6032
23.2206,1615.7281,1443.0501,-34.6032
23.2305,1616.6472,1442.4517,-34.6032
23.2410,1617.5378,1441.8604,-34.6032
23.2516,1618.3636,1441.3126,-34.6032
23.2605,1619.1204,1440.8007,-34.6032
23.2706,1619.8799,1440.3115,-34.6032
23.2803,1620.7258,1439.8823,-34.6032
23.2907,1621.5619,1439.3761,-34.6032
23.3008,1622.3742,1438.7183,-34.6032
23.3103,1623.2957,1438.0844,-34.6032
23.3207,1624.2256,1437.4717,-34.6032
23.3306,1625.1345,1436.8936,-34.6032
23.3412,1625.8967,1436.3417,-34.6032
23.3509,1626.6737,1435.8060,-34.6032
23.3633,1627.4838,1435.3077,-34.6032
23.3705,1628.3211,1434.8148,-34.6032
23.3806,1629.1364,1434.3110,-33.2309
23.3909,1629.9374,1433.7133,-33.2309
23.4004,1630.8106,1433.0775,-33.2309
23.4103,1631.7248,1432.4926,-33.2309
23.4211,1632.5599,1431.9825,-33.2309
23.4308,1633.2481,1431.4704,-33.2309
23.4418,1633.9143,1430.9794,-33.2309
23.4508,1634.6472,1430.5693,-33.2309
23.4614,1635.3654,1430.1533,-33.2309
23.4704,1636.0376,1429.6880,-33.2309
23.4818,1636.6711,1429.2402,-33.2309
23.4899,1637.3503,1428.7042,-33.2309
23.5001,1638.1797,1428.1263,-33.2309
23.5101,1639.1121,1427.5498,-33.2309
23.5208,1640.0213,1426.9556,-33.2309
23.5300,1640.8329,1426.3514,-33.2309
23.5409,1641.6547,1425.8032,-33.2309
23.5507,1642.4770,1425.3115,-33.2309
23.5607,1643.2896,1424.8137,-33.2309
23.5711,1644.1669,1424.3141,-33.2309
23.5811,1645.0039,1423.7583,-33.2309
23.5901,1645.8425,1423.1536,-33.2309
23.6004,1646.7399,1422.5636,-33.2309
23.6103,1647.6277,1422.0345,-33.2309
23.6206,1648.4650,1421.4869,-33.2309
23.6304,1649.3237,1420.9652,-33.2309
23.6403,1650.1680,1420.4321,-33.2309
23.6504,1651.0336,1419.9346,-33.2309
23.6602,1651.8682,1419.4193,-33.2309
23.6705,1652.7225,1418.8411,-33.2309
23.6807,1653.5712,1418.2744,-33.2309
23.6906,1654.4279,1417.6894,-33.2309
23.7005,1655.3241,1417.1648,-33.2309
23.7105,1656.1916,1416.6313,-33.2309
23.7202,1657.0662,1416.1218,-33.2309
23.7301,1657.9390,1415.6358,-33.2309
23.7403,1658.8294,1415.1180,-33.2309
23.7505,1659.7042,1414.5509,-33.2309
23.7602,1660.5670,1413.9686,-33.2309
23.7706,1661.4701,1413.3956,-33.2309
23.7806,1662.3456,1412.8437,-33.2309
23.7919,1663.2312,1412.2590,-33.2309
23.8017,1664.1133,1411.7205,-33.2309
23.8100,1664.9814,1411.1842,-33.2309
23.8200,1665.8302,1410.6360,-33.2309
23.8305,1666.7028,1410.1457,-33.2309
23.8407,1667.5596,1409.6033,-33.2309
23.8505,1668.3986,1409.0548,-33.2309
23.8608,1669.2149,1408.4984,-33.2309
23.8703,1670.0089,1407.9795,-33.2309
23.8820,1670.7890,1407.4213,-33.2309
23.8905,1671.6642,1406.8774,-33.2309
23.9006,1672.5223,1406.3860,-33.2309
23.9105,1673.3384,1405.8571,-33.2309
23.9204,1674.1907,1405.3194,-33.2309
23.9302,1675.0687,1404.7556,-33.2309
23.9404,1675.8860,1404.1439,-33.2309
23.9501,1676.7048,1403.6152,-33.2309
23.9606,1677.4976,1403.0651,-33.2309
23.9705,1678.3320,1402.5413,-33.2309
23.9802,1679.1737,1402.0433,-33.2309
23.9910,1680.0118,1401.5286,-33.2309
24.0005,1680.8571,1401.0247,-33.2309
24.0102,1681.7177,1400.4620,-33.2309
24.0201,1682.6086,1399.8992,-33.2309
24.0302,1683.4785,1399.3009,-33.2309
24.0403,1684.3630,1398.6976,-33.2309
24.0516,1685.2057,1398.1207,-33.2309
24.0605,1686.0903,1397.5961,-33.2309
24.0705,1686.9416,1397.1262,-33.2309
24.0812,1687.7970,1396.6060,-33.2309
24.0903,1688.6401,1396.0854,-33.2309
24.1008,1689.4846,1395.5572,-33.2309
24.1101,1690.3186,1394.9501,-33.2309
24.1201,1691.1510,1394.3943,-33.2309
24.1303,1691.9724,1393.8585,-33.2309
24.1400,1692.7974,1393.3157,-33.2309
24.1501,1693.6637,1392.8233,-33.2309
24.1606,1694.5281,1392.3006,-33.2309
24.1710,1695.3721,1391.7762,-33.2309
24.1805,1696.1896,1391.2445,-33.2309
24.1904,1697.0792,1390.6978,-33.2309
24.2003,1697.9015,1390.0895,-33.2309
24.2107,1698.7366,1389.4877,-33.2309
24.2214,1699.5845,1388.9960,-33.2309
24.2305,1700.4259,1388.5005,-33.2309
24.2404,1701.2663,1388.0347,-33.2309
24.2514,1702.0834,1387.5272,-33.2309
24.2601,1702.9127,1386.9545,-33.2309
24.2708,1703.7495,1386.3811,-33.2309
24.2801,1704.6487,1385.7931,-33.2309
24.2907,1705.5115,1385.2201,-33.2309
24.3004,1706.3632,1384.6366,-33.2309
24.3106,1707.2101,1384.0566,-33.2309
24.3215,1708.0568,1383.5424,-33.2309
24.3318,1708.8629,1382.9981,-33.2309
24.3404,1709.6689,1382.4684,-33.2309
24.3521,1710.5099,1381.9005,-33.2309
24.3603,1711.3912,1381.3038,-33.2309
24.3701,1712.2603,1380.7131,-33.2309
24.3803,1713.1489,1380.1227,-33.2309
24.3907,1714.0322,1379.5807,-33.2309
24.4004,1714.8738,1379.0286,-33.2309
24.4111,1715.7011,1378.5012,-33.2309
24.4204,1716.5135,1378.0222,-33.2309
24.4305,1717.3427,1377.5068,-33.2309
24.4404,1718.1608,1376.9506,-33.2309
24.4512,1719.0044,1376.3616,-33.2309
24.4606,1719.8583,1375.7468,-33.2309
24.4708,1720.7383,1375.1836,-33.2309
24.4803,1721.6604,1374.6562,-33.2309
24.4906,1722.5223,1374.1058,-33.2309
24.5003,1723.3969,1373.5677,-33.2309
24.5103,1724.2618,1373.0803,-33.2309
24.5206,1725.1101,1372.6011,-33.2309
24.5301,1725.9177,1372.0229,-33.2309
24.5405,1726.7241,1371.4323,-33.2309
24.5503,1727.5510,1370.8205,-33.2309
24.5605,1728.4257,1370.3369,-33.2309
24.5709,1729.2851,1369.8777,-33.2309
24.5804,1730.1055,1369.3909,-33.2309
24.5902,1730.8945,1368.8866,-33.2309
24.6007,1731.6876,1368.3745,-33.2309
24.6112,1732.4761,1367.9398,-33.2309
24.6220,1733.2494,1367.3647,-33.2309
24.6315,1734.1036,1366.7709,-31.9260
24.6402,1735.0016,1366.2567,-31.9260
24.6500,1735.9161,1365.7441,-31.9260
24.6603,1736.7614,1365.2034,-31.9260
24.6702,1737.5665,1364.7014,-31.9260
24.6803,1738.2925,1364.2290,-31.9260
24.6903,1738.9522,1363.7949,-31.9260
24.7003,1739.6402,1363.3679,-31.9260
24.7106,1740.3292,1362.9528,-31.9260
24.7255,1740.9727,1362.4718,-31.9260
24.7308,1741.6548,1362.0336,-31.9260
24.7413,1742.4495,1361.6344,-31.9260
24.7503,1743.3528,1361.1589,-31.9260
24.7603,1744.2454,1360.5774,-31.9260
24.7710,1745.1041,1359.9235,-31.9260
24.7804,1745.9404,1359.3661,-31.9260
24.7905,1746.8124,1358.9492,-31.9260
24.8006,1747.6967,1358.5291,-31.9260
24.8104,1748.5562,1357.9200,-31.9260
24.8207,1749.4393,1357.2645,-31.9260
24.8300,1750.4218,1356.7366,-31.9260
24.8409,1751.3563,1356.1854,-31.9260
24.8503,1752.2900,1355.6128,-31.9260
24.8604,1753.1350,1355.1011,-31.9260
24.8707,1753.9604,1354.5992,-31.9260
24.8811,1754.7569,1354.1668,-31.9260
24.8919,1755.5621,1353.6622,-31.9260
24.8999,1756.3904,1353.0762,-31.9260
24.9109,1757.2853,1352.4827,-31.9260
24.9227,1758.2906,1351.9070,-31.9260
24.9301,1759.2565,1351.3755,-31.9260
24.9404,1760.1664,1350.8075,-31.9260
24.9504,1761.0255,1350.3226,-31.9260
24.9600,1761.8306,1349.8704,-31.9260
24.9714,1762.6256,1349.3600,-31.9260
24.9806,1763.4401,1348.7991,-31.9260
24.9903,1764.2930,1348.2324,-31.9260
25.0004,1765.2058,1347.6916,-31.9260
25.0103,1766.2169,1347.1519,-31.9260
25.0207,1767.2158,1346.5624,-31.9260
25.0312,1768.0718,1345.9886,-31.9260
25.0415,1768.9127,1345.4874,-31.9260
25.0499,1769.7791,1345.0723,-31.9260
25.0606,1770.6182,1344.5694,-31.9260
25.0716,1771.4601,1343.9634,-31.9260
25.0815,1772.3306,1343.4017,-31.9260
25.0901,1773.2161,1342.8502,-31.9260
25.1011,1774.0558,1342.3228,-31.9260
25.1100,1774.8930,1341.8237,-31.9260
25.1206,1775.6970,1341.3193,-31.9260
25.1301,1776.4680,1340.8447,-31.9260
25.1403,1777.2514,1340.3260,-31.9260
25.1505,1778.0519,1339.8295,-31.9260
25.1603,1778.8945,1339.2523,-31.9260
25.1708,1779.8276,1338.6400,-31.9260
25.1808,1780.7359,1338.0693,-31.9260
25.1910,1781.5936,1337.4747,-31.9260
25.2002,1782.4180,1336.9692,-31.9260
25.2104,1783.2369,1336.5269,-31.9260
25.2200,1784.0251,1336.0624,-31.9260
25.2307,1784.7997,1335.5250,-31.9260
25.2405,1785.6487,1334.9655,-31.9260
25.2500,1786.5547,1334.4799,-31.9260
25.2600,1787.4520,1333.9167,-31.9260
25.2704,1788.3298,1333.3339,-31.9260
25.2804,1789.1905,1332.7427,-31.9260
25.2906,1790.0593,1332.1963,-31.9260
25.3003,1790.8852,1331.7583,-31.9260
25.3105,1791.6880,1331.3365,-31.9260
25.3206,1792.4995,1330.8419,-31.9260
25.3303,1793.3778,1330.2851,-31.9260
25.3404,1794.3202,1329.7277,-31.9260
25.3503,1795.2407,1329.1630,-31.9260
25.3599,1796.1548,1328.5419,-31.9260
25.3706,1797.0130,1328.0324,-31.9260
25.3804,1797.7621,1327.5743,-31.9260
25.3922,1798.5359,1327.1014,-31.9260
25.4000,1799.3081,1326.6819,-31.9260
25.4105,1800.0994,1326.1475,-31.9260
25.4204,1800.9691,1325.6054,-31.9260
25.4304,1801.9249,1325.0355,-31.9260
25.4402,1802.8886,1324.4443,-31.9260
25.4504,1803.8131,1323.8586,-31.9260
25.4601,1804.6665,1323.3058,-31.9260
25.4705,1805.4626,1322.8530,-31.9260
25.4810,1806.2653,1322.4054,-31.9260
25.4912,1807.0824,1321.9157,-31.9260
25.5018,1807.9105,1321.3906,-31.9260
25.5108,1808.7801,1320.8008,-31.9260
25.5205,1809.6978,1320.2500,-31.9260
25.5303,1810.6285,1319.6850,-31.9260
25.5409,1811.4817,1319.1243,-31.9260
25.5501,1812.2805,1318.5986,-31.9260
25.5601,1813.0675,1318.0844,-31.9260
25.5702,1813.8652,1317.6630,-31.9260
25.5804,1814.6902,1317.2051,-31.9260
25.5906,1815.5427,1316.6879,-31.9260
25.6008,1816.4785,1316.1640,-31.9260
25.6104,1817.4380,1315.5471,-31.9260
25.6204,1818.3905,1314.9677,-31.9260
25.6306,1819.2463,1314.4497,-31.9260
25.6402,1820.0051,1313.9643,-31.9260
25.6505,1820.7665,1313.5264,-31.9260
25.6615,1821.5644,1313.0848,-31.9260
25.6702,1822.3690,1312.6364,-31.9260
25.6808,1823.2424,1312.1199,-31.9260
25.6907,1824.1636,1311.5959,-31.9260
25.6998,1825.0644,1311.0225,-31.9260
25.7105,1825.9891,1310.4462,-31.9260
25.7207,1826.8255,1309.9858,-31.9260
25.7303,1827.5811,1309.5250,-31.9260
25.7400,1828.3442,1309.0890,-31.9260
25.7508,1829.1482,1308.6305,-31.9260
25.7603,1829.9983,1308.1782,-31.9260
25.7708,1830.8815,1307.6680,-31.9260
25.7802,1831.8928,1307.0723,-31.9260
25.7903,1832.8593,1306.4758,-30.7839
25.8005,1833.7575,1305.9460,-30.7839
25.8106,1834.5822,1305.4558,-30.7839
25.8212,1835.3639,1305.0290,-30.7839
25.8311,1836.1543,1304.5719,-30.7839
25.8426,1836.9544,1304.0991,-30.7839
25.8523,1837.7747,1303.6369,-30.7839
25.8621,1838.6113,1303.1837,-30.7839
25.8702,1839.3867,1302.6967,-30.7839
25.8800,1840.0984,1302.2537,-30.7839
25.8900,1840.7612,1301.8843,-30.7839
25.9009,1841.4711,1301.4576,-30.7839
25.9119,1842.2497,1300.9697,-30.7839
25.9199,1843.0994,1300.4631,-30.7839
25.9305,1843.9843,1299.9713,-30.7839
25.9406,1844.8688,1299.4838,-30.7839
25.9501,1845.7999,1298.9107,-30.7839
25.9624,1846.7520,1298.3483,-30.7839
25.9701,1847.6713,1297.7748,-30.7839
25.9801,1848.5176,1297.2562,-30.7839
25.9907,1849.3405,1296.7810,-30.7839
26.0005,1850.1375,1296.2458,-30.7839
26.0104,1850.9540,1295.7901,-30.7839
26.0205,1851.7631,1295.3038,-30.7839
26.0301,1852.6293,1294.7937,-30.7839
26.0401,1853.5584,1294.2374,-30.7839
26.0499,1854.5107,1293.6387,-30.7839
26.0601,1855.4255,1293.0754,-30.7839
26.0709,1856.2898,1292.5520,-30.7839
26.0815,1857.1370,1292.0733,-30.7839
26.0908,1857.9612,1291.6003,-30.7839
26.1005,1858.7719,1291.0709,-30.6372
26.1102,1859.6146,1290.6146,-30.6310
26.1203,1860.4879,1290.0899,-30.6157
26.1310,1861.4482,1289.5587,-30.5352
26.1407,1862.4348,1288.8975,-30.5352
26.1503,1863.4719,1288.2928,-30.5352
26.1606,1864.1513,1287.7100,-30.5352
26.1701,1864.7623,1286.9847,-30.5352
26.1804,1865.6259,1286.5524,-30.5352
26.1906,1866.0334,1285.6980,-30.5352
26.2008,1866.5005,1284.7906,-30.5352
26.2102,1867.3107,1284.1553,-30.5352
26.2207,1868.0067,1283.3971,-30.5352
26.2299,1868.6044,1282.7656,-30.5352
26.2404,1869.4472,1282.4413,-30.5352
26.2505,1870.4070,1282.1481,-30.5352
26.2601,1871.4631,1281.7990,-30.5352
26.2702,1872.5172,1281.2206,-30.5352
26.2831,1873.6691,1280.6766,-30.5352
26.2906,1874.8360,1280.2313,-30.5352
26.3011,1875.8517,1279.8344,-30.5352
26.3114,1876.7814,1279.3633,-30.5352
26.3204,1877.6946,1278.7825,-30.5352
26.3299,1878.6760,1278.3613,-30.5352
26.3408,1879.6965,1278.0283,-30.5352
26.3503,1880.6660,1277.5907,-30.5352
26.3603,1881.5961,1277.1465,-30.5352
26.3709,1882.4791,1276.7361,-30.5352
26.3807,1883.2769,1276.4085,-30.5352
26.3908,1884.0570,1276.0327,-30.5352
26.4004,1884.8937,1275.6000,-30.5352
26.4103,1885.7287,1275.1559,-30.5352
26.4217,1886.6632,1274.7579,-30.5352
26.4322,1887.6714,1274.3956,-30.5352
26.4410,1888.7181,1273.9150,-30.5352
26.4501,1889.7658,1273.4338,-30.5352
26.4607,1890.7029,1273.0844,-30.5352
26.4711,1891.4951,1272.7176,-30.5352
26.4801,1892.2996,1272.3299,-30.5352
26.4908,1893.1780,1271.8617,-30.5352
26.5006,1894.0670,1271.4543,-30.5352
26.5104,1894.9655,1271.0998,-30.5352
26.5205,1895.8953,1270.7161,-30.5352
26.5301,1896.8872,1270.3304,-30.5352
26.5403,1897.8903,1269.9138,-30.5352
26.5504,1898.7692,1269.5447,-30.5352
26.5602,1899.5750,1269.1083,-30.5352
26.5719,1900.3915,1268.6509,-30.5352
26.5825,1901.2730,1268.2594,-30.5352
26.5915,1902.2073,1267.9008,-30.5352
26.6020,1903.1404,1267.5093,-30.5352
26.6101,1904.1271,1267.0642,-30.5352
26.6200,1905.1935,1266.6296,-30.5352
26.6300,1906.1640,1266.2159,-30.5352
26.6406,1907.0397,1265.7630,-30.5352
26.6499,1907.8897,1265.3353,-30.5352
26.6604,1908.7403,1264.9090,-30.5352
26.6701,1909.6541,1264.5117,-30.5352
26.6804,1910.6108,1264.1205,-30.5352
26.6909,1911.5687,1263.6671,-30.5352
26.7003,1912.5788,1263.2255,-30.5352
26.7101,1913.6137,1262.8237,-30.5352
26.7201,1914.5634,1262.4583,-30.5352
26.7303,1915.3695,1262.0641,-30.5352
26.7405,1916.1917,1261.6106,-30.5352
26.7511,1917.0369,1261.2142,-30.5352
26.7603,1917.9094,1260.8235,-30.5352
26.7700,1918.8624,1260.4684,-30.5352
26.7805,1919.8365,1260.0746,-30.5352
26.7904,1920.8385,1259.6271,-23.3564
26.8004,1921.7751,1259.2574,-23.3471
26.8106,1922.6282,1258.9301,-23.3349
26.8204,1923.4169,1258.6221,-23.3000
26.8302,1924.1946,1258.1586,-22.9771
26.8403,1925.2198,1257.7819,-22.9771
26.8521,1926.2052,1257.4053,-22.9771
26.8618,1926.8571,1256.7053,-22.9771
26.8706,1927.6906,1256.4088,-18.8428
26.8801,1928.3149,1255.8941,-18.8428
26.8901,1928.4721,1254.9270,-18.8428
26.9004,1928.9431,1254.2073,-18.8428
26.9110,1929.8879,1253.5743,-18.8428
26.9203,1930.7418,1252.8000,-18.8428
26.9300,1931.4243,1252.0504,-18.8428
26.9401,1932.2988,1251.5867,-18.8428
26.9504,1933.3524,1251.3976,-18.8428
26.9599,1934.4509,1251.2868,-18.8428
26.9701,1935.3684,1251.1299,-18.8428
26.9801,1936.1004,1250.8226,-18.8428
26.9903,1936.9288,1250.5117,-18.8428
26.9999,1937.8552,1250.2814,-18.8428
27.0104,1938.7748,1250.0363,-18.8428
27.0204,1939.7104,1249.8626,-18.8428
27.0304,1940.7729,1249.6602,-18.8428
27.0416,1941.8481,1249.4157,-18.8428
27.0519,1942.9123,1249.1161,-18.8428
27.0605,1943.9197,1248.8244,-18.8428
27.0705,1944.9459,1248.6426,-18.8428
27.0801,1945.9766,1248.3792,-18.8428
27.0902,1947.0189,1248.0781,-18.8428
27.1014,1948.0596,1247.8217,-18.8428
27.1117,1949.0961,1247.6019,-18.8428
27.1204,1950.0896,1247.4181,-18.8428
27.1306,1951.0665,1247.1766,-18.8428
27.1403,1951.9874,1246.9166,-18.8428
27.1503,1952.9302,1246.7090,-18.8428
27.1611,1953.8798,1246.5046,-18.8428
27.1728,1954.8206,1246.2612,-18.8428
27.1815,1955.7861,1245.9329,-18.8428
27.1903,1956.7961,1245.6882,-18.8428
27.2010,1957.8298,1245.4636,-18.8428
27.2103,1958.8688,1245.2201,-18.8428
27.2210,1959.8503,1244.9639,-18.8428
27.2304,1960.7803,1244.7302,-18.8428
27.2411,1961.6873,1244.5244,-18.8428
27.2504,1962.5716,1244.2620,-18.8428
27.2604,1963.5038,1244.0042,-18.8428
27.2708,1964.4604,1243.7649,-18.8428
27.2805,1965.4946,1243.5039,-18.8428
27.2905,1966.5803,1243.2826,-18.8428
27.3004,1967.6398,1243.0370,-18.8428
27.3104,1968.6641,1242.8067,-18.8428
27.3211,1969.6081,1242.6251,-18.8428
27.3307,1970.5312,1242.4076,-18.8428
27.3402,1971.4338,1242.1422,-18.8428
27.3504,1972.3915,1241.8409,-18.8428
27.3606,1973.3832,1241.6168,-18.8428
27.3715,1974.4311,1241.4004,-18.8428
27.3803,1975.4903,1241.1606,-18.8428
27.3920,1976.4951,1240.9478,-18.8428
27.4006,1977.4214,1240.7246,-18.8428
27.4109,1978.3271,1240.5395,-18.8428
27.4217,1979.2455,1240.3578,-18.8428
27.4299,1980.1400,1240.0937,-18.8428
27.4401,1981.0412,1239.8443,-18.8428
27.4527,1982.0230,1239.6315,-18.8428
27.4602,1983.1057,1239.4728,-18.8428
27.4703,1984.2082,1239.2650,-18.8428
27.4823,1985.2890,1239.0588,-18.8428
27.4905,1986.2242,1238.8792,-18.8428
27.5005,1987.1091,1238.6758,-18.8428
27.5126,1988.0076,1238.4606,-18.8428
27.5203,1988.9327,1238.2327,-18.8428
27.5304,1989.8627,1237.9837,-18.8428
27.5409,1990.8401,1237.7761,-18.8428
27.5511,1991.9174,1237.5904,-18.8428
27.5619,1992.9276,1237.3723,-18.8428
27.5702,1993.8313,1237.1036,-18.8428
27.5802,1994.7103,1236.9286,-18.8428
27.5900,1995.5506,1236.7778,-18.8428
27.6004,1996.4301,1236.5383,-18.8428
27.6106,1997.3230,1236.3318,-18.8428
27.6204,1998.2375,1236.0659,-18.8428
27.6304,1999.2111,1235.8432,-18.8428
27.6401,2000.3021,1235.6589,-18.8428
27.6506,2001.3538,1235.3865,-18.8428
27.6605,2002.2634,1235.1259,-18.8428
27.6705,2003.1308,1234.9364,-18.8428
27.6812,2003.9759,1234.8048,-18.8428
27.6909,2004.8484,1234.5845,-18.8428
27.7008,2005.7398,1234.2825,-18.8428
27.7105,2006.6819,1233.9977,-18.8428
27.7209,2007.7161,1233.7288,-18.8428
27.7312,2008.8084,1233.5237,-18.8428
27.7411,2009.8407,1233.3054,-18.8428
27.7503,2010.7211,1233.0448,-18.8428
27.7604,2011.6071,1232.8816,-18.8428
27.7703,2012.5022,1232.6758,-18.8428
27.7803,2013.3912,1232.4200,-18.8428
27.7902,2014.3113,1232.1296,-18.8428
27.8004,2015.3092,1231.8453,-18.8428
27.8115,2016.3847,1231.6079,-18.8428
27.8208,2017.5424,1231.3420,-12.7856
27.8299,2018.6327,1231.1292,-12.7776
27.8402,2019.5618,1230.8914,-12.7892
27.8515,2020.4319,1230.7198,-12.7894
27.8611,2021.3958,1230.4823,-12.5191
27.8704,2022.3660,1230.1732,-12.5191
27.8804,2023.4839,1230.0186,-12.5191
27.8919,2024.5522,1229.5995,-12.5191
27.9018,2025.4946,1229.3226,-12.5191
27.9106,2026.4621,1229.0320,-12.5191
27.9211,2027.1003,1228.3284,-12.5191
27.9304,2027.6196,1227.4999,-12.5191
27.9404,2028.4704,1226.9006,-12.5191
27.9503,2029.4778,1226.4171,-12.5191
27.9610,2030.3492,1225.8939,-12.5191
27.9706,2031.1539,1225.6246,-12.5191
27.9807,2031.9547,1225.5528,-12.5191
27.9904,2032.8060,1225.5353,-12.5191
28.0005,2033.7615,1225.5382,-12.5191
28.0104,2034.8147,1225.4569,-12.5191
28.0204,2035.9043,1225.3754,-12.5191
28.0302,2037.0823,1225.3550,-3.7679
28.0406,2038.3252,1225.2516,-3.7679
28.0509,2039.5045,1225.1137,-3.7679
28.0615,2040.5199,1224.9277,-3.7679
28.0699,2041.4845,1224.8027,-3.7679
28.0816,2042.5384,1224.7908,-3.7679
28.0905,2043.6144,1224.7204,-3.7679
28.1001,2044.6132,1224.6672,-3.7679
28.1115,2045.4990,1224.6001,-3.7679
28.1215,2046.3730,1224.5258,-3.7679
28.1303,2047.2619,1224.4657,-3.7679
28.1410,2048.1287,1224.3774,-3.7679
28.1501,2048.8666,1224.2744,-3.7679
28.1598,2049.5920,1224.1480,-3.7679
28.1706,2050.3923,1224.0648,-3.7679
28.1802,2051.3777,1224.0071,-3.7679
28.1910,2052.5123,1223.9634,-3.7679
28.2004,2053.6562,1223.9669,-3.7679
28.2102,2054.7549,1223.9078,-3.7679
28.2203,2055.8354,1223.7941,-3.7679
28.2304,2056.9013,1223.6527,-3.7679
28.2404,2057.9319,1223.5013,-3.7679
28.2504,2058.9139,1223.3915,-3.7679
28.2608,2059.9728,1223.3091,-3.7679
28.2717,2061.0346,1223.2938,-3.7679
28.2800,2062.0123,1223.2830,-3.7679
28.2902,2062.9436,1223.2461,-3.7679
28.3004,2063.9219,1223.1818,-3.7679
28.3100,2064.9760,1223.0751,-3.7679
28.3203,2066.0222,1222.9585,-3.7679
28.3302,2067.0736,1222.8427,-3.7679
28.3406,2068.1157,1222.7484,-3.7679
28.3503,2069.1476,1222.7249,-3.7679
28.3600,2070.1485,1222.7172,-3.7679
28.3701,2071.0667,1222.7011,-3.7679
28.3815,2072.0747,1222.6574,-3.7679
28.3902,2073.1428,1222.5575,-3.7679
28.4007,2074.1888,1222.4404,-3.7679
28.4116,2075.1932,1222.2802,-3.7679
28.4235,2076.2233,1222.1945,-3.7679
28.4299,2077.2554,1222.1718,-3.7679
28.4405,2078.2589,1222.1619,-3.7679
28.4502,2079.2292,1222.1685,-3.7679
28.4604,2080.1718,1222.1416,-3.7679
28.4701,2081.1680,1222.1126,-3.7679
28.4802,2082.2214,1222.0117,-3.7679
28.4904,2083.2681,1221.8824,-3.7679
28.5004,2084.3010,1221.7703,-3.7679
28.5108,2085.3632,1221.6910,-3.7679
28.5216,2086.4257,1221.6724,-3.7679
28.5303,2087.4277,1221.6558,-3.7679
28.5402,2088.3851,1221.6489,-3.7679
28.5514,2089.3578,1221.6580,-3.7679
28.5612,2090.3673,1221.6038,-3.7679
28.5704,2091.4261,1221.4982,-3.7679
28.5802,2092.4929,1221.3651,-3.7679
28.5911,2093.5055,1221.2348,-3.7679
28.6018,2094.5480,1221.1812,-3.7679
28.6102,2095.5642,1221.1754,-3.7679
28.6209,2096.5132,1221.1924,-3.7679
28.6309,2097.4694,1221.1636,-3.7679
28.6412,2098.4888,1221.1497,-3.7679
28.6503,2099.5372,1221.0669,-3.7679
28.6600,2100.5904,1220.9197,-3.7679
28.6701,2101.6287,1220.7992,-3.7679
28.6805,2102.6520,1220.6773,-3.7679
28.6904,2103.6428,1220.6436,-3.7679
28.7010,2104.6096,1220.6522,-3.7679
28.7106,2105.5062,1220.6420,-3.7679
28.7210,2106.4196,1220.6185,-3.7679
28.7305,2107.4260,1220.5633,-3.7679
28.7411,2108.4681,1220.4808,-3.7679
28.7510,2109.4623,1220.3134,-3.7679
28.7604,2110.4251,1220.1635,-3.7679
28.7701,2111.4088,1220.1094,-3.7679
28.7809,2112.3875,1220.0873,-3.7679
28.7908,2113.3489,1220.1164,-3.7679
28.8011,2114.3030,1220.0925,-3.7679
28.8112,2115.2485,1220.0662,-3.7679
28.8202,2116.2489,1220.0336,-3.7679
28.8301,2117.2894,1219.9018,-3.7679
28.8409,2118.3046,1219.7684,-3.7679
28.8504,2119.3404,1219.6241,-3.7679
28.8606,2120.3809,1219.5743,-3.7679
28.8708,2121.4109,1219.5753,-3.7679
28.8806,2122.3672,1219.5687,-3.7679
28.8906,2123.3377,1219.5500,-3.7679
28.9013,2124.3623,1219.4932,-3.7679
28.9108,2125.4066,1219.3909,-3.7679
28.9200,2126.4280,1219.2670,-3.7679
28.9309,2127.4020,1219.1389,-3.7679
28.9408,2128.3681,1219.1106,-3.7679
28.9502,2129.3658,1219.1027,-3.7679
28.9602,2130.3653,1219.0826,-3.7679
28.9704,2131.3433,1219.0139,-3.7679
28.9805,2132.3329,1218.9762,-3.7679
28.9908,2133.3591,1218.9885,-3.7679
29.0020,2134.3932,1218.8605,-3.7679
29.0103,2135.3878,1218.7484,-3.7679
29.0210,2136.3828,1218.6557,-3.7679
29.0306,2137.3732,1218.6400,-3.7679
29.0406,2138.3211,1218.6646,-3.7679
29.0502,2139.2814,1218.6469,-3.7679
29.0603,2140.2188,1218.6680,-3.7679
29.0699,2141.1664,1218.6194,-3.7679
29.0801,2142.1761,1218.6071,-3.7679
29.0904,2143.2170,1218.5172,-3.7679
29.1006,2144.2507,1218.3636,-3.7679
29.1102,2145.2554,1218.2557,-3.7679
29.1203,2146.2446,1218.2017,-3.7679
29.1306,2147.2256,1218.2352,-3.7679
29.1412,2148.1667,1218.2445,-3.7679
29.1499,2149.1224,1218.1970,-3.7679
29.1603,2150.1013,1218.1727,-3.7679
29.1718,2151.1073,1218.0443,-3.7679
29.1802,2152.1603,1217.9560,-3.7679
29.1908,2153.2288,1217.8442,-3.7679
29.2008,2154.2173,1217.6912,-3.7679
29.2100,2155.1904,1217.6322,-3.7679
29.2209,2156.1724,1217.6255,-2.8290
29.2306,2157.0953,1217.6330,-2.8411
29.2419,2158.0487,1217.5920,-2.8242
29.2512,2159.0698,1217.5125,-2.7494
29.2604,2160.1344,1217.3751,-2.3925
29.2702,2161.2943,1217.2401,-2.3925
29.2807,2162.3914,1217.2274,-2.3925
29.2903,2163.2891,1216.9987,-2.3925
29.3006,2164.1014,1216.7269,-2.3925
29.3118,2164.9125,1216.5054,-2.3925
29.3208,2165.5317,1215.8951,-2.3925
29.3312,2166.1678,1215.3648,-2.3925
29.3406,2166.8997,1215.0104,-2.3925
29.3507,2167.7485,1214.9144,-2.3925
29.3609,2168.6586,1215.0607,-2.3925
29.3719,2169.5261,1215.2150,-2.3925
29.3801,2170.4596,1215.3408,-2.3925
29.3904,2171.5410,1215.3772,-2.3925
29.4001,2172.7338,1215.3994,-2.3925
29.4103,2173.9092,1215.5264,-2.3925
29.4240,2175.0229,1215.6282,-2.3925
29.4303,2176.0912,1215.7148,-2.3925
29.4429,2177.2012,1215.7028,-2.3925
29.4509,2178.3041,1215.6980,-2.3925
29.4605,2179.3445,1215.7716,-2.3925
29.4705,2180.2712,1215.8927,-2.3925
29.4805,2181.1798,1215.9913,-2.3925
29.4907,2182.1094,1216.0109,-2.3925
29.5018,2183.1758,1216.0517,-2.3925
29.5113,2184.2185,1216.1164,-2.3925
29.5209,2185.1901,1216.1309,-2.3925
29.5307,2186.2228,1216.1682,-2.3925
29.5414,2187.2246,1216.1915,-2.3925
29.5510,2188.1880,1216.2725,-2.3925
29.5604,2189.1615,1216.3740,-2.3925
29.5706,2190.2009,1216.4813,-2.3925
29.5801,2191.2412,1216.5458,-2.3925
29.5902,2192.3433,1216.5807,-2.3925
29.6001,2193.4296,1216.6304,-2.3925
29.6109,2194.4282,1216.6497,-2.3925
29.6211,2195.3986,1216.7157,-2.3925
29.6306,2196.3356,1216.8272,-2.3925
29.6411,2197.2524,1216.8987,-2.3925
29.6505,2198.2001,1216.9788,-2.3925
29.6605,2199.2310,1217.0370,-2.3925
29.6709,2200.3031,1217.1359,-2.3925
29.6814,2201.4004,1217.2308,-2.3925
29.6918,2202.4725,1217.2297,-2.3925
29.7016,2203.4673,1217.2826,-2.3925
29.7114,2204.4208,1217.3708,-2.3925
29.7213,2205.3606,1217.4771,-2.3925
29.7302,2206.3093,1217.5760,-2.3925
29.7406,2207.2831,1217.6082,-2.3925
29.7504,2208.3112,1217.6824,-2.3925
29.7602,2209.4189,1217.7761,-2.3925
29.7707,2210.5344,1217.8918,-2.3925
29.7803,2211.6644,1217.9603,-2.3925
29.7914,2212.7451,1218.0042,-2.3925
29.8003,2213.7477,1218.1039,-2.3925
29.8104,2214.7179,1218.1602,-2.3925
29.8211,2215.6898,1218.2191,-2.3925
29.8307,2216.6985,1218.2932,-2.3925
29.8409,2217.7430,1218.3616,-2.3925
29.8508,2218.8263,1218.4507,-2.3925
29.8610,2219.8951,1218.4838,-2.3925
29.8707,2220.8613,1218.5555,-2.3925
29.8817,2221.7847,1218.6207,-2.3925
29.8918,2222.7335,1218.7112,-2.3925
29.9013,2223.7001,1218.8054,-2.3925
29.9102,2224.7006,1218.8474,-2.3925
29.9203,2225.7179,1218.9393,-2.3925
29.9306,2226.7925,1219.0126,-2.3925
29.9408,2227.8915,1219.0926,-2.3925
29.9503,2229.0027,1219.1657,-2.3925
29.9602,2230.0197,1219.2739,-2.3925
29.9703,2230.9447,1219.4037,-2.3925
29.9802,2231.8488,1219.4619,-2.3925
29.9902,2232.8038,1219.5396,-2.3925
30.0003,2233.7628,1219.6055,-2.3925
30.0107,2234.7626,1219.6783,-2.3925
30.0210,2235.8367,1219.8030,-2.3925
30.0302,2236.9077,1219.8165,-2.3925
30.0406,2237.8873,1219.8376,-2.3925
30.0508,2238.7775,1219.9360,-2.3925
30.0603,2239.6627,1220.0280,-2.3925
30.0703,2240.5270,1220.1111,-2.3925
30.0809,2241.4528,1220.1406,-2.3925
30.0903,2242.4458,1220.1968,-2.3925
30.1006,2243.4891,1220.2714,-2.3925
30.1104,2244.5184,1220.3118,-2.3925
30.1211,2245.5590,1220.3420,-2.3925
30.1301,2246.5251,1220.3937,-2.3925
30.1402,2247.4313,1220.5383,-2.3925
30.1502,2248.2947,1220.6501,-2.3925
30.1599,2249.1687,1220.6999,-2.3925
30.1707,2250.1008,1220.7248,-2.3925
30.1800,2251.0643,1220.7816,-2.3925
30.1901,2252.1129,1220.8722,-2.3925
30.2010,2253.1495,1220.9255,-2.3925
30.2105,2254.1880,1220.9586,-2.3925
30.2204,2255.1393,1221.0389,-2.3925
30.2304,2256.0172,1221.1599,-2.3925
30.2408,2256.9071,1221.2863,-2.3925
30.2504,2257.8260,1221.3466,-2.3925
30.2602,2258.8109,1221.3620,-2.3925
30.2705,2259.9093,1221.4429,-2.3925
30.2800,2261.0067,1221.5103,-2.3925
30.2912,2262.0708,1221.5687,-2.3925
30.3016,2263.1211,1221.6620,-2.3925
30.3117,2264.0890,1221.7966,-2.3925
30.3203,2264.9833,1221.8886,-2.3925
30.3303,2265.8738,1221.9405,-2.3925
30.3401,2266.8162,1221.9990,-2.3925
30.3510,2267.7926,1222.0536,-2.3925
30.3615,2268.8610,1222.1308,-2.3925
30.3705,2270.0112,1222.2034,-2.3925
30.3810,2271.1276,1222.2296,-2.3925
30.3906,2272.1761,1222.3713,-2.3925
30.4016,2273.1417,1222.5209,-2.3925
30.4116,2274.0291,1222.6462,-2.3925
30.4210,2274.9257,1222.7016,-2.3925
30.4301,2275.8892,1222.7413,-2.3925
30.4405,2276.8950,1222.8116,-2.3925
30.4503,2277.9459,1222.8815,-2.3925
30.4606,2279.0775,1222.9395,-2.3925
30.4700,2280.1864,1223.0336,-2.3925
30.4801,2281.1849,1223.1487,-2.3925
30.4906,2282.0966,1223.3163,-2.3925
30.5010,2282.9723,1223.4209,-2.3925
30.5104,2283.8352,1223.4912,-2.3925
30.5200,2284.7725,1223.5323,5.1684
30.5303,2285.7983,1223.5812,5.1684
30.5414,2286.8898,1223.6485,5.1684
30.5500,2288.0330,1223.7083,5.1684
30.5603,2289.1493,1223.8534,5.1684
30.5706,2290.0968,1223.9981,5.1684
30.5802,2290.9152,1224.1159,5.1684
30.5903,2291.7200,1224.2144,5.1684
30.6003,2292.5226,1224.2599,5.1684
30.6102,2293.3073,1224.3133,5.1684
30.6204,2294.1016,1224.3260,5.1684
30.6303,2294.8322,1224.3767,5.1684
30.6399,2295.6385,1224.4369,5.1684
30.6505,2296.6466,1224.5751,5.1684
30.6598,2297.8127,1224.7724,5.1684
30.6705,2298.9277,1224.8585,5.1684
30.6809,2299.9316,1224.9600,5.1684
30.6905,2300.9075,1225.0599,5.1684
30.7008,2301.8978,1225.1268,5.1684
30.7105,2302.9163,1225.1763,5.1684
30.7210,2303.9855,1225.1876,5.1684
30.7301,2305.0848,1225.2458,5.1684
30.7404,2306.1930,1225.3772,5.1684
30.7501,2307.2823,1225.5560,5.1684
30.7598,2308.2585,1225.7143,5.1684
30.7705,2309.2125,1225.7872,5.1684
30.7804,2310.1691,1225.8603,5.1684
30.7902,2311.1571,1225.9160,5.1684
30.8000,2312.1727,1225.9462,5.1684
30.8104,2313.2614,1225.9975,5.1684
30.8220,2314.4026,1226.0757,5.1684
30.8311,2315.5225,1226.2509,5.1684
30.8405,2316.5631,1226.4323,5.1684
30.8504,2317.5690,1226.5783,5.1684
30.8604,2318.5562,1226.6512,5.1684
30.8706,2319.5485,1226.6595,5.1684
30.8806,2320.5768,1226.7192,5.1684
30.8902,2321.6234,1226.7791,5.1684
30.9005,2322.6719,1226.8874,5.1684
30.9107,2323.7587,1227.0598,5.1684
30.9218,2324.8021,1227.2064,5.1684
30.9308,2325.7728,1227.3085,5.1684
30.9412,2326.7047,1227.3837,5.1684
30.9504,2327.6376,1227.5019,5.1684
30.9598,2328.6067,1227.5812,5.1684
30.9703,2329.6377,1227.6104,5.1684
30.9807,2330.7264,1227.6805,5.1684
30.9921,2331.8158,1227.8024,5.1684
31.0010,2332.8770,1227.9943,5.1684
31.0108,2333.8621,1228.1339,5.1684
31.0203,2334.7412,1228.2078,5.1684
31.0302,2335.6241,1228.3341,5.1684
31.0403,2336.5366,1228.4268,5.1684
31.0505,2337.4774,1228.4755,5.1684
31.0602,2338.4685,1228.5115,5.1684
31.0703,2339.5577,1228.5667,5.1684
31.0798,2340.6648,1228.7208,5.1684
31.0901,2341.7192,1228.8705,5.1684
31.1019,2342.7408,1229.0294,5.1684
31.1105,2343.6649,1229.1176,5.1684
31.1200,2344.5658,1229.1996,5.1684
31.1309,2345.4886,1229.3201,5.1684
31.1423,2346.4445,1229.3787,5.1684
31.1502,2347.4424,1229.4117,5.1684
31.1602,2348.5414,1229.4758,5.1684
31.1701,2349.6169,1229.6311,5.1684
31.1802,2350.6643,1229.8085,5.1684
31.1900,2351.6162,1229.9091,5.1684
31.2004,2352.5389,1230.0001,5.1684
31.2112,2353.4409,1230.0851,5.1684
31.2201,2354.3862,1230.1298,5.1684
31.2302,2355.3674,1230.1517,5.1684
31.2400,2356.3956,1230.2119,5.1684
31.2516,2357.4440,1230.3732,5.1684
31.2602,2358.4878,1230.5443,5.1684
31.2701,2359.4781,1230.6855,5.1684
31.2812,2360.3972,1230.7704,5.1684
31.2920,2361.2538,1230.8318,5.1684
31.3005,2362.1558,1230.9594,5.1684
31.3105,2363.0736,1231.0159,5.1684
31.3207,2364.0437,1231.0533,5.1684
31.3311,2365.1122,1231.1697,5.1684
31.3404,2366.1775,1231.3470,5.1684
31.3504,2367.2122,1231.5395,5.1684
31.3605,2368.2083,1231.6664,5.1684
31.3707,2369.1316,1231.7721,5.1684
31.3798,2369.9963,1231.8651,5.1684
31.3899,2370.8801,1232.0046,5.1684
31.4005,2371.7880,1232.1183,5.1684
31.4115,2372.7686,1232.1680,5.1684
31.4216,2373.8431,1232.2865,5.1684
31.4313,2374.9244,1232.4606,5.1684
31.4412,2375.9943,1232.6555,5.1684
31.4507,2376.9785,1232.8245,5.1684
31.4607,2377.9303,1232.9210,5.1684
31.4710,2378.8608,1233.0157,5.1684
31.4802,2379.8121,1233.0586,5.1684
31.4903,2380.8293,1233.1021,5.1684
31.5012,2381.8977,1233.1620,5.1684
31.5110,2382.9813,1233.2800,5.1684
31.5214,2384.0455,1233.4862,5.1684
31.5313,2385.0839,1233.6649,5.1684
31.5414,2386.0569,1233.7674,5.1684
31.5499,2387.0204,1233.8306,5.1684
31.5603,2388.0007,1233.8523,5.1684
31.5706,2389.0137,1233.8940,5.1684
31.5800,2390.0629,1233.8939,5.1684
31.5909,2391.1648,1233.9935,5.1684
31.6008,2392.2502,1234.1674,5.1684
31.6128,2393.2743,1234.3389,5.1684
31.6202,2394.2748,1234.4960,5.1684
31.6302,2395.2125,1234.5427,5.1684
31.6405,2396.1461,1234.6104,5.1684
31.6507,2397.1357,1234.7025,5.1684
31.6619,2398.1730,1234.7446,5.1684
31.6708,2399.2393,1234.7708,5.1684
31.6805,2400.3322,1234.8834,5.1684
31.6906,2401.4158,1235.0945,5.1684
31.7015,2402.4379,1235.2764,5.1684
31.7115,2403.4424,1235.3868,5.1684
31.7211,2404.3787,1235.4652,5.1684
31.7314,2405.2870,1235.5481,5.1684
31.7401,2406.2303,1235.6681,5.1684
31.7509,2407.2417,1235.7325,6.5902
31.7610,2408.2773,1235.8075,6.5902
31.7717,2409.3495,1235.9549,6.5902
31.7818,2410.4126,1236.1545,6.5902
31.7904,2411.4236,1236.3403,6.5902
31.8002,2412.3694,1236.4100,6.5902
31.8102,2413.2253,1236.4449,6.5902
31.8204,2414.0367,1236.5132,6.5902
31.8304,2414.8708,1236.6038,6.5902
31.8412,2415.7020,1236.7302,6.5902
31.8514,2416.5587,1236.8017,6.5902
31.8604,2417.3849,1236.8762,6.5902
31.8702,2418.2413,1237.0210,6.5902
31.8799,2419.1979,1237.2150,6.5902
31.8901,2420.2585,1237.4220,6.5902
31.9007,2421.3909,1237.5449,6.5902
31.9118,2422.4907,1237.5980,6.5902
31.9209,2423.5305,1237.6471,6.5902
31.9321,2424.5696,1237.6949,6.5902
31.9412,2425.5898,1237.8595,6.5902
31.9504,2426.5573,1238.0055,6.5902
31.9604,2427.5347,1238.1553,6.5902
31.9701,2428.5729,1238.3059,6.5902
31.9812,2429.6273,1238.4199,6.5902
31.9919,2430.6348,1238.5182,6.5902
31.9998,2431.6130,1238.5939,6.5902
32.0107,2432.5995,1238.6752,6.5902
32.0203,2433.6063,1238.7635,6.5902
32.0302,2434.6088,1238.8803,6.5902
32.0413,2435.6340,1239.0777,6.5902
32.0506,2436.6627,1239.2239,6.5902
32.0605,2437.7515,1239.3699,6.5902
32.0711,2438.8541,1239.4988,6.5902
32.0799,2439.8580,1239.6035,6.5902
32.0907,2440.8644,1239.6820,6.5902
32.1001,2441.9341,1239.7563,6.5902
32.1103,2443.0057,1239.9144,6.5902
32.1202,2444.0093,1240.0653,6.5902
32.1303,2444.9800,1240.2369,6.5902
32.1400,2446.0072,1240.3613,6.5902
32.1504,2447.0022,1240.3929,6.5902
32.1620,2447.9502,1240.4836,6.5902
32.1701,2448.8615,1240.5570,6.5902
32.1798,2449.7808,1240.6210,6.5902
32.1905,2450.7615,1240.7183,6.5902
32.2003,2451.7532,1240.8145,6.5902
32.2099,2452.7460,1240.9639,6.5902
32.2219,2453.7791,1241.0993,6.5902
32.2305,2454.8235,1241.2411,6.5902
32.2406,2455.7874,1241.3078,6.5902
32.2504,2456.6949,1241.3531,6.5902
32.2600,2457.6227,1241.4449,6.5902
32.2700,2458.5367,1241.5095,6.5902
32.2807,2459.4912,1241.6135,6.5902
32.2908,2460.4882,1241.7493,6.5902
32.3003,2461.4877,1241.9153,6.5902
32.3101,2462.5211,1242.0746,6.5902
32.3206,2463.5464,1242.1659,6.5902
32.3304,2464.4854,1242.2495,6.5902
32.3403,2465.4023,1242.3090,6.5902
32.3503,2466.3657,1242.3959,6.5902
32.3600,2467.3574,1242.5104,6.5902
32.3707,2468.3376,1242.6373,6.5902
32.3803,2469.3979,1242.7813,6.5902
32.3906,2470.4518,1242.9615,6.5902
32.4003,2471.5349,1243.1305,6.5902
32.4105,2472.5709,1243.2467,6.5902
32.4206,2473.5763,1243.3130,6.5902
32.4300,2474.5338,1243.3904,6.5902
32.4400,2475.5902,1243.3903,6.5902
32.4501,2476.6134,1243.4988,6.5902
32.4600,2477.6071,1243.6305,6.5902
32.4705,2478.5519,1243.7746,6.5902
32.4812,2479.5728,1243.9555,6.5902
32.4908,2480.6454,1244.0926,6.5902
32.5000,2481.6764,1244.1917,6.5902
32.5104,2482.7098,1244.2509,6.5902
32.5214,2483.7108,1244.3434,6.5902
32.5303,2484.6467,1244.4841,6.5902
32.5404,2485.5909,1244.5907,6.5902
32.5502,2486.5376,1244.7445,6.5902
32.5599,2487.4923,1244.8944,6.5902
32.5704,2488.5388,1245.0577,6.5902
32.5801,2489.6368,1245.2043,6.5902
32.5902,2490.6517,1245.2775,6.5902
32.6004,2491.6157,1245.3334,6.5902
32.6114,2492.5776,1245.4500,6.5902
32.6201,2493.5026,1245.5815,6.5902
32.6301,2494.4459,1245.7129,6.5902
32.6406,2495.4116,1245.8126,6.5902
32.6500,2496.4276,1245.9799,6.5902
32.6604,2497.5282,1246.1542,6.5902
32.6715,2498.6459,1246.3060,6.5902
32.6799,2499.6871,1246.3933,6.5902
32.6907,2500.6378,1246.4328,6.5902
32.7007,2501.5458,1246.5558,6.5902
32.7111,2502.4552,1246.6987,6.5902
32.7212,2503.3970,1246.8320,6.5902
32.7309,2504.3475,1246.9655,6.5902
32.7408,2505.3613,1247.1028,6.5902
32.7511,2506.4261,1247.2770,6.5902
32.7603,2507.5299,1247.3751,6.5902
32.7701,2508.5995,1247.4625,6.5902
32.7800,2509.5929,1247.5434,6.5902
32.7902,2510.5228,1247.6511,6.5902
32.8002,2511.4738,1247.8184,6.5902
32.8113,2512.4670,1247.9316,6.5902
32.8210,2513.4142,1248.0414,6.5902
32.8312,2514.4120,1248.1902,6.5902
32.8402,2515.4878,1248.3561,6.5902
32.8504,2516.5519,1248.4669,6.5902
32.8604,2517.6240,1248.5037,6.5902
32.8705,2518.6300,1248.6050,6.5902
32.8811,2519.5913,1248.7547,6.5902
32.8901,2520.5955,1248.9285,6.5902
32.9005,2521.6104,1249.0463,6.5902
32.9100,2522.5894,1249.1346,6.5902
32.9201,2523.5977,1249.3008,6.5902
32.9300,2524.6440,1249.4480,6.5902
32.9403,2525.6449,1249.5418,6.5902
32.9515,2526.6400,1249.6191,6.5902
32.9604,2527.5864,1249.7450,6.5902
32.9718,2528.5457,1249.9503,6.5902
32.9804,2529.5394,1250.0881,6.5902
32.9901,2530.5413,1250.2332,7.5334
33.0005,2531.5620,1250.3596,7.5334
33.0100,2532.6067,1250.4869,7.5334
33.0203,2533.6661,1250.6096,7.5334
33.0300,2534.6318,1250.6715,7.5334
33.0400,2535.5161,1250.7675,7.5334
33.0503,2536.3884,1250.9240,7.5334
33.0603,2537.2256,1251.0975,7.5334
33.0700,2538.0331,1251.2236,7.5334
33.0800,2538.8171,1251.3074,7.5334
33.0899,2539.5551,1251.3823,7.5334
33.1002,2540.3199,1251.5276,7.5334
33.1101,2541.2267,1251.6985,7.5334
33.1223,2542.2277,1251.8437,7.5334
33.1304,2543.2560,1251.8842,7.5334
33.1407,2544.2743,1251.9534,7.5334
33.1513,2545.2430,1252.1083,7.5334
33.1610,2546.2001,1252.3185,7.5334
33.1715,2547.1759,1252.4956,7.5334
33.1803,2548.2073,1252.5961,7.5334
33.1903,2549.2780,1252.7254,7.5334
33.2006,2550.3457,1252.8741,7.5334
33.2105,2551.4453,1252.9611,7.5334
33.2215,2552.4641,1253.0319,7.5334
33.2317,2553.4008,1253.1390,7.5334
33.2416,2554.3077,1253.3024,7.5334
33.2518,2555.2356,1253.5047,7.5334
33.2613,2556.1829,1253.6479,7.5334
33.2715,2557.1522,1253.7788,7.5334
33.2809,2558.2216,1253.9063,7.5334
33.2922,2559.2734,1254.0406,7.5334
33.3011,2560.2875,1254.1052,7.5334
33.3104,2561.2363,1254.2235,7.5334
33.3204,2562.1317,1254.3644,7.5334
33.3302,2562.9086,1254.4720,7.5334
33.3407,2563.8660,1254.6404,7.5334
33.3502,2564.8573,1254.7938,7.5334
33.3604,2565.9049,1254.9658,7.5334
33.3702,2566.9907,1255.1213,7.5334
33.3803,2568.0082,1255.2336,7.5334
33.3900,2568.9371,1255.3404,7.5334
33.3999,2569.7920,1255.5358,7.5334
33.4104,2570.6442,1255.7451,7.5334
33.4209,2571.5243,1255.9713,7.5334
33.4303,2572.4775,1256.1162,7.5334
33.4425,2573.5095,1256.2663,7.5334
33.4502,2574.6354,1256.3987,7.5334
33.4601,2575.7776,1256.5369,7.5334
33.4700,2576.8801,1256.6323,7.5334
33.4802,2577.8511,1256.7402,7.5334
33.4903,2578.7572,1256.9384,7.5334
33.5006,2579.6256,1257.1475,7.5334
33.5107,2580.5216,1257.3588,7.5334
33.5200,2581.4832,1257.4965,7.5334
33.5304,2582.5430,1257.6379,7.5334
33.5403,2583.6768,1257.7841,7.5334
33.5503,2584.8009,1257.8922,7.5334
33.5605,2585.8615,1257.9687,7.5334
33.5710,2586.8435,1258.1052,7.5334
33.5809,2587.7212,1258.3219,7.5334
33.5930,2588.6350,1258.4924,7.5334
33.6002,2589.5935,1258.6269,7.5334
33.6100,2590.5756,1258.7429,7.5334
33.6199,2591.6235,1258.8573,7.5334
33.6306,2592.7776,1259.0405,7.5334
33.6412,2593.9110,1259.1551,7.5334
33.6512,2594.9733,1259.2186,7.5334
33.6601,2595.9240,1259.3585,7.5334
33.6704,2596.8849,1259.5195,7.5334
33.6816,2597.8484,1259.6733,7.5334
33.6911,2598.8685,1259.7645,7.5334
33.7018,2599.9435,1259.8996,7.5334
33.7110,2601.0321,1260.0465,7.5334
33.7219,2602.1262,1260.1273,7.5334
33.7317,2603.1667,1260.2237,7.5334
33.7407,2604.1765,1260.3578,7.5334
33.7503,2605.0702,1260.5491,7.5334
33.7603,2605.9930,1260.7446,7.5334
33.7703,2606.9646,1260.9112,7.5334
33.7800,2607.9747,1261.0312,7.5334
33.7904,2609.0718,1261.1514,7.5334
33.8004,2610.2418,1261.3008,7.5334
33.8108,2611.3643,1261.3718,7.5334
33.8201,2612.3563,1261.4672,7.5334
33.8304,2613.2559,1261.6466,7.5334
33.8404,2614.1273,1261.8513,7.5334
33.8509,2614.9890,1262.0728,7.5334
33.8602,2615.9493,1262.2454,7.5334
33.8703,2616.9373,1262.3511,7.5334
33.8804,2618.0095,1262.4805,7.5334
33.8905,2619.1230,1262.6027,7.5334
33.9006,2620.2078,1262.6955,7.5334
33.9103,2621.2051,1262.7964,7.5334
33.9211,2622.0875,1262.9686,7.5334
33.9305,2622.9476,1263.1959,7.5334
33.9405,2623.8378,1263.4009,7.5334
33.9500,2624.7939,1263.5768,7.5334
33.9605,2625.8148,1263.7010,7.5334
33.9706,2626.8947,1263.8289,7.5334
33.9802,2628.0530,1264.0063,7.5334
33.9904,2629.1902,1264.1621,7.5334
34.0005,2630.2135,1264.3464,7.5334
34.0105,2631.1190,1264.5343,7.5334
34.0206,2632.0902,1264.7086,7.5334
34.0301,2633.0569,1264.8533,7.5334
34.0417,2634.0415,1264.9405,7.5334
34.0502,2635.0667,1265.0456,7.5334
34.0605,2636.1256,1265.1817,7.5334
34.0700,2637.2053,1265.3188,7.5334
34.0801,2638.2401,1265.4901,7.5334
34.0904,2639.1904,1265.6707,7.5334
34.1007,2640.0587,1265.8622,7.5334
34.1103,2640.9977,1266.0200,7.5334
34.1205,2641.9851,1266.1489,7.5334
34.1301,2642.9922,1266.2575,7.5334
34.1408,2644.0554,1266.4095,7.5334
34.1507,2645.2072,1266.5822,7.5334
34.1615,2646.3386,1266.7350,7.5334
34.1711,2647.3475,1266.9461,7.5334
34.1816,2648.2659,1267.1570,7.5334
34.1912,2649.1399,1267.3392,7.5334
34.2009,2650.0980,1267.4834,7.5334
34.2102,2651.1089,1267.5983,7.5334
34.2205,2652.1532,1267.7367,7.5334
34.2303,2653.2546,1267.8824,7.5334
34.2402,2654.3673,1268.0020,7.5334
34.2506,2655.3204,1268.1254,9.0789
34.3062,2658.8339,1268.7473,9.0789
34.3081,2659.7006,1268.8439,9.0789
34.3100,2660.4708,1268.9507,9.0789
34.3208,2661.1508,1269.0549,9.0789
34.3301,2661.6597,1269.1355,9.0789
34.3407,2661.8553,1269.1509,9.0789
34.3515,2661.8348,1269.1218,9.0789
34.3615,2661.9343,1269.1012,9.0789
34.3707,2662.2032,1269.1653,9.0789
34.3808,2662.4730,1269.2272,9.0789
34.3909,2662.9139,1269.2567,9.0789
34.4004,2663.7195,1269.3390,9.0789
34.4106,2664.7896,1269.4893,9.0789
34.4203,2665.9089,1269.7532,9.0789
34.4302,2666.9880,1269.9343,9.0789
34.4403,2668.0839,1270.0324,9.0789
34.4506,2669.2174,1270.1282,9.0789
34.4602,2670.3629,1270.2267,9.0789
34.4703,2671.4268,1270.3918,9.0789
34.4812,2672.4247,1270.5907,9.0789
34.4914,2673.4030,1270.7897,9.0789
34.5005,2674.4099,1270.9866,9.0789
34.5103,2675.4697,1271.1653,9.0789
34.5201,2676.6101,1271.3317,9.0789
34.5310,2677.8322,1271.4799,9.0789
34.5405,2679.1150,1271.6173,9.0789
34.5514,2680.3359,1271.8124,9.0789
34.5598,2681.4569,1272.0022,9.0789
34.5702,2682.4453,1272.2220,9.0789
34.5802,2683.4431,1272.4159,9.0789
34.5901,2684.5077,1272.5948,9.0789
34.6003,2685.6146,1272.7398,9.0789
34.6099,2686.7753,1272.8627,9.0789
34.6201,2688.0034,1273.0372,9.0789
34.6300,2689.1760,1273.2564,9.0789
34.6405,2690.2158,1273.4377,9.0789
34.6502,2691.2129,1273.6075,9.0789
34.6604,2692.1913,1273.8240,9.0789
34.6708,2693.2141,1273.9996,9.0789
34.6798,2694.3212,1274.1197,9.0789
34.6900,2695.4937,1274.2433,9.0789
34.7002,2696.6649,1274.3968,9.0789
34.7101,2697.8135,1274.5991,9.0789
34.7203,2698.8184,1274.8162,9.0789
34.7298,2699.7760,1274.9877,9.0789
34.7401,2700.7559,1275.1733,9.0789
34.7504,2701.7518,1275.3355,9.0789
34.7601,2702.8118,1275.5045,9.0789
34.7704,2703.9463,1275.6331,9.0789
34.7802,2705.0977,1275.7794,9.0789
34.7911,2706.2135,1275.9370,9.0789
34.8007,2707.2612,1276.1202,9.0789
34.8104,2708.2322,1276.3167,9.0789
34.8202,2709.1980,1276.4910,9.0789
34.8307,2710.1644,1276.6854,9.0789
34.8403,2711.1718,1276.8586,9.0789
34.8502,2712.2581,1276.9907,9.0789
34.8606,2713.3937,1277.1473,9.0789
34.8714,2714.5004,1277.2661,9.0789
34.8811,2715.5651,1277.4656,9.0789
34.8901,2716.5472,1277.6683,9.0789
34.9004,2717.4442,1277.8632,9.0789
34.9113,2718.4131,1278.0287,9.0789
34.9216,2719.4357,1278.1923,9.0789
34.9309,2720.5068,1278.3166,9.0789
34.9409,2721.6771,1278.4158,9.0789
34.9522,2722.8430,1278.5992,9.0789
34.9624,2723.9054,1278.8373,9.0789
34.9705,2724.8932,1279.0414,9.0789
34.9803,2725.8494,1279.1979,9.0789
34.9903,2726.7133,1279.2551,9.0789
35.0002,2727.7073,1279.4125,9.0789
35.0099,2728.7444,1279.5694,9.0789
35.0204,2729.8640,1279.7192,9.0789
35.0302,2730.9792,1279.8835,9.0789
35.0414,2732.0942,1280.1190,9.0789
35.0502,2733.1349,1280.3463,9.0789
35.0600,2734.1117,1280.5350,9.0789
35.0701,2735.1040,1280.6979,9.0789
35.0804,2736.0969,1280.8824,9.0789
35.0902,2737.1230,1281.0504,9.0789
35.1001,2738.1750,1281.1624,9.0789
35.1104,2739.2753,1281.3643,9.0789
35.1200,2740.3618,1281.5787,9.0789
35.1306,2741.3922,1281.7979,9.0789
35.1406,2742.3719,1281.9678,9.0789
35.1510,2743.3079,1282.1160,9.8298
35.1601,2744.2411,1282.2582,9.8172
35.1705,2745.2014,1282.4577,9.8035
35.1805,2746.1904,1282.6261,9.7581
35.1901,2747.3540,1282.8494,9.4891
35.2003,2748.7642,1283.2573,9.4891
35.2102,2750.0242,1283.4252,9.4891
35.2199,2750.9510,1283.9069,9.4891
35.2301,2751.9436,1284.5179,9.4891
35.2403,2752.9663,1284.8262,9.4891
35.2516,2753.7881,1285.5469,9.4891
35.2619,2754.5927,1286.3094,9.4891
35.2714,2755.3700,1287.0417,9.4891
35.2803,2756.1956,1287.7119,9.4891
35.2907,2757.1981,1287.9294,9.4891
35.3006,2758.2854,1287.9636,9.4891
35.3108,2759.3953,1287.7982,9.4891
35.3198,2760.4180,1287.7139,9.4891
35.3318,2761.3091,1287.8324,9.4891
35.3403,2762.1393,1287.9084,9.4891
35.3504,2763.0078,1287.8990,9.4891
35.3600,2763.9866,1287.8057,9.4891
35.3704,2764.9888,1287.7916,9.4891
35.3803,2765.9496,1287.8317,9.4891
35.3901,2766.9631,1287.8783,9.4891
35.4003,2768.0035,1287.8758,9.4891
35.4101,2769.0396,1287.8130,9.4891
35.4211,2769.9967,1287.8039,9.4891
35.4309,2770.9077,1287.8542,9.4891
35.4407,2771.7583,1287.8794,9.4891
35.4503,2772.6593,1287.8399,9.4891
35.4602,2773.6591,1287.8311,9.4891
35.4705,2774.6877,1287.7999,9.4891
35.4802,2775.7185,1287.8156,9.4891
35.4916,2776.7943,1287.8464,9.4891
35.5001,2777.8386,1287.8325,9.4891
35.5099,2778.7931,1287.8227,9.4891
35.5204,2779.6919,1287.8289,9.4891
35.5305,2780.5620,1287.8430,0.1520
35.5404,2781.4915,1287.7729,0.1520
35.5501,2782.4752,1287.7318,0.1520
35.5609,2783.5289,1287.7308,0.1520
35.5708,2784.5592,1287.7567,0.1520
35.5802,2785.5438,1287.7473,0.1520
35.5901,2786.4242,1287.7363,0.1520
35.6000,2787.1765,1287.7144,0.1520
35.6103,2787.9178,1287.7133,0.1520
35.6234,2788.6694,1287.7212,0.1520
35.6302,2789.4840,1287.6852,0.1520
35.6402,2790.3976,1287.6200,0.1520
35.6500,2791.4329,1287.6093,0.1520
35.6603,2792.5886,1287.6104,0.1520
35.6708,2793.6837,1287.6216,0.1520
35.6803,2794.7052,1287.6266,0.1520
35.6904,2795.6116,1287.6547,0.1520
35.7001,2796.4604,1287.6493,0.1520
35.7113,2797.2968,1287.6503,0.1520
35.7206,2798.1920,1287.6652,0.1520
35.7306,2799.1375,1287.6510,0.1520
35.7402,2800.1370,1287.6155,0.1520
35.7503,2801.2203,1287.6393,0.1520
35.7601,2802.3765,1287.6728,0.1520
35.7703,2803.4639,1287.6990,0.1520
35.7799,2804.4387,1287.7093,0.1520
35.7906,2805.2770,1287.7287,0.1520
35.8003,2806.1105,1287.7638,0.1520
35.8100,2806.9956,1287.8073,0.1520
35.8204,2807.9138,1287.8320,0.1520
35.8302,2808.9077,1287.8580,0.1520
35.8403,2809.9957,1287.8701,0.1520
35.8502,2811.1907,1287.8768,0.1520
35.8603,2812.3468,1287.8779,0.1520
35.8713,2813.3586,1287.8712,0.1520
35.8815,2814.2545,1287.8705,0.1520
35.8904,2815.1066,1287.9226,0.1520
35.9001,2816.0615,1287.9697,0.1520
35.9101,2817.0433,1287.9980,0.1520
35.9200,2818.0353,1287.9896,0.1520
35.9301,2819.0480,1288.0095,0.1520
35.9400,2820.1515,1288.0617,0.1520
35.9500,2821.3204,1288.1462,0.1520
35.9601,2822.4349,1288.1613,0.1520
35.9715,2823.4374,1288.1671,0.1520
35.9803,2824.3713,1288.1556,0.1520
35.9905,2825.3369,1288.1730,0.1520
36.0009,2826.3715,1288.1865,0.1520
36.0108,2827.4108,1288.1956,0.1520
36.0213,2828.4644,1288.1867,0.1520
36.0303,2829.5909,1288.1915,0.1520
36.0405,2830.6456,1288.2171,0.1520
36.0506,2831.6127,1288.2169,0.1520
36.0605,2832.5051,1288.2141,0.1520
36.0722,2833.4459,1288.2452,0.1520
36.0805,2834.4458,1288.2528,0.1520
36.0903,2835.4945,1288.2421,0.1520
36.1001,2836.6172,1288.2501,0.1520
36.1100,2837.8000,1288.2988,0.1520
36.1200,2839.0048,1288.3625,0.1520
36.1300,2840.1338,1288.4181,0.1520
36.1404,2841.1119,1288.4214,0.1520
36.1505,2842.0656,1288.3887,0.1520
36.1599,2843.1296,1288.3900,0.1520
36.1709,2844.2383,1288.4511,0.1520
36.1804,2845.3317,1288.4567,0.1520
36.1907,2846.3586,1288.4569,0.1520
36.2001,2847.3602,1288.4604,0.1520
36.2110,2848.2726,1288.4594,0.1520
36.2220,2849.1735,1288.4760,0.1520
36.2308,2850.0688,1288.4626,0.1520
36.2403,2850.9824,1288.4675,0.1520
36.2501,2851.9498,1288.4595,0.1520
36.2600,2853.0045,1288.4937,0.1520
36.2703,2854.1207,1288.5262,0.1520
36.2801,2855.2531,1288.5632,0.1520
36.2912,2856.2942,1288.5684,0.1520
36.3006,2857.1857,1288.5523,0.1520
36.3102,2858.0420,1288.5399,0.1520
36.3204,2858.9056,1288.5137,0.1520
36.3305,2859.8357,1288.5356,0.1520
36.3409,2860.7692,1288.5653,0.1520
36.3504,2861.7772,1288.5724,0.1520
36.3600,2862.8380,1288.5908,0.1520
36.3703,2863.9250,1288.6375,0.1520
36.3799,2864.9205,1288.6639,0.1520
36.3911,2865.8743,1288.6501,0.1520
36.4013,2866.7797,1288.6166,0.1520
36.4113,2867.7004,1288.6180,0.1520
36.4203,2868.6827,1288.6385,0.1520
36.4301,2869.7054,1288.6797,0.1520
36.4402,2870.7903,1288.6702,0.1520
36.4503,2871.9473,1288.6656,0.1520
36.4603,2873.0635,1288.7012,0.1520
36.4710,2874.0728,1288.7281,0.1520
36.4807,2874.9625,1288.7359,0.1520
36.4906,2875.8503,1288.6998,0.1520
36.5005,2876.7437,1288.7206,0.1520
36.5104,2877.7001,1288.7768,0.1520
36.5202,2878.7186,1288.7900,0.1520
36.5303,2879.8424,1288.7803,0.1520
36.5404,2881.0200,1288.8081,0.1520
36.5504,2882.1410,1288.8380,0.1520
36.5602,2883.1722,1288.8639,0.1520
36.5705,2884.0800,1288.8014,0.1520
36.5804,2885.0116,1288.7766,0.1520
36.5911,2886.0155,1288.8401,0.1520
36.6019,2887.0107,1288.9120,0.1520
36.6103,2888.0144,1288.8945,0.1520
36.6213,2889.0551,1288.8641,0.1520
36.6300,2890.1481,1288.8893,0.1520
36.6404,2891.2063,1288.9513,0.1520
36.6506,2892.1888,1288.9656,0.1520
36.6615,2893.0857,1288.9130,0.1520
36.6715,2894.0018,1288.8970,0.1520
36.6809,2895.0205,1288.9824,0.1520
36.6920,2896.0109,1289.0161,0.1520
36.6998,2897.0922,1288.9984,0.1520
36.7103,2898.1730,1289.0235,0.1520
36.7202,2899.2566,1289.1033,0.1520
36.7303,2900.2577,1289.1295,0.1520
36.7402,2901.2292,1289.0954,0.1520
36.7502,2902.1427,1289.0620,0.1520
36.7600,2903.0648,1289.1238,0.1520
36.7707,2904.0115,1289.2222,1.6783
36.7807,2904.9827,1289.2588,1.6783
36.7904,2906.0272,1289.2286,1.6783
36.8007,2907.1379,1289.2689,1.6783
36.8102,2908.1567,1289.3130,1.6783
36.8209,2909.0833,1289.3503,1.6783
36.8301,2909.8920,1289.3386,1.6783
36.8400,2910.7312,1289.3547,1.6783
36.8516,2911.6058,1289.4529,1.6783
36.8602,2912.4517,1289.5274,1.6783
36.8703,2913.2482,1289.5221,1.6783
36.8799,2914.1256,1289.4796,1.6783
36.8901,2915.0823,1289.5052,1.6783
36.9003,2916.1598,1289.5875,1.6783
36.9102,2917.2400,1289.6498,1.6783
36.9198,2918.2710,1289.6601,1.6783
36.9309,2919.2444,1289.6171,1.6783
36.9409,2920.2389,1289.6791,1.6783
36.9499,2921.2195,1289.7537,1.6783
36.9606,2922.2249,1289.8270,1.6783
36.9703,2923.2421,1289.8509,1.6783
36.9804,2924.2898,1289.8634,1.6783
36.9907,2925.3285,1289.9396,1.6783
36.9999,2926.3912,1289.9976,1.6783
37.0102,2927.4333,1289.9729,1.6783
37.0201,2928.3984,1289.9186,1.6783
37.0299,2929.4236,1289.9568,1.6783
37.0400,2930.4203,1290.0740,1.6783
37.0502,2931.3862,1290.1573,1.6783
37.0602,2932.3899,1290.1528,1.6783
37.0706,2933.3948,1290.2174,1.6783
37.0814,2934.4034,1290.2437,1.6783
37.0926,2935.4150,1290.2709,1.6783
37.1021,2936.3868,1290.2244,1.6783
37.1110,2937.3494,1290.2079,1.6783
37.1204,2938.3425,1290.2745,1.6783
37.1304,2939.3527,1290.3730,1.6783
37.1400,2940.1311,1290.3590,1.6783
37.1503,2941.1971,1290.3474,1.6783
37.1605,2942.2571,1290.3760,1.6783
37.1703,2943.2744,1290.4022,1.6783
37.1806,2944.2297,1290.3893,1.6783
37.1904,2945.1688,1290.3611,1.6783
37.2006,2946.1414,1290.3810,1.6783
37.2101,2947.1160,1290.4647,1.6783
37.2211,2948.1144,1290.5627,1.6783
37.2310,2949.1353,1290.5620,1.6783
37.2409,2950.1993,1290.5529,1.6783
37.2500,2951.2883,1290.5889,1.6783
37.2603,2952.3325,1290.6451,1.6783
37.2701,2953.3279,1290.6311,1.6783
37.2801,2954.2855,1290.5912,1.6783
37.2903,2955.2789,1290.6495,1.6783
37.3006,2956.2717,1290.7521,1.6783
37.3104,2957.2529,1290.7969,1.6783
37.3201,2958.2755,1290.7961,1.6783
37.3309,2959.3069,1290.7996,1.6783
37.3413,2960.3041,1290.8210,1.6783
37.3509,2961.3026,1290.8065,1.6783
37.3610,2962.2620,1290.8237,1.6783
37.3709,2963.2312,1290.8727,1.6783
37.3816,2964.2039,1290.9780,1.6783
37.3902,2965.1714,1291.0768,1.6783
37.4000,2966.1412,1291.1129,1.6783
37.4101,2967.1455,1291.1130,1.6783
37.4203,2968.1394,1291.1393,1.6783
37.4302,2969.1217,1291.1401,1.6783
37.4407,2970.0303,1291.1423,1.6783
37.4503,2970.9280,1291.1768,1.6783
37.4612,2971.7402,1291.2800,1.6783
37.4704,2972.5649,1291.4265,1.6783
37.4798,2973.3556,1291.5104,1.6783
37.4904,2974.1833,1291.5221,1.6783
37.5008,2974.9978,1291.4989,1.6783
37.5103,2975.8424,1291.4791,1.6783
37.5204,2976.7114,1291.4723,1.6783
37.5312,2977.5823,1291.4598,1.6783
37.5421,2978.4698,1291.4537,1.6783
37.5502,2979.3904,1291.5023,1.6783
37.5599,2980.3431,1291.6046,1.6783
37.5709,2981.3462,1291.6853,1.6783
37.5803,2982.3645,1291.7531,1.6783
37.5919,2983.4097,1291.7845,1.6783
37.6021,2984.4780,1291.7714,1.6783
37.6101,2985.5614,1291.8192,1.6783
37.6215,2986.5621,1291.8477,1.6783
37.6306,2987.5352,1291.8412,1.6783
37.6411,2988.5016,1291.8776,1.6783
37.6515,2989.4857,1291.9792,1.6783
37.6601,2990.4987,1292.0358,1.6783
37.6702,2991.6110,1292.0325,1.6783
37.6807,2992.7450,1292.0029,1.6783
37.6906,2993.8761,1292.0381,1.6783
37.7004,2994.9751,1292.1018,1.6783
37.7105,2995.9843,1292.1028,1.6783
37.7215,2996.9554,1292.1042,1.6783
37.7304,2997.9302,1292.1718,1.6783
37.7408,2998.9155,1292.2543,1.6783
37.7508,2999.8965,1292.2714,1.6783
37.7598,3000.9572,1292.2692,1.6783
37.7704,3002.1143,1292.2883,1.6783
37.7801,3003.1992,1292.3186,1.6783
37.7912,3004.2551,1292.3317,1.6783
37.8008,3005.2810,1292.3347,1.6783
37.8099,3006.2819,1292.4170,1.6783
37.8198,3007.2439,1292.5026,1.6783
37.8312,3008.2203,1292.5988,1.6783
37.8404,3009.2062,1292.6318,1.6783
37.8502,3010.2831,1292.6694,1.6783
37.8605,3011.3713,1292.6816,1.6783
37.8708,3012.4586,1292.7112,1.6783
37.8808,3013.4895,1292.7180,1.6783
37.8907,3014.4773,1292.7697,1.6783
37.9014,3015.4758,1292.9083,1.6783
37.9109,3016.4240,1293.0066,1.6783
37.9202,3017.3589,1293.0989,1.6783
37.9301,3018.3662,1293.1374,1.6783
37.9407,3019.4410,1293.1586,1.6783
37.9510,3020.4741,1293.1654,1.6783
37.9602,3021.5045,1293.2021,1.6783
37.9714,3022.5089,1293.2505,1.6783
37.9803,3023.4636,1293.3129,1.6783
37.9905,3024.4320,1293.4419,1.6783
37.9999,3025.4056,1293.5500,1.6783
38.0108,3026.3890,1293.6169,1.6783
38.0201,3027.4131,1293.6495,1.6783
38.0304,3028.4690,1293.6664,2.9230
38.0424,3029.5885,1293.7024,2.9230
38.0501,3030.7064,1293.7569,2.9230
38.0602,3031.8376,1293.8687,2.9230
38.0706,3032.8608,1293.9353,2.9230
38.0804,3033.8346,1293.9816,2.9230
38.0913,3034.7494,1294.0490,2.9230
38.1008,3035.6654,1294.0665,2.9230
38.1101,3036.5720,1294.0727,2.9230
38.1203,3037.4541,1294.1003,2.9230
38.1304,3038.2910,1294.1271,2.9230
38.1420,3039.1566,1294.1657,2.9230
38.1515,3040.1481,1294.2355,2.9230
38.1601,3041.1750,1294.3607,2.9230
38.1699,3042.2454,1294.4518,2.9230
38.1812,3043.3301,1294.5020,2.9230
38.1925,3044.3961,1294.5157,2.9230
38.2003,3045.4760,1294.5569,2.9230
38.2101,3046.5198,1294.6925,2.9230
38.2213,3047.6294,1294.8357,2.9230
38.2317,3048.7617,1294.9141,2.9230
38.2403,3049.8859,1294.9277,2.9230
38.2504,3050.9949,1294.9490,2.9230
38.2602,3052.0398,1295.0194,2.9230
38.2701,3053.0884,1295.1374,2.9230
38.2803,3054.1857,1295.2401,2.9230
38.2908,3055.2941,1295.3211,2.9230
38.3003,3056.4253,1295.3734,2.9230
38.3113,3057.5044,1295.3729,2.9230
38.3203,3058.5735,1295.3898,2.9230
38.3298,3059.6187,1295.4170,2.9230
38.3402,3060.5756,1295.4302,2.9230
38.3498,3061.4764,1295.4803,2.9230
38.3599,3062.3773,1295.5056,2.9230
38.3712,3063.3447,1295.5453,2.9230
38.3802,3064.3541,1295.5716,2.9230
38.3901,3065.3756,1295.5618,2.9230
38.4015,3066.3596,1295.5359,2.9230
38.4099,3067.3567,1295.5703,2.9230
38.4202,3068.3044,1295.6448,2.9230
38.4313,3069.2146,1295.7698,2.9230
38.4405,3070.1373,1295.8359,2.9230
38.4504,3071.0574,1295.8668,2.9230
38.4603,3072.0750,1295.9012,2.9230
38.4699,3073.1200,1295.9285,2.9230
38.4802,3074.1814,1295.9250,2.9230
38.4903,3075.2140,1295.9521,2.9230
38.5004,3076.2566,1296.0169,2.9230
38.5121,3077.2504,1296.0963,2.9230
38.5204,3078.1663,1296.1890,2.9230
38.5300,3079.1080,1296.2489,2.9230
38.5400,3080.0844,1296.2901,2.9230
38.5506,3081.0880,1296.3098,2.9230
38.5606,3082.1614,1296.3123,2.9230
38.5701,3083.2683,1296.3552,2.9230
38.5800,3084.3234,1296.3937,2.9230
38.5904,3085.2986,1296.4838,2.9230
38.6005,3086.2543,1296.5483,2.9230
38.6099,3087.1951,1296.6368,2.9230
38.6205,3088.1622,1296.6889,2.9230
38.6302,3089.1517,1296.6948,2.9230
38.6400,3090.2003,1296.7097,2.9230
38.6502,3091.2600,1296.7482,2.9230
38.6602,3092.3556,1296.7997,2.9230
38.6711,3093.4247,1296.8722,2.9230
38.6802,3094.4238,1296.9118,2.9230
38.6907,3095.3351,1296.9986,2.9230
38.7002,3096.2372,1297.1023,2.9230
38.7104,3097.1709,1297.1603,2.9230
38.7203,3098.1758,1297.1594,2.9230
38.7301,3099.2209,1297.1663,2.9230
38.7407,3100.2917,1297.1997,2.9230
38.7499,3101.3843,1297.2657,2.9230
38.7603,3102.4080,1297.3461,2.9230
38.7711,3103.3729,1297.4086,2.9230
38.7802,3104.2874,1297.4788,2.9230
38.7904,3105.2218,1297.5495,2.9230
38.8014,3106.2029,1297.5863,2.9230
38.8106,3107.1919,1297.5888,2.9230
38.8201,3108.2485,1297.6326,2.9230
38.8302,3109.3628,1297.7048,2.9230
38.8399,3110.4347,1297.7739,2.9230
38.8505,3111.4828,1297.8429,2.9230
38.8601,3112.4457,1297.9096,2.9230
38.8711,3113.3429,1297.9802,2.9230
38.8811,3114.2612,1298.0757,2.9230
38.8907,3115.2267,1298.1456,2.9230
38.9001,3116.2522,1298.1761,2.9230
38.9101,3117.3148,1298.2337,2.9230
38.9197,3118.4126,1298.3210,2.9230
38.9311,3119.4568,1298.3995,2.9230
38.9398,3120.4257,1298.4720,2.9230
38.9504,3121.3325,1298.5363,2.9230
38.9606,3122.2367,1298.6311,2.9230
38.9706,3123.1115,1298.7302,2.9230
38.9802,3124.0588,1298.7824,2.9230
38.9905,3125.1388,1298.8387,2.9230
39.0000,3126.2577,1298.8898,2.9230
39.0110,3127.4031,1298.9753,2.9230
39.0216,3128.4827,1299.0598,2.9230
39.0312,3129.4568,1299.1173,2.9230
39.0414,3130.3632,1299.2056,2.9230
39.0505,3131.2582,1299.3074,2.9230
39.0602,3132.1763,1299.3835,2.9230
39.0702,3133.1761,1299.3902,2.9230
39.0800,3134.1993,1299.4473,2.9230
39.0903,3135.3021,1299.4816,2.9230
39.0999,3136.4076,1299.5566,2.9230
39.1118,3137.4340,1299.6214,2.9230
39.1197,3138.3918,1299.6987,2.9230
39.1301,3139.2852,1299.8033,2.9230
39.1401,3140.2073,1299.9111,2.9230
39.1512,3141.1289,1299.9800,2.9230
39.1604,3141.8931,1299.8589,2.9230
39.1700,3142.9688,1299.8931,2.9230
39.1801,3144.0469,1299.9504,2.9230
39.1918,3145.1047,1300.0264,2.9230
39.2001,3146.0903,1300.0693,2.9230
39.2110,3147.0530,1300.1917,2.9230
39.2205,3147.9675,1300.2613,2.9230
39.2305,3148.8668,1300.3353,2.9230
39.2403,3149.8433,1300.3759,2.9230
39.2500,3150.8914,1300.4224,2.9230
39.2598,3151.9677,1300.4328,2.9230
39.2702,3153.0465,1300.4788,4.2201
39.2800,3154.0936,1300.5588,4.2201
39.2904,3155.0631,1300.6299,4.2201
39.3005,3155.9878,1300.7144,4.2201
39.3101,3156.9159,1300.8071,4.2201
39.3199,3157.8582,1300.8690,4.2201
39.3310,3158.7880,1300.8979,4.2201
39.3407,3159.7159,1300.9301,4.2201
39.3509,3160.6187,1300.9886,4.2201
39.3612,3161.5020,1301.0437,4.2201
39.3716,3162.2550,1301.0813,4.2201
39.3802,3162.9940,1301.1139,4.2201
39.3906,3163.8622,1301.1804,4.2201
39.4001,3164.8818,1301.2499,4.2201
39.4113,3165.9188,1301.3334,4.2201
39.4202,3166.9741,1301.4345,4.2201
39.4301,3168.0388,1301.4917,4.2201
39.4401,3169.1931,1301.5892,4.2201
39.4508,3170.2853,1301.6295,4.2201
39.4608,3171.3315,1301.6838,4.2201
39.4704,3172.3129,1301.7451,4.2201
39.4803,3173.2653,1301.8200,4.2201
39.4910,3174.2284,1301.8940,4.2201
39.5007,3175.1794,1301.9677,4.2201
39.5103,3176.2225,1302.0287,4.2201
39.5202,3177.3079,1302.0866,4.2201
39.5310,3178.4233,1302.1857,4.2201
39.5403,3179.5469,1302.2570,4.2201
39.5501,3180.5642,1302.3248,4.2201
39.5618,3181.4945,1302.4045,4.2201
39.5700,3182.4058,1302.5099,4.2201
39.5810,3183.3303,1302.6342,4.2201
39.5899,3184.3280,1302.6917,4.2201
39.5999,3185.3444,1302.7444,4.2201
39.6108,3186.3796,1302.7870,4.2201
39.6202,3187.4592,1302.8790,4.2201
39.6302,3188.5330,1302.9301,4.2201
39.6399,3189.5071,1303.0002,4.2201
39.6504,3190.4048,1303.0579,4.2201
39.6603,3191.3295,1303.1629,4.2201
39.6704,3192.2345,1303.2733,4.2201
39.6804,3193.1870,1303.3698,4.2201
39.6903,3194.2383,1303.4512,4.2201
39.7002,3195.3369,1303.5211,4.2201
39.7098,3196.4292,1303.5864,4.2201
39.7201,3197.4369,1303.6639,4.2201
39.7301,3198.3883,1303.7676,4.2201
39.7404,3199.2963,1303.8392,4.2201
39.7502,3200.2065,1303.9044,4.2201
39.7597,3201.1543,1303.9839,4.2201
39.7703,3202.1375,1304.0361,4.2201
39.7802,3203.2114,1304.1116,4.2201
39.7898,3204.3917,1304.2018,4.2201
39.8004,3205.4615,1304.3124,4.2201
39.8109,3206.4561,1304.3914,4.2201
39.8200,3207.3567,1304.4472,4.2201
39.8303,3208.2743,1304.5037,4.2201
39.8403,3209.2157,1304.5637,4.2201
39.8504,3210.2203,1304.6296,4.2201
39.8609,3211.2760,1304.7002,4.2201
39.8711,3212.4320,1304.7925,4.2201
39.8799,3213.5378,1304.8840,4.2201
39.8903,3214.5966,1304.9845,4.2201
39.8998,3215.5399,1305.0623,4.2201
39.9098,3216.4354,1305.1050,4.2201
39.9201,3217.3313,1305.1927,4.2201
39.9306,3218.2455,1305.2451,4.2201
39.9410,3219.2405,1305.3287,4.2201
39.9519,3220.3064,1305.4051,4.2201
39.9624,3221.4106,1305.5088,4.2201
39.9703,3222.4874,1305.6001,4.2201
39.9800,3223.4824,1305.6584,4.2201
39.9902,3224.4171,1305.7416,4.2201
40.0004,3225.3485,1305.8126,4.2201
40.0111,3226.2560,1305.9338,4.2201
40.0200,3227.1821,1306.0002,4.2201
40.0302,3228.1519,1306.0565,4.2201
40.0402,3229.2065,1306.1700,4.2201
40.0504,3230.3013,1306.2673,4.2201
40.0601,3231.3722,1306.3605,4.2201
40.0700,3232.3910,1306.4766,4.2201
40.0803,3233.3237,1306.5654,4.2201
40.0902,3234.2231,1306.6440,4.2201
40.1007,3235.1534,1306.7295,4.2201
40.1104,3236.1011,1306.8440,4.2201
40.1201,3237.1271,1306.9473,4.2201
40.1311,3238.1969,1307.0126,4.2201
40.1405,3239.3782,1307.1362,4.2201
40.1503,3240.5068,1307.2637,4.2201
40.1597,3241.5765,1307.3572,4.2201
40.1702,3242.5718,1307.4105,4.2201
40.1797,3243.5522,1307.4807,4.2201
40.1906,3244.5072,1307.5742,4.2201
40.2001,3245.5112,1307.6589,4.2201
40.2103,3246.5652,1307.7774,4.2201
40.2207,3247.6094,1307.8486,4.2201
40.2302,3248.6926,1307.9139,4.2201
40.2402,3249.7571,1308.0173,4.2201
40.2515,3250.7606,1308.1030,4.2201
40.2606,3251.7393,1308.1788,4.2201
40.2707,3252.7229,1308.2452,4.2201
40.2802,3253.6963,1308.3179,4.2201
40.2900,3254.7244,1308.3869,4.2201
40.3000,3255.7955,1308.5223,4.2201
40.3105,3256.9146,1308.6785,4.2201
40.3200,3258.0532,1308.8016,4.2201
40.3302,3259.1221,1308.8729,4.2201
40.3402,3260.0941,1308.9280,4.2201
40.3502,3261.0865,1308.9725,4.2201
40.3603,3262.0802,1309.1021,4.2201
40.3702,3263.1179,1309.2633,4.2201
40.3808,3264.1147,1309.4073,4.2201
40.3904,3265.1544,1309.4757,4.2201
40.4003,3266.1570,1309.5517,4.2201
40.4101,3267.1528,1309.6081,4.2201
40.4207,3268.0840,1309.6570,4.2201
40.4331,3268.9796,1309.7099,4.2201
40.4402,3269.9380,1309.7948,4.2201
40.4502,3270.9336,1309.8829,4.2201
40.4599,3271.9626,1309.9974,4.2201
40.4705,3273.0715,1310.1282,4.2201
40.4802,3274.1880,1310.2292,4.2201
40.4915,3275.2590,1310.3068,4.2201
40.5003,3276.2986,1310.3669,4.2201
40.5104,3277.2045,1310.3955,5.5524
40.5198,3278.1260,1310.4407,5.5524
40.5303,3279.0535,1310.5149,5.5524
40.5400,3280.0002,1310.6162,5.5524
40.5499,3280.9546,1310.7247,5.5524
40.5603,3281.8940,1310.8130,5.5524
40.5709,3282.7822,1310.8818,5.5524
40.5803,3283.5426,1310.9473,5.5524
40.5904,3284.2218,1311.0055,5.5524
40.5999,3284.9032,1311.0651,5.5524
40.6102,3285.6177,1311.1275,5.5524
40.6204,3286.5056,1311.2383,5.5524
40.6307,3287.4994,1311.3255,5.5524
40.6410,3288.5991,1311.3962,5.5524
40.6503,3289.7357,1311.4977,5.5524
40.6601,3290.8647,1311.6142,5.5524
40.6703,3291.9646,1311.7577,5.5524
40.6798,3292.9880,1311.8520,5.5524
40.6903,3294.0073,1311.9188,5.5524
40.7004,3295.0153,1311.9297,5.5524
40.7104,3295.9957,1311.9758,5.5524
40.7201,3296.9657,1312.0613,5.5524
40.7305,3297.9773,1312.2146,5.5524
40.7404,3299.0054,1312.3246,5.5524
40.7506,3300.0674,1312.4750,5.5524
40.7601,3301.1472,1312.5621,5.5524
40.7701,3302.1714,1312.6253,5.5524
40.7797,3303.1919,1312.6533,5.5524
40.7900,3304.1688,1312.6874,5.5524
40.8004,3305.1323,1312.7529,5.5524
40.8111,3306.1410,1312.8568,5.5524
40.8207,3307.1787,1313.0137,5.5524
40.8300,3308.2262,1313.1656,5.5524
40.8403,3309.2539,1313.2710,5.5524
40.8503,3310.2651,1313.3323,5.5524
40.8601,3311.2662,1313.3694,5.5524
40.8702,3312.2527,1313.3699,5.5524
40.8810,3313.2391,1313.4619,5.5524
40.8910,3314.2513,1313.5583,5.5524
40.9003,3315.2845,1313.7048,5.5524
40.9104,3316.3716,1313.9072,5.5524
40.9204,3317.4316,1314.0276,5.5524
40.9318,3318.5120,1314.1109,5.5524
40.9403,3319.5153,1314.1270,5.5524
40.9502,3320.5306,1314.2080,5.5524
40.9600,3321.4868,1314.2664,5.5524
40.9701,3322.5098,1314.3710,5.5524
40.9802,3323.5730,1314.5331,5.5524
40.9903,3324.5471,1314.6740,5.5524
41.0003,3325.5031,1314.8328,5.5524
41.0101,3326.5106,1314.9618,5.5524
41.0200,3327.5175,1315.0564,5.5524
41.0298,3328.5328,1315.1178,5.5524
41.0411,3329.5568,1315.1698,5.5524
41.0502,3330.5159,1315.2477,5.5524
41.0604,3331.5168,1315.3455,5.5524
41.0702,3332.5210,1315.5013,5.5524
41.0803,3333.5005,1315.6514,5.5524
41.0900,3334.4430,1315.7951,5.5524
41.1003,3335.4889,1315.9296,5.5524
41.1101,3336.5208,1316.0276,5.5524
41.1200,3337.5594,1316.0837,5.5524
41.1302,3338.5897,1316.1125,5.5524
41.1413,3339.5896,1316.1956,5.5524
41.1502,3340.5791,1316.3342,5.5524
41.1601,3341.5667,1316.4970,5.5524
41.1701,3342.5126,1316.6553,5.5524
41.1807,3343.4655,1316.7841,5.5524
41.1903,3344.4645,1316.8719,5.5524
41.2007,3345.4518,1316.9246,5.5524
41.2101,3346.4725,1316.9900,5.5524
41.2201,3347.4950,1317.0319,5.5524
41.2302,3348.5306,1317.1376,5.5524
41.2403,3349.6006,1317.2867,5.5524
41.2506,3350.5977,1317.4563,5.5524
41.2610,3351.5991,1317.6229,5.5524
41.2699,3352.5446,1317.7341,5.5524
41.2799,3353.5784,1317.7987,5.5524
41.2902,3354.5731,1317.8505,5.5524
41.3010,3355.5217,1317.9047,5.5524
41.3118,3356.4786,1317.9531,5.5524
41.3200,3357.4995,1318.0352,5.5524
41.3298,3358.5265,1318.1697,5.5524
41.3403,3359.5614,1318.3372,5.5524
41.3506,3360.5514,1318.4767,5.5524
41.3606,3361.5829,1318.5919,5.5524
41.3705,3362.5946,1318.6481,5.5524
41.3800,3363.5735,1318.6588,5.5524
41.3903,3364.4943,1318.7112,5.5524
41.4013,3365.4731,1318.7977,5.5524
41.4099,3366.4563,1318.9258,5.5524
41.4203,3367.4884,1319.0814,5.5524
41.4315,3368.4457,1319.2058,5.5524
41.4409,3369.4196,1319.3612,5.5524
41.4504,3370.5084,1319.4717,5.5524
41.4600,3371.5640,1319.5137,6.4895
41.4703,3372.5198,1319.5268,6.5335
41.4800,3373.4825,1319.6017,6.5293
41.4901,3374.4939,1319.7574,6.4361
41.5006,3375.5908,1320.0102,6.0970
41.5107,3376.8524,1320.4062,6.0970
41.5214,3378.0441,1320.3407,6.0970
41.5301,3379.0861,1320.8239,6.0970
41.5411,3380.2831,1321.2874,6.0970
41.5515,3381.3192,1321.3634,6.0970
41.5600,3382.0806,1322.1844,6.0970
41.5706,3382.8417,1322.9084,6.0970
41.5802,3383.8392,1323.3083,6.0970
41.5902,3384.7303,1323.8096,6.0970
41.5997,3385.4961,1324.1924,6.0970
41.6103,3386.1460,1324.3762,6.0970
41.6202,3386.7919,1324.3559,6.0970
41.6308,3387.6028,1324.1726,6.0970
41.6412,3388.4644,1324.0266,6.0970
41.6516,3389.3789,1323.9900,6.0970
41.6625,3390.3638,1324.0193,6.0970
41.6702,3391.4000,1323.9233,6.0970
41.6799,3392.4015,1323.7911,6.0970
41.6905,3393.3445,1323.7495,6.0970
41.7006,3394.2964,1323.7343,6.0970
41.7103,3395.2672,1323.7067,6.0970
41.7204,3396.2821,1323.5956,6.0970
41.7300,3397.3179,1323.4358,6.0970
41.7399,3398.4081,1323.3356,6.0970
41.7500,3399.4803,1323.3023,6.0970
41.7607,3400.4835,1323.2663,6.0970
41.7705,3401.4550,1323.1887,6.0970
41.7814,3402.4059,1323.1287,6.0970
41.7907,3403.3534,1323.0638,-3.3207
