time[s], wr_x[mm], wr_y[mm] 
0.0001,552.8316,1258.4377,6.9378
3.1135,552.8822,1258.3935,6.9333
3.1223,552.9481,1258.3845,6.9555
3.1312,552.9288,1258.3953,6.9277
3.1376,552.8998,1258.3974,6.9488
3.1529,552.8474,1258.4084,6.9545
3.1557,552.7706,1258.4657,6.9042
3.1584,552.8259,1258.5822,6.6207
3.1685,552.6674,1258.5778,6.0434
3.1789,552.3996,1258.9213,5.2724
3.1888,552.4478,1259.0735,5.2724
3.2004,552.5100,1259.2036,5.2724
3.2096,552.7193,1259.8098,5.2724
3.2189,552.8167,1259.7655,5.2724
3.2289,552.7797,1260.2501,5.2724
3.2401,552.7258,1260.7604,5.2724
3.2486,552.6774,1260.9746,5.2724
3.2628,552.7437,1261.6115,5.2724
3.2693,552.9286,1262.0652,5.2724
3.2789,553.0770,1262.3492,5.2724
3.2893,553.4285,1262.4996,5.2724
3.2990,553.8022,1262.6201,5.2724
3.3087,554.2299,1262.5684,5.2724
3.3204,554.5805,1262.4250,5.2724
3.3286,554.8997,1262.3507,5.2724
3.3387,555.2840,1262.3577,5.2724
3.3497,555.5294,1262.3447,5.2724
3.3607,555.8646,1262.2529,5.2724
3.3687,555.9124,1262.2076,5.2724
3.3800,555.7609,1262.2424,5.2724
3.3886,555.6273,1262.2904,5.2724
3.3987,555.3981,1262.3566,5.2724
3.4093,555.3841,1262.3034,5.2724
3.4204,555.3259,1262.3263,5.2724
3.4290,555.2157,1262.3647,5.2724
3.4388,555.2312,1262.3521,5.2724
3.4500,555.3030,1262.3380,5.2724
3.4589,555.5436,1262.2654,5.2724
3.4692,555.5894,1262.3234,5.2724
3.4788,555.8228,1262.2659,5.2724
3.4886,555.7972,1262.2794,5.2724
3.4989,555.7994,1262.2645,5.2724
3.5086,555.6850,1262.2643,5.2724
3.5187,555.6693,1262.2783,5.2724
3.5288,555.6058,1262.2790,5.2724
3.5389,555.5001,1262.3284,5.2724
3.5485,555.3705,1262.3615,5.2724
3.5593,555.6850,1262.2572,5.2724
3.5700,555.5656,1262.3235,5.2724
3.5803,555.5653,1262.2981,5.2724
3.5894,555.6252,1262.2889,5.2724
3.5987,555.5827,1262.3181,5.2724
3.6090,555.6496,1262.3042,5.2724
3.6189,555.6084,1262.3599,5.2724
3.6286,556.1079,1262.2535,5.2724
3.6386,556.2038,1262.2875,5.2724
3.6486,556.4176,1262.2263,5.2724
3.6588,556.8134,1262.1604,5.2724
3.6692,557.3147,1262.0873,5.2724
3.6790,557.9066,1261.9699,5.2724
3.6889,558.3949,1261.9144,5.2724
3.6989,558.8846,1261.7734,5.2724
3.7090,559.1040,1261.6793,5.2724
3.7191,559.3862,1261.5884,5.2724
3.7293,559.9007,1261.5021,5.2724
3.7387,560.3067,1261.4927,5.2724
3.7490,561.2021,1261.3450,5.2724
3.7588,562.0369,1261.2235,5.2724
3.7688,562.7574,1261.1411,5.2724
3.7791,563.9194,1260.9663,5.2724
3.7891,564.7294,1260.9171,5.2724
3.7986,565.5303,1260.8098,5.2724
3.8093,566.4843,1260.6677,5.2724
3.8187,567.4385,1260.5157,5.2724
3.8286,568.2848,1260.3834,5.2724
3.8391,569.2234,1260.2352,5.2724
3.8489,570.4691,1259.9890,5.2724
3.8589,571.6109,1259.7952,5.2724
3.8694,572.5761,1259.6936,5.2724
3.8801,573.7592,1259.5992,5.2724
3.8888,574.4836,1259.5815,5.2724
3.8989,575.2847,1259.4512,5.2724
3.9086,576.3484,1259.2482,5.2724
3.9185,577.2793,1259.0687,5.2724
3.9288,578.3580,1258.8814,5.2724
3.9393,579.4432,1258.7414,5.2724
3.9499,580.5500,1258.5818,5.2724
3.9602,581.5069,1258.5353,5.2724
3.9695,582.3881,1258.5410,5.2724
3.9813,583.2567,1258.4199,5.2724
3.9890,584.2015,1258.2484,5.2724
3.9987,585.2671,1258.0496,5.2724
4.0088,586.3022,1257.8410,5.2724
4.0209,587.3728,1257.7033,5.2724
4.0291,588.5038,1257.5894,5.2724
4.0386,589.6962,1257.4808,5.2724
4.0495,590.7724,1257.3985,5.2724
4.0588,591.6390,1257.3401,5.2724
4.0686,592.5260,1257.2120,5.2724
4.0789,593.4503,1257.1068,5.2724
4.0886,594.4563,1256.8935,5.2724
4.0990,595.3328,1256.7280,5.2724
4.1096,596.3846,1256.5928,5.2724
4.1198,597.4902,1256.4874,5.2724
4.1287,598.6281,1256.3885,5.2724
4.1390,599.6804,1256.3386,5.2724
4.1505,600.5933,1256.2291,5.2724
4.1600,601.4389,1256.1421,5.2724
4.1698,602.4530,1255.9824,5.2724
4.1808,603.3802,1255.8220,5.2724
4.1887,604.1060,1255.7173,5.2724
4.1985,606.2814,1255.1801,5.2724
4.2089,607.5042,1254.9738,5.2724
4.2185,608.8271,1254.7714,5.2724
4.2292,609.8905,1254.7089,5.2724
4.2401,610.8530,1254.5902,5.2724
4.2484,611.6570,1254.5278,5.2724
4.2588,612.5509,1254.4193,5.2724
4.2692,613.3568,1254.3043,5.2724
4.2790,614.3382,1254.1519,5.2724
4.2888,615.3082,1253.9631,5.2724
4.2987,616.3676,1253.8231,5.2724
4.3086,617.4417,1253.7645,5.2724
4.3192,618.5600,1253.6963,5.2724
4.3298,619.6028,1253.6517,5.2724
4.3402,620.4982,1253.5746,5.2724
4.3488,621.2619,1253.4309,5.2724
4.3597,622.2684,1253.2277,5.2724
4.3685,623.2871,1253.0557,5.2724
4.3800,624.2133,1252.9656,5.2724
4.3889,625.2478,1252.8290,5.2724
4.3991,626.2758,1252.7120,5.2724
4.4091,627.2993,1252.6176,5.2724
4.4184,628.2293,1252.5641,5.2724
4.4286,629.1842,1252.5084,5.2724
4.4388,630.1132,1252.3688,5.2724
4.4492,630.9444,1252.2295,5.2724
4.4591,631.9507,1252.0758,5.2724
4.4693,632.9853,1251.9327,5.2724
4.4791,634.0010,1251.8657,5.2724
4.4887,635.2211,1251.8126,5.2724
4.4985,636.1848,1251.7912,5.2724
4.5087,637.2677,1251.6913,5.2724
4.5191,638.1666,1251.6113,5.2724
4.5286,639.0407,1251.4959,5.2724
4.5389,639.9510,1251.3613,5.2724
4.5490,640.9217,1251.2530,5.2724
4.5597,641.9998,1251.0908,5.2724
4.5690,643.0954,1251.0320,5.2724
4.5791,644.0906,1250.9954,5.2724
4.5888,645.0235,1250.9067,5.2724
4.5988,645.8639,1250.8157,5.2724
4.6089,646.8699,1250.6871,5.2724
4.6185,647.7023,1250.6187,5.2724
4.6304,648.6970,1250.4238,5.2724
4.6390,649.5672,1250.2732,5.2724
4.6493,650.5904,1250.1388,5.2724
4.6594,651.7712,1249.9971,5.2724
4.6692,652.7081,1249.9489,5.2724
4.6788,653.5697,1249.9227,5.2724
4.6890,654.4765,1249.8132,5.2724
4.6986,655.2315,1249.7509,5.2724
4.7088,656.1179,1249.6392,5.2724
4.7189,656.9791,1249.5052,5.2724
4.7291,657.9330,1249.2891,5.2724
4.7385,658.9547,1249.1729,5.2724
4.7484,660.1415,1249.0869,5.2724
4.7585,661.1948,1248.9993,5.2724
4.7707,662.2047,1248.9065,5.2724
4.7799,663.1211,1248.7815,5.2724
4.7894,663.9653,1248.7205,5.2724
4.7998,664.8388,1248.6647,5.2724
4.8102,665.8142,1248.4898,5.2724
4.8186,666.6411,1248.3863,5.2724
4.8289,667.7525,1248.1774,5.2724
4.8387,668.8911,1248.0948,5.2724
4.8487,669.9762,1248.0504,5.2724
4.8590,671.0435,1247.9539,5.2724
4.8683,671.8171,1247.8795,5.2724
4.8789,672.7718,1247.7573,5.2724
4.8886,673.6590,1247.7064,5.2724
4.8989,674.5699,1247.5533,5.2724
4.9091,675.6052,1247.3658,5.2724
4.9200,676.6399,1247.2218,5.2724
4.9304,677.6745,1247.1681,5.2724
4.9388,678.8248,1247.1204,5.2724
4.9492,679.8301,1247.0019,5.2724
4.9592,680.7671,1246.9246,5.2724
4.9693,681.7368,1246.8215,5.2724
4.9789,682.6325,1246.7388,5.2724
4.9888,683.6135,1246.6085,5.2724
4.9988,684.6992,1246.4166,5.2724
5.0085,685.8172,1246.2998,5.2724
5.0195,686.9001,1246.2647,5.2724
5.0289,687.9248,1246.1765,5.2724
5.0400,688.7786,1246.0784,5.2724
5.0493,689.5840,1245.9807,5.2724
5.0591,690.5057,1245.9136,5.2724
5.0685,691.4478,1245.8516,5.2724
5.0790,692.4945,1245.7040,5.2724
5.0896,693.5811,1245.5427,5.2724
5.0992,694.8332,1245.4174,5.2724
5.1086,695.9230,1245.3941,5.2724
5.1184,696.9332,1245.2948,5.2724
5.1307,697.9612,1245.1711,5.2724
5.1388,698.8611,1245.0787,5.2724
5.1486,699.8358,1244.9131,5.2724
5.1585,700.7526,1244.7900,5.2724
5.1687,701.6414,1244.6663,5.2724
5.1785,702.7891,1244.5328,5.2724
5.1887,703.8862,1244.4943,5.2724
5.1992,705.0382,1244.4036,5.2724
5.2093,705.9083,1244.3217,5.2724
5.2191,706.7751,1244.2045,5.2724
5.2296,707.8167,1244.0520,5.2724
5.2391,708.7238,1243.9220,5.2724
5.2486,709.7674,1243.6887,5.2724
5.2586,710.8477,1243.5807,5.2724
5.2698,711.8444,1243.5720,5.2724
5.2796,712.9148,1243.4910,5.2724
5.2894,714.0576,1243.4167,5.2724
5.2986,715.0989,1243.3001,5.2724
5.3086,715.9863,1243.1971,5.2724
5.3202,716.8579,1243.0873,5.2724
5.3293,717.8748,1242.9183,5.2724
5.3389,718.7145,1242.8375,5.2724
5.3500,719.9025,1242.6893,5.2724
5.3596,720.8760,1242.6924,5.2724
5.3698,721.9648,1242.6363,5.2724
5.3787,722.9319,1242.6084,5.2724
5.3894,723.9744,1242.5139,5.2724
5.3987,724.8388,1242.4374,5.2724
5.4089,725.7249,1242.3292,-5.7122
5.4196,726.7582,1242.1736,-5.6910
5.4285,727.8902,1242.0764,-5.6571
5.4391,728.9334,1241.9802,-5.6455
5.4492,729.8650,1241.9974,-5.6810
5.4586,730.8584,1242.0342,-5.8756
5.4690,732.0840,1241.9918,-6.4065
5.4798,732.9434,1241.8928,-7.1215
5.4887,734.0888,1242.1206,-8.1179
5.5000,735.3038,1241.9481,-9.2996
5.5104,736.4590,1242.0988,-10.6971
5.5187,737.8618,1242.3372,-12.2202
5.5286,738.8626,1242.2429,-13.9071
5.5404,740.0801,1242.6974,-13.9071
5.5493,741.3061,1242.7927,-13.9071
5.5595,742.4272,1243.2554,-13.9071
5.5690,743.5191,1243.5135,-13.9071
5.5797,744.7001,1244.1033,-13.9071
5.5905,745.7951,1244.5022,-13.9071
5.5996,746.9155,1245.2227,-13.9071
5.6089,748.0753,1245.7457,-13.9071
5.6189,749.1276,1245.8821,-13.9071
5.6286,750.2285,1246.1064,-13.9071
5.6389,751.5786,1246.0522,-13.9071
5.6489,752.5419,1245.8820,-13.9071
5.6607,753.4677,1245.6002,-13.9071
5.6686,754.2605,1245.1097,-13.9071
5.6791,754.9038,1244.6410,-13.9071
5.6906,755.5304,1244.1262,-13.9071
5.7008,756.3179,1243.5982,-13.9071
5.7092,756.9790,1243.2291,-13.9071
5.7189,757.6546,1242.7696,-13.9071
5.7301,758.4065,1242.2068,-13.9071
5.7392,759.2780,1241.5405,-13.9071
5.7491,760.0638,1241.0097,-13.9071
5.7591,760.8078,1240.5312,-13.9071
5.7689,761.6252,1239.9869,-13.9071
5.7785,762.2015,1239.5072,-13.9071
5.7902,763.0033,1238.9293,-13.9071
5.7992,763.8853,1238.3648,-13.9071
5.8094,764.7133,1237.8126,-13.9071
5.8187,765.5535,1237.1919,-13.9071
5.8285,766.4055,1236.5878,-13.9071
5.8405,767.3940,1236.0277,-13.9071
5.8497,767.9911,1235.5768,-13.9071
5.8596,768.6664,1235.0831,-13.9071
5.8688,769.4440,1234.6085,-13.9071
5.8798,770.2807,1234.0883,-13.9071
5.8892,771.0533,1233.5215,-13.9071
5.8986,771.8643,1232.9507,-13.9071
5.9095,772.7468,1232.3497,-13.9071
5.9186,773.5689,1231.7258,-13.9071
5.9286,774.5025,1231.1385,-13.9071
5.9396,775.1581,1230.7144,-13.9071
5.9498,775.8708,1230.3157,-13.9071
5.9596,776.6909,1229.8347,-13.9071
5.9690,777.3737,1229.3189,-13.9071
5.9790,778.1144,1228.7499,-13.9071
5.9890,778.9802,1228.1752,-13.9071
5.9993,779.9463,1227.6011,-13.9071
6.0087,780.8278,1227.0294,-13.9071
6.0187,781.6522,1226.5070,-13.9071
6.0291,782.4942,1226.0343,-13.9071
6.0392,783.3385,1225.5219,-13.9071
6.0500,784.1297,1224.9930,-13.9071
6.0592,784.8628,1224.4374,-13.9071
6.0685,785.6544,1223.8693,-13.9071
6.0788,786.4747,1223.2818,-13.9071
6.0897,787.4208,1222.6924,-13.9071
6.0987,788.2838,1222.1502,-13.9071
6.1095,789.0116,1221.6384,-13.9071
6.1188,789.8732,1221.1600,-13.9071
6.1284,790.6249,1220.6867,-13.9071
6.1388,791.4708,1220.1276,-13.9071
6.1495,792.2604,1219.5909,-13.9071
6.1591,793.0572,1218.9878,-13.9071
6.1685,793.9065,1218.4100,-13.9071
6.1788,794.9356,1217.7515,-13.9071
6.1888,795.7719,1217.2897,-13.9071
6.1991,797.5259,1216.4839,-13.9071
6.2093,798.6509,1215.9118,-13.9071
6.2186,799.6457,1215.3013,-13.9071
6.2289,800.5008,1214.6623,-13.9071
6.2386,801.3102,1214.0887,-13.9071
6.2487,802.2089,1213.5300,-13.9071
6.2586,803.0909,1212.9518,-13.9071
6.2691,803.9535,1212.4069,-13.9071
6.2785,804.7732,1211.8773,-13.9071
6.2885,805.5190,1211.4156,-13.9071
6.2999,806.2407,1210.9722,-13.9071
6.3104,807.0138,1210.5029,-13.9071
6.3192,807.7549,1209.9796,-13.9071
6.3308,808.5323,1209.3902,-13.9071
6.3394,809.4025,1208.7880,-13.9071
6.3486,810.3151,1208.1921,-13.9071
6.3595,811.2178,1207.6087,-13.9071
6.3685,812.0432,1207.0557,-13.9071
6.3787,812.7833,1206.5660,-13.9071
6.3883,813.4977,1206.1284,-13.9071
6.3989,814.2552,1205.5839,-13.9071
6.4085,815.0213,1205.1156,-13.9071
6.4192,815.7285,1204.5711,-13.9071
6.4296,816.4997,1204.0284,-13.9071
6.4407,817.3741,1203.4888,-13.9071
6.4492,818.2544,1202.9516,-13.9071
6.4600,819.0143,1202.3730,-13.9071
6.4711,819.7425,1201.8934,-13.9071
6.4787,820.5037,1201.4690,-13.9071
6.4889,821.2326,1201.0100,-13.9071
6.4988,822.0406,1200.4807,-13.9071
6.5086,822.8468,1199.9174,-13.9071
6.5197,823.7125,1199.2941,-13.9071
6.5284,824.6547,1198.6425,-13.9071
6.5391,825.5617,1198.0497,-13.9071
6.5487,826.3787,1197.4747,-13.9071
6.5589,827.1075,1197.0186,-13.9071
6.5687,827.8807,1196.5404,-13.9071
6.5786,828.7035,1196.0086,-13.9071
6.5888,829.4742,1195.4940,-13.9071
6.5991,830.2575,1194.9260,-13.9071
6.6086,831.1049,1194.3706,-13.9071
6.6193,832.0516,1193.8077,-13.9071
6.6284,832.9738,1193.2323,-13.9071
6.6389,833.7863,1192.6823,-13.9071
6.6486,834.5533,1192.1583,-13.9071
6.6594,835.3434,1191.6859,-13.9071
6.6687,836.1435,1191.1686,-13.9071
6.6786,836.9518,1190.6124,-13.9071
6.6885,837.6781,1190.0308,-13.9071
6.6990,838.5261,1189.4693,-13.9071
6.7090,839.3886,1188.9620,-13.9071
6.7191,840.2629,1188.4243,-13.9071
6.7283,841.0229,1187.9379,-13.9071
6.7397,841.7475,1187.4210,-13.9071
6.7494,842.5421,1186.9355,-13.9071
6.7590,843.3429,1186.5278,-13.9071
6.7686,844.1151,1186.0029,-13.9071
6.7788,844.9014,1185.3834,-13.9071
6.7887,845.8395,1184.7607,-13.9071
6.8002,846.7550,1184.1964,-13.9071
6.8086,847.6745,1183.6577,-13.9071
6.8184,848.5308,1183.1492,-13.9071
6.8291,849.3565,1182.6500,-13.9071
6.8385,850.1173,1182.1679,-13.9071
6.8487,850.9196,1181.6344,-13.9071
6.8592,851.6974,1181.0803,-13.9071
6.8689,852.5901,1180.4692,-13.9071
6.8789,853.5156,1179.8794,-13.9071
6.8889,854.4314,1179.2913,-13.9071
6.8997,855.3231,1178.7721,-13.9071
6.9092,856.2133,1178.3183,-13.9071
6.9185,857.0541,1177.8291,-13.9071
6.9292,857.8228,1177.2973,-13.9071
6.9383,858.5861,1176.7267,-13.9071
6.9490,859.4221,1176.1232,-13.9071
6.9590,860.2941,1175.5353,-13.9071
6.9689,861.1926,1174.9316,-13.9071
6.9787,862.0351,1174.3819,-13.9071
6.9889,862.9135,1173.9038,-13.9071
6.9988,863.7629,1173.3926,-13.9071
7.0101,864.5738,1172.9004,-13.9071
7.0183,865.3806,1172.3798,-13.9071
7.0287,866.1602,1171.8336,-13.9071
7.0386,866.9864,1171.2383,-13.9071
7.0496,867.8586,1170.6956,-13.9071
7.0594,868.7573,1170.1190,-13.9071
7.0687,869.6383,1169.5229,-13.9071
7.0787,870.5168,1169.0253,-13.9071
7.0888,871.3768,1168.5229,-13.9071
7.0999,872.2003,1168.0116,-13.9071
7.1091,873.0341,1167.5154,-13.9071
7.1200,873.8351,1166.9908,-13.9071
7.1292,874.6664,1166.3951,-13.9071
7.1395,875.5746,1165.8018,-13.9071
7.1496,876.4392,1165.2728,-13.9071
7.1614,877.3178,1164.7894,-13.9071
7.1709,878.2413,1164.2822,-13.9071
7.1790,879.0865,1163.7740,-13.9071
7.1897,879.8762,1163.2559,-13.9071
7.1992,880.6631,1162.7917,-13.9071
7.2101,881.4876,1162.2639,-13.9071
7.2188,882.3415,1161.7006,-13.9071
7.2296,883.1466,1161.1467,-13.9071
7.2386,884.0015,1160.6609,-13.9071
7.2495,884.8658,1160.2172,-13.9071
7.2597,885.6850,1159.7311,-13.9071
7.2687,886.4872,1159.2365,-13.9071
7.2789,887.2531,1158.7633,-13.9071
7.2889,888.0762,1158.2235,-13.9071
7.2986,888.9287,1157.6236,-13.9071
7.3093,889.7998,1157.0521,-13.9071
7.3188,890.6617,1156.5042,-13.9071
7.3292,891.5202,1156.0129,-13.9071
7.3395,892.4579,1155.5123,-13.9071
7.3491,893.3243,1155.0443,-13.9071
7.3588,894.1152,1154.4917,-13.9071
7.3692,894.8857,1154.0034,-13.9071
7.3791,895.6870,1153.4717,-13.9071
7.3891,896.5338,1152.8823,-13.9071
7.3988,897.3628,1152.3184,-13.9071
7.4092,898.2400,1151.7589,-13.9071
7.4189,899.1113,1151.2627,-13.9071
7.4288,899.9852,1150.7751,-13.9071
7.4390,900.8286,1150.2961,-13.9071
7.4499,901.5902,1149.8190,-13.9071
7.4591,902.3658,1149.2950,-13.9071
7.4701,903.2010,1148.7820,-13.9071
7.4791,904.0370,1148.2147,-13.9071
7.4893,904.8675,1147.6135,-13.9071
7.4994,905.6900,1147.0738,-13.9071
7.5089,906.5467,1146.5596,-13.9071
7.5187,907.4139,1146.0600,-13.9071
7.5296,908.2486,1145.5778,-13.9071
7.5392,909.0168,1145.0953,-13.9071
7.5491,909.7876,1144.6038,-13.9071
7.5591,910.6383,1144.0516,-13.9071
7.5686,911.4709,1143.4708,-13.9071
7.5786,912.3406,1142.8582,-13.9071
7.5891,913.2206,1142.2839,-13.9071
7.5988,914.1106,1141.7789,-13.9071
7.6094,914.9603,1141.2661,-13.9071
7.6191,915.7924,1140.7744,-13.9071
7.6285,916.5952,1140.2955,-13.9071
7.6391,917.3940,1139.8111,-13.9071
7.6500,918.2365,1139.2468,-13.9071
7.6588,919.1041,1138.6555,-13.9071
7.6689,919.9568,1138.0837,-13.9071
7.6794,920.8522,1137.5135,-13.9071
7.6890,921.7700,1137.0164,-13.9071
7.6988,922.6631,1136.5071,-13.9071
7.7090,923.5087,1135.9871,-13.9071
7.7189,924.2895,1135.5026,-13.9071
7.7284,925.1132,1135.0018,-13.9071
7.7390,925.9427,1134.4537,-13.9071
7.7487,926.7786,1133.8401,-13.9071
7.7589,927.6537,1133.2549,-13.9071
7.7689,928.5974,1132.7144,-13.9071
7.7788,929.5562,1132.1844,-13.9071
7.7889,930.4392,1131.6877,-13.9071
7.7988,931.2588,1131.1279,-13.9071
7.8089,932.0695,1130.5956,-13.9071
7.8203,932.8814,1130.0578,-13.9071
7.8299,933.7359,1129.4879,-13.9071
7.8389,934.5522,1128.9603,-13.9071
7.8497,935.4156,1128.4109,-13.9071
7.8592,936.3291,1127.8940,-13.9071
7.8690,937.2683,1127.3700,-13.9071
7.8795,938.1517,1126.8159,-13.9071
7.8887,938.9582,1126.3101,-13.9071
7.8992,939.7531,1125.7704,-13.9071
7.9091,940.6233,1125.1929,-13.9071
7.9188,941.4652,1124.6007,-13.9071
7.9294,942.3055,1124.0327,-13.9071
7.9390,943.1505,1123.5281,-13.9071
7.9487,944.0892,1123.0164,-13.9071
7.9588,945.0024,1122.4850,-13.9071
7.9691,945.8429,1121.9579,-13.9071
7.9794,946.6633,1121.4432,-13.9071
7.9888,947.4419,1120.9946,-13.9071
7.9997,948.2814,1120.4242,-13.9071
8.0091,949.0520,1119.9012,-13.9071
8.0186,949.8945,1119.3625,-13.9071
8.0290,950.8404,1118.8707,-13.9071
8.0389,951.8250,1118.3648,-13.9071
8.0485,952.7124,1117.7945,-13.9071
8.0595,953.5268,1117.2188,-13.9071
8.0686,954.3456,1116.7198,-13.9071
8.0786,955.1543,1116.3067,-13.9071
8.0890,955.8955,1115.8310,-13.9071
8.0992,956.6544,1115.2812,-13.9071
8.1092,957.4429,1114.7858,-13.9071
8.1187,958.3609,1114.3167,-13.9071
8.1287,959.3527,1113.7950,-13.9071
8.1390,960.3433,1113.2261,-13.9071
8.1492,961.2895,1112.5888,-13.9071
8.1585,962.1752,1112.0715,-13.9071
8.1686,962.9938,1111.5622,-13.9071
8.1789,963.7944,1111.0772,-13.9071
8.1893,964.5482,1110.5432,-13.9071
8.2002,965.3273,1110.0211,-13.9071
8.2101,966.1721,1109.5724,-13.9071
8.2186,967.0530,1109.0647,-13.9071
8.2291,967.9649,1108.4744,-13.9071
8.2399,968.8589,1107.9323,-13.9071
8.2486,969.7514,1107.4007,-13.9071
8.2586,970.5826,1106.8932,-13.9071
8.2683,971.3961,1106.3493,-13.9071
8.2786,972.1841,1105.8752,-13.9071
8.2886,973.0353,1105.3904,-13.9071
8.2991,973.9483,1104.8958,-13.9071
8.3087,974.8939,1104.3604,-13.9071
8.3190,975.8900,1103.7493,-13.9071
8.3287,976.8542,1103.1965,-13.9071
8.3390,977.7310,1102.6152,-31.0545
8.3486,978.6155,1102.0466,-31.0545
8.3584,979.4563,1101.5253,-31.0545
8.3683,980.3501,1101.0106,-31.0545
8.3788,981.2432,1100.5596,-31.0545
8.3893,982.0748,1100.1103,-31.0545
8.3990,982.7717,1099.6157,-31.0545
8.4092,983.4147,1099.1783,-31.0545
8.4186,984.1033,1098.7488,-31.0545
8.4291,984.7713,1098.3821,-31.0545
8.4389,985.3818,1097.9811,-31.0545
8.4490,986.0240,1097.4868,-31.0545
8.4590,986.7430,1096.9745,-31.0545
8.4686,987.6528,1096.4629,-31.0545
8.4791,988.6507,1095.9267,-31.0545
8.4887,989.5801,1095.3598,-31.0545
8.4987,990.4461,1094.7944,-31.0545
8.5106,991.2915,1094.2078,-31.0545
8.5187,992.1310,1093.6597,-31.0545
8.5286,992.9487,1093.1861,-31.0545
8.5386,993.7092,1092.6168,-31.0545
8.5487,994.5015,1092.1133,-31.0545
8.5592,995.3697,1091.6232,-31.0545
8.5688,996.2801,1091.1461,-31.0545
8.5797,997.1573,1090.6222,-31.0545
8.5899,998.0149,1090.0319,-31.0545
8.5999,998.8712,1089.4844,-31.0545
8.6084,999.7496,1088.9653,-31.0545
8.6188,1000.5899,1088.4288,-31.0545
8.6292,1001.3858,1087.8873,-31.0545
8.6386,1002.2565,1087.3134,-31.0545
8.6487,1003.1710,1086.8242,-31.0545
8.6589,1004.1247,1086.2966,-31.0545
8.6684,1004.9769,1085.7350,-31.0545
8.6787,1005.7780,1085.1915,-31.0545
8.6888,1006.6406,1084.6980,-31.0545
8.6986,1007.4510,1084.2173,-31.0545
8.7092,1008.2634,1083.6397,-31.0545
8.7187,1009.0370,1083.1161,-31.0545
8.7290,1009.9066,1082.6210,-31.0545
8.7385,1010.8869,1082.0526,-31.0545
8.7491,1011.7943,1081.4980,-31.0545
8.7614,1012.6509,1080.9184,-31.0545
8.7689,1013.4913,1080.3796,-31.0545
8.7789,1014.3114,1079.9512,-31.0545
8.7891,1015.1249,1079.4533,-31.0545
8.7985,1015.8696,1078.8848,-31.0545
8.8087,1016.7079,1078.3343,-31.0545
8.8189,1017.6094,1077.8399,-31.0545
8.8285,1018.5240,1077.3347,-31.0545
8.8401,1019.4139,1076.7794,-31.0545
8.8501,1020.2556,1076.2435,-31.0545
8.8581,1021.0999,1075.7122,-31.0545
8.8686,1021.9509,1075.2744,-31.0545
8.8790,1022.7687,1074.7672,-31.0545
8.8883,1023.5825,1074.1940,-31.0545
8.8995,1024.5004,1073.6806,-31.0545
8.9091,1025.4897,1073.1809,-31.0545
8.9190,1026.3827,1072.6520,-31.0545
8.9283,1027.2202,1072.0672,-31.0545
8.9392,1028.0944,1071.5720,-31.0545
8.9494,1028.9404,1071.1189,-31.0545
8.9593,1029.7548,1070.5780,-31.0545
8.9687,1030.5608,1070.0804,-31.0545
8.9786,1031.3967,1069.5830,-31.0545
8.9886,1032.3322,1069.0998,-31.0545
8.9989,1033.2962,1068.5687,-31.0545
9.0084,1034.2397,1067.9727,-31.0545
9.0188,1035.1177,1067.4302,-31.0545
9.0290,1035.9718,1066.8699,-31.0545
9.0393,1036.8094,1066.3465,-31.0545
9.0508,1037.6096,1065.8129,-31.0545
9.0591,1038.4642,1065.2802,-31.0545
9.0696,1039.3164,1064.8032,-31.0545
9.0798,1040.2590,1064.2638,-31.0545
9.0889,1041.2032,1063.7159,-31.0545
9.0988,1042.1055,1063.1874,-31.0545
9.1090,1042.9318,1062.6354,-31.0545
9.1199,1043.7428,1062.1675,-31.0545
9.1290,1044.5544,1061.7166,-31.0545
9.1384,1045.3293,1061.2120,-31.0545
9.1488,1046.1175,1060.6630,-31.0545
9.1586,1046.9984,1060.1282,-31.0545
9.1689,1047.9521,1059.6367,-31.0545
9.1788,1048.9250,1059.0433,-31.0545
9.1891,1049.8801,1058.4924,-31.0545
9.1993,1050.7175,1057.8933,-31.0545
9.2087,1051.5447,1057.4093,-31.0545
9.2191,1052.3597,1056.9859,-31.0545
9.2295,1053.2412,1056.5032,-31.0545
9.2387,1054.1027,1055.9858,-31.0545
9.2484,1054.9766,1055.4651,-31.0545
9.2586,1055.8869,1054.9707,-31.0545
9.2686,1056.7927,1054.4776,-31.0545
9.2782,1057.6954,1053.9100,-31.0545
9.2884,1058.4929,1053.4165,-31.0545
9.2990,1059.2652,1052.9816,-31.0545
9.3086,1060.0393,1052.5638,-31.0545
9.3188,1060.8429,1052.1182,-31.0545
9.3300,1061.6982,1051.6375,-31.0545
9.3385,1062.5655,1051.1580,-31.0545
9.3491,1063.4796,1050.6320,-31.0545
9.3593,1064.3680,1050.1081,-31.0545
9.3690,1065.1964,1049.6082,-31.0545
9.3793,1065.9814,1049.1038,-31.0545
9.3889,1066.7207,1048.6720,-31.0545
9.3988,1067.5034,1048.2081,-31.0545
9.4091,1068.3422,1047.6950,-31.0545
9.4196,1069.2473,1047.2225,-31.0545
9.4286,1070.2127,1046.6962,-31.0545
9.4389,1071.1695,1046.1458,-31.0545
9.4486,1072.0769,1045.5403,-31.0545
9.4586,1072.8650,1045.0110,-31.0545
9.4687,1073.6804,1044.5849,-31.0545
9.4787,1074.4709,1044.1825,-31.0545
9.4884,1075.2607,1043.7301,-31.0545
9.4995,1076.0687,1043.1795,-31.0545
9.5102,1076.9156,1042.6740,-31.0545
9.5203,1077.8627,1042.1862,-31.0545
9.5286,1078.8063,1041.6365,-31.0545
9.5399,1079.6961,1041.0436,-31.0545
9.5495,1080.5435,1040.4714,-31.0545
9.5588,1081.3156,1040.0092,-31.0545
9.5694,1082.1007,1039.5974,-31.0545
9.5788,1082.9189,1039.1140,-31.0545
9.5887,1083.7109,1038.6371,-31.0545
9.5990,1084.5718,1038.0903,-31.0545
9.6093,1085.4861,1037.5873,-31.0545
9.6189,1086.4440,1037.0208,-31.0545
9.6297,1087.3177,1036.4374,-31.0545
9.6386,1088.1263,1035.9279,-31.0545
9.6496,1088.8895,1035.4412,-31.0545
9.6594,1089.6644,1035.0090,-31.0545
9.6686,1090.4738,1034.5434,-31.0545
9.6790,1091.2926,1034.0216,-31.0545
9.6891,1092.1849,1033.5101,-30.2460
9.6987,1093.1421,1032.9445,-30.2643
9.7099,1094.0646,1032.4146,-30.2643
9.7186,1094.9411,1031.8362,-30.2643
9.7291,1095.7591,1031.3233,-30.2643
9.7389,1096.5429,1030.8821,-30.2643
9.7488,1097.3108,1030.4495,-30.2643
9.7592,1098.0792,1030.0197,-30.2643
9.7693,1098.8253,1029.5457,-30.2643
9.7790,1099.5309,1029.1752,-30.2643
9.7888,1100.1817,1028.8113,-30.2643
9.7992,1100.8359,1028.4180,-30.2643
9.8096,1101.4060,1028.0521,-30.2643
9.8189,1101.9745,1027.6737,-30.2643
9.8290,1102.5857,1027.3278,-30.2643
9.8411,1103.3936,1026.9160,-30.2643
9.8488,1104.3136,1026.4681,-30.2643
9.8600,1105.2303,1025.9230,-30.2643
9.8688,1106.1630,1025.2906,-30.2643
9.8799,1107.1763,1024.7155,-30.2643
9.8898,1108.2251,1024.1323,-30.2643
9.8992,1109.2406,1023.5342,-30.2643
9.9085,1110.1592,1022.9489,-30.2643
9.9187,1111.0189,1022.3741,-30.2643
9.9291,1111.8706,1021.9253,-30.2643
9.9397,1112.7288,1021.4353,-30.2643
9.9491,1113.6472,1020.8759,-30.2643
9.9607,1114.5574,1020.3247,-30.2643
9.9700,1115.4953,1019.7429,-30.2643
9.9795,1116.4204,1019.2162,-30.2643
9.9890,1117.3516,1018.6706,-30.2643
9.9988,1118.2459,1018.1393,-30.2643
10.0087,1119.0779,1017.6361,-30.2643
10.0188,1119.9332,1017.1184,-30.2643
10.0290,1120.8057,1016.6289,-30.2643
10.0400,1121.7291,1016.0730,-30.2643
10.0485,1122.6710,1015.5268,-30.2643
10.0589,1123.6434,1014.9464,-30.2643
10.0688,1124.6192,1014.3528,-30.2643
10.0788,1125.4908,1013.8315,-30.2643
10.0887,1126.3171,1013.3299,-30.2643
10.0988,1127.1226,1012.9040,-30.2643
10.1087,1128.0067,1012.4719,-30.2643
10.1188,1128.9155,1011.9821,-30.2643
10.1292,1129.8214,1011.4366,-30.2643
10.1394,1130.7737,1010.7940,-30.2643
10.1486,1131.7888,1010.2386,-30.2643
10.1586,1132.6777,1009.7380,-30.2643
10.1683,1133.4604,1009.2493,-30.2643
10.1789,1134.2035,1008.8310,-30.2643
10.1895,1135.0452,1008.4085,-30.2643
10.1986,1135.9220,1007.9947,-30.2643
10.2089,1136.7820,1007.4772,-30.2643
10.2186,1137.7131,1006.8993,-30.2643
10.2296,1138.6896,1006.2832,-30.2643
10.2403,1139.7797,1005.6807,-30.2643
10.2492,1140.7499,1005.1620,-30.2643
10.2604,1141.5506,1004.6843,-30.2643
10.2692,1142.3163,1004.2368,-30.2643
10.2792,1143.2162,1003.8118,-30.2643
10.2890,1144.1549,1003.2982,-30.2643
10.2994,1145.0124,1002.7779,-30.2643
10.3087,1145.9045,1002.1775,-30.2643
10.3186,1146.8542,1001.6444,-30.2643
10.3292,1147.7484,1001.1641,-30.2643
10.3387,1148.5524,1000.6770,-30.2643
10.3490,1149.3276,1000.2578,-30.2643
10.3586,1150.1249,999.8352,-30.2643
10.3682,1151.0045,999.3586,-30.2643
10.3789,1151.8990,998.8313,-30.2643
10.3897,1152.8514,998.2213,-30.2643
10.3985,1153.8978,997.6269,-30.2643
10.4093,1154.9384,997.0634,-30.2643
10.4205,1155.8961,996.5870,-30.2643
10.4291,1156.7073,996.1015,-30.2643
10.4388,1157.5660,995.6501,-30.2643
10.4491,1158.4623,995.1953,-30.2643
10.4586,1159.4005,994.6227,-30.2643
10.4686,1160.3422,994.0958,-30.2643
10.4787,1161.2695,993.5182,-30.2643
10.4902,1162.2031,992.9409,-30.2643
10.4986,1163.0232,992.4649,-30.2643
10.5093,1163.8085,992.0028,-30.2643
10.5184,1164.5513,991.6096,-30.2643
10.5283,1165.3784,991.1853,-30.2643
10.5387,1166.2373,990.7084,-30.2643
10.5491,1167.1057,990.1827,-30.2643
10.5590,1168.0435,989.6200,-30.2643
10.5705,1169.0520,989.0284,-30.2643
10.5790,1169.9613,988.4125,-30.2643
10.5886,1170.7775,987.8935,-30.2643
10.5990,1171.5244,987.4903,-30.2643
10.6088,1172.2979,987.0712,-30.2643
10.6185,1173.1232,986.6904,-30.2643
10.6291,1173.9656,986.2094,-30.2643
10.6394,1174.7729,985.7109,-30.2643
10.6485,1175.6351,985.1797,-30.2643
10.6592,1176.6035,984.5946,-30.2643
10.6692,1177.5092,984.0570,-30.2643
10.6786,1178.3396,983.5058,-30.2643
10.6891,1179.1044,983.0409,-30.2643
10.6986,1179.9166,982.6177,-30.2643
10.7087,1180.8046,982.1884,-30.2643
10.7189,1181.6821,981.7352,-30.2643
10.7291,1182.5820,981.1902,-30.2643
10.7390,1183.5334,980.6397,-30.2643
10.7492,1184.4676,980.0800,-30.2643
10.7591,1185.3275,979.5439,-30.2643
10.7702,1186.0883,979.0985,-30.2643
10.7789,1186.8207,978.6525,-30.2643
10.7888,1187.6155,978.2372,-30.2643
10.7988,1188.4829,977.8359,-30.2643
10.8090,1189.3181,977.3215,-30.2643
10.8185,1190.2045,976.7809,-30.2643
10.8291,1191.2126,976.1699,-30.2643
10.8386,1192.1996,975.6524,-30.2643
10.8500,1193.0225,975.1033,-30.2643
10.8586,1193.7816,974.6373,-30.2643
10.8687,1194.5826,974.2032,-30.2643
10.8787,1195.4659,973.7405,-30.2643
10.8902,1196.3857,973.2974,-30.2643
10.8991,1197.2462,972.7522,-30.2643
10.9084,1198.1157,972.2039,-30.2643
10.9189,1199.0211,971.6687,-30.2643
10.9286,1199.9168,971.1749,-30.2643
10.9392,1200.6873,970.7061,-30.2643
10.9499,1201.4802,970.2648,-29.2337
10.9585,1202.3210,969.8954,-29.2666
10.9686,1203.2051,969.4865,-29.2961
10.9786,1204.1098,969.0315,-29.2568
10.9893,1205.0930,968.4622,-28.9361
10.9985,1206.1611,967.8326,-28.9361
11.0087,1207.2335,967.3523,-28.9361
11.0189,1208.3344,966.6348,-28.9361
11.0289,1209.3537,965.9626,-28.9361
11.0384,1210.1042,965.3770,-28.9361
11.0492,1210.6953,964.5767,-28.9361
11.0587,1211.1757,963.7841,-28.9361
11.0685,1211.7502,962.9080,-28.9361
11.0786,1212.6404,962.1576,-28.9361
11.0886,1213.4541,961.3751,-28.9361
11.0989,1214.2087,960.7023,-28.9361
11.1089,1214.9517,960.3272,-28.9361
11.1184,1215.8032,960.0834,-28.9361
11.1287,1216.7998,959.9308,-28.9361
11.1384,1217.8217,959.6244,-28.9361
11.1484,1218.7292,959.1100,-28.9361
11.1597,1219.5794,958.7062,-28.9361
11.1700,1220.4468,958.3985,-28.9361
11.1787,1221.3416,958.1544,-28.9361
11.1890,1222.1999,957.8904,-28.9361
11.1997,1222.9968,957.5837,-28.9361
11.2091,1223.8314,957.2926,-28.9361
11.2200,1224.7733,957.0110,-19.8828
11.2285,1225.7562,956.7242,-19.8828
11.2388,1226.6960,956.3981,-19.8828
11.2486,1227.6058,956.0265,-19.8828
11.2602,1228.4709,955.6648,-19.8828
11.2683,1229.3395,955.3291,-19.8828
11.2783,1230.1226,955.0822,-19.8828
11.2884,1230.8636,954.8535,-19.8828
11.2987,1231.6114,954.5855,-19.8828
11.3086,1232.3511,954.3583,-19.8828
11.3186,1233.1694,954.0891,-19.8828
11.3287,1234.0670,953.7504,-19.8828
11.3393,1235.0171,953.3929,-19.8828
11.3491,1236.0118,952.9883,-19.8828
11.3590,1236.9925,952.6146,-19.8828
11.3685,1237.9660,952.2588,-19.8828
11.3785,1238.8808,951.9720,-19.8828
11.3886,1239.7762,951.6887,-19.8828
11.3995,1240.6546,951.3567,-19.8828
11.4094,1241.6163,951.0106,-19.8828
11.4188,1242.6020,950.5886,-19.8828
11.4288,1243.5936,950.2115,-19.8828
11.4388,1244.6310,949.8171,-19.8828
11.4484,1245.6632,949.4165,-19.8828
11.4585,1246.6179,949.0530,-19.8828
11.4690,1247.5338,948.7257,-19.8828
11.4790,1248.4361,948.4577,-19.8828
11.4898,1249.3745,948.0902,-19.8828
11.4995,1250.3962,947.7213,-19.8828
11.5086,1251.4405,947.3502,-19.8828
11.5190,1252.5057,946.9182,-19.8828
11.5287,1253.4892,946.5663,-19.8828
11.5403,1254.4752,946.2367,-19.8828
11.5492,1255.3898,945.9301,-19.8828
11.5593,1256.3489,945.6124,-19.8828
11.5686,1257.2814,945.2666,-19.8828
11.5791,1258.2347,944.9713,-19.8828
11.5890,1259.2357,944.6649,-19.8828
11.5989,1260.2173,944.3263,-19.8828
11.6090,1261.1650,943.9587,-19.8828
11.6190,1262.0955,943.6003,-19.8828
11.6289,1263.0443,943.2755,-19.8828
11.6395,1263.9567,942.9591,-19.8828
11.6489,1264.8447,942.6780,-19.8828
11.6596,1265.7612,942.3584,-19.8828
11.6688,1266.7421,942.0453,-19.8828
11.6785,1267.6962,941.7418,-19.8828
11.6888,1268.6454,941.3650,-19.8828
11.7001,1269.5740,941.0490,-19.8828
11.7094,1270.5345,940.7036,-19.8828
11.7196,1271.4504,940.3412,-19.8828
11.7298,1272.3814,940.0428,-19.8828
11.7389,1273.3247,939.6924,-19.8828
11.7486,1274.2973,939.4013,-19.8828
11.7588,1275.3016,939.0175,-19.8828
11.7686,1276.3220,938.6557,-19.8828
11.7791,1277.2869,938.2737,-19.8828
11.7897,1278.2903,937.9102,-19.8828
11.8000,1279.2331,937.6068,-19.8828
11.8096,1280.1716,937.2634,-19.8828
11.8189,1281.0822,936.9667,-19.8828
11.8289,1282.0184,936.6693,-19.8828
11.8390,1282.9597,936.2943,-19.8828
11.8484,1283.9553,935.9543,-19.8828
11.8586,1284.9351,935.5686,-19.8828
11.8689,1285.8616,935.1827,-19.8828
11.8789,1286.7908,934.8599,-19.8828
11.8886,1287.7212,934.5377,-19.8828
11.9003,1288.5955,934.2307,-19.8828
11.9093,1289.5192,933.8848,-19.8828
11.9194,1290.4703,933.5952,-19.8828
11.9292,1291.4213,933.3042,-19.8828
11.9392,1292.3867,932.9440,-19.8828
11.9487,1293.3120,932.6470,-19.8828
11.9597,1294.2455,932.2440,-19.8828
11.9698,1295.1395,931.8900,-19.8828
11.9785,1296.0502,931.5736,-19.8828
11.9889,1296.9552,931.2682,-19.8828
11.9987,1297.8318,930.9624,-19.8828
12.0086,1298.8182,930.6490,-19.8828
12.0185,1299.8226,930.3586,-19.8828
12.0285,1300.7828,930.0336,-19.8828
12.0385,1301.6995,929.6482,-19.8828
12.0487,1302.5970,929.3578,-19.8828
12.0592,1303.4813,929.0350,-19.8828
12.0685,1304.3412,928.7030,-19.8828
12.0786,1305.2560,928.3888,-19.8828
12.0890,1306.1707,928.0655,-19.8828
12.0994,1307.1260,927.7588,-19.8828
12.1091,1308.1639,927.4759,-19.8828
12.1202,1309.1612,927.1999,-19.8828
12.1290,1310.0320,926.8215,-19.8828
12.1386,1310.9139,926.4971,-19.8828
12.1489,1311.7787,926.2028,-19.8828
12.1591,1312.6649,925.8787,-19.8828
12.1683,1313.5406,925.5839,-19.8828
12.1786,1314.5024,925.2530,-19.8828
12.1883,1315.5107,924.9391,-19.8828
12.1993,1316.5628,924.6472,-19.8828
12.2083,1317.5927,924.3102,-19.8828
12.2186,1318.5014,923.9520,-19.8828
12.2297,1319.3897,923.5574,-19.8828
12.2393,1320.3019,923.2719,-19.8828
12.2502,1321.1736,922.9617,-19.8828
12.2597,1322.0864,922.5937,-19.8828
12.2686,1323.0569,922.2903,-19.8828
12.2784,1324.0970,922.0029,-19.8828
12.2885,1325.1246,921.6622,-19.8828
12.2984,1326.1307,921.2833,-19.8828
12.3084,1327.0532,920.8749,-19.8828
12.3183,1327.9494,920.5627,-19.8828
12.3300,1328.8637,920.2394,-19.8828
12.3388,1329.7484,919.9323,-19.8828
12.3485,1330.6639,919.6168,-19.8828
12.3598,1331.6756,919.3033,-19.8828
12.3691,1332.7409,919.0451,-19.8828
12.3786,1333.7719,918.6263,-19.8828
12.3887,1334.7352,918.2601,-19.8828
12.3996,1335.6416,917.8959,-19.8828
12.4084,1336.5186,917.5898,-19.8828
12.4184,1337.3548,917.2791,-19.8828
12.4297,1338.2688,916.9452,-19.8828
12.4389,1339.2087,916.6829,-19.8828
12.4489,1340.2139,916.3513,-19.8828
12.4590,1341.2841,916.0629,-19.8828
12.4684,1342.3372,915.7074,-19.8828
12.4791,1343.2917,915.3129,-19.8828
12.4893,1344.1777,914.9745,-19.8828
12.4996,1345.0773,914.6444,-19.8828
12.5097,1345.9619,914.3182,-19.8828
12.5190,1346.8650,913.9846,-19.8828
12.5306,1347.8741,913.6646,-19.8828
12.5402,1348.8916,913.3730,-19.8828
12.5503,1350.0070,913.0708,-19.8828
12.5590,1351.1097,912.7487,-19.8828
12.5686,1352.0947,912.3701,-19.8828
12.5796,1353.0199,911.9736,-19.8828
12.5891,1353.8990,911.6512,-19.8828
12.5989,1354.8376,911.3109,-19.8828
12.6087,1355.8191,911.0260,-19.8828
12.6189,1356.8358,910.7428,-19.8828
12.6291,1357.8765,910.4524,-19.8828
12.6386,1358.8638,910.1676,-19.8828
12.6483,1359.7714,909.7873,-19.8828
12.6587,1360.6752,909.4348,-19.8828
12.6684,1361.5668,909.1039,-19.8828
12.6786,1362.4777,908.7595,-19.8828
12.6884,1363.3914,908.4482,-19.8828
12.6999,1364.3809,908.1248,-19.8828
12.7090,1365.3975,907.8063,-19.8828
12.7186,1366.4546,907.5592,-19.8828
12.7296,1367.4766,907.2835,-19.8828
12.7389,1368.4116,906.9053,-19.8828
12.7498,1369.3378,906.5085,-19.8828
12.7590,1370.2173,906.1879,-19.8828
12.7696,1371.0963,905.8505,-19.8828
12.7785,1371.9998,905.5003,-19.8828
12.7888,1373.0193,905.2068,-19.8828
12.7983,1374.0727,904.8720,-19.8828
12.8090,1375.1121,904.6050,-19.8828
12.8197,1376.0591,904.2494,-19.8828
12.8287,1376.9004,903.8887,-19.8828
12.8395,1377.7452,903.5540,-19.8828
12.8500,1378.6065,903.2464,-19.8828
12.8591,1379.4540,902.9786,-18.1771
12.8691,1380.3795,902.6560,-18.2021
12.8788,1381.4138,902.3605,-18.2615
12.8887,1382.4949,902.0981,-18.2522
12.8987,1383.5716,901.6697,-17.9898
12.9092,1384.6099,901.1782,-17.9898
12.9186,1385.6947,900.9067,-17.9898
12.9293,1386.6124,900.4394,-17.9898
12.9387,1387.3723,899.8026,-17.9898
12.9489,1388.2474,899.3625,-17.9898
12.9584,1388.9101,898.8150,-17.9898
12.9690,1389.4035,897.9310,-17.9898
12.9785,1390.1751,897.2747,-17.9898
12.9892,1391.2242,896.7310,-17.9898
12.9984,1392.3030,896.1714,-17.9898
13.0091,1393.2490,895.8890,-17.9898
13.0205,1394.1391,895.6988,-17.9898
13.0299,1395.0567,895.6729,-17.9898
13.0399,1396.0278,895.5747,-17.9898
13.0489,1396.9586,895.3373,-17.9898
13.0602,1397.9281,895.1348,-17.9898
13.0686,1398.9068,894.9152,-17.9898
13.0786,1399.8845,894.7955,-17.9898
13.0890,1400.8201,894.6559,-17.9898
13.0989,1401.7015,894.5458,-17.9898
13.1094,1402.5341,894.4401,-17.9898
13.1194,1403.3875,894.2711,-17.9898
13.1295,1404.2530,894.1399,-17.9898
13.1388,1405.1678,893.9571,-17.9898
13.1491,1406.1135,893.7729,-17.9898
13.1591,1407.0795,893.5765,-17.9898
13.1693,1408.1237,893.3528,-17.9898
13.1792,1409.1588,893.2091,-17.9898
13.1891,1410.1597,893.0356,-17.9898
13.1998,1411.1215,892.9204,-17.9898
13.2095,1411.9890,892.7678,-17.9898
13.2199,1412.8457,892.5671,-17.9898
13.2290,1413.7169,892.4504,-17.9898
13.2392,1414.6542,892.3119,-17.9898
13.2490,1415.6066,892.1353,-17.9898
13.2588,1416.6451,891.8923,-17.9898
13.2700,1417.7871,891.7020,-17.9898
13.2789,1418.8964,891.5777,-17.9898
13.2885,1419.9241,891.4202,-17.9898
13.3000,1420.8361,891.2863,-17.9898
13.3090,1421.7259,891.0983,-17.9898
13.3191,1422.6494,890.9514,-17.9898
13.3293,1423.6008,890.8451,-17.9898
13.3392,1424.5296,890.6564,-17.9898
13.3493,1425.4847,890.4617,-17.9898
13.3590,1426.5421,890.2492,-17.9898
13.3692,1427.6497,890.1360,-17.9898
13.3805,1428.7092,890.0197,-17.9898
13.3897,1429.6781,889.8133,-17.9898
13.3998,1430.5804,889.6420,-17.9898
13.4098,1431.5209,889.4645,-17.9898
13.4191,1432.5112,889.3276,-17.9898
13.4287,1433.5083,889.1534,-17.9898
13.4395,1434.5166,888.9284,-17.9898
13.4492,1435.5065,888.7467,-17.9898
13.4594,1436.5711,888.6247,-17.9898
13.4687,1437.5514,888.4771,-17.9898
13.4789,1438.4484,888.2621,-17.9898
13.4892,1439.3690,888.0953,-17.9898
13.4986,1440.3112,888.0278,-17.9898
13.5091,1441.2946,887.8481,-17.9898
13.5190,1442.3562,887.6760,-17.9898
13.5300,1443.4506,887.4810,-17.9898
13.5398,1444.5490,887.2911,-17.9898
13.5484,1445.5984,887.1710,-17.9898
13.5594,1446.5923,887.0050,-17.9898
13.5693,1447.5007,886.8405,-17.9898
13.5793,1448.4332,886.7570,-17.9898
13.5889,1449.4020,886.6519,-17.9898
13.5990,1450.3477,886.4942,-17.9898
13.6086,1451.3466,886.2603,-17.9898
13.6188,1452.3713,886.0982,-17.9898
13.6289,1453.4312,885.9860,-17.9898
13.6386,1454.4866,885.8233,-17.9898
13.6496,1455.5074,885.6789,-17.9898
13.6590,1456.5106,885.4680,-17.9898
13.6704,1457.4813,885.2829,-17.9898
13.6797,1458.5195,885.0853,-17.9898
13.6889,1459.5969,884.8640,-17.9898
13.7010,1460.6861,884.6946,-17.9898
13.7087,1461.7760,884.5397,-17.9898
13.7184,1462.8312,884.4266,-17.9898
13.7291,1463.8384,884.2204,-17.9898
13.7384,1464.8462,883.9983,-17.9898
13.7498,1465.8682,883.7954,-17.9898
13.7587,1466.8565,883.5989,-17.9898
13.7689,1467.8674,883.4179,-17.9898
13.7793,1468.9038,883.2337,-17.9898
13.7890,1469.9302,883.0779,-17.9898
13.7983,1470.9736,882.9288,-17.9898
13.8091,1472.0554,882.7871,-17.9898
13.8204,1473.0414,882.6515,-17.9898
13.8305,1474.0123,882.4791,-17.9898
13.8385,1474.9404,882.3362,-17.9898
13.8485,1476.0406,882.1719,-17.9898
13.8584,1476.9832,881.9729,-17.9898
13.8687,1477.9406,881.8520,-17.9898
13.8796,1478.9169,881.7273,-17.9898
13.8898,1479.9228,881.5808,-17.9898
13.8983,1480.9298,881.4291,-17.9898
13.9090,1481.8988,881.2871,-17.9898
13.9186,1482.8225,881.1872,-17.9898
13.9293,1483.7303,881.0741,-17.9898
13.9402,1484.6557,880.9303,-17.9898
13.9486,1485.5970,880.7707,-17.9898
13.9590,1486.5355,880.6243,-17.9898
13.9685,1487.5128,880.4816,-17.9898
13.9788,1488.4918,880.3282,-17.9898
13.9898,1489.4656,880.1608,-17.9898
13.9986,1490.3919,880.0113,-17.9898
14.0101,1491.3234,879.9342,-17.9898
14.0194,1492.2451,879.8255,-17.9898
14.0287,1493.2118,879.6564,-17.9898
14.0385,1494.1766,879.4778,-17.9898
14.0491,1495.1537,879.3353,-17.9898
14.0586,1496.1193,879.2318,-17.9898
14.0689,1497.1360,879.0937,-17.9898
14.0794,1498.1233,878.8866,-17.9898
14.0885,1499.0631,878.7526,-17.9898
14.0991,1500.0357,878.6245,-17.9898
14.1092,1500.9958,878.4563,-17.9898
14.1184,1501.9735,878.2502,-17.9898
14.1288,1502.9324,878.1002,-17.9898
14.1383,1503.8860,877.9503,-17.9898
14.1494,1504.8661,877.8244,-17.9898
14.1587,1505.8504,877.6802,-17.9898
14.1687,1506.8676,877.5630,-17.9898
14.1787,1507.8033,877.3997,-17.9898
14.1883,1508.8147,877.2634,-17.9898
14.1988,1509.8079,877.0828,-17.9898
14.2086,1510.7870,876.8808,-17.9898
14.2194,1511.7821,876.7254,-17.9898
14.2288,1512.7519,876.5787,-17.9898
14.2390,1513.7326,876.4523,-17.9898
14.2492,1514.7355,876.2923,-17.9898
14.2597,1515.7606,876.1638,-17.9898
14.2684,1516.7474,876.0094,-17.9898
14.2797,1517.7219,875.8302,-17.9898
14.2886,1518.7365,875.6686,-17.9898
14.2984,1519.7278,875.4595,-17.9898
14.3085,1520.6640,875.3306,-17.9898
14.3185,1521.6694,875.1715,-17.9898
14.3283,1522.6581,875.0360,-8.3580
14.3385,1523.6370,874.8863,-8.3526
14.3483,1524.6413,874.7549,-8.3585
14.3592,1525.5730,874.6799,-8.3245
14.3693,1526.6340,874.4164,-8.0247
14.3792,1527.7820,874.2578,-8.0247
14.3885,1528.7996,874.1315,-8.0247
14.3989,1529.8120,873.7331,-8.0247
14.4087,1530.7549,873.5876,-8.0247
14.4193,1531.6422,873.2504,-8.0247
14.4287,1532.3821,872.7640,-8.0247
14.4386,1533.1169,872.2111,-8.0247
14.4495,1533.8997,871.6103,-8.0247
14.4590,1534.9492,871.1765,-8.0247
14.4688,1536.0824,870.9175,-8.0247
14.4798,1537.0170,870.6578,-8.0247
14.4896,1537.7249,870.5667,-8.0247
14.4997,1538.5117,870.6834,-8.0247
14.5092,1539.3932,870.7733,-8.0247
14.5189,1540.3679,870.7118,-8.0247
14.5293,1541.4429,870.6656,0.6236
14.5386,1542.6213,870.6915,0.6236
14.5491,1543.8337,870.6541,0.6236
14.5588,1544.9739,870.7053,0.6236
14.5686,1545.9245,870.6720,0.6236
14.5789,1546.8473,870.7799,0.6236
14.5884,1547.7817,870.7622,0.6236
14.5989,1548.7600,870.8351,0.6236
14.6090,1549.6960,870.8935,0.6236
14.6193,1550.5819,870.8892,0.6236
14.6287,1551.4014,870.8421,0.6236
14.6393,1552.2157,870.8024,0.6236
14.6487,1553.0190,870.8229,0.6236
14.6587,1553.7722,870.8184,0.6236
14.6689,1554.6183,870.7828,0.6236
14.6789,1555.5415,870.7689,0.6236
14.6888,1556.4075,870.6127,0.6236
14.7006,1557.5344,870.7688,0.6236
14.7086,1558.5555,870.8423,0.6236
14.7186,1559.6222,870.8518,0.6236
14.7285,1560.7584,870.8657,0.6236
14.7385,1561.8853,870.8549,0.6236
14.7485,1562.8782,870.8762,0.6236
14.7585,1563.8232,870.8757,0.6236
14.7687,1564.7614,870.8368,0.6236
14.7787,1565.6987,870.8622,0.6236
14.7888,1566.7067,870.9047,0.6236
14.7986,1567.6848,870.9293,0.6236
14.8086,1568.7328,870.9269,0.6236
14.8185,1569.8367,870.9078,0.6236
14.8293,1570.8475,870.8083,0.6236
14.8387,1571.8583,870.7890,0.6236
14.8486,1572.8405,870.7776,0.6236
14.8583,1573.8039,870.7177,0.6236
14.8684,1574.7908,870.7020,0.6236
14.8787,1575.8270,870.7606,0.6236
14.8887,1576.8688,870.7436,0.6236
14.8987,1577.9235,870.7561,0.6236
14.9101,1579.0226,870.7415,0.6236
14.9186,1580.0498,870.7220,0.6236
14.9298,1581.0140,870.7244,0.6236
14.9404,1581.9664,870.6954,0.6236
14.9483,1582.9219,870.6916,0.6236
14.9586,1583.9287,870.6841,0.6236
14.9685,1584.9634,870.7642,0.6236
14.9788,1585.9506,870.7926,0.6236
14.9890,1586.9747,870.7554,0.6236
14.9988,1588.0178,870.7876,0.6236
15.0090,1589.0287,870.7393,0.6236
15.0184,1590.0079,870.7268,0.6236
15.0284,1591.0139,870.7346,0.6236
15.0387,1591.9861,870.7353,0.6236
15.0492,1592.9819,870.7976,0.6236
15.0588,1593.9969,870.8316,0.6236
15.0687,1595.0430,870.9276,0.6236
15.0784,1596.1014,870.9339,0.6236
15.0892,1597.2199,870.9301,0.6236
15.0986,1598.2624,870.9550,0.6236
15.1092,1599.3439,870.9623,0.6236
15.1201,1600.4193,870.9640,0.6236
15.1302,1601.4517,870.9786,0.6236
15.1385,1602.4962,871.0285,0.6236
15.1493,1603.5547,871.1573,0.6236
15.1587,1604.5172,871.1073,0.6236
15.1686,1605.5345,871.1176,0.6236
15.1785,1606.5514,871.0860,0.6236
15.1883,1607.5670,871.0811,0.6236
15.1994,1608.5297,871.0933,0.6236
15.2093,1609.5226,871.0451,0.6236
15.2186,1610.5522,871.1123,0.6236
15.2289,1611.5628,871.1347,0.6236
15.2384,1612.5991,871.2030,0.6236
15.2483,1613.7022,871.2307,0.6236
15.2584,1614.8023,871.2489,0.6236
15.2686,1615.8644,871.2804,0.6236
15.2788,1616.9049,871.2413,0.6236
15.2888,1617.9124,871.2557,0.6236
15.3005,1618.9043,871.2493,0.6236
15.3084,1619.9871,871.2668,0.6236
15.3197,1621.0594,871.3904,0.6236
15.3302,1622.0854,871.3923,0.6236
15.3387,1623.1558,871.3802,0.6236
15.3486,1624.1600,871.3226,0.6236
15.3587,1625.1012,871.2888,0.6236
15.3685,1626.0433,871.2676,0.6236
15.3786,1627.0407,871.2403,0.6236
15.3884,1628.0032,871.2570,0.6236
15.3997,1629.0036,871.3346,0.6236
15.4087,1630.0010,871.4356,0.6236
15.4189,1631.0218,871.4909,0.6236
15.4292,1632.0438,871.4797,0.6236
15.4390,1633.0189,871.4249,0.6236
15.4485,1633.9836,871.4072,0.6236
15.4586,1634.9194,871.3813,0.6236
15.4689,1635.8499,871.4077,0.6236
15.4788,1636.8139,871.4541,0.6236
15.4883,1637.8100,871.5536,0.6236
15.4983,1638.7969,871.5828,0.6236
15.5086,1639.8151,871.5765,0.6236
15.5186,1640.8457,871.5818,0.6236
15.5290,1641.7711,871.4882,0.6236
15.5399,1642.7250,871.4645,0.6236
15.5485,1643.7410,871.4936,0.6236
15.5593,1644.7145,871.4992,0.6236
15.5688,1645.7143,871.5824,0.6236
15.5793,1646.7601,871.6817,0.6236
15.5890,1647.7484,871.7663,0.6236
15.5987,1648.7748,871.7484,0.6236
15.6094,1649.7719,871.7269,0.6236
15.6190,1650.7227,871.6621,0.6236
15.6289,1651.6368,871.5919,0.6236
15.6386,1652.6142,871.6587,0.6236
15.6488,1653.5771,871.6809,0.6236
15.6597,1654.5777,871.7602,0.6236
15.6686,1655.6312,871.8496,0.6236
15.6789,1656.6345,871.9123,0.6236
15.6894,1657.6519,871.9050,0.6236
15.6996,1658.6735,871.8550,0.6236
15.7095,1659.6277,871.8065,0.6236
15.7192,1660.5941,871.8222,0.6236
15.7299,1661.5803,871.8832,0.6236
15.7393,1662.5610,871.9883,0.6236
15.7494,1663.5579,872.0323,0.6236
15.7595,1664.5438,872.0805,0.6236
15.7686,1665.6017,872.1186,0.6236
15.7787,1666.6204,872.1139,0.6236
15.7886,1667.5974,872.0809,0.6236
15.7988,1668.5313,872.0358,0.6236
15.8085,1669.4567,872.0852,0.6236
15.8187,1670.4332,872.1489,0.6236
15.8286,1671.4395,872.2320,0.6236
15.8391,1672.4001,872.2883,0.6236
15.8486,1673.3653,872.3211,0.6236
15.8588,1674.4026,872.4169,0.6236
15.8692,1675.4388,872.4022,0.6236
15.8806,1676.3943,872.3283,0.6236
15.8886,1677.3779,872.3267,0.6236
15.8997,1678.3737,872.3999,0.6236
15.9099,1679.3586,872.5045,0.6236
15.9185,1680.3614,872.5853,0.6236
15.9293,1681.3101,872.6237,0.6236
15.9384,1682.3022,872.7653,0.6236
15.9493,1683.3348,872.8486,0.6236
15.9586,1684.3410,872.8643,0.6236
15.9683,1685.3130,872.7999,0.6236
15.9791,1686.3071,872.8174,0.6236
15.9893,1687.3129,872.9188,0.6236
16.0004,1688.3302,872.9974,0.6236
16.0086,1689.3289,873.0876,0.6236
16.0192,1690.3171,873.1276,0.6236
16.0296,1691.3427,873.1699,0.6236
16.0398,1692.4217,873.1931,0.6236
16.0484,1693.5134,873.1465,0.6236
16.0587,1694.5420,873.1680,0.6236
16.0684,1695.6030,873.1941,0.6236
16.0788,1696.6301,873.2693,0.6236
16.0883,1697.6409,873.3467,0.6236
16.0993,1698.6166,873.3676,1.9218
16.1088,1699.6319,873.3705,1.9467
16.1187,1700.6947,873.3719,2.0029
16.1287,1701.7924,873.3864,2.0295
16.1383,1702.8393,873.3539,2.0880
16.1484,1703.8453,873.3966,2.1453
16.1589,1704.7538,873.4382,2.1776
16.1690,1705.5240,873.5717,2.1055
16.1800,1705.9872,873.7145,1.9190
16.1903,1705.9575,873.8169,1.4415
16.1993,1705.9888,874.1673,0.7262
16.2086,1706.3357,874.1347,-0.1867
16.2186,1706.7641,874.5307,-1.4892
16.2294,1707.4392,874.7848,-2.8459
16.2389,1707.9426,874.7959,-4.4811
16.2487,1708.4102,875.4327,-6.2811
16.2592,1708.8290,875.6268,-8.1672
16.2684,1709.1942,876.0659,-10.2791
16.2786,1709.6244,876.4564,-12.4546
16.2887,1710.1911,876.8850,-14.8044
16.2992,1710.7572,877.1675,-17.2557
16.3105,1711.2787,877.7613,-19.8591
16.3192,1711.7815,878.3021,-22.4843
16.3288,1712.2426,878.9856,-25.2754
16.3389,1712.7812,879.6267,-25.2754
16.3503,1713.3233,880.1866,-25.2754
16.3588,1713.8573,880.7622,-25.2754
16.3683,1714.4985,881.3788,-25.2754
16.3786,1715.1609,882.0860,-25.2754
16.3886,1715.8875,882.6475,-25.2754
16.3989,1716.5064,883.4020,-25.2754
16.4089,1717.2165,883.6735,-25.2754
16.4186,1717.9071,883.4943,-25.2754
16.4285,1718.6543,883.3952,-25.2754
16.4399,1719.3547,883.2502,-25.2754
16.4482,1720.0502,882.9331,-25.2754
16.4585,1720.7573,882.4982,-25.2754
16.4683,1721.4227,881.9106,-25.2754
16.4791,1721.9926,881.2863,-25.2754
16.4899,1722.4085,880.7444,-25.2754
16.5002,1722.8603,880.2255,-25.2754
16.5084,1723.4196,879.4737,-25.2754
16.5186,1724.1118,878.5695,-25.2754
16.5284,1724.7679,877.6875,-25.2754
16.5396,1725.3648,876.7560,-25.2754
16.5497,1725.9792,875.9024,-25.2754
16.5588,1726.6334,875.0804,-25.2754
16.5693,1727.2626,874.3175,-25.2754
16.5789,1727.8842,873.5851,-25.2754
16.5886,1728.4943,872.7958,-25.2754
16.5989,1729.1249,872.0373,-25.2754
16.6088,1729.8038,871.2274,-25.2754
16.6184,1730.4186,870.3459,-25.2754
16.6287,1731.0424,869.4717,-25.2754
16.6394,1731.6924,868.6705,-25.2754
16.6487,1732.3468,867.9111,-25.2754
16.6585,1733.0410,867.1320,-25.2754
16.6694,1733.6774,866.3283,-25.2754
16.6788,1734.3230,865.4529,-25.2754
16.6889,1735.0148,864.6119,-25.2754
16.6984,1735.6953,863.7963,-25.2754
16.7086,1736.2970,862.9063,-25.2754
16.7182,1736.8694,862.1129,-25.2754
16.7287,1737.4529,861.3490,-25.2754
16.7389,1738.0455,860.6035,-25.2754
16.7490,1738.7079,859.8816,-25.2754
16.7584,1739.3333,859.1023,-25.2754
16.7696,1739.9521,858.2978,-25.2754
16.7789,1740.6115,857.4870,-25.2754
16.7894,1741.2750,856.6765,-25.2754
16.7985,1741.8607,855.8566,-25.2754
16.8089,1742.4510,855.0485,-25.2754
16.8187,1743.0347,854.3139,-25.2754
16.8288,1743.6943,853.5600,-25.2754
16.8387,1744.3422,852.8148,-25.2754
16.8497,1744.9962,852.0420,-25.2754
16.8601,1745.6243,851.2132,-25.2754
16.8689,1746.3022,850.4064,-25.2754
16.8804,1746.9668,849.5579,-25.2754
16.8891,1747.5891,848.7169,-25.2754
16.8983,1748.2103,847.9193,-25.2754
16.9086,1748.8742,847.1306,-25.2754
16.9188,1749.5335,846.3716,-25.2754
16.9289,1750.1647,845.5483,-25.2754
16.9388,1750.7952,844.7230,-25.2754
16.9491,1751.4811,843.9129,-25.2754
16.9595,1752.1544,843.0991,-25.2754
16.9697,1752.7776,842.2752,-25.2754
16.9786,1753.4186,841.4789,-25.2754
16.9886,1754.0283,840.7188,-25.2754
16.9992,1754.6777,839.9413,-25.2754
17.0087,1755.3757,839.1405,-25.2754
17.0185,1756.0207,838.3170,-25.2754
17.0287,1756.7307,837.4641,-25.2754
17.0386,1757.4267,836.6720,-51.2169
17.0490,1758.0632,835.8178,-51.2169
17.0587,1758.6833,834.9609,-51.2169
17.0696,1759.3243,834.1961,-51.2169
17.0788,1759.9573,833.4558,-51.2169
17.0885,1760.5320,832.7423,-51.2169
17.0986,1761.0915,832.0280,-51.2169
17.1092,1761.6490,831.3382,-51.2169
17.1194,1762.2275,830.6495,-51.2169
17.1294,1762.8268,829.9065,-51.2169
17.1386,1763.4341,829.1231,-51.2169
17.1486,1764.0221,828.3349,-51.2169
17.1586,1764.6425,827.5301,-51.2169
17.1687,1765.3246,826.7501,-51.2169
17.1787,1765.9692,825.9162,-51.2169
17.1884,1766.5906,825.0647,-51.2169
17.1995,1767.2637,824.2058,-51.2169
17.2087,1767.9578,823.4439,-51.2169
17.2184,1768.6079,822.6596,-51.2169
17.2286,1769.2567,821.8142,-51.2169
17.2383,1769.9031,821.0193,-51.2169
17.2484,1770.5526,820.2199,-51.2169
17.2587,1771.1843,819.4391,-51.2169
17.2692,1771.8457,818.6399,-51.2169
17.2796,1772.4989,817.8324,-51.2169
17.2892,1773.1402,816.9921,-51.2169
17.2993,1773.8442,816.2188,-51.2169
17.3091,1774.5110,815.4718,-51.2169
17.3204,1775.1736,814.6493,-51.2169
17.3300,1775.8289,813.8480,-51.2169
17.3403,1776.4894,813.0511,-51.2169
17.3494,1777.1354,812.2224,-51.2169
17.3596,1777.7744,811.4104,-51.2169
17.3691,1778.4380,810.5543,-51.2169
17.3787,1779.0693,809.6887,-51.2169
17.3886,1779.7695,808.8345,-51.2169
17.3986,1780.4966,808.0428,-51.2169
17.4092,1781.1647,807.2739,-51.2169
17.4192,1781.8016,806.4734,-51.2169
17.4289,1782.4186,805.6614,-51.2169
17.4387,1783.0356,804.8630,-51.2169
17.4489,1783.6503,803.9931,-51.2169
17.4586,1784.2280,802.9801,-51.2169
17.4685,1784.8951,802.1353,-51.2169
17.4793,1785.5941,801.3177,-51.2169
17.4901,1786.3448,800.5212,-51.2169
17.4987,1787.0287,799.6888,-51.2169
17.5086,1787.6752,798.8320,-51.2169
17.5187,1788.2892,797.9504,-51.2169
17.5284,1788.9277,797.1282,-51.2169
17.5387,1789.5641,796.3793,-51.2169
17.5502,1790.1860,795.6795,-51.2169
17.5607,1790.8082,795.0375,-51.2169
17.5689,1791.4299,794.2918,-51.2169
17.5787,1792.0720,793.5203,-51.2169
17.5884,1792.6955,792.7183,-51.2169
17.5986,1793.3084,791.8571,-51.2169
17.6092,1793.9545,791.0314,-51.2169
17.6185,1794.5983,790.2360,-51.2169
17.6285,1795.1894,789.5653,-51.2169
17.6382,1795.7980,788.9391,-51.2169
17.6486,1796.4198,788.3080,-51.2169
17.6585,1797.0204,787.5961,-51.2169
17.6687,1797.5901,786.8156,-51.2169
17.6790,1798.2166,786.0619,-51.2169
17.6886,1798.8952,785.2660,-51.2169
17.7000,1799.5482,784.4393,-51.2169
17.7105,1800.1873,783.6151,-51.2169
17.7191,1800.8152,782.8408,-51.2169
17.7287,1801.4332,782.1418,-51.2169
17.7383,1802.0932,781.4161,-51.2169
17.7488,1802.7896,780.6106,-51.2169
17.7587,1803.4001,779.7948,-51.2169
17.7686,1803.9883,778.9718,-51.2169
17.7791,1804.6743,778.2169,-51.2169
17.7886,1805.3644,777.4049,-51.2169
17.7983,1805.9977,776.6124,-51.2169
17.8082,1806.5913,775.8613,-51.2169
17.8191,1807.2239,775.0825,-51.2169
17.8285,1807.8917,774.2812,-51.2169
17.8391,1808.5045,773.4778,-51.2169
17.8486,1809.1163,772.7260,-51.2169
17.8587,1809.7129,771.9368,-51.2169
17.8690,1810.3643,771.1128,-51.2169
17.8797,1811.0192,770.3154,-51.2169
17.8883,1811.6128,769.5626,-51.2169
17.8988,1812.2744,768.8964,-51.2169
17.9090,1812.9769,768.1393,-51.2169
17.9189,1813.6309,767.3268,-51.2169
17.9291,1814.2479,766.5171,-51.2169
17.9391,1814.8920,765.7013,-51.2169
17.9498,1815.5092,764.9110,-51.2169
17.9587,1816.1626,764.1033,-50.0170
17.9685,1816.7762,763.3323,-50.0127
17.9784,1817.4077,762.6553,-50.0478
17.9882,1818.0520,761.9534,-50.0947
17.9999,1818.7278,761.2774,-50.1171
18.0086,1819.3138,760.5316,-50.0747
18.0192,1819.7243,759.7545,-49.7741
18.0330,1820.0411,759.1666,-49.1162
18.0399,1820.1390,758.6308,-48.2927
18.0487,1820.5677,758.3554,-47.2167
18.0588,1820.5923,757.5951,-45.8634
18.0686,1820.8092,757.1121,-44.3847
18.0796,1821.2083,756.7361,-42.6930
18.0886,1820.8827,755.9349,-40.7722
18.0989,1820.9885,755.4724,-38.7734
18.1094,1820.9390,754.8994,-36.5500
18.1183,1820.6116,754.1940,-34.2181
18.1288,1820.4862,753.6403,-31.8026
18.1393,1820.2094,752.9193,-29.2172
18.1489,1819.8068,752.1218,-26.6296
18.1596,1819.1495,751.1832,-23.8793
18.1684,1818.5989,750.3421,-21.1070
18.1814,1817.7609,749.3373,-18.2054
18.1886,1817.0767,748.2384,-18.2054
18.1990,1816.2898,747.0780,-18.2054
18.2086,1815.7198,745.8506,-18.2054
18.2188,1815.0472,744.4710,-18.2054
18.2287,1814.5216,743.1311,-18.2054
18.2387,1813.9797,741.6157,-18.2054
18.2485,1813.5888,740.0447,-18.2054
18.2584,1813.6252,738.8855,-18.2054
18.2689,1814.1764,738.1880,-18.2054
18.2786,1814.6522,737.3522,-18.2054
18.2889,1815.1592,736.6667,-18.2054
18.2991,1815.8992,736.2766,-18.2054
18.3086,1816.6678,736.1590,-18.2054
18.3184,1817.4070,736.1620,-18.2054
18.3287,1818.0670,736.3065,-18.2054
18.3386,1818.6656,736.4916,-18.2054
18.3487,1819.3196,736.5841,-18.2054
18.3589,1820.0220,736.6260,-18.2054
18.3684,1820.8223,736.7239,-18.2054
18.3800,1821.7961,736.8985,-18.2054
18.3888,1822.9044,737.0611,-18.2054
18.3985,1823.9902,737.0524,-18.2054
18.4084,1824.9625,737.1129,-18.2054
18.4184,1825.8682,737.2886,-18.2054
18.4287,1826.7236,737.4780,-18.2054
18.4394,1827.6129,737.6011,-18.2054
18.4484,1828.5595,737.7004,-18.2054
18.4591,1829.4448,737.8070,-18.2054
18.4686,1830.3680,737.9700,-18.2054
18.4797,1831.3832,738.0867,-18.2054
18.4899,1832.4603,738.1320,-18.2054
18.4988,1833.4913,738.2203,-18.2054
18.5086,1834.4293,738.3833,-18.2054
18.5183,1835.2899,738.5849,-18.2054
18.5288,1836.2272,738.6982,-18.2054
18.5388,1837.1836,738.7762,-18.2054
18.5485,1838.1929,738.9114,-18.2054
18.5590,1839.2153,739.0962,-18.2054
18.5687,1840.2638,739.2213,-18.2054
18.5787,1841.3644,739.2988,-18.2054
18.5888,1842.3936,739.4587,-18.2054
18.5986,1843.3204,739.5918,-18.2054
18.6089,1844.2524,739.7615,-18.2054
18.6200,1845.2146,739.8957,-18.2054
18.6290,1846.1840,740.0126,-18.2054
18.6386,1847.2233,740.1573,-18.2054
18.6486,1848.3210,740.2629,-18.2054
18.6583,1849.4413,740.3209,-18.2054
18.6686,1850.5536,740.4497,-18.2054
18.6786,1851.6137,740.6172,-18.2054
18.6884,1852.5492,740.7722,-18.2054
18.7000,1853.4908,740.8701,-18.2054
18.7084,1854.4482,740.9926,-18.2054
18.7196,1855.3922,741.1118,-18.2054
18.7295,1856.4044,741.2239,-18.2054
18.7389,1857.4778,741.3200,-18.2054
18.7489,1858.5840,741.3925,-18.2054
18.7583,1859.6124,741.4907,-18.2054
18.7685,1860.5739,741.6143,-18.2054
18.7789,1861.4990,741.7530,-18.2054
18.7885,1862.4429,741.8891,-18.2054
18.7994,1863.3884,741.9735,-18.2054
18.8092,1864.3430,742.1136,-18.2054
18.8182,1865.2954,742.2817,-18.2054
18.8284,1866.3150,742.3724,-18.2054
18.8387,1867.3469,742.4224,-18.2054
18.8494,1868.2856,742.5037,-18.2054
18.8598,1869.1823,742.6790,-18.2054
18.8696,1870.0891,742.8536,-18.2054
18.8797,1871.0293,742.9658,-18.2054
18.8891,1871.9775,743.0667,-18.2054
18.9001,1872.9380,743.1877,-18.2054
18.9084,1873.9477,743.3661,-18.2054
18.9183,1874.9517,743.4727,-18.2054
18.9291,1875.9926,743.5917,-18.2054
18.9400,1876.9373,743.7092,-18.2054
18.9486,1877.8417,743.8322,-18.2054
18.9587,1878.6729,743.9878,-18.2054
18.9684,1879.6099,744.1577,-18.2054
18.9788,1880.5513,744.2742,-18.2054
18.9887,1881.5664,744.3792,-18.2054
18.9987,1882.6299,744.5145,-18.2054
19.0086,1883.6781,744.6673,-18.2054
19.0185,1884.6637,744.7887,-18.2054
19.0282,1885.5981,744.8973,-18.2054
19.0387,1886.4832,745.0198,-18.2054
19.0487,1887.4030,745.1462,-18.2054
19.0588,1888.3583,745.2709,-18.2054
19.0689,1889.3553,745.4053,-18.2054
19.0792,1890.3439,745.5256,-18.2054
19.0887,1891.3817,745.6245,-18.2054
19.0998,1892.4189,745.7319,-18.2054
19.1090,1893.3661,745.8624,-18.2054
19.1184,1894.2952,745.9460,-18.2054
19.1287,1895.1880,746.0811,-18.2054
19.1383,1896.1417,746.1821,-18.2054
19.1484,1897.1183,746.3178,-18.2054
19.1586,1898.1406,746.4422,-18.2054
19.1685,1899.1601,746.5695,-18.2054
19.1782,1900.1636,746.6983,-18.2054
19.1890,1901.1941,746.8462,-18.2054
19.1987,1902.1487,747.0050,-18.2054
19.2087,1903.0715,747.0982,-18.2054
19.2182,1904.0021,747.2195,-18.2054
19.2296,1904.9346,747.3657,7.9946
19.2391,1905.8658,747.5198,7.9946
19.2488,1906.8483,747.6565,7.9946
19.2589,1907.8661,747.7910,7.9946
19.2682,1908.8805,747.9399,7.9946
19.2788,1909.8582,748.1413,7.9946
19.2885,1910.7289,748.2794,7.9946
19.2986,1911.5116,748.3588,7.9946
19.3084,1912.3282,748.4357,7.9946
19.3184,1913.2017,748.5681,7.9946
19.3287,1914.0937,748.7329,7.9946
19.3389,1915.0789,748.8579,7.9946
19.3485,1916.1128,748.9807,7.9946
19.3588,1917.1811,749.0927,7.9946
19.3683,1918.2531,749.2868,7.9946
19.3797,1919.2847,749.4476,7.9946
19.3909,1920.2666,749.5810,7.9946
19.3991,1921.2194,749.6872,7.9946
19.4088,1922.1826,749.7853,7.9946
19.4187,1923.1710,749.9378,7.9946
19.4287,1924.1959,750.0745,7.9946
19.4389,1925.2366,750.1910,7.9946
19.4490,1926.2801,750.3471,7.9946
19.4597,1927.2338,750.5312,7.9946
19.4686,1928.1519,750.6732,7.9946
19.4798,1929.0699,750.7812,7.9946
19.4883,1929.9871,750.8895,7.9946
19.4987,1930.9726,751.0094,7.9946
19.5092,1932.0028,751.1472,7.9946
19.5189,1933.0527,751.2814,7.9946
19.5287,1934.0851,751.4109,7.9946
19.5390,1935.1191,751.5964,7.9946
19.5488,1936.1075,751.7834,7.9946
19.5592,1937.0215,751.9095,7.9946
19.5686,1937.9391,752.0023,7.9946
19.5787,1938.9113,752.1178,7.9946
19.5887,1939.8942,752.2381,7.9946
19.5986,1940.9119,752.3600,7.9946
19.6084,1941.9634,752.4759,7.9946
19.6183,1943.0180,752.6642,7.9946
19.6292,1944.0573,752.9013,7.9946
19.6389,1945.0593,753.0789,7.9946
19.6486,1946.0366,753.1999,7.9946
19.6591,1946.9540,753.2658,7.9946
19.6688,1947.8881,753.3915,7.9946
19.6791,1948.8588,753.5328,7.9946
19.6903,1949.9098,753.6669,7.9946
19.6986,1950.9659,753.7938,7.9946
19.7096,1952.0504,753.9540,7.9946
19.7186,1953.1022,754.2153,7.9946
19.7299,1954.1497,754.4421,7.9946
19.7409,1955.2100,754.5505,7.9946
19.7486,1956.2283,754.6458,7.9946
19.7588,1957.2388,754.7287,7.9946
19.7687,1958.2347,754.8896,7.9946
19.7783,1959.2736,755.0082,7.9946
19.7882,1960.3217,755.1544,7.9946
19.7987,1961.3613,755.3317,7.9946
19.8101,1962.3217,755.5572,7.9946
19.8186,1963.2697,755.7212,7.9946
19.8288,1964.2459,755.8317,7.9946
19.8392,1965.2202,755.9236,7.9946
19.8490,1966.2239,756.0523,7.9946
19.8586,1967.2903,756.2042,7.9946
19.8682,1968.3495,756.3529,7.9946
19.8784,1969.4033,756.5015,7.9946
19.8885,1970.4334,756.7397,7.9946
19.8993,1971.4470,756.9839,7.9946
19.9086,1972.4841,757.1144,7.9946
19.9186,1973.4981,757.2288,7.9946
19.9286,1974.5184,757.3220,7.9946
19.9385,1975.5140,757.4697,7.9946
19.9486,1976.5408,757.5877,7.9946
19.9587,1977.5635,757.7474,7.9946
19.9692,1978.5490,757.9378,7.9946
19.9789,1979.5301,758.1598,7.9946
19.9883,1980.4807,758.2862,7.9946
19.9994,1981.4219,758.3531,7.9946
20.0085,1982.3844,758.4284,7.9946
20.0184,1983.3536,758.5443,7.9946
20.0286,1984.3583,758.6850,7.9946
20.0389,1985.3801,758.8071,7.9946
20.0488,1986.3998,758.9446,7.9946
20.0584,1987.4036,759.1626,7.9946
20.0686,1988.3594,759.3931,7.9946
20.0785,1989.2831,759.4869,7.9946
20.0891,1990.1916,759.5742,7.9946
20.0988,1991.0518,759.6566,7.9946
20.1083,1991.9932,759.7794,7.9946
20.1187,1992.9722,759.9156,7.9946
20.1287,1993.9658,760.0175,7.9946
20.1391,1994.9675,760.1700,7.9946
20.1489,1995.9385,760.3724,7.9946
20.1593,1996.8422,760.5888,7.9946
20.1684,1997.7155,760.7280,7.9946
20.1796,1998.5981,760.8509,7.9946
20.1883,1999.5106,760.9649,7.9946
20.1984,2000.5006,761.0638,7.9946
20.2083,2001.5317,761.1933,7.9946
20.2187,2002.5723,761.3362,7.9946
20.2283,2003.5729,761.5135,7.9946
20.2385,2004.5801,761.7518,7.9946
20.2488,2005.5430,761.9695,7.9946
20.2584,2006.4610,762.1223,7.9946
20.2684,2007.3531,762.1977,7.9946
20.2786,2008.2687,762.3238,7.9946
20.2892,2009.2608,762.4681,7.9946
20.2991,2010.2791,762.5708,7.9946
20.3084,2011.3376,762.7223,7.9946
20.3187,2012.3058,762.9431,7.9946
20.3293,2013.2798,763.2002,7.9946
20.3389,2014.2501,763.3942,7.9946
20.3485,2015.1991,763.4847,7.9946
20.3585,2016.1492,763.5723,7.9946
20.3688,2017.1193,763.6931,7.9946
20.3788,2018.1555,763.8634,7.9946
20.3886,2019.1696,763.9992,7.9946
20.3987,2020.1849,764.1293,7.9946
20.4088,2021.2227,764.3908,7.9946
20.4184,2022.1926,764.6537,7.9946
20.4287,2023.1509,764.8291,7.9946
20.4385,2024.0956,764.9250,7.9946
20.4502,2025.0309,765.0183,7.9946
20.4590,2026.0207,765.1357,7.9946
20.4683,2027.0705,765.2528,7.9946
20.4783,2028.1083,765.3976,7.9946
20.4886,2029.0823,765.6186,7.9946
20.4992,2030.0544,765.8920,7.9946
20.5084,2031.0515,766.1089,7.9946
20.5184,2032.0464,766.2075,7.9946
20.5283,2033.0242,766.2632,7.9946
20.5387,2034.0073,766.3808,7.9946
20.5490,2034.9971,766.5163,7.9946
20.5589,2036.0232,766.6466,7.9946
20.5684,2037.0695,766.8284,7.9946
20.5788,2038.0492,767.0696,7.9946
20.5894,2039.0275,767.3285,7.9946
20.5987,2040.0482,767.5104,7.9946
20.6091,2040.9987,767.5882,7.9946
20.6183,2041.9886,767.6538,7.9946
20.6288,2042.9922,767.7735,7.9946
20.6390,2044.0165,767.9087,7.9946
20.6488,2045.0529,768.0706,7.9946
20.6589,2046.0786,768.3116,7.9946
20.6687,2047.0914,768.5740,7.9946
20.6783,2048.0851,768.8067,7.9946
20.6886,2049.0958,768.9671,7.9946
20.6987,2050.0746,769.1042,7.9946
20.7089,2051.0284,769.2250,7.9946
20.7182,2052.0297,769.3471,7.9946
20.7287,2053.0577,769.5030,7.9946
20.7390,2054.1393,769.7455,7.9946
20.7486,2055.1553,770.0065,7.9946
20.7591,2056.2004,770.2588,7.9946
20.7685,2057.2346,770.4374,7.9946
20.7794,2058.2409,770.5342,7.9946
20.7886,2059.2476,770.6163,7.9946
20.7988,2060.2504,770.7545,7.9946
20.8090,2061.2355,770.8864,7.9946
20.8185,2062.3120,771.0780,7.9946
20.8286,2063.3354,771.3075,7.9946
20.8394,2064.3232,771.5428,7.9946
20.8488,2065.3386,771.7639,7.9946
20.8587,2066.3868,771.8438,7.9946
20.8685,2067.3646,771.9027,7.9946
20.8788,2068.3674,772.0094,7.9946
20.8885,2069.3882,772.1336,7.9946
20.8986,2070.3645,772.2852,7.9946
20.9092,2071.3404,772.4541,7.9946
20.9190,2072.2583,772.6757,7.9946
20.9287,2073.1594,772.8975,7.9946
20.9388,2074.0944,773.0736,7.9946
20.9483,2075.0360,773.1551,7.9946
20.9586,2075.9529,773.2483,7.9946
20.9684,2076.9236,773.3733,7.9946
20.9783,2077.9267,773.4633,7.9946
20.9886,2078.9031,773.5728,7.9946
20.9986,2079.8866,773.7664,7.9946
21.0091,2080.8203,773.9890,7.9946
21.0198,2081.7593,774.2154,7.9946
21.0295,2082.7275,774.4337,7.9946
21.0386,2083.6666,774.5665,7.9946
21.0496,2084.6371,774.6924,7.9946
21.0587,2085.5765,774.8115,7.9946
21.0686,2086.5443,774.9255,7.9946
21.0792,2087.5218,775.0569,7.9946
21.0889,2088.5010,775.2460,7.9946
21.0988,2089.4489,775.4801,7.9946
21.1087,2090.4261,775.7022,7.9946
21.1190,2091.4005,775.8877,7.9946
21.1298,2092.3309,776.0215,7.9946
21.1386,2093.2589,776.1445,7.9946
21.1486,2094.2141,776.2625,7.9946
21.1587,2095.2003,776.3473,7.9946
21.1690,2096.1940,776.5125,7.9946
21.1792,2097.1829,776.7184,7.9946
21.1895,2098.1344,776.9726,7.9946
21.1994,2099.0926,777.1775,7.9946
21.2093,2100.0656,777.2988,7.9946
21.2193,2101.0525,777.4071,7.9946
21.2291,2102.0394,777.4836,7.9946
21.2388,2103.0212,777.5856,7.9946
21.2492,2104.0463,777.7370,7.9946
21.2589,2104.9874,777.9522,7.9946
21.2687,2105.9493,778.2104,7.9946
21.2785,2106.9492,778.4386,7.9946
21.2884,2107.9346,778.6485,7.9946
21.2985,2108.9214,778.7814,7.9946
21.3088,2109.9130,778.9062,7.9946
21.3182,2110.8984,779.0180,7.9946
21.3285,2111.8680,779.1251,7.9946
21.3391,2112.8732,779.3349,10.0357
21.3485,2113.8679,779.5551,10.0117
21.3588,2114.8235,779.7783,10.0039
21.3688,2115.7823,780.0079,10.0371
21.3791,2116.8530,780.2333,10.3139
21.3887,2118.0670,780.1878,10.3139
21.3986,2119.1822,780.4553,10.3139
21.4085,2120.0669,780.8271,10.3139
21.4184,2120.8878,780.3304,10.3139
21.4288,2121.5614,780.2287,10.3139
21.4389,2122.2635,780.1512,10.3139
21.4500,2122.8652,779.2701,10.3139
21.4587,2123.5462,778.5641,10.3139
21.4684,2124.5668,778.8902,10.3139
21.4788,2125.7827,779.1649,10.3139
21.4889,2126.6325,779.0967,10.3139
21.4990,2127.5416,779.5970,10.3139
21.5090,2128.6949,780.2111,10.3139
21.5185,2129.8650,780.4732,10.3139
21.5283,2130.9947,780.7415,10.3139
21.5392,2132.0784,781.0570,10.3139
21.5490,2133.0208,781.4713,10.3139
21.5587,2133.9424,781.8679,10.3139
21.5685,2134.9079,782.1774,10.3139
21.5803,2135.8348,782.4574,10.3139
21.5902,2136.7867,782.7285,10.3139
21.5985,2137.6976,782.9983,10.3139
21.6086,2138.5504,783.2432,10.3139
21.6187,2139.4271,783.5460,10.3139
21.6298,2140.3217,783.8908,10.3139
21.6384,2141.1993,784.2488,10.3139
21.6485,2142.1494,784.5660,10.3139
21.6586,2143.1104,784.8676,10.3139
21.6693,2144.1270,785.1851,10.3139
21.6788,2145.1632,785.5282,10.3139
21.6885,2146.2169,785.8183,10.3139
21.6994,2147.1637,786.0828,10.3139
21.7088,2148.0734,786.3884,10.3139
21.7186,2148.9703,786.7330,10.3139
21.7287,2149.8489,787.0666,10.3139
21.7384,2150.7411,787.3488,10.3139
21.7486,2151.6938,787.6513,10.3139
21.7586,2152.6741,787.9565,10.3139
21.7687,2153.6094,788.2557,10.3139
21.7784,2154.5833,788.5403,10.3139
21.7888,2155.4883,788.7801,10.3139
21.7990,2156.3500,789.0547,10.3139
21.8092,2157.2233,789.4088,10.3139
21.8185,2158.1385,789.7497,10.3139
21.8283,2159.0748,790.0595,10.3139
21.8390,2160.0817,790.3564,10.3139
21.8490,2161.1187,790.6696,10.3139
21.8588,2162.1028,790.9866,10.3139
21.8689,2163.0593,791.2305,10.3139
21.8790,2163.9369,791.5147,10.3139
21.8887,2164.7665,791.8418,10.3139
21.8998,2165.6146,792.1801,10.3139
21.9091,2166.5493,792.5212,10.3139
21.9184,2167.5402,792.8357,10.3139
21.9287,2168.6350,793.1722,10.3139
21.9385,2169.7216,793.5040,10.3139
21.9490,2170.7378,793.8123,10.3139
21.9596,2171.7046,794.0794,10.3139
21.9686,2172.5824,794.3977,10.3139
21.9794,2173.4344,794.7597,10.3139
21.9903,2174.3143,795.0882,10.3139
22.0002,2175.2255,795.3709,10.3139
22.0084,2176.1835,795.6627,10.3139
22.0183,2177.1582,796.0127,10.3139
22.0284,2178.2406,796.3900,10.3139
22.0387,2179.3521,796.7023,10.3139
22.0486,2180.3485,796.9925,10.3139
22.0584,2181.2163,797.3266,10.3139
22.0682,2182.0830,797.6905,10.3139
22.0786,2182.9646,798.0524,10.3139
22.0886,2183.8658,798.3346,10.3139
22.0987,2184.8604,798.6206,10.3139
22.1083,2185.9098,798.9557,10.3139
22.1184,2186.9489,799.2944,10.3139
22.1284,2187.9436,799.6193,10.3139
22.1391,2188.8359,799.8861,10.3139
22.1490,2189.7086,800.2412,10.3139
22.1588,2190.5951,800.6208,10.3139
22.1686,2191.5176,800.9677,10.3139
22.1783,2192.4949,801.2736,10.3139
22.1882,2193.4995,801.5862,10.3139
22.1984,2194.5648,801.9886,10.3139
22.2088,2195.6593,802.3604,10.3139
22.2181,2196.6370,802.6901,10.3139
22.2289,2197.5121,803.0070,10.3139
22.2393,2198.3506,803.3628,10.3139
22.2487,2199.2504,803.7555,10.3139
22.2589,2200.1411,804.0623,10.3139
22.2683,2201.0870,804.3479,10.3139
22.2798,2202.0165,804.6426,10.3139
22.2890,2203.0675,804.9465,10.3139
22.2992,2204.0720,805.2609,10.3139
22.3085,2204.9845,805.5276,10.3139
22.3184,2205.8104,805.8606,10.3139
22.3287,2206.6323,806.2307,10.3139
22.3383,2207.5159,806.5278,10.3139
22.3483,2208.4460,806.8192,10.3139
22.3601,2209.4009,807.1300,10.3139
22.3684,2210.3921,807.4640,10.3139
22.3785,2211.4276,807.7626,19.3185
22.3889,2212.3757,807.9969,19.3185
22.3993,2213.2261,808.2739,19.3185
22.4105,2213.9852,808.6096,19.3185
22.4183,2214.7804,808.9702,19.3185
22.4290,2215.5431,809.2417,19.3185
22.4399,2216.3182,809.4592,19.3185
22.4489,2217.0309,809.6635,19.3185
22.4586,2217.7302,809.9021,19.3185
22.4689,2218.5388,810.2027,19.3185
22.4784,2219.4547,810.4830,19.3185
22.4886,2220.4097,810.7269,19.3185
22.4984,2221.3363,811.0177,19.3185
22.5083,2222.1925,811.3745,19.3185
22.5184,2223.0605,811.7562,19.3185
22.5287,2223.9539,812.1037,19.3185
22.5389,2224.9246,812.3835,19.3185
22.5489,2225.9712,812.7021,19.3185
22.5592,2226.9950,813.0294,19.3185
22.5688,2228.0437,813.3434,19.3185
22.5783,2228.9944,813.6154,19.3185
22.5886,2229.9091,813.9444,19.3185
22.5992,2230.7335,814.3097,19.3185
22.6089,2231.6129,814.6780,19.3185
22.6184,2232.5797,815.0116,19.3185
22.6299,2233.6050,815.3411,19.3185
22.6388,2234.6957,815.6856,19.3185
22.6487,2235.7954,816.0290,19.3185
22.6597,2236.8568,816.3414,19.3185
22.6686,2237.8010,816.6761,19.3185
22.6784,2238.6486,817.0563,19.3185
22.6892,2239.5065,817.4377,19.3185
22.6985,2240.4285,817.7851,19.3185
22.7089,2241.4025,818.0883,19.3185
22.7187,2242.4292,818.4225,19.3185
22.7284,2243.4897,818.7833,19.3185
22.7387,2244.5542,819.1002,19.3185
22.7494,2245.5492,819.3920,19.3185
22.7591,2246.4529,819.7316,19.3185
22.7696,2247.3129,820.1051,19.3185
22.7799,2248.1746,820.4812,19.3185
22.7883,2249.0786,820.8544,19.3185
22.7993,2250.0358,821.1855,19.3185
22.8087,2251.0674,821.5264,19.3185
22.8185,2252.1796,821.8519,19.3185
22.8286,2253.1965,822.1576,19.3185
22.8383,2254.1134,822.4959,19.3185
22.8483,2254.9014,822.8529,19.3185
22.8587,2255.7327,823.2308,19.3185
22.8685,2256.6260,823.5620,19.3185
22.8784,2257.5782,823.8614,19.3185
22.8893,2258.5530,824.1975,19.3185
22.8999,2259.6305,824.5536,19.3185
22.9101,2260.7286,824.9032,19.3185
22.9185,2261.7363,825.2344,19.3185
22.9289,2262.6061,825.5816,19.3185
22.9383,2263.4573,825.9648,19.3185
22.9484,2264.2990,826.3335,19.3185
22.9584,2265.2002,826.6538,19.3185
22.9689,2266.1432,826.9334,19.3185
22.9796,2267.1394,827.2581,19.3185
22.9894,2268.2198,827.6290,19.3185
22.9990,2269.2843,827.9712,19.3185
23.0103,2270.2789,828.3253,19.3185
23.0187,2271.1310,828.6664,19.3185
23.0288,2271.9781,829.0284,19.3185
23.0385,2272.8662,829.4212,19.3185
23.0492,2273.7894,829.7428,19.3185
23.0594,2274.7585,830.0529,19.3185
23.0702,2275.8372,830.3894,19.3185
23.0789,2276.9352,830.7460,19.3185
23.0900,2277.9443,831.1392,19.3185
23.0996,2278.8737,831.5201,19.3185
23.1087,2279.7649,831.9058,19.3185
23.1184,2280.6495,832.2300,19.3185
23.1298,2281.5886,832.5462,19.3185
23.1386,2282.5790,832.8391,19.3185
23.1483,2283.5443,833.1671,19.3185
23.1588,2284.5952,833.5341,19.3185
23.1691,2285.6189,833.9099,19.3185
23.1787,2286.5609,834.2778,19.3185
23.1886,2287.4518,834.6476,19.3185
23.1983,2288.3323,834.9767,19.3185
23.2087,2289.1984,835.2866,19.3185
23.2189,2290.1356,835.5741,19.3185
23.2285,2291.1301,835.8989,19.3185
23.2390,2292.1521,836.2355,19.3185
23.2483,2293.2070,836.5784,19.3185
23.2586,2294.1731,836.9478,19.3185
23.2688,2295.0269,837.2826,19.3185
23.2790,2295.8488,837.6374,19.3185
23.2888,2296.6897,837.9859,19.3185
23.2985,2297.5465,838.3145,19.3185
23.3089,2298.4639,838.6245,19.3185
23.3183,2299.4545,838.9471,19.3185
23.3285,2300.5171,839.2983,19.3185
23.3393,2301.6060,839.6585,19.3185
23.3488,2302.6259,840.0230,19.3185
23.3587,2303.5040,840.3722,19.3185
23.3683,2304.3284,840.7022,19.3185
23.3786,2305.1848,841.0548,19.3185
23.3889,2306.0582,841.4035,19.3185
23.3984,2306.9408,841.7342,19.3185
23.4085,2307.9200,842.0699,19.3185
23.4186,2308.9452,842.4187,19.3185
23.4295,2309.9286,842.7723,19.3185
23.4394,2310.8125,843.0805,19.3185
23.4485,2311.6473,843.4016,19.3185
23.4586,2312.4701,843.7662,19.3185
23.4684,2313.3030,844.1047,19.3185
23.4803,2314.2028,844.4870,19.3185
23.4883,2315.1891,844.8243,19.3185
23.4989,2316.1940,845.1786,19.3185
23.5103,2317.2410,845.5258,19.3185
23.5191,2318.1927,845.8715,19.3185
23.5287,2319.0505,846.2136,19.3185
23.5395,2319.8816,846.5309,19.3185
23.5484,2320.7083,846.8808,19.3185
23.5588,2321.5233,847.2131,19.3185
23.5687,2322.4015,847.5513,19.3185
23.5785,2323.4072,847.8983,19.3185
23.5892,2324.4271,848.2424,19.3185
23.5985,2325.4918,848.6037,19.3185
23.6092,2326.4757,848.9808,19.3185
23.6187,2327.3799,849.3592,19.3185
23.6290,2328.2183,849.7027,19.3185
23.6386,2329.0902,850.0442,19.3185
23.6487,2329.9681,850.4095,19.3185
23.6601,2330.8616,850.7416,19.3185
23.6690,2331.8469,851.0730,19.3185
23.6785,2332.9103,851.4392,19.3185
23.6883,2333.9325,851.7726,19.3185
23.6988,2334.8948,852.1581,19.3185
23.7089,2335.7985,852.5035,19.3185
23.7183,2336.6243,852.8507,19.3185
23.7288,2337.4596,853.1805,19.3185
23.7387,2338.3441,853.5302,19.3185
23.7490,2339.2488,853.8893,19.3185
23.7588,2340.2533,854.2153,19.3185
23.7685,2341.3627,854.5827,19.3185
23.7785,2342.4066,854.9521,19.3185
23.7892,2343.3582,855.3334,19.3185
23.7996,2344.2374,855.7137,19.3185
23.8089,2345.0736,856.0535,19.3185
23.8185,2345.9248,856.3798,19.3185
23.8287,2346.7955,856.7198,19.3185
23.8389,2347.7209,857.0780,19.3185
23.8487,2348.6951,857.4137,19.3185
23.8585,2349.7181,857.7297,19.3185
23.8685,2350.7776,858.0712,19.3185
23.8788,2351.7407,858.4429,19.3185
23.8886,2352.6089,858.8042,19.3185
23.8984,2353.4884,859.1769,19.3185
23.9089,2354.3717,859.5065,19.3185
23.9182,2355.2814,859.8523,19.3185
23.9286,2356.2433,860.1913,19.3185
23.9388,2357.2395,860.5589,19.3185
23.9486,2358.2515,860.9010,19.3185
23.9596,2359.2516,861.2394,19.3185
23.9703,2360.1609,861.6233,19.3185
23.9786,2361.0040,861.9719,19.3185
23.9890,2361.8898,862.3452,19.3185
23.9990,2362.8063,862.7307,19.3185
24.0091,2363.7250,863.0662,19.3185
24.0183,2364.7280,863.4247,19.3185
24.0289,2365.7632,863.7741,19.3185
24.0385,2366.7521,864.1306,19.3185
24.0486,2367.7433,864.5179,19.3185
24.0584,2368.6691,864.9077,19.3185
24.0691,2369.5565,865.2517,19.3185
24.0797,2370.4417,865.5721,19.3185
24.0890,2371.3699,865.9409,19.3185
24.0988,2372.2533,866.2750,19.3185
24.1082,2373.2390,866.6248,19.3185
24.1185,2374.3044,866.9964,19.3185
24.1293,2375.2974,867.3826,19.3185
24.1389,2376.2904,867.8307,19.3185
24.1490,2377.2833,868.2749,19.3185
24.1590,2378.2622,868.6374,19.3185
24.1690,2379.2242,868.9769,19.3185
24.1785,2380.1948,869.3098,19.3185
24.1887,2381.1534,869.6860,19.3185
24.1992,2382.1016,870.0312,19.3185
24.2092,2383.0645,870.3663,19.3185
24.2192,2384.0139,870.7535,19.3185
24.2288,2384.9497,871.1556,19.3185
24.2386,2385.8496,871.5176,19.3185
24.2487,2386.7894,871.8644,19.3185
24.2586,2387.7310,872.2335,19.3185
24.2689,2388.6362,872.6085,19.3185
24.2790,2389.5388,872.9811,19.3185
24.2885,2390.4668,873.3384,19.3185
24.2986,2391.4081,873.6841,19.3185
24.3087,2392.4047,874.0865,19.3185
24.3184,2393.3918,874.5384,19.3185
24.3283,2394.3680,874.9263,19.3185
24.3384,2395.3721,875.2791,19.3185
24.3490,2396.3207,875.6335,19.3185
24.3586,2397.2449,876.0341,19.3185
24.3685,2398.1677,876.4302,19.3185
24.3798,2399.0953,876.7660,19.3185
24.3886,2400.0095,877.0913,19.3185
24.3990,2400.9080,877.4168,19.3185
24.4086,2401.7903,877.7594,19.3185
24.4188,2402.6798,878.1013,19.3185
24.4291,2403.6373,878.4325,19.3185
24.4388,2404.5992,878.7966,19.3185
24.4485,2405.5016,879.1359,19.3185
24.4585,2406.3855,879.5026,19.3185
24.4685,2407.2704,879.8499,19.3185
24.4784,2408.1855,880.1787,19.3185
24.4899,2409.1044,880.5316,19.3185
24.5001,2410.0187,880.8535,19.3185
24.5105,2410.9401,881.1837,19.3185
24.5183,2411.8588,881.5107,19.3185
24.5285,2412.7708,881.8694,19.3185
24.5382,2413.7009,882.2263,19.3185
24.5485,2414.5930,882.5452,19.3185
24.5584,2415.5109,882.9070,19.3185
24.5685,2416.4404,883.2435,19.3185
24.5788,2417.3501,883.5797,19.3185
24.5889,2418.2521,883.9186,19.3185
24.5995,2419.1951,884.2472,19.3185
24.6086,2420.1318,884.6252,19.3185
24.6185,2421.0896,884.9669,19.3185
24.6286,2422.0317,885.3267,19.3185
24.6386,2422.9714,885.7043,19.3185
24.6487,2423.8885,886.0947,19.3185
24.6582,2424.8445,886.4801,19.3185
24.6690,2425.7701,886.8208,19.3185
24.6792,2426.6763,887.1628,19.3185
24.6894,2427.6188,887.4845,19.3185
24.6998,2428.5548,887.8431,19.3185
24.7086,2429.4980,888.1857,19.3185
24.7190,2430.4327,888.5310,19.3185
24.7289,2431.3503,888.9356,19.3185
24.7387,2432.2974,889.3307,19.3185
24.7483,2433.3044,889.6932,19.3185
24.7592,2434.3035,890.0526,19.3185
24.7686,2435.2499,890.3786,19.3185
24.7784,2436.2026,890.7479,19.3185
24.7886,2437.1484,891.1252,19.3185
24.7990,2438.0673,891.4839,19.3185
24.8089,2439.0138,891.8751,19.3185
24.8182,2439.9479,892.2324,19.3185
24.8289,2440.8386,892.5767,19.3185
24.8460,2441.7300,892.9277,19.3185
24.8487,2442.6288,893.2761,19.3185
24.8586,2443.5647,893.6512,19.3185
24.8684,2444.5143,893.9860,19.3185
24.8788,2445.4878,894.3557,19.3185
24.8892,2446.4379,894.7229,19.3185
24.8986,2447.2869,895.1157,19.3185
24.9085,2448.1428,895.4810,19.3185
24.9186,2448.9553,895.7919,19.3185
24.9291,2449.7562,896.0865,19.3185
24.9402,2450.5730,896.3777,19.3185
24.9487,2451.4128,896.7576,19.3185
24.9583,2452.3221,897.1383,19.3185
24.9683,2453.2627,897.4922,19.3185
24.9792,2454.2396,897.8454,19.3185
24.9894,2455.1473,898.2104,19.3185
24.9995,2456.1182,898.6141,19.3185
25.0100,2457.0520,898.9912,19.3185
25.0198,2457.9919,899.3248,19.3185
25.0287,2458.9135,899.6833,19.3185
25.0393,2459.8708,900.0748,19.3185
25.0489,2460.8379,900.4626,19.3185
25.0586,2461.7812,900.8410,19.3185
25.0682,2462.7056,901.2091,19.3185
25.0788,2463.6443,901.6202,19.3185
25.0884,2464.6331,901.9937,19.3185
25.1000,2465.5850,902.3717,19.3185
25.1086,2466.5242,902.7307,19.3185
25.1183,2467.4789,903.1006,19.3185
25.1286,2468.4346,903.4930,19.3185
25.1387,2469.4073,903.8378,19.3185
25.1504,2470.3638,904.2283,19.3185
25.1585,2471.2489,904.6478,19.3185
25.1691,2472.2142,905.0527,19.3185
25.1787,2473.2325,905.4601,19.3185
25.1889,2474.1827,905.7944,19.3185
25.1993,2475.0984,906.1682,19.3185
25.2091,2476.0443,906.5558,19.3185
25.2186,2477.0312,906.9562,19.3185
25.2283,2477.9764,907.3391,19.3185
25.2389,2478.9066,907.7339,19.3185
25.2486,2479.8473,908.1737,19.3185
25.2587,2480.8165,908.5952,19.3185
25.2686,2481.7980,908.9573,19.3185
25.2783,2482.7651,909.2989,19.3185
25.2890,2483.7048,909.6420,19.3185
25.2983,2484.6534,910.0032,19.3185
25.3082,2485.5579,910.3666,19.3185
25.3187,2486.4376,910.7433,19.3185
25.3283,2487.3489,911.0998,19.3185
25.3387,2488.2948,911.4860,19.3185
25.3491,2489.2513,911.8726,19.3185
25.3585,2490.2064,912.2120,19.3185
25.3684,2491.1116,912.5413,19.3185
25.3783,2492.0206,912.8948,19.3185
25.3886,2492.9172,913.2474,19.3185
25.3986,2493.8256,913.6418,19.3185
25.4089,2494.6931,914.0006,19.3185
25.4184,2495.5846,914.3729,19.3185
25.4290,2496.4935,914.7522,19.3185
25.4389,2497.4713,915.1453,19.3185
25.4504,2498.4556,915.5405,19.3185
25.4588,2499.4254,915.8663,19.3185
25.4684,2500.4084,916.2236,19.3185
25.4783,2501.2979,916.5779,19.3185
25.4893,2502.0924,916.9396,19.3185
25.4988,2502.9037,917.3545,19.3185
25.5104,2503.7374,917.7357,19.3185
25.5188,2504.6458,918.1310,19.3185
25.5289,2505.5775,918.4891,19.3185
25.5382,2506.4786,918.8488,19.3185
25.5484,2507.3813,919.1738,19.3185
25.5585,2508.2966,919.5090,19.3185
25.5685,2509.2354,919.8818,19.3185
25.5787,2510.0878,920.2430,22.3173
25.5882,2510.8889,920.6332,22.3173
25.5989,2511.7479,921.0678,22.3173
25.6100,2512.6597,921.4847,22.3173
25.6186,2513.5642,921.8428,22.3173
25.6284,2514.3699,922.0963,22.3173
25.6398,2515.0863,922.3252,22.3173
25.6482,2515.7579,922.5972,22.3173
25.6594,2516.4773,922.9219,22.3173
25.6683,2517.2804,923.2864,22.3173
25.6786,2518.0922,923.6319,22.3173
25.6884,2518.9888,924.0353,22.3173
25.6986,2519.9633,924.4710,22.3173
25.7091,2520.9410,924.8885,22.3173
25.7183,2521.9446,925.2764,22.3173
25.7287,2522.9395,925.6185,22.3173
25.7387,2523.8840,925.9451,22.3173
25.7484,2524.7888,926.3159,22.3173
25.7589,2525.6753,926.6952,22.3173
25.7685,2526.5063,927.1057,22.3173
25.7786,2527.3431,927.4761,22.3173
25.7884,2528.2798,927.8969,22.3173
25.7989,2529.2749,928.3124,22.3173
25.8092,2530.3140,928.6990,22.3173
25.8190,2531.3938,929.0808,22.3173
25.8284,2532.3907,929.4085,22.3173
25.8398,2533.3318,929.7644,22.3173
25.8482,2534.2189,930.1528,22.3173
25.8589,2535.0713,930.5856,22.3173
25.8688,2535.9164,931.0192,22.3173
25.8784,2536.8485,931.3934,22.3173
25.8891,2537.8589,931.7878,22.3173
25.8986,2538.8851,932.1462,22.3173
25.9086,2539.8859,932.5155,22.3173
25.9194,2540.8876,932.8880,22.3173
25.9284,2541.8295,933.2310,22.3173
25.9389,2542.7133,933.6419,22.3173
25.9488,2543.5831,934.0645,22.3173
25.9593,2544.4946,934.5059,22.3173
25.9683,2545.4448,934.8683,22.3173
25.9784,2546.4259,935.1956,22.3173
25.9884,2547.3647,935.5583,22.3173
25.9984,2548.2985,935.9261,22.3173
26.0085,2549.2635,936.3017,22.3173
26.0185,2550.2097,936.6518,22.3173
26.0284,2551.0612,937.0393,22.3173
26.0390,2551.9592,937.4922,22.3173
26.0493,2552.9287,937.9413,22.3173
26.0594,2553.9066,938.3214,22.3173
26.0682,2554.9371,938.6537,22.3173
26.0783,2555.9089,939.0086,22.3173
26.0883,2556.8646,939.3906,22.3173
26.0986,2557.7578,939.7384,22.3173
26.1092,2558.6442,940.1494,22.3173
26.1189,2559.5126,940.5917,22.3173
26.1287,2560.3888,941.0297,22.3173
26.1384,2561.3669,941.4438,22.3173
26.1482,2562.3746,941.7878,22.3173
26.1586,2563.3569,942.1612,22.3173
26.1684,2564.3354,942.4968,22.3173
26.1792,2565.3042,942.8698,22.3173
26.1892,2566.2085,943.2254,22.3173
26.1997,2567.0741,943.6322,22.3173
26.2088,2567.9701,944.1227,22.3173
26.2186,2568.8677,944.5793,22.3173
26.2287,2569.8595,944.9960,22.3173
26.2391,2570.9568,945.3937,22.3173
26.2486,2572.0370,945.7603,22.3173
26.2603,2573.0676,946.1754,22.3173
26.2687,2573.9961,946.5470,22.3173
26.2784,2574.8362,946.9547,22.3173
26.2882,2575.7021,947.3775,22.3173
26.2987,2576.6157,947.7969,22.3173
26.3086,2577.5676,948.1923,22.3173
26.3186,2578.5111,948.5178,22.3173
26.3283,2579.5452,948.9052,22.3173
26.3387,2580.5221,949.3189,22.3173
26.3486,2581.4425,949.7127,22.3173
26.3581,2582.3287,950.0946,22.3173
26.3685,2583.1796,950.4851,22.3173
26.3785,2584.0576,950.9208,22.3173
26.3886,2584.9877,951.3762,22.3173
26.3988,2586.0106,951.7969,22.3173
26.4093,2587.0883,952.2032,22.3173
26.4183,2588.1586,952.5963,22.3173
26.4287,2589.2052,953.0516,22.3173
26.4385,2590.0911,953.4403,22.3173
26.4494,2590.9484,953.8240,22.3173
26.4587,2591.8805,954.2740,22.3173
26.4686,2592.7881,954.7284,22.3173
26.4786,2593.7126,955.1459,22.3173
26.4882,2594.6902,955.4751,22.3173
26.4987,2595.6394,955.7896,22.3173
26.5088,2596.5287,956.1373,22.3173
26.5187,2597.3749,956.4730,22.3173
26.5301,2598.1956,956.8306,22.3173
26.5385,2598.9924,957.1672,22.3173
26.5489,2599.8257,957.5588,22.3173
26.5587,2600.7645,958.0072,22.3173
26.5689,2601.7097,958.3818,22.3173
26.5799,2602.7828,958.7506,22.3173
26.5883,2603.8126,959.0726,22.3173
26.5985,2604.6890,959.4175,22.3173
26.6089,2605.5084,959.7363,22.3173
26.6187,2606.2902,960.0735,22.3173
26.6283,2607.1057,960.4643,22.3173
26.6396,2607.9254,960.8497,22.3173
26.6486,2608.8286,961.2887,22.3173
26.6584,2609.7905,961.6646,22.3173
26.6687,2610.8188,962.0185,22.3173
26.6785,2611.8613,962.3547,22.3173
26.6885,2612.8021,962.6972,22.3173
26.6986,2613.6932,963.0664,22.3173
26.7096,2614.4890,963.4372,22.3173
26.7186,2615.3508,963.8351,22.3173
26.7287,2616.1853,964.2653,22.3173
26.7383,2617.0837,964.6604,22.3173
26.7482,2618.0659,965.0822,22.3173
26.7589,2619.0955,965.4484,22.3173
26.7682,2620.1118,965.7987,22.3173
26.7798,2621.0474,966.1503,22.3173
26.7893,2621.9021,966.5141,22.3173
26.7987,2622.7198,966.9343,22.3173
26.8082,2623.5603,967.3593,22.3173
26.8186,2624.4401,967.7641,22.3173
26.8285,2625.3967,968.1915,22.3173
26.8399,2626.4335,968.5905,22.3173
26.8483,2627.4971,968.9761,22.3173
26.8586,2628.5132,969.3003,22.3173
26.8688,2629.4739,969.6851,22.3173
26.8791,2630.3386,970.0747,22.3173
26.8882,2631.1606,970.4962,22.3173
26.8987,2632.0300,970.9471,22.3173
26.9085,2632.9219,971.3571,22.3173
26.9183,2633.8606,971.7931,22.3173
26.9290,2634.8248,972.1821,22.3173
26.9386,2635.7423,972.5195,22.3173
26.9482,2636.6782,972.8528,22.3173
26.9586,2637.5652,973.2022,22.3173
26.9685,2638.4019,973.5762,22.3173
26.9783,2639.2449,973.9958,22.3173
26.9892,2640.1053,974.4337,22.3173
26.9989,2640.9991,974.8912,22.3173
27.0085,2641.9705,975.2961,22.3173
27.0191,2642.9939,975.6852,22.3173
27.0286,2643.9554,975.9943,22.3173
27.0390,2644.8612,976.3553,22.3173
27.0491,2645.7516,976.7467,22.3173
27.0599,2646.5670,977.1137,22.3173
27.0684,2647.4258,977.5298,22.3173
27.0781,2648.2820,977.9614,22.3173
27.0884,2649.1638,978.4148,22.3173
27.0986,2650.1180,978.8076,22.3173
27.1084,2650.9746,979.1429,22.3173
27.1187,2651.9897,979.5206,22.3173
27.1289,2652.9235,979.8664,22.3173
27.1387,2653.7659,980.3058,22.3173
27.1494,2654.6189,980.7478,22.3173
27.1588,2655.4835,981.1883,22.3173
27.1689,2656.4304,981.6564,22.3173
27.1787,2657.3860,982.1067,22.3173
27.1889,2658.3900,982.5515,22.3173
27.1990,2659.3989,982.9444,22.3173
27.2089,2660.3604,983.2746,22.3173
27.2186,2661.2506,983.6372,22.3173
27.2304,2662.0929,984.0525,22.3173
27.2389,2662.9496,984.5005,22.3173
27.2501,2663.8672,984.9217,22.3173
27.2590,2664.7944,985.3520,22.3173
27.2683,2665.8103,985.8151,22.3173
27.2788,2666.8693,986.2337,22.3173
27.2884,2667.8627,986.6250,22.3173
27.2986,2668.7488,987.0091,22.3173
27.3084,2669.5748,987.4483,22.3173
27.3183,2670.4442,987.9306,22.3173
27.3301,2671.3512,988.3627,22.3173
27.3386,2672.2872,988.7807,22.3173
27.3485,2673.2474,989.2156,22.3173
27.3589,2674.3081,989.6440,22.3173
27.3695,2675.3188,989.9841,22.3173
27.3794,2676.2009,990.3153,22.3173
27.3900,2677.0443,990.7377,22.3173
27.3989,2677.8529,991.1401,22.3173
27.4087,2678.6852,991.5465,22.3173
27.4184,2679.5614,991.9927,22.3173
27.4293,2680.4830,992.3987,22.3173
27.4399,2681.5068,992.8051,22.3173
27.4484,2682.5629,993.1498,22.3173
27.4589,2683.5631,993.4827,22.3173
27.4686,2684.4476,993.8450,22.3173
27.4788,2685.2904,994.2185,22.3173
27.4892,2686.1246,994.6408,22.3173
27.4984,2686.9576,995.0223,22.3173
27.5087,2687.7844,995.4366,22.3173
27.5187,2688.6294,995.8375,22.3173
27.5292,2689.5647,996.2406,22.3173
27.5383,2690.6216,996.6365,22.3173
27.5491,2691.5936,996.9981,22.3173
27.5622,2692.4509,997.3782,22.3173
27.5696,2693.2744,997.7709,22.3173
27.5793,2694.1416,998.1753,22.3173
27.5898,2695.0073,998.6141,22.3173
27.6000,2695.8683,999.0289,22.3173
27.6084,2696.7888,999.4681,22.3173
27.6186,2697.7842,999.8841,22.3173
27.6301,2698.7133,1000.2784,22.3173
27.6405,2699.6304,1000.6419,22.3173
27.6493,2700.4346,1000.9645,22.3173
27.6585,2701.2549,1001.3299,22.3173
27.6684,2702.0634,1001.7388,22.3173
27.6786,2702.9214,1002.1848,22.3173
27.6890,2703.8364,1002.6454,22.3173
27.6986,2704.7843,1003.0857,22.3173
27.7111,2705.7733,1003.5302,22.3173
27.7184,2706.7468,1003.9244,22.3173
27.7284,2707.5850,1004.2588,22.3173
27.7384,2708.4025,1004.6038,22.3173
27.7485,2709.1798,1004.9753,22.3173
27.7583,2709.9922,1005.4155,22.3173
27.7684,2710.8372,1005.8463,22.3173
27.7789,2711.7534,1006.3215,22.3173
27.7890,2712.7335,1006.7373,22.3173
27.7983,2713.7401,1007.1319,22.3173
27.8084,2714.7391,1007.5305,22.3173
27.8186,2715.6515,1007.8921,22.3173
27.8283,2716.4779,1008.3105,22.3173
27.8382,2717.3064,1008.7310,22.3173
27.8497,2718.1399,1009.1290,22.3173
27.8600,2719.0342,1009.5742,22.3173
27.8698,2719.9777,1010.0189,22.3173
27.8783,2721.0045,1010.4593,22.3173
27.8886,2722.0619,1010.8451,22.3173
27.8983,2723.0363,1011.1827,22.3173
27.9095,2723.9447,1011.5668,22.3173
27.9200,2724.7694,1011.9790,22.3173
27.9306,2725.6005,1012.3924,22.3173
27.9389,2726.4694,1012.7914,22.3173
27.9491,2727.3387,1013.2020,22.3173
27.9586,2728.2484,1013.6499,22.3173
27.9687,2729.2610,1014.1302,22.3173
27.9799,2730.3245,1014.5690,22.3173
27.9882,2731.3276,1014.8933,22.3173
27.9986,2732.2319,1015.2438,22.3173
28.0083,2733.0685,1015.6801,22.3173
28.0186,2733.8704,1016.1187,22.3173
28.0285,2734.7579,1016.5541,22.3173
28.0385,2735.6578,1016.9246,22.3173
28.0487,2736.5718,1017.3639,22.3173
28.0584,2737.5819,1017.7836,22.3173
28.0686,2738.5859,1018.1702,22.3173
28.0791,2739.5063,1018.5094,22.3173
28.0891,2740.3826,1018.8597,22.3173
28.0987,2741.2446,1019.2841,22.3173
28.1084,2742.0934,1019.7481,22.3173
28.1183,2742.9620,1020.1780,22.3173
28.1282,2743.9384,1020.6183,22.3173
28.1386,2744.9257,1021.0869,22.3173
28.1482,2745.8892,1021.5204,22.3173
28.1581,2746.8617,1021.9074,22.3173
28.1686,2747.7515,1022.2554,22.3173
28.1793,2748.5897,1022.6446,22.3173
28.1897,2749.4286,1023.0694,22.3173
28.1986,2750.2947,1023.5207,22.3173
28.2083,2751.1875,1023.9532,22.3173
28.2189,2752.1184,1024.3848,22.3173
28.2292,2753.1256,1024.8389,22.3173
28.2387,2754.1146,1025.2368,22.3173
28.2486,2755.0743,1025.6109,22.3173
28.2583,2755.9448,1025.9511,22.3173
28.2686,2756.7848,1026.3743,22.3173
28.2785,2757.6337,1026.8021,22.3173
28.2882,2758.5015,1027.2383,22.3173
28.2987,2759.4301,1027.6740,22.3173
28.3086,2760.3604,1028.0937,22.3173
28.3184,2761.3439,1028.5768,22.3173
28.3283,2762.3214,1029.0578,22.3173
28.3384,2763.2845,1029.4415,22.3173
28.3500,2764.2198,1029.8618,22.3173
28.3604,2765.1244,1030.2927,22.3173
28.3685,2766.0203,1030.7497,22.3173
28.3786,2766.9806,1031.1695,22.3173
28.3886,2767.8927,1031.5909,22.3173
28.3994,2768.8169,1032.0292,22.3173
28.4088,2769.7406,1032.4604,22.3173
28.4185,2770.6500,1032.8847,22.3173
28.4297,2771.5300,1033.2177,22.3173
28.4398,2772.4188,1033.6061,22.3173
28.4486,2773.2887,1034.0354,22.3173
28.4594,2774.1846,1034.4748,22.3173
28.4684,2775.1246,1034.9252,22.3173
28.4789,2776.1062,1035.3873,22.3173
28.4886,2776.9937,1035.8713,22.3173
28.4989,2777.8817,1036.3554,22.3173
28.5083,2778.8274,1036.7310,22.3173
28.5189,2779.7430,1037.1207,22.3173
28.5287,2780.6562,1037.5440,22.3173
28.5400,2781.5630,1038.0153,22.3173
28.5489,2782.5389,1038.4716,22.3173
28.5590,2783.5381,1038.9169,22.3173
28.5692,2784.5088,1039.4092,22.3173
28.5796,2785.3582,1039.8800,22.3173
28.5887,2786.1917,1040.2499,22.3173
28.6006,2787.0752,1040.5375,22.3173
28.6082,2787.8916,1040.8627,22.3173
28.6185,2788.7151,1041.2793,22.3173
28.6286,2789.6071,1041.6924,22.3173
28.6390,2790.5742,1042.1075,22.3173
28.6483,2791.5801,1042.5417,22.3173
28.6587,2792.3896,1042.9815,22.3173
28.6686,2793.2587,1043.4668,22.3173
28.6794,2794.1152,1043.8432,22.3173
28.6888,2794.9503,1044.1394,22.3173
28.6988,2795.7446,1044.4881,22.3173
28.7112,2796.5825,1044.9123,22.3173
28.7182,2797.4757,1045.3694,22.3173
28.7284,2798.4377,1045.7632,22.3173
28.7384,2799.3904,1046.2187,22.3173
28.7485,2800.2754,1046.7022,22.3173
28.7586,2801.1155,1047.1306,22.3173
28.7683,2802.0009,1047.4881,22.3173
28.7789,2802.8706,1047.7996,25.3486
28.7884,2803.7108,1048.1656,25.3486
28.7997,2804.6082,1048.6000,25.3486
28.8092,2805.5430,1049.0581,25.3486
28.8199,2806.5200,1049.4781,25.3486
28.8288,2807.3927,1049.8807,25.3486
28.8390,2808.1853,1050.3160,25.3486
28.8493,2808.9452,1050.7117,25.3486
28.8586,2809.7141,1051.0243,25.3486
28.8686,2810.5007,1051.3260,25.3486
28.8784,2811.1971,1051.6499,25.3486
28.8884,2811.8402,1051.9800,25.3486
28.8986,2812.5210,1052.3360,25.3486
28.9086,2813.3519,1052.7597,25.3486
28.9187,2814.3431,1053.2644,25.3486
28.9287,2815.4070,1053.7282,25.3486
28.9384,2816.4377,1054.2285,25.3486
28.9485,2817.3518,1054.6905,25.3486
28.9585,2818.2399,1055.0960,25.3486
28.9684,2819.1702,1055.5117,25.3486
28.9784,2820.0850,1055.8967,25.3486
28.9892,2820.9902,1056.3242,25.3486
29.0001,2821.9432,1056.7860,25.3486
29.0084,2822.9220,1057.2751,25.3486
29.0181,2823.9025,1057.7549,25.3486
29.0286,2824.8362,1058.2103,25.3486
29.0386,2825.6692,1058.6299,25.3486
29.0487,2826.5393,1059.0245,25.3486
29.0588,2827.4176,1059.4132,25.3486
29.0686,2828.3005,1059.8166,25.3486
29.0786,2829.2725,1060.2195,25.3486
29.0890,2830.2869,1060.6952,25.3486
29.0996,2831.2744,1061.1719,25.3486
29.1093,2832.1927,1061.6954,25.3486
29.1182,2833.0919,1062.1355,25.3486
29.1292,2834.0203,1062.5529,25.3486
29.1400,2834.9387,1062.9646,25.3486
29.1492,2835.8129,1063.3571,25.3486
29.1592,2836.7273,1063.8119,25.3486
29.1684,2837.6506,1064.2179,25.3486
29.1783,2838.6035,1064.6880,25.3486
29.1884,2839.5660,1065.1815,25.3486
29.1987,2840.4391,1065.6255,25.3486
29.2084,2841.3541,1066.0264,25.3486
29.2187,2842.2930,1066.4298,25.3486
29.2285,2843.2134,1066.8418,25.3486
29.2386,2844.1132,1067.2693,25.3486
29.2483,2845.0917,1067.7239,25.3486
29.2583,2846.0850,1068.2119,25.3486
29.2690,2847.0195,1068.6718,25.3486
29.2790,2847.9412,1069.1216,25.3486
29.2890,2848.8314,1069.5543,25.3486
29.2990,2849.7286,1069.9672,25.3486
29.3084,2850.6788,1070.4014,25.3486
29.3185,2851.5701,1070.7978,25.3486
29.3286,2852.4567,1071.2088,25.3486
29.3383,2853.3987,1071.6463,25.3486
29.3486,2854.3760,1072.1815,25.3486
29.3587,2855.2845,1072.6512,25.3486
29.3684,2856.1499,1073.1299,25.3486
29.3782,2857.0437,1073.6332,25.3486
29.3888,2857.9789,1074.0881,25.3486
29.3983,2858.8704,1074.4995,25.3486
29.4087,2859.7943,1074.9150,25.3486
29.4181,2860.7412,1075.4008,25.3486
29.4287,2861.6743,1075.8915,25.3486
29.4389,2862.5605,1076.3489,25.3486
29.4486,2863.3947,1076.8104,25.3486
29.4609,2864.2770,1077.3013,25.3486
29.4688,2865.1909,1077.7125,25.3486
29.4789,2866.1067,1078.0920,25.3486
29.4891,2867.0408,1078.4849,25.3486
29.4996,2867.9911,1078.9507,25.3486
29.5105,2868.9543,1079.4262,25.3486
29.5205,2869.8553,1079.8709,25.3486
29.5283,2870.7241,1080.3051,25.3486
29.5389,2871.6073,1080.7642,25.3486
29.5487,2872.5399,1081.1597,25.3486
29.5591,2873.4447,1081.5416,25.3486
29.5684,2874.3430,1081.9376,25.3486
29.5788,2875.2795,1082.4045,25.3486
29.5892,2876.2178,1082.8185,25.3486
29.5984,2877.1029,1083.2380,25.3486
29.6093,2877.9409,1083.6709,25.3486
29.6186,2878.7217,1084.0762,25.3486
29.6288,2879.5547,1084.5273,25.3486
29.6389,2880.4301,1084.9803,25.3486
29.6487,2881.3706,1085.4152,25.3486
29.6587,2882.3514,1085.8266,25.3486
29.6686,2883.3340,1086.2742,25.3486
29.6787,2884.2864,1086.7087,25.3486
29.6889,2885.1746,1087.1376,25.3486
29.6985,2885.9877,1087.5745,25.3486
29.7089,2886.7935,1088.0121,25.3486
29.7182,2887.5736,1088.4333,25.3486
29.7292,2888.3945,1088.8807,25.3486
29.7391,2889.2313,1089.2767,25.3486
29.7485,2890.0349,1089.6866,25.3486
29.7591,2890.9316,1090.0943,25.3486
29.7687,2891.8931,1090.5147,25.3486
29.7787,2892.8018,1090.9578,25.3486
29.7886,2893.6941,1091.4039,25.3486
29.7985,2894.5565,1091.8967,25.3486
29.8095,2895.3970,1092.4012,25.3486
29.8185,2896.2458,1092.8645,25.3486
29.8285,2897.1169,1093.2880,25.3486
29.8389,2897.9625,1093.6911,25.3486
29.8484,2898.8776,1094.1119,25.3486
29.8584,2899.8624,1094.5459,25.3486
29.8686,2900.7750,1094.9921,25.3486
29.8786,2901.6506,1095.4409,25.3486
29.8897,2902.5089,1095.9592,25.3486
29.8994,2903.3873,1096.4529,25.3486
29.9091,2904.2841,1096.9432,25.3486
29.9182,2905.2114,1097.3271,25.3486
29.9284,2906.1573,1097.7191,25.3486
29.9385,2907.1068,1098.1453,25.3486
29.9482,2908.0439,1098.6143,25.3486
29.9591,2908.9608,1099.0573,25.3486
29.9683,2909.7927,1099.4912,25.3486
29.9788,2910.6729,1100.0009,25.3486
29.9883,2911.5671,1100.4718,25.3486
29.9984,2912.5035,1100.9139,25.3486
30.0086,2913.4070,1101.2758,25.3486
30.0183,2914.3302,1101.6957,25.3486
30.0286,2915.2927,1102.1693,25.3486
30.0396,2916.2122,1102.5995,25.3486
30.0483,2917.1715,1103.0552,25.3486
30.0586,2918.0515,1103.5134,25.3486
30.0683,2918.9318,1104.0414,25.3486
30.0792,2919.8601,1104.5487,25.3486
30.0902,2920.8019,1104.9647,25.3486
30.0983,2921.7152,1105.3201,25.3486
30.1090,2922.6531,1105.7320,25.3486
30.1183,2923.5876,1106.2020,25.3486
30.1283,2924.4521,1106.6407,25.3486
30.1381,2925.3027,1107.0781,25.3486
30.1486,2926.1936,1107.5574,25.3486
30.1594,2927.0822,1108.0604,25.3486
30.1686,2927.9767,1108.4992,25.3486
30.1786,2928.8763,1108.8911,25.3486
30.1889,2929.8013,1109.3168,25.3486
30.1986,2930.7371,1109.7639,25.3486
30.2085,2931.6710,1110.1774,25.3486
30.2186,2932.5486,1110.6168,25.3486
30.2291,2933.4054,1111.0781,25.3486
30.2390,2934.2963,1111.5828,25.3486
30.2490,2935.1638,1112.0497,25.3486
30.2588,2935.9955,1112.4841,25.3486
30.2683,2936.8634,1112.9036,25.3486
30.2803,2937.7238,1113.2896,25.3486
30.2910,2938.5886,1113.7224,25.3486
30.2984,2939.4648,1114.1162,25.3486
30.3090,2940.3258,1114.5800,25.3486
30.3185,2941.2014,1115.0760,25.3486
30.3288,2942.0532,1115.5803,25.3486
30.3390,2942.9463,1116.1075,25.3486
30.3483,2943.8064,1116.5508,25.3486
30.3585,2944.5980,1116.9404,25.3486
30.3681,2945.3645,1117.3350,25.3486
30.3790,2946.1487,1117.7177,25.3486
30.3884,2946.8921,1118.1346,25.3486
30.3988,2947.6868,1118.5335,25.3486
30.4082,2948.5104,1118.9612,25.3486
30.4183,2949.3662,1119.4354,25.3486
30.4291,2950.2687,1119.9631,25.3486
30.4387,2951.1946,1120.5311,25.3486
30.4483,2952.1500,1120.9930,25.3486
30.4594,2953.0217,1121.4005,25.3486
30.4682,2953.8650,1121.7852,25.3486
30.4786,2954.6798,1122.1462,25.3486
30.4886,2955.5255,1122.5134,25.3486
30.4990,2956.4000,1122.9370,25.3486
30.5086,2957.2784,1123.4426,25.3486
30.5189,2958.2601,1123.9812,25.3486
30.5296,2959.3268,1124.4583,25.3486
30.5400,2960.3722,1124.9303,25.3486
30.5488,2961.2974,1125.3646,25.3486
30.5597,2962.1649,1125.8055,25.3486
30.5683,2963.0211,1126.2162,25.3486
30.5789,2963.8265,1126.5930,25.3486
30.5882,2964.6926,1127.0496,25.3486
30.5986,2965.6110,1127.6121,25.3486
30.6083,2966.6262,1128.1727,25.3486
30.6184,2967.7429,1128.7103,25.3486
30.6284,2968.8188,1129.2363,25.3486
30.6389,2969.7942,1129.7404,25.3486
30.6487,2970.6779,1130.1730,25.3486
30.6584,2971.5455,1130.6049,25.3486
30.6690,2972.4436,1131.0640,25.3486
30.6790,2973.3304,1131.5899,25.3486
30.6881,2974.2820,1132.0717,25.3486
30.6987,2975.2073,1132.4279,25.3486
30.7083,2976.1187,1132.7881,25.3486
30.7185,2977.0259,1133.1969,25.3486
30.7287,2977.8729,1133.6650,25.3486
30.7385,2978.7222,1134.0693,25.3486
30.7482,2979.5892,1134.4805,25.3486
30.7583,2980.4886,1134.9621,25.3486
30.7688,2981.4054,1135.4890,25.3486
30.7788,2982.4146,1135.9496,25.3486
30.7883,2983.4034,1136.3712,25.3486
30.7980,2984.3695,1136.7523,25.3486
30.8086,2985.2544,1137.1695,25.3486
30.8193,2986.0924,1137.5872,25.3486
30.8287,2986.9047,1137.9868,25.3486
30.8387,2987.7451,1138.4095,25.3486
30.8489,2988.5974,1138.8679,25.3486
30.8582,2989.5144,1139.3339,25.3486
30.8683,2990.4576,1139.7681,25.3486
30.8786,2991.4609,1140.1807,25.3486
30.8883,2992.4274,1140.6017,25.3486
30.8985,2993.2919,1141.0405,25.3486
30.9084,2994.1594,1141.4889,25.3486
30.9182,2994.9896,1141.8946,25.3486
30.9297,2995.8427,1142.3651,25.3486
30.9385,2996.7343,1142.8423,25.3486
30.9484,2997.6256,1143.2832,25.3486
30.9585,2998.5587,1143.6815,25.3486
30.9684,2999.5175,1144.0656,25.3486
30.9786,3000.4231,1144.4625,25.3486
30.9886,3001.2776,1144.8783,25.3486
30.9987,3002.0608,1145.2609,25.3486
31.0090,3002.8898,1145.6278,25.3486
31.0191,3003.6945,1145.9878,25.3486
31.0285,3004.5035,1146.3803,25.3486
31.0387,3005.3457,1146.8287,25.3486
31.0488,3006.1914,1147.2635,25.3486
31.0582,3007.1241,1147.6763,25.3486
31.0692,3008.0463,1148.0762,25.3486
31.0785,3008.9457,1148.5291,25.3486
31.0886,3009.8003,1148.9890,25.3486
31.0981,3010.6266,1149.4836,25.3486
31.1086,3011.5275,1149.9617,25.3486
31.1186,3012.3792,1150.4146,25.3486
31.1287,3013.0583,1150.7548,25.3486
31.1394,3013.9546,1151.1699,25.3486
31.1497,3014.8613,1151.6320,25.3486
31.1590,3015.7490,1152.1190,25.3486
31.1682,3016.6599,1152.6527,26.9163
31.1787,3017.5753,1153.2247,26.8964
31.1881,3018.5197,1153.7671,26.8822
31.1984,3019.4509,1154.3089,26.8122
31.2084,3020.3600,1154.8900,26.5229
31.2182,3021.2543,1155.5923,26.5229
31.2284,3022.2574,1156.1145,26.5229
31.2386,3022.9037,1157.0364,26.5229
31.2489,3023.7178,1157.8577,26.5229
31.2585,3024.3055,1158.4959,26.5229
31.2683,3024.6852,1159.5911,26.5229
31.2784,3025.2166,1160.5194,26.5229
31.2889,3025.8645,1161.3885,26.5229
31.2990,3026.5613,1162.2821,26.5229
31.3084,3027.6096,1162.7430,26.5229
31.3183,3028.7112,1163.1224,26.5229
31.3283,3029.7194,1163.4099,26.5229
31.3382,3030.4962,1163.6970,26.5229
31.3484,3031.2382,1164.0407,26.5229
31.3589,3032.0129,1164.3513,26.5229
31.3682,3032.9410,1164.6374,26.5229
31.3783,3033.9706,1164.8464,26.5229
31.3890,3035.0448,1165.1172,26.5229
31.3984,3036.1541,1165.5546,26.5229
31.4086,3037.2145,1165.9750,26.5229
31.4184,3038.2418,1166.3425,26.5229
31.4291,3039.1953,1166.5974,26.5229
31.4407,3040.0616,1166.8345,26.5229
31.4490,3040.9038,1167.1316,26.5229
31.4587,3041.8151,1167.4103,26.5229
31.4687,3042.7445,1167.6747,26.5229
31.4786,3043.7645,1167.9097,26.5229
31.4886,3044.8478,1168.2068,26.5229
31.4985,3045.8958,1168.4988,26.5229
31.5091,3046.7919,1168.7820,26.5229
31.5194,3047.6656,1169.0643,26.5229
31.5285,3048.5270,1169.3533,26.5229
31.5382,3049.4152,1169.6596,26.5229
31.5490,3050.3412,1169.9744,26.5229
31.5587,3051.3284,1170.2472,26.5229
31.5680,3052.3971,1170.4887,26.5229
31.5786,3053.4231,1170.7759,26.5229
31.5891,3054.4648,1171.1313,26.5229
31.5991,3055.4265,1171.5115,26.5229
31.6089,3056.3834,1171.8093,26.5229
31.6186,3057.3446,1172.0624,26.5229
31.6285,3058.2745,1172.3260,26.5229
31.6383,3059.1688,1172.6075,26.5229
31.6485,3060.1436,1172.9020,26.5229
31.6587,3061.1283,1173.2135,26.5229
31.6685,3062.0596,1173.5182,26.5229
31.6787,3062.9982,1173.8622,26.5229
31.6887,3063.9626,1174.2015,26.5229
31.6990,3064.9144,1174.4652,26.5229
31.7088,3065.8821,1174.7026,26.5229
31.7185,3066.8656,1174.9810,26.5229
31.7282,3067.8690,1175.2670,26.5229
31.7387,3068.8861,1175.5642,26.5229
31.7492,3069.8622,1175.8820,26.5229
31.7587,3070.7716,1176.2098,26.5229
31.7687,3071.7261,1176.5480,26.5229
31.7782,3072.6536,1176.8434,26.5229
31.7882,3073.5552,1177.1041,26.5229
31.7982,3074.4832,1177.3445,26.5229
31.8088,3075.3983,1177.6010,26.5229
31.8184,3076.3644,1177.8702,26.5229
31.8286,3077.3508,1178.1268,26.5229
31.8398,3078.3384,1178.4405,26.5229
31.8483,3079.3171,1178.7549,26.5229
31.8585,3080.2418,1179.0797,26.5229
31.8682,3081.1549,1179.3675,26.5229
31.8787,3082.0455,1179.6471,26.5229
31.8886,3082.9432,1179.9148,26.5229
31.8992,3083.8461,1180.1923,26.5229
31.9087,3084.7596,1180.4929,26.5229
31.9196,3085.6326,1180.7681,26.5229
31.9287,3086.5707,1181.0376,26.5229
31.9382,3087.5189,1181.3741,26.5229
31.9491,3088.5012,1181.7258,26.5229
31.9592,3089.4908,1182.0726,26.5229
31.9692,3090.4636,1182.3694,26.5229
31.9785,3091.4136,1182.6352,26.5229
31.9887,3092.3323,1182.9009,26.5229
31.9986,3093.2180,1183.1992,26.5229
32.0087,3094.1387,1183.4864,26.5229
32.0186,3095.0819,1183.7669,26.5229
32.0283,3096.0117,1184.0891,26.5229
32.0384,3096.9766,1184.4513,26.5229
32.0500,3097.9089,1184.7936,26.5229
32.0593,3098.8475,1185.0492,18.4264
32.0686,3099.7887,1185.3127,18.4264
32.0789,3100.6945,1185.6186,18.4264
32.0894,3101.6227,1185.9219,18.4264
32.0986,3102.5327,1186.2416,18.4264
32.1087,3103.4122,1186.5514,18.4264
32.1187,3104.2699,1186.8439,18.4264
32.1286,3105.0378,1187.1379,18.4264
32.1386,3105.7511,1187.3854,18.4264
32.1484,3106.4451,1187.5842,18.4264
32.1585,3107.2290,1187.8865,18.4264
32.1684,3108.1360,1188.2150,18.4264
32.1781,3109.1240,1188.5276,18.4264
32.1886,3110.1342,1188.8054,18.4264
32.1986,3111.1318,1189.1277,18.4264
32.2090,3112.1221,1189.5225,18.4264
32.2192,3113.1222,1189.8899,18.4264
32.2290,3114.1183,1190.2209,18.4264
32.2405,3115.0916,1190.5092,18.4264
32.2483,3116.0718,1190.7715,18.4264
32.2587,3117.0033,1191.0909,18.4264
32.2682,3117.9636,1191.4228,18.4264
32.2787,3118.9136,1191.7035,18.4264
32.2887,3119.9232,1192.0292,18.4264
32.2990,3120.9099,1192.3996,18.4264
32.3084,3121.9371,1192.7858,18.4264
32.3181,3122.9489,1193.1121,18.4264
32.3286,3123.9636,1193.4056,18.4264
32.3390,3124.9191,1193.7139,18.4264
32.3498,3125.8701,1194.0216,18.4264
32.3600,3126.8027,1194.3341,18.4264
32.3684,3127.7031,1194.6422,18.4264
32.3795,3128.6597,1194.9920,18.4264
32.3882,3129.6464,1195.4211,18.4264
32.3982,3130.5641,1195.9667,18.4264
32.4088,3131.7235,1196.2564,18.4264
32.4184,3132.6387,1196.6934,18.4264
32.4281,3133.6375,1196.9544,18.4264
32.4389,3134.5663,1197.3008,18.4264
32.4485,3135.4982,1197.6375,18.4264
32.4586,3136.4818,1197.9685,18.4264
32.4683,3137.4791,1198.2877,18.4264
32.4782,3138.5143,1198.5919,18.4264
32.4900,3139.5431,1198.9173,18.4264
32.4989,3140.5820,1199.2382,18.4264
32.5087,3141.5934,1199.5697,18.4264
32.5185,3142.5472,1199.9080,18.4264
32.5286,3143.4597,1200.2605,18.4264
32.5390,3144.3939,1200.6245,18.4264
32.5488,3145.3993,1200.9736,18.4264
32.5586,3146.4265,1201.3360,18.4264
32.5684,3147.4502,1201.7074,18.4264
32.5781,3148.5354,1202.0544,18.4264
32.5887,3149.5878,1202.3895,18.4264
32.5996,3150.5985,1202.6969,18.4264
32.6095,3151.5302,1203.0483,18.4264
32.6185,3152.4729,1203.4228,18.4264
32.6287,3153.3762,1203.7710,18.4264
32.6398,3154.3654,1204.0933,18.4264
32.6502,3155.3588,1204.3820,18.4264
32.6590,3156.2737,1204.6694,18.4264
32.6688,3157.1951,1204.9409,18.4264
32.6785,3158.1348,1205.2614,18.4264
32.6883,3159.0128,1205.5718,18.4264
32.6988,3159.8595,1205.8855,18.4264
32.7092,3160.7185,1206.1905,18.4264
32.7188,3161.6317,1206.4808,18.4264
32.7289,3162.6144,1206.7897,18.4264
32.7391,3163.5812,1207.0812,18.4264
32.7482,3164.5436,1207.3704,18.4264
32.7588,3165.4541,1207.6387,18.4264
32.7696,3166.3462,1207.9421,18.4264
32.7793,3167.1775,1208.2546,18.4264
32.7886,3167.9945,1208.5383,18.4264
32.7985,3168.8226,1208.8430,18.4264
32.8089,3169.7518,1209.1535,18.4264
32.8186,3170.7479,1209.4990,18.4264
32.8286,3171.7512,1209.8265,18.4264
32.8391,3172.7826,1210.1357,18.4264
32.8492,3173.7380,1210.4232,18.4264
32.8591,3174.6577,1210.7258,18.4264
32.8683,3175.5026,1211.0472,18.4264
32.8782,3176.3243,1211.3635,18.4264
32.8883,3177.1521,1211.6885,18.4264
32.8983,3178.1022,1212.0325,18.4264
32.9086,3179.1193,1212.3725,18.4264
32.9187,3180.1343,1212.6970,18.4264
32.9287,3181.1913,1212.9979,18.4264
32.9386,3182.1670,1213.3113,18.4264
32.9493,3183.0614,1213.6018,18.4264
32.9587,3183.8826,1213.9086,18.4264
32.9690,3184.7394,1214.2205,18.4264
32.9787,3185.6465,1214.5265,18.4264
32.9888,3186.6078,1214.8935,18.4264
32.9991,3187.6274,1215.2457,18.4264
33.0083,3188.6940,1215.6028,18.4264
33.0186,3189.7731,1215.9024,18.4264
33.0289,3190.7610,1216.2189,18.4264
33.0389,3191.6759,1216.5214,18.4264
33.0486,3192.5066,1216.8647,18.4264
33.0586,3193.4319,1217.1993,18.4264
33.0687,3194.4127,1217.5331,18.4264
33.0784,3195.4097,1217.8576,18.4264
33.0886,3196.4130,1218.1661,18.4264
33.0983,3197.3613,1218.4786,18.4264
33.1090,3198.2993,1218.7792,18.4264
33.1184,3199.1746,1219.0881,18.4264
33.1283,3200.1105,1219.3840,18.4264
33.1385,3200.9451,1219.7227,18.4264
33.1482,3201.8788,1220.0743,18.4264
33.1590,3202.6295,1220.3727,18.4264
33.1687,3203.6598,1220.7582,18.4264
33.1786,3204.7018,1221.0723,18.4264
33.1884,3205.7332,1221.3905,18.4264
33.1984,3206.6879,1221.6920,18.4264
33.2083,3207.6311,1222.0164,18.4264
33.2194,3208.5485,1222.3520,18.4264
33.2293,3209.4701,1222.7159,18.4264
33.2395,3210.4130,1223.0607,18.4264
33.2481,3211.3678,1223.4036,18.4264
33.2591,3212.4023,1223.7181,18.4264
33.2686,3213.4283,1224.0673,18.4264
33.2795,3214.3895,1224.4074,18.4264
33.2887,3215.3865,1224.7042,18.4264
33.2985,3216.2614,1225.0312,18.4264
33.3082,3217.1000,1225.3812,18.4264
33.3186,3218.0203,1225.7489,18.4264
33.3282,3219.0066,1226.1353,18.4264
33.3389,3220.0597,1226.5072,18.4264
33.3492,3221.1422,1226.8489,18.4264
33.3590,3222.1868,1227.2293,18.4264
33.3683,3223.1279,1227.5268,18.4264
33.3782,3223.9613,1227.8442,18.4264
33.3882,3224.8190,1228.1537,18.4264
33.3983,3225.6530,1228.5280,18.4264
33.4085,3226.5957,1228.8878,18.4264
33.4194,3227.5698,1229.2245,18.4264
33.4284,3228.6204,1229.5589,18.4264
33.4383,3229.6447,1229.9194,18.4264
33.4485,3230.6191,1230.2675,18.4264
33.4589,3231.5121,1230.5915,18.4264
33.4702,3232.3513,1230.8983,18.4264
33.4784,3233.2257,1231.2363,18.4264
33.4888,3234.1622,1231.5549,18.4264
33.4997,3235.1156,1231.8705,18.4264
33.5085,3236.0719,1232.2173,18.4264
33.5182,3237.1837,1232.5764,18.4264
33.5285,3238.2261,1232.9108,18.4264
33.5383,3239.1960,1233.1819,18.4264
33.5493,3240.1010,1233.4590,18.4264
33.5587,3240.9249,1233.7841,18.4264
33.5688,3241.7587,1234.0768,18.4264
33.5785,3242.6792,1234.3803,18.4264
33.5888,3243.6438,1234.6743,18.4264
33.5983,3244.6847,1235.0426,18.4264
33.6085,3245.7872,1235.3691,18.4264
33.6182,3246.8647,1235.6559,18.4264
33.6284,3247.7966,1235.9455,18.4264
33.6398,3248.6067,1236.2296,18.4264
33.6496,3249.4056,1236.5501,18.4264
33.6591,3250.2932,1236.8900,18.4264
33.6694,3251.2252,1237.2207,18.4264
33.6803,3252.2004,1237.5602,18.4264
33.6882,3253.2107,1237.9302,18.4264
33.6982,3254.2791,1238.2632,18.4264
33.7089,3255.2955,1238.5209,18.4264
33.7186,3256.2008,1238.8001,18.4264
33.7291,3256.9963,1239.1183,18.4264
33.7386,3257.8068,1239.5065,18.4264
33.7485,3258.6616,1239.8661,18.4264
33.7586,3259.5698,1240.2394,18.4264
33.7692,3260.5549,1240.5852,18.4264
33.7783,3261.5535,1240.9254,18.4264
33.7882,3262.4725,1240.9614,18.4264
33.7981,3263.4292,1241.2906,18.4264
33.8087,3264.3417,1241.6213,18.4264
33.8184,3265.1803,1242.0016,18.4264
33.8288,3266.0291,1242.4165,18.4264
33.8384,3266.8824,1242.8162,18.4264
33.8485,3267.7849,1243.2379,18.4264
33.8585,3268.7604,1243.6147,18.4264
33.8691,3269.7972,1243.9708,18.4264
33.8790,3270.7992,1244.2526,18.4264
33.8884,3271.7556,1244.5294,18.4264
33.8987,3272.6462,1244.8334,18.4264
33.9082,3273.4708,1245.1802,18.4264
33.9193,3274.3165,1245.5353,18.4264
33.9285,3275.1863,1245.9050,18.4264
33.9387,3276.0710,1246.2872,18.4264
33.9486,3277.0409,1246.6367,18.4264
33.9588,3278.1134,1246.9778,18.4264
33.9680,3279.1881,1247.2302,18.4264
33.9791,3280.1277,1247.5389,18.4264
33.9886,3280.9681,1247.8543,18.4264
33.9987,3281.8114,1248.1968,18.4264
34.0095,3282.6609,1248.5371,18.4264
34.0198,3283.5886,1248.8696,18.4264
34.0301,3284.5670,1249.2167,18.4264
34.0397,3285.5527,1249.5970,18.4264
34.0483,3286.5865,1249.9507,18.4264
34.0585,3287.5758,1250.2499,18.4264
34.0686,3288.4962,1250.5287,18.4264
34.0788,3289.3073,1250.8527,18.4264
34.0886,3290.1432,1251.1824,18.4264
34.0982,3290.9867,1251.5406,18.4264
34.1087,3291.8973,1251.9004,18.4264
34.1185,3292.8916,1252.2838,18.4264
34.1294,3293.9436,1252.6458,18.4264
34.1385,3295.0531,1253.0332,18.4264
34.1484,3296.0560,1253.3466,18.4264
34.1584,3296.9335,1253.6459,18.4264
34.1685,3297.7621,1254.0166,18.4264
34.1792,3298.6046,1254.3643,18.4264
34.1881,3299.5018,1254.7672,18.4264
34.1986,3300.4194,1255.1278,18.4264
34.2085,3301.4001,1255.5010,18.4264
34.2184,3302.4692,1255.8540,18.4264
34.2286,3303.4224,1255.9188,18.4264
34.2382,3304.4093,1256.2884,18.4264
34.2483,3305.3566,1256.6195,18.4264
34.2582,3306.2128,1257.0086,18.4264
34.2683,3307.1232,1257.4136,18.4264
34.2786,3307.9464,1257.6524,18.4264
34.2900,3308.9130,1258.0847,18.4264
34.2984,3309.9041,1258.4695,18.4264
34.3084,3311.0154,1258.8511,18.4264
34.3188,3312.0239,1259.0567,18.4264
34.3292,3313.1083,1259.4294,18.4264
34.3384,3314.1393,1259.8051,18.4264
34.3491,3315.0773,1260.1916,18.4264
34.3588,3316.0563,1260.6046,18.4264
34.3681,3317.0239,1261.0298,18.4264
34.3782,3318.0361,1261.4285,18.4264
34.3889,3319.1531,1261.7974,18.4264
34.3981,3320.3029,1262.0055,18.4264
34.4082,3321.3729,1262.3278,18.4264
34.4195,3322.3154,1262.6312,18.4264
34.4286,3323.1699,1262.9641,18.4264
34.4387,3324.0000,1263.3344,18.4264
34.4484,3324.8660,1263.7081,18.4264
34.4581,3325.7460,1264.0825,18.4264
34.4688,3326.7137,1264.4227,18.4264
34.4792,3327.7625,1264.7757,18.4264
34.4885,3328.8940,1265.0340,18.4264
34.4986,3329.8829,1265.4455,18.4264
34.5084,3330.8689,1265.7958,18.4264
34.5183,3331.7164,1266.1311,18.4264
34.5286,3332.6055,1266.4999,18.4264
34.5386,3333.5258,1266.8336,18.4264
34.5487,3334.4630,1267.2040,18.4264
34.5585,3335.4651,1267.5287,18.4264
34.5682,3336.5173,1267.8667,18.4264
34.5781,3337.5516,1268.1729,18.4264
34.5888,3338.4860,1268.5657,18.4264
34.5981,3339.3357,1268.9119,18.4264
34.6080,3340.1727,1269.2317,18.4264
34.6186,3341.0288,1269.5959,18.4264
34.6291,3341.8562,1270.0060,18.4264
34.6386,3342.7990,1270.4344,18.4264
34.6490,3343.7799,1270.8222,18.4264
34.6596,3344.8616,1271.1733,18.4264
34.6684,3345.9210,1271.4025,18.4264
34.6793,3346.8998,1271.8048,18.4264
34.6881,3347.8408,1272.1724,18.4264
34.6982,3348.7686,1272.5773,18.4264
34.7085,3349.6847,1272.9080,18.4264
34.7197,3350.5688,1273.3441,18.4264
34.7288,3351.4843,1273.7264,18.4264
34.7382,3352.5219,1274.0236,18.4264
34.7486,3353.4641,1274.3292,18.4264
34.7586,3354.3646,1274.6278,18.4264
34.7683,3355.1580,1274.9366,18.4264
34.7789,3356.0057,1275.1876,18.4264
34.7890,3356.8442,1275.5614,18.4264
34.7998,3357.7065,1275.9336,18.4264
34.8089,3358.5551,1276.2950,18.4264
34.8184,3359.5499,1276.7028,18.4264
34.8284,3360.5920,1277.0497,18.4264
34.8387,3361.5593,1277.3967,18.4264
34.8485,3362.4498,1277.6276,18.4264
34.8592,3363.2592,1277.9236,18.4264
34.8680,3364.0934,1278.2488,18.4264
34.8796,3364.9052,1278.6133,18.4264
34.8882,3365.7697,1278.9969,18.4264
34.8984,3366.6643,1279.3214,18.4264
34.9092,3367.6079,1279.7144,18.4264
34.9180,3368.5616,1280.0556,18.4264
34.9299,3369.5114,1280.3911,18.4264
34.9392,3370.3450,1280.6623,18.4264
34.9484,3371.1810,1280.9469,18.4264
34.9581,3372.0897,1281.2847,18.4264
34.9686,3372.9474,1281.6205,18.4264
34.9783,3373.8888,1282.0630,18.4264
34.9880,3374.8912,1282.4662,18.4264
34.9986,3375.9159,1282.8592,18.4264
35.0081,3376.8912,1283.2794,18.4264
35.0185,3377.8258,1283.6150,18.4264
35.0283,3378.6903,1283.8576,18.4264
35.0384,3379.5247,1284.1139,18.4264
35.0485,3380.3418,1284.4246,18.4264
35.0586,3381.2084,1284.7880,18.4264
35.0681,3382.1147,1285.2191,18.4264
35.0794,3383.1410,1285.6929,18.4264
35.0882,3384.1982,1286.0446,18.4264
35.0988,3385.1777,1286.4228,18.4264
35.1086,3386.1244,1286.7021,18.4264
35.1184,3386.9902,1287.0197,18.4264
35.1285,3387.8499,1287.2839,18.4264
35.1386,3388.7760,1287.6686,18.4264
35.1484,3389.6971,1288.0939,18.4264
35.1587,3390.6455,1288.4470,21.1102
35.1683,3391.6580,1288.8639,21.1131
35.1797,3392.7169,1289.2635,21.1210
35.1886,3393.6931,1289.6001,21.0792
35.1989,3394.6837,1290.0021,20.7929
35.2087,3395.8170,1290.6194,20.7929
35.2187,3396.8448,1291.0612,20.7929
35.2292,3397.8821,1291.4772,20.7929
35.2392,3398.8142,1292.2088,20.7929
35.2487,3399.9032,1292.7410,20.7929
35.2590,3400.6122,1293.5534,14.3095
