time[s], wr_x[mm], wr_y[mm] 
0.0001,497.6918,1311.7402,-0.3915,1731.1901,1236.6792,0.3880
13.8315,497.8610,1311.7015,-0.3915,1731.2135,1236.7017,0.3757
13.8387,497.7644,1311.7117,-0.3915,1731.2018,1236.6822,0.3944
13.8444,497.7935,1311.6942,-0.3915,1731.2020,1236.6813,0.3878
13.8544,497.7302,1311.7184,-0.3915,1731.2144,1236.6779,0.3817
13.8729,497.7329,1311.6946,-0.3915,1731.2026,1236.6773,0.3842
13.8753,498.0081,1311.7535,-0.3915,1731.2017,1236.6787,0.3775
13.8807,499.1911,1311.7291,-0.3915,1731.2207,1236.6717,0.3846
13.8916,500.6922,1311.8051,-0.3915,1731.2057,1236.6915,0.3738
13.9060,502.9342,1311.6927,-0.3915,1731.2210,1236.6848,0.3886
13.9105,505.7768,1311.5195,-0.3915,1731.2157,1236.6899,0.3834
13.9211,509.0428,1311.8127,-0.3915,1731.2103,1236.6939,0.3778
13.9305,512.5885,1311.6017,-0.3915,1731.2131,1236.6885,0.3867
13.9405,516.1546,1311.5358,-0.3915,1731.2065,1236.6874,0.3838
13.9505,520.0890,1311.6063,-0.3915,1731.2107,1236.6760,0.3873
13.9611,524.3988,1311.1944,-0.3915,1731.2089,1236.6834,0.3745
13.9712,529.0553,1311.2479,-0.3915,1731.2057,1236.6842,0.3683
13.9813,533.9646,1311.2670,-0.3915,1731.2136,1236.6754,0.3829
13.9906,538.9638,1311.1587,-0.3915,1731.2101,1236.6993,0.3661
14.0007,544.4586,1311.2565,-0.3915,1731.2198,1236.6766,0.3913
14.0114,549.8769,1311.2142,-0.2016,1731.2075,1236.6872,0.3783
14.0211,555.5543,1311.2349,-0.2016,1731.2076,1236.6881,0.3845
14.0314,561.0670,1311.3569,-0.2016,1731.2089,1236.6758,0.3972
14.0409,566.8118,1311.1758,-0.2016,1731.1975,1236.6817,0.3890
14.0508,572.3172,1310.9149,-0.2016,1731.2173,1236.6759,0.3983
14.0605,577.3986,1310.9216,-0.2016,1731.2070,1236.6894,0.3817
14.0706,582.0879,1310.7504,-0.2016,1731.2139,1236.6799,0.3938
14.0804,586.8157,1310.6839,-0.2016,1731.2191,1236.6885,0.3760
14.0906,591.1107,1310.9625,-0.2016,1731.2163,1236.7029,0.3688
14.1015,595.7047,1311.1273,-0.2016,1731.2118,1236.6771,0.3907
14.1119,600.5674,1311.2402,-0.2016,1731.2098,1236.6877,0.3740
14.1212,605.7529,1311.1921,-0.2016,1731.2177,1236.6842,0.3781
14.1307,611.2790,1310.8823,-0.2016,1731.2060,1236.6664,0.3912
14.1404,618.2364,1310.3066,-0.2016,1731.2048,1236.6777,0.3842
14.1514,624.5062,1310.2248,-0.2016,1731.2178,1236.6739,0.3989
14.1606,630.4394,1310.2635,-0.2016,1731.1987,1236.6789,0.3900
14.1703,636.4299,1310.3209,-0.2016,1731.2074,1236.6802,0.3983
14.1808,642.3111,1310.4247,-0.2016,1731.2076,1236.6866,0.3704
14.1916,648.1922,1310.4284,-0.2016,1731.2076,1236.6868,0.3837
14.2005,654.1737,1310.2855,-0.2016,1731.2109,1236.6765,0.3919
14.2107,659.9213,1310.3237,-0.2016,1731.2269,1236.6947,0.3668
14.2206,665.7956,1310.3063,-0.2016,1731.2189,1236.6768,0.3772
14.2306,671.8679,1310.3264,-0.2016,1731.2150,1236.6744,0.3860
14.2407,677.8877,1310.4346,0.1795,1731.2089,1236.6927,0.3785
14.2511,683.9460,1310.3619,0.2058,1731.1993,1236.6693,0.3900
14.2635,689.8973,1310.3974,0.2320,1731.1855,1236.6743,0.3938
14.2718,695.9307,1310.3748,0.3316,1731.2033,1236.6733,0.3937
14.2820,701.9471,1310.3400,0.4149,1731.2039,1236.6900,0.3717
14.2920,707.6564,1310.5488,0.5130,1731.2104,1236.6736,0.3836
14.3024,712.8276,1310.5496,0.6679,1731.2167,1236.6764,0.3801
14.3121,717.4601,1310.3174,0.9914,1731.2164,1236.6931,0.3640
14.3204,721.8135,1310.0953,1.3737,1731.2042,1236.6689,0.3975
14.3305,725.8157,1309.8859,1.8105,1731.2038,1236.6851,0.3889
14.3407,729.6597,1309.4521,2.4789,1731.2150,1236.7020,0.3776
14.3507,733.2197,1309.0888,3.2987,1731.1964,1236.6721,0.4005
14.3605,737.1334,1308.9572,4.3284,1731.2045,1236.6747,0.3919
14.3705,741.1296,1308.6479,5.4483,1731.2254,1236.6854,0.3732
14.3808,745.0561,1308.4795,6.7464,1731.2035,1236.6758,0.3883
14.3907,748.5374,1308.2831,8.1685,1731.2039,1236.6690,0.4000
14.4007,752.1445,1307.8251,9.8275,1731.2121,1236.6818,0.3794
14.4112,755.0857,1307.4202,11.4136,1731.1959,1236.6805,0.3802
14.4211,758.1454,1306.7081,13.3243,1731.2103,1236.6677,0.3908
14.4313,760.9451,1306.1292,15.2711,1731.2166,1236.6947,0.3688
14.4405,763.6432,1305.5701,17.3513,1731.2076,1236.6827,0.3754
14.4506,766.3898,1305.0899,19.4785,1731.2056,1236.6602,0.3972
14.4607,769.1643,1304.6309,21.8459,1731.2091,1236.6733,0.3805
14.4705,771.7299,1304.0933,21.8459,1731.2044,1236.6646,0.3914
14.4808,774.1759,1303.3958,21.8459,1731.1976,1236.6793,0.3874
14.4904,776.3833,1302.7521,21.8459,1731.2164,1236.6766,0.3864
14.5014,778.3611,1301.9262,21.8459,1731.2057,1236.6933,0.3813
14.5128,780.2578,1300.9366,21.8459,1731.2127,1236.6877,0.3874
14.5205,782.2469,1300.1536,21.8459,1731.2118,1236.6872,0.3816
14.5306,785.1320,1299.6382,21.8459,1731.2056,1236.6885,0.3737
14.5409,787.5832,1299.9946,21.8459,1731.2106,1236.6729,0.3792
14.5513,790.2981,1300.5789,21.8459,1731.2148,1236.6808,0.3867
14.5616,793.0431,1301.6869,46.6421,1731.2021,1236.6852,0.3751
14.5721,795.4324,1303.4208,46.6421,1731.2087,1236.6750,0.3938
14.5807,798.0991,1305.0867,46.6421,1731.1984,1236.6889,0.3785
14.5908,800.7421,1307.1321,46.6421,1731.2015,1236.6870,0.3865
14.6008,803.4040,1309.5944,46.6421,1731.2100,1236.6848,0.3845
14.6107,805.9829,1312.4343,46.6421,1731.2137,1236.6933,0.3676
14.6222,808.6500,1315.3568,46.6421,1731.2307,1236.6942,0.3602
14.6307,811.0983,1318.7568,46.6421,1731.2191,1236.6998,0.3602
14.6410,813.8439,1322.4883,46.6421,1731.2179,1236.6759,0.3794
14.6506,816.7972,1326.4919,46.6421,1731.2159,1236.6875,0.3838
14.6611,819.9985,1330.5826,46.6421,1731.1995,1236.6886,0.3914
14.6706,823.1771,1334.8823,46.6421,1731.2000,1236.6734,0.4062
14.6812,826.5510,1339.1698,46.6421,1731.2072,1236.6981,0.3607
14.6909,829.7263,1343.5563,46.6421,1731.2235,1236.6904,0.3707
14.7008,832.9908,1347.8325,46.6421,1731.2078,1236.6872,0.3719
14.7123,836.3045,1352.1462,46.6421,1731.2205,1236.6874,0.3585
14.7206,839.6370,1356.6179,46.6421,1731.2158,1236.6893,0.3596
14.7308,843.2338,1361.1353,46.6421,1731.1888,1236.6777,0.3869
14.7409,846.8745,1365.7212,46.6421,1731.2045,1236.6743,0.3967
14.7507,850.4752,1370.4296,46.6421,1731.2004,1236.6866,0.3938
14.7627,854.1478,1375.0640,46.6421,1731.1862,1236.6711,0.3976
14.7707,857.7083,1379.8607,46.6421,1731.2050,1236.6890,0.3831
14.7809,861.1652,1384.8439,46.6421,1731.2189,1236.6911,0.3749
14.7907,865.0011,1389.5479,46.6421,1731.2094,1236.6820,0.3805
14.8006,868.5514,1394.4178,46.6421,1731.2250,1236.6828,0.3768
14.8110,872.1827,1399.3037,46.6421,1731.2224,1236.6824,0.3769
14.8206,875.9769,1404.1277,46.6421,1731.2034,1236.6774,0.3923
14.8313,879.6069,1408.9808,46.6421,1731.2122,1236.6741,0.3881
14.8415,883.2174,1413.7592,46.6421,1731.2124,1236.6655,0.4126
14.8510,886.8102,1418.5988,46.6421,1731.1968,1236.6763,0.3823
14.8615,890.4278,1423.5189,46.6421,1731.2081,1236.6833,0.3865
14.8710,894.0739,1428.4582,46.6421,1731.2016,1236.6798,0.3836
14.8818,897.6968,1433.2847,46.6421,1731.2081,1236.6789,0.3716
14.8905,901.2395,1438.0890,46.6421,1731.2097,1236.6846,0.3781
14.9008,904.8163,1442.9302,53.6254,1731.2017,1236.6712,0.3846
14.9122,908.3672,1447.8567,53.6254,1731.2104,1236.6660,0.3860
14.9206,911.9178,1452.7408,53.6254,1731.2087,1236.6978,0.3613
14.9304,915.6194,1457.5866,53.6254,1731.2036,1236.6780,0.3800
14.9404,919.4530,1462.4709,53.6254,1731.2139,1236.6850,0.3845
14.9507,923.0518,1467.3138,53.6254,1731.2147,1236.6967,0.3712
14.9606,926.4854,1471.8654,53.6254,1731.1921,1236.6680,0.4003
14.9705,929.8060,1476.1646,53.6254,1731.1954,1236.6811,0.3902
14.9808,932.9112,1480.5021,53.6254,1731.2089,1236.6928,0.3820
14.9911,936.0045,1484.8535,53.6254,1731.2015,1236.6709,0.3878
15.0003,939.2341,1489.4099,53.6254,1731.2131,1236.6978,0.3654
15.0108,942.6213,1493.9682,53.6254,1731.2177,1236.6911,0.3682
15.0207,946.1010,1498.5596,53.6254,1731.2051,1236.6842,0.3722
15.0316,949.6377,1503.4255,53.6254,1731.2090,1236.6870,0.3784
15.0420,953.1950,1508.4060,53.6254,1731.2070,1236.6791,0.3848
15.0508,956.6374,1513.3223,53.6254,1731.1915,1236.6773,0.3848
15.0609,960.1397,1518.0910,53.6254,1731.2091,1236.6754,0.3935
15.0707,963.6104,1522.8596,53.6254,1731.2076,1236.6909,0.3752
15.0810,967.1656,1527.7038,53.6254,1731.2147,1236.6805,0.3776
15.0909,970.8219,1532.5176,53.6254,1731.2152,1236.6872,0.3798
15.1005,974.4549,1537.3241,53.6254,1731.1997,1236.6881,0.3843
15.1114,978.0787,1542.2039,53.6254,1731.2045,1236.6743,0.3918
15.1210,981.7467,1547.2229,53.6254,1731.1973,1236.6862,0.3774
15.1307,985.2852,1552.4568,53.6254,1731.2153,1236.6732,0.3890
15.1410,989.0655,1557.5325,53.6254,1731.2115,1236.6868,0.3780
15.1511,992.7742,1562.5879,53.6254,1731.2205,1236.6924,0.3620
15.1617,996.4181,1567.7389,53.6254,1731.2217,1236.6867,0.3670
15.1718,1000.2050,1572.7737,53.6254,1731.2076,1236.6868,0.3758
15.1829,1003.7061,1577.7540,54.7219,1731.2042,1236.6834,0.3922
15.1908,1007.2510,1582.6713,54.6913,1731.2048,1236.6765,0.3896
15.2009,1010.8065,1587.6251,54.6601,1731.2047,1236.6954,0.3691
15.2107,1014.3627,1592.6561,54.6793,1731.2123,1236.6939,0.3739
15.2211,1018.0253,1597.6798,54.7141,1731.2162,1236.6833,0.3681
15.2305,1021.4151,1602.8078,54.6214,1731.2357,1236.6922,0.3690
15.2410,1024.6641,1607.3776,54.4553,1731.2165,1236.7044,0.3654
15.2509,1027.4948,1611.4313,54.1707,1731.2065,1236.6725,0.3884
15.2611,1029.8446,1615.4930,53.6669,1731.2146,1236.6870,0.3773
15.2711,1031.8317,1619.3404,53.0516,1731.2092,1236.6905,0.3803
15.2811,1033.7062,1622.7296,52.3682,1731.2029,1236.6699,0.4057
15.2918,1035.1403,1626.1634,51.5100,1731.2212,1236.6977,0.3563
15.3009,1036.9480,1629.6833,50.5500,1731.2264,1236.6946,0.3653
15.3110,1039.1327,1632.9423,49.4707,1731.2111,1236.6809,0.3787
15.3215,1040.8689,1636.5726,48.1751,1731.2170,1236.6973,0.3684
15.3312,1043.0584,1639.7953,46.7641,1731.2081,1236.6835,0.3794
15.3408,1044.8062,1642.9368,45.0328,1731.1891,1236.6761,0.3829
15.3502,1046.1537,1646.2050,43.2415,1731.2058,1236.6847,0.3842
15.3606,1047.4953,1649.2632,41.3302,1731.2184,1236.6964,0.3634
15.3707,1048.7024,1652.2855,39.3321,1731.2134,1236.6919,0.3593
15.3809,1049.7859,1655.1985,39.3321,1731.2208,1236.6801,0.3819
15.3916,1050.7789,1658.1865,39.3321,1731.2131,1236.6944,0.3688
15.4004,1052.0151,1660.8487,39.3321,1731.2090,1236.6796,0.3811
15.4113,1053.0251,1663.6830,39.3321,1731.2133,1236.6909,0.3843
15.4205,1054.0937,1666.2421,39.3321,1731.2155,1236.6924,0.3764
15.4310,1055.2371,1668.7421,39.3321,1731.2247,1236.7053,0.3634
15.4406,1056.6709,1671.2333,39.3321,1731.2237,1236.7026,0.3659
15.4506,1058.5039,1673.3483,39.3321,1731.2173,1236.6887,0.3842
15.4615,1060.7683,1675.2786,39.3321,1731.2111,1236.7014,0.3689
15.4703,1063.3911,1677.3370,39.3321,1731.2065,1236.6783,0.3825
15.4819,1066.4876,1679.0747,39.3321,1731.2059,1236.6747,0.3971
15.4922,1069.9506,1680.5321,39.3321,1731.2072,1236.6992,0.3683
15.5029,1073.5835,1682.0432,39.3321,1731.2111,1236.6819,0.3828
15.5126,1077.6076,1683.5107,39.3321,1731.2076,1236.6900,0.3736
15.5237,1081.9488,1684.5415,39.3321,1731.2241,1236.6963,0.3670
15.5303,1086.5356,1685.5937,39.3321,1731.2148,1236.6804,0.3698
15.5403,1091.3392,1686.8080,39.3321,1731.2046,1236.6718,0.3798
15.5509,1096.5560,1687.8014,39.3321,1731.2303,1236.6863,0.3786
15.5604,1101.9995,1688.5533,39.3321,1731.2208,1236.6999,0.3620
15.5722,1107.4951,1689.8472,39.3321,1731.2168,1236.6841,0.3858
15.5809,1113.0423,1691.0894,39.3321,1731.2292,1236.6926,0.3774
15.5906,1118.4704,1692.2303,39.3321,1731.2160,1236.7029,0.3699
15.6014,1123.8530,1693.5104,39.3321,1731.2071,1236.6744,0.3938
15.6109,1129.4395,1694.5297,12.2117,1731.2032,1236.6902,0.3833
15.6220,1135.0044,1695.7333,12.2117,1731.2158,1236.6782,0.3786
15.6308,1140.6031,1696.9811,12.2117,1731.2134,1236.6759,0.3823
15.6408,1146.3591,1698.1474,12.2117,1731.2180,1236.6799,0.3729
15.6507,1152.1196,1699.4372,12.2117,1731.2266,1236.6973,0.3567
15.6613,1157.7549,1700.7091,12.2117,1731.2076,1236.6935,0.3695
15.6708,1163.2292,1701.7970,12.2117,1731.2100,1236.6760,0.3842
15.6807,1168.5453,1702.9516,12.2117,1731.2167,1236.6921,0.3658
15.6910,1173.8094,1704.1072,12.2117,1731.2100,1236.6832,0.3712
15.7012,1179.2197,1705.2194,12.2117,1731.2179,1236.6745,0.3809
15.7107,1184.5677,1706.4630,12.2117,1731.2214,1236.6913,0.3638
15.7206,1189.9562,1707.5096,12.2117,1731.2157,1236.6914,0.3623
15.7317,1195.4141,1708.7162,12.2117,1731.2078,1236.6821,0.3767
15.7418,1201.0671,1710.0370,12.2117,1731.2075,1236.6876,0.3772
15.7519,1206.8890,1711.5444,12.2117,1731.2095,1236.6923,0.3895
15.7631,1212.7864,1712.7917,12.2117,1731.1885,1236.6761,0.3918
15.7706,1218.6523,1714.1578,12.2117,1731.2105,1236.6747,0.3837
15.7812,1224.5583,1715.4356,12.2117,1731.2107,1236.6979,0.3631
15.7911,1230.4821,1716.6844,12.2117,1731.2045,1236.6844,0.3741
15.8012,1236.3521,1717.9661,12.2117,1731.2257,1236.6795,0.3773
15.8108,1242.1346,1719.2938,12.2117,1731.2149,1236.6951,0.3537
15.8208,1248.0650,1720.4728,12.2117,1731.2021,1236.6761,0.3821
15.8306,1254.0079,1721.7746,13.1524,1731.2036,1236.6912,0.3720
15.8408,1259.9658,1723.1375,13.1827,1731.2129,1236.6886,0.3703
15.8506,1265.9752,1724.4781,13.2212,1731.2067,1236.6894,0.3835
15.8603,1272.1089,1725.8053,13.2910,1731.2166,1236.6858,0.3711
15.8705,1278.3558,1727.2411,13.4401,1731.2286,1236.6941,0.3723
15.8809,1284.3482,1728.5682,13.7751,1731.2047,1236.6754,0.3843
15.8913,1289.7336,1729.5032,14.3025,1731.2001,1236.6655,0.3946
15.9016,1294.7020,1730.3193,14.9155,1731.2142,1236.6859,0.3822
15.9113,1299.4623,1730.9922,15.6020,1731.2004,1236.6826,0.3788
15.9229,1303.9942,1731.3010,16.4322,1731.2114,1236.6774,0.3908
15.9307,1308.2123,1732.0475,17.2548,1731.2267,1236.7060,0.3578
15.9406,1312.2722,1732.6867,18.2147,1731.2177,1236.6891,0.3602
15.9507,1316.2671,1733.0220,19.3348,1731.2134,1236.6826,0.3745
15.9608,1320.1197,1733.7607,20.5695,1731.2189,1236.6853,0.3704
15.9707,1323.8658,1734.4593,21.9272,1731.2106,1236.6909,0.3794
15.9806,1327.5427,1734.8204,23.4995,1731.1925,1236.6759,0.3923
15.9907,1331.0588,1735.5794,25.0950,1731.2227,1236.6734,0.3848
16.0007,1334.4096,1736.1193,26.8731,1731.2075,1236.6995,0.3679
16.0107,1337.6147,1736.3661,28.7651,1731.2153,1236.6855,0.3750
16.0204,1340.6976,1736.8760,30.7241,1731.2271,1236.6895,0.3786
16.0309,1343.6216,1737.1931,30.7241,1731.2194,1236.6914,0.3607
16.0405,1346.3823,1737.3997,30.7241,1731.2123,1236.6856,0.3747
16.0515,1349.0884,1737.6559,30.7241,1731.2108,1236.6842,0.3829
16.0609,1351.5862,1737.7761,30.7241,1731.2227,1236.6808,0.3814
16.0707,1353.9110,1737.7059,30.7241,1731.2073,1236.7005,0.3700
16.0811,1356.3300,1737.7384,30.7241,1731.2079,1236.6914,0.3840
16.0910,1358.7383,1737.8552,30.7241,1731.2210,1236.6994,0.3743
16.1009,1360.8629,1738.7949,30.7241,1731.2122,1236.7084,0.3658
16.1110,1363.3747,1740.1095,30.7241,1731.2133,1236.6939,0.3827
16.1212,1366.0604,1741.6531,30.7241,1731.2176,1236.6890,0.3784
16.1308,1368.2815,1744.1155,30.7241,1731.2144,1236.7038,0.3668
16.1413,1370.9365,1746.9014,30.7241,1731.2192,1236.6896,0.3739
16.1503,1373.8179,1749.6296,30.7241,1731.2119,1236.6880,0.3674
16.1611,1376.3522,1752.7151,30.7241,1731.2282,1236.6962,0.3670
16.1705,1378.8334,1756.5938,30.7241,1731.2125,1236.7028,0.3752
16.1805,1382.0008,1760.3668,30.7241,1731.1952,1236.6740,0.3925
16.1908,1385.3527,1764.2570,30.7241,1731.2131,1236.6830,0.3866
16.2004,1388.5744,1768.4452,30.7241,1731.2081,1236.6981,0.3817
16.2106,1392.0618,1772.8781,30.7241,1731.2034,1236.6670,0.4017
16.2202,1395.5334,1777.6014,30.7241,1731.2227,1236.6990,0.3709
16.2312,1399.0274,1782.2065,30.7241,1731.2185,1236.7054,0.3557
16.2411,1402.6598,1786.8233,30.7241,1731.2097,1236.6824,0.3857
16.2506,1406.3797,1791.6063,52.7009,1731.2198,1236.6988,0.3605
16.2608,1410.0128,1796.1875,52.7438,1731.2261,1236.6906,0.3676
16.2712,1413.6489,1800.5634,52.7062,1731.2025,1236.6834,0.3760
16.2808,1417.1977,1805.0303,52.6563,1731.2111,1236.6891,0.3584
16.2906,1420.6228,1809.8016,52.5310,1731.2223,1236.6927,0.3549
16.3011,1424.1755,1814.4800,52.2188,1731.1998,1236.6912,0.3608
16.3107,1427.4203,1818.6653,51.8177,1731.2075,1236.6796,0.3837
16.3204,1429.8301,1822.8294,51.0937,1731.2212,1236.7015,0.3631
16.3305,1432.1157,1826.6675,50.2976,1731.2006,1236.6856,0.3804
16.3409,1434.2757,1830.5050,49.3613,1731.2136,1236.6808,0.3871
16.3504,1436.4282,1834.1312,48.3855,1731.2238,1236.7031,0.3483
16.3622,1438.1659,1837.8595,47.1210,1731.2104,1236.6871,0.3745
16.3722,1440.2838,1841.5804,45.7777,1731.2144,1236.6828,0.3689
16.3811,1442.5231,1844.9580,44.3434,1731.2333,1236.6935,0.3588
16.3914,1443.9750,1848.6063,42.5540,1731.2208,1236.6900,0.3631
16.4014,1445.6563,1851.8961,40.7979,1731.2024,1236.6782,0.3768
16.4106,1447.3639,1854.9875,38.8863,1731.2256,1236.6836,0.3718
16.4203,1448.5466,1858.1622,38.8863,1731.2104,1236.6992,0.3651
16.4307,1449.6010,1861.1249,38.8863,1731.1950,1236.6735,0.3845
16.4413,1451.1270,1863.9133,38.8863,1731.2177,1236.6935,0.3803
16.4505,1452.6337,1866.6302,38.8863,1731.2150,1236.6966,0.3538
16.4609,1453.7360,1869.4264,38.8863,1731.2056,1236.6807,0.3844
16.4719,1455.1571,1871.4434,38.8863,1731.2155,1236.6877,0.3709
16.4805,1456.5997,1873.6489,38.8863,1731.2289,1236.6820,0.3726
16.4905,1458.4748,1875.7429,38.8863,1731.2053,1236.6890,0.3752
16.5005,1461.0667,1877.5359,38.8863,1731.2213,1236.6836,0.3780
16.5108,1464.1479,1879.0471,38.8863,1731.2315,1236.7003,0.3671
16.5219,1467.4230,1880.8201,38.8863,1731.2186,1236.7045,0.3603
16.5317,1471.3588,1882.2018,38.8863,1731.2184,1236.6830,0.3701
16.5411,1475.5917,1883.5563,38.8863,1731.2242,1236.7051,0.3566
16.5509,1480.0315,1884.8254,38.8863,1731.2199,1236.6976,0.3636
16.5605,1484.7153,1886.4621,38.8863,1731.2147,1236.6837,0.3823
16.5708,1489.7055,1887.9095,18.7139,1731.2178,1236.6876,0.3621
16.5806,1494.8132,1889.6375,18.6716,1731.2228,1236.6911,0.3700
16.5914,1500.0756,1891.3186,18.6692,1731.2101,1236.6949,0.3662
16.6015,1505.5268,1893.1436,18.6731,1731.2180,1236.6927,0.3596
16.6109,1510.7945,1894.9254,18.7430,1731.2285,1236.7023,0.3656
16.6205,1515.8535,1896.8002,18.7534,1731.2101,1236.6949,0.3655
16.6307,1520.4817,1898.3044,18.8216,1731.2253,1236.6842,0.3819
16.6410,1524.3986,1899.4419,18.9317,1731.2067,1236.7034,0.3619
16.6505,1527.5632,1900.6958,18.9416,1731.2104,1236.6833,0.3708
16.6610,1530.4516,1901.7629,18.8874,1731.2222,1236.6951,0.3657
16.6707,1532.9432,1902.5569,18.7432,1731.2136,1236.7070,0.3633
16.6813,1535.0050,1903.3960,18.4453,1731.2217,1236.7007,0.3690
16.6906,1536.5639,1904.3022,17.7417,1731.2086,1236.6993,0.3663
16.7013,1537.8353,1905.2503,16.8256,1731.2185,1236.6939,0.3742
16.7113,1539.7591,1906.0637,15.7151,1731.2077,1236.7000,0.3664
16.7221,1542.4194,1906.7676,14.4410,1731.2066,1236.6811,0.3705
16.7304,1544.9938,1907.7971,13.0768,1731.2239,1236.6799,0.3769
16.7405,1547.3455,1908.9563,11.3975,1731.2173,1236.7056,0.3511
16.7508,1549.4316,1909.6348,9.5161,1731.2091,1236.6875,0.3694
16.7611,1551.0278,1910.5732,7.4702,1731.2193,1236.6918,0.3646
16.7710,1552.4346,1912.0602,5.2065,1731.2169,1236.6998,0.3600
16.7816,1553.7737,1913.2095,2.9343,1731.2057,1236.6956,0.3815
16.7925,1555.1455,1914.2164,0.5105,1731.2112,1236.6948,0.3772
16.8025,1556.5215,1915.4517,-2.0322,1731.2189,1236.6891,0.3801
16.8123,1557.9498,1916.6058,-4.6546,1731.2091,1236.6954,0.3677
16.8217,1559.3558,1917.6294,-7.3933,1731.2148,1236.6857,0.3669
16.8321,1560.6338,1918.9507,-10.2896,1731.2299,1236.6993,0.3560
16.8425,1561.8619,1920.1392,-13.2685,1731.2089,1236.7007,0.3524
16.8505,1562.9578,1921.5239,-16.3611,1731.2061,1236.6750,0.3847
16.8608,1564.0640,1922.9911,-16.3611,1731.2109,1236.7008,0.3687
16.8705,1565.1095,1924.4958,-16.3611,1731.2078,1236.6958,0.3738
16.8806,1566.1594,1925.8682,-16.3611,1731.2029,1236.6807,0.3886
16.8916,1567.3635,1927.3978,-16.3611,1731.2125,1236.6997,0.3645
16.9005,1568.4230,1928.5567,-16.3611,1731.2122,1236.6900,0.3726
16.9104,1569.7147,1929.9089,-16.3611,1731.2022,1236.6933,0.3845
16.9203,1570.8873,1930.1458,-16.3611,1731.2179,1236.6873,0.3917
16.9305,1572.5571,1930.2642,-16.3611,1731.2159,1236.6967,0.3758
16.9410,1574.3723,1930.0172,-16.3611,1731.1984,1236.6889,0.3820
16.9509,1575.9317,1929.2628,-16.3611,1731.2183,1236.6781,0.3839
16.9606,1577.6250,1928.2844,-16.3611,1731.2292,1236.7004,0.3558
16.9708,1579.6375,1926.8851,-16.3611,1731.2116,1236.6908,0.3712
16.9804,1581.6597,1924.9806,-16.3611,1731.2145,1236.6890,0.3805
16.9909,1583.6213,1922.6838,-51.6115,1731.2162,1236.7002,0.3626
17.0004,1585.7082,1919.9918,-51.6115,1731.2078,1236.6829,0.3953
17.0118,1588.0386,1917.0873,-51.6115,1731.1975,1236.6888,0.3863
17.0208,1590.3857,1914.1104,-51.6115,1731.2219,1236.6964,0.3759
17.0307,1592.5642,1910.6361,-51.6115,1731.2108,1236.7102,0.3622
17.0411,1594.9302,1906.9946,-51.6115,1731.2083,1236.6931,0.3701
17.0504,1597.3704,1903.6735,-54.9484,1731.2330,1236.6939,0.3762
17.0604,1599.7089,1900.5106,-54.9060,1731.2164,1236.7031,0.3567
17.0707,1602.2089,1897.2273,-54.9867,1731.2109,1236.6776,0.3880
17.0809,1604.8510,1893.3886,-54.8868,1731.2216,1236.7009,0.3706
17.0907,1607.6816,1889.0497,-54.5932,1731.2199,1236.6982,0.3633
17.1010,1610.5157,1884.6593,-53.9932,1731.2120,1236.6995,0.3701
17.1106,1613.0951,1880.8375,-53.1494,1731.2189,1236.7051,0.3555
17.1204,1615.3513,1877.3996,-52.2708,1731.2292,1236.6967,0.3567
17.1312,1617.1034,1874.0874,-51.1857,1731.2116,1236.6958,0.3620
17.1418,1618.7491,1870.8444,-51.1857,1731.2129,1236.6880,0.3603
17.1525,1620.1591,1867.7726,-51.1857,1731.2194,1236.6936,0.3673
17.1624,1621.8001,1864.9697,-51.1857,1731.2093,1236.6927,0.3716
17.1705,1623.4611,1862.0327,-51.1857,1731.2111,1236.6837,0.3745
17.1811,1624.9510,1859.2267,-51.1857,1731.2164,1236.6958,0.3708
17.1907,1626.6932,1856.6377,-51.1857,1731.2166,1236.6943,0.3615
17.2007,1628.2758,1853.9153,-51.1857,1731.2164,1236.6951,0.3793
17.2107,1629.8924,1851.1104,-51.1857,1731.2155,1236.7019,0.3693
17.2203,1631.9484,1848.4951,-51.1857,1731.2195,1236.6894,0.3744
17.2311,1634.8478,1846.0074,-51.1857,1731.2109,1236.6940,0.3710
17.2404,1638.0627,1842.9924,-51.1857,1731.2161,1236.6797,0.3776
17.2506,1641.3756,1839.8883,-51.1857,1731.2200,1236.6978,0.3626
17.2625,1645.3010,1837.2020,-51.1857,1731.2162,1236.6967,0.3595
17.2707,1649.3661,1834.2020,-37.4025,1731.2161,1236.6747,0.3790
17.2804,1653.3107,1830.9739,-37.2983,1731.2050,1236.7019,0.3635
17.2903,1657.4784,1827.8916,-37.2949,1731.2042,1236.6870,0.3806
17.3008,1661.7739,1824.5249,-37.2949,1731.1970,1236.6791,0.3882
17.3108,1666.1615,1820.9897,-37.2651,1731.2130,1236.6794,0.3819
17.3205,1670.6079,1817.7531,-37.2651,1731.2114,1236.6841,0.3777
17.3305,1674.4243,1814.7963,-37.2651,1731.2025,1236.6768,0.3695
17.3413,1677.4760,1812.3279,-37.2651,1731.2273,1236.6782,0.3728
17.3509,1680.2296,1810.1713,-37.2651,1731.2160,1236.7044,0.3560
17.3611,1682.8281,1808.3278,-37.2651,1731.2080,1236.6812,0.3706
17.3714,1684.9910,1806.4367,-36.8301,1731.2205,1236.6887,0.3780
17.3809,1686.8464,1805.0446,-36.8858,1731.2199,1236.7113,0.3605
17.3907,1689.1573,1803.5087,-37.0993,1731.2054,1236.6823,0.3819
17.4016,1692.1904,1801.1591,-37.2069,1731.2077,1236.6837,0.3845
17.4124,1695.6664,1798.8174,-37.1297,1731.2188,1236.6813,0.3763
17.4204,1699.0968,1795.9976,-37.1085,1731.2030,1236.6730,0.3920
17.4307,1702.4468,1793.2087,-37.0823,1731.2068,1236.6828,0.3695
17.4410,1705.2264,1791.2404,-36.9908,1731.2203,1236.6846,0.3663
17.4507,1707.1508,1789.3600,-36.8742,1731.2114,1236.7039,0.3531
17.4613,1709.0642,1787.9240,-36.8452,1731.2148,1236.6927,0.3687
17.4712,1710.8139,1786.7406,-36.7259,1731.2232,1236.6896,0.3646
17.4823,1711.8181,1785.7799,-36.3795,1731.2017,1236.6935,0.3623
17.4904,1712.4903,1785.0739,-35.8853,1731.2078,1236.6707,0.3954
17.5013,1712.8265,1784.6683,-35.1607,1731.2067,1236.6852,0.3811
17.5116,1712.6664,1784.1097,-34.2411,1731.2156,1236.6866,0.3750
17.5233,1712.3550,1783.6702,-33.1372,1731.2194,1236.6971,0.3783
17.5319,1712.2795,1783.6577,-31.8466,1731.2150,1236.6977,0.3615
17.5414,1712.6609,1783.0527,-30.3163,1731.2171,1236.6930,0.3711
17.5518,1713.4438,1782.4601,-28.7920,1731.2055,1236.6967,0.3618
17.5607,1714.4874,1781.8839,-27.0826,1731.2095,1236.6710,0.3734
17.5706,1715.4990,1781.3043,-25.0635,1731.2178,1236.6864,0.3729
17.5808,1715.9161,1780.5385,-22.7545,1731.2170,1236.6852,0.3499
17.5909,1716.3699,1779.9762,-20.4400,1731.2162,1236.6696,0.3779
17.6004,1716.5012,1779.2689,-17.9428,1731.2125,1236.6943,0.3569
17.6108,1716.6509,1778.6257,-15.3816,1731.2073,1236.6875,0.3746
17.6211,1716.7679,1777.7059,-12.7201,1731.1967,1236.6816,0.3923
17.6308,1717.1311,1777.0621,-10.0164,1731.1976,1236.6852,0.3878
17.6410,1717.3513,1776.2291,-7.2439,1731.2027,1236.6813,0.3869
17.6530,1717.4797,1775.3392,-4.3539,1731.1993,1236.6780,0.3757
17.6611,1717.7051,1774.4541,-1.4300,1731.2221,1236.6735,0.3812
17.6710,1717.8658,1773.6597,1.5479,1731.2087,1236.6873,0.3655
17.6807,1718.1615,1772.7368,4.5480,1731.2053,1236.6802,0.3606
17.6906,1718.3963,1771.9016,7.5708,1731.2141,1236.6769,0.3776
17.7005,1718.6290,1770.8077,10.6801,1731.1917,1236.6922,0.3677
17.7106,1718.7659,1769.7226,13.7995,1731.1921,1236.6725,0.3890
17.7203,1718.8683,1768.2033,16.9692,1731.2036,1236.6884,0.3851
17.7305,1718.9102,1766.7897,20.1629,1731.2142,1236.6860,0.3704
17.7407,1719.0053,1765.3384,23.3939,1731.2072,1236.6893,0.3729
17.7506,1719.1015,1763.9757,26.6363,1731.2115,1236.6891,0.3686
17.7613,1719.3666,1762.4260,29.8859,1731.2139,1236.6851,0.3760
17.7719,1719.6199,1760.8908,29.8859,1731.2027,1236.7073,0.3665
17.7809,1719.8865,1759.3951,29.8859,1731.2049,1236.6894,0.3774
17.7906,1720.2135,1758.0762,29.8859,1731.2094,1236.6914,0.3848
17.8004,1720.5915,1756.4434,29.8859,1731.2093,1236.7047,0.3533
17.8104,1721.0696,1754.8879,29.8859,1731.2213,1236.6826,0.3757
17.8212,1721.6349,1753.6080,29.8859,1731.2155,1236.6936,0.3766
17.8308,1722.2380,1753.1733,29.8859,1731.2103,1236.6885,0.3686
17.8409,1723.1217,1753.2934,29.8859,1731.2188,1236.6811,0.3851
17.8506,1724.3842,1753.5442,29.8859,1731.2077,1236.6853,0.3781
17.8609,1725.1036,1754.5120,29.8859,1731.2086,1236.6855,0.3852
17.8717,1725.8305,1756.1304,29.8859,1731.2141,1236.7055,0.3586
17.8804,1727.3820,1757.2146,29.8859,1731.2099,1236.6744,0.3824
17.8904,1728.1258,1758.8561,29.8859,1731.2175,1236.6970,0.3641
17.9003,1728.7778,1761.4694,29.8859,1731.2147,1236.7000,0.3564
17.9104,1730.4301,1764.2095,66.0209,1731.2112,1236.6617,0.3949
17.9208,1731.8748,1767.0576,66.8087,1731.2078,1236.6930,0.3741
17.9322,1732.3994,1770.6797,67.6086,1731.2142,1236.6895,0.3760
17.9425,1734.0041,1774.6056,67.6086,1731.2086,1236.6875,0.3826
17.9506,1735.9612,1778.5615,67.6086,1731.2097,1236.6882,0.3748
17.9611,1737.2861,1782.4943,67.6086,1731.2175,1236.6930,0.3799
17.9706,1738.8942,1785.8313,67.6086,1731.2049,1236.6911,0.3807
17.9806,1740.1027,1788.8478,67.6086,1731.2071,1236.6716,0.3910
17.9907,1740.9696,1791.9256,67.6086,1731.2095,1236.6936,0.3733
18.0006,1742.3152,1794.8820,67.6086,1731.2033,1236.6772,0.3809
18.0109,1743.8383,1798.1525,67.6086,1731.2090,1236.6753,0.3892
18.0209,1745.5035,1801.5453,67.6086,1731.2119,1236.7088,0.3573
18.0321,1747.4045,1805.4463,67.6086,1731.2152,1236.6851,0.3716
18.0421,1749.7121,1809.8756,67.6086,1731.2144,1236.6966,0.3661
18.0505,1751.8379,1814.8156,67.6086,1731.2196,1236.6913,0.3545
18.0604,1754.0635,1819.8857,67.6086,1731.2232,1236.6943,0.3690
18.0712,1756.4263,1824.8567,67.6086,1731.2059,1236.6922,0.3674
18.0823,1758.7434,1829.9348,67.6086,1731.2180,1236.6785,0.3855
18.0910,1761.0737,1835.2966,67.6086,1731.2172,1236.7061,0.3684
18.1009,1763.6055,1840.5900,67.6086,1731.2144,1236.6929,0.3685
18.1105,1765.9390,1845.9360,67.6086,1731.2241,1236.6930,0.3713
18.1206,1768.3434,1851.1997,66.0555,1731.2164,1236.7087,0.3509
18.1308,1770.6849,1856.4257,66.0467,1731.2125,1236.6864,0.3707
18.1410,1773.0648,1861.6351,66.1013,1731.2151,1236.7034,0.3622
18.1507,1775.3545,1867.0143,66.1464,1731.2208,1236.6836,0.3632
18.1603,1777.7779,1872.4110,66.2212,1731.2083,1236.6932,0.3653
18.1718,1780.1731,1877.7481,66.2711,1731.2165,1236.6945,0.3644
18.1814,1782.1215,1882.5293,66.2566,1731.2225,1236.6993,0.3613
18.1918,1784.0633,1886.5200,66.3015,1731.2164,1236.7112,0.3584
18.2007,1785.5621,1890.0074,66.2710,1731.2101,1236.6764,0.3913
18.2111,1786.8133,1893.2802,66.2002,1731.2083,1236.7077,0.3765
18.2212,1788.0936,1896.0385,65.9991,1731.2054,1236.6973,0.3794
18.2309,1789.0500,1898.3030,65.6025,1731.2041,1236.6750,0.3993
18.2407,1789.5496,1900.4136,64.9869,1731.2181,1236.7091,0.3598
18.2509,1789.8324,1902.1299,64.2125,1731.2254,1236.6977,0.3579
18.2617,1789.6884,1903.5547,63.2279,1731.2198,1236.6931,0.3688
18.2720,1789.2318,1905.0798,61.9470,1731.2214,1236.6861,0.3559
18.2817,1789.6788,1906.7007,60.6182,1731.2162,1236.6970,0.3627
18.2910,1790.1709,1908.7742,59.0615,1731.1929,1236.6832,0.3706
18.3008,1790.8042,1910.9100,57.5160,1731.2162,1236.6803,0.3778
18.3109,1791.2424,1912.8339,55.5926,1731.2251,1236.7135,0.3534
18.3202,1791.4559,1914.5151,53.4276,1731.2001,1236.6819,0.3782
18.3306,1791.3906,1916.2009,51.1166,1731.2177,1236.6864,0.3818
18.3407,1791.3300,1917.8254,48.7412,1731.2122,1236.7111,0.3551
18.3506,1790.9996,1919.6668,46.1429,1731.2002,1236.6728,0.3906
18.3611,1791.0632,1921.2109,43.5481,1731.2010,1236.6868,0.3875
18.3705,1790.7308,1922.9099,40.6945,1731.2228,1236.6878,0.3674
18.3807,1790.1667,1924.6566,37.7716,1731.2112,1236.6837,0.3710
18.3902,1789.6351,1926.3766,34.7810,1731.2065,1236.6852,0.3604
18.4015,1789.2130,1927.9421,31.6919,1731.2336,1236.6934,0.3519
18.4113,1788.6516,1929.5982,28.5059,1731.2057,1236.6959,0.3531
18.4224,1787.9666,1931.3491,25.2398,1731.2061,1236.6669,0.3868
18.4308,1787.4406,1932.9820,21.9700,1731.2108,1236.6890,0.3757
18.4422,1786.7377,1934.7378,18.6059,1731.1945,1236.6933,0.3682
18.4525,1786.1808,1936.4719,15.2380,1731.2089,1236.6785,0.3910
18.4607,1785.7918,1938.2114,11.8023,1731.2072,1236.7119,0.3632
18.4703,1785.4462,1939.8631,8.3960,1731.2104,1236.6903,0.3656
18.4819,1785.1143,1941.6304,4.9153,1731.2125,1236.6829,0.3758
18.4907,1784.8928,1943.3578,1.4533,1731.2103,1236.6802,0.3626
18.5008,1784.6851,1945.0475,-2.0184,1731.2150,1236.6791,0.3816
18.5107,1784.5344,1947.0121,-5.5051,1731.2123,1236.6947,0.3546
18.5234,1784.5043,1948.6864,-8.9837,1731.2222,1236.6790,0.3747
18.5324,1784.4985,1950.5461,-12.4969,1731.2170,1236.7045,0.3570
18.5427,1784.6410,1952.2233,-12.4969,1731.2098,1236.6986,0.3633
18.5505,1784.8290,1953.8906,-12.4969,1731.2052,1236.6787,0.3823
18.5610,1785.0384,1955.6378,-12.4969,1731.1996,1236.6992,0.3645
18.5718,1785.3450,1957.2911,-12.4969,1731.2074,1236.6862,0.3770
18.5806,1785.6730,1959.1734,-12.4969,1731.1948,1236.6817,0.3731
18.5917,1786.0344,1960.5141,-12.4969,1731.2020,1236.6778,0.3711
18.6007,1786.6408,1961.2853,-12.4969,1731.2145,1236.6940,0.3626
18.6108,1787.5413,1961.5895,-12.4969,1731.1985,1236.6906,0.3600
18.6203,1788.7830,1961.4041,-12.4969,1731.2252,1236.6844,0.3790
18.6307,1790.0166,1961.1848,-12.4969,1731.2125,1236.7053,0.3651
18.6403,1790.9929,1960.3265,-45.2174,1731.2027,1236.6841,0.3901
18.6507,1792.5749,1959.4668,-47.2219,1731.2148,1236.6895,0.3902
18.6605,1794.1267,1957.9445,-48.8161,1731.2043,1236.7075,0.3716
18.6705,1795.7163,1956.1761,-50.3271,1731.2024,1236.6781,0.3892
18.6807,1797.3386,1953.9969,-51.4780,1731.2082,1236.7001,0.3652
18.6908,1799.0109,1951.5250,-52.2646,1731.2168,1236.6901,0.3657
18.7012,1800.8381,1949.7327,-52.5087,1731.2067,1236.6932,0.3770
18.7115,1802.1109,1948.3912,-52.3338,1731.2051,1236.6912,0.3702
18.7204,1803.3009,1946.7454,-51.9535,1731.2183,1236.6856,0.3755
18.7308,1805.0051,1944.9633,-51.2491,1731.1935,1236.6926,0.3628
18.7419,1806.6942,1942.6829,-50.2068,1731.2190,1236.6757,0.3800
18.7505,1808.0511,1940.8060,-48.9628,1731.2147,1236.6999,0.3670
18.7604,1808.9404,1939.1771,-47.4401,1731.2094,1236.6929,0.3659
18.7704,1809.6885,1937.6443,-45.7430,1731.2164,1236.6837,0.3903
18.7805,1810.0750,1936.0636,-43.7900,1731.2036,1236.6970,0.3855
18.7914,1810.8200,1934.7405,-43.7900,1731.2029,1236.6860,0.3845
18.8010,1811.1279,1932.9714,-43.7900,1731.2024,1236.6916,0.3919
18.8106,1811.9121,1931.5429,-43.7900,1731.2018,1236.6883,0.3839
18.8208,1812.2746,1930.0743,-43.7900,1731.2245,1236.6898,0.3702
18.8305,1812.2059,1928.5281,-43.7900,1731.2217,1236.7122,0.3370
18.8409,1812.4094,1926.9174,-43.7900,1731.2264,1236.6781,0.3596
18.8512,1813.2951,1925.5518,-43.7900,1731.2312,1236.7111,0.3462
18.8616,1814.7859,1924.0352,-43.7900,1731.2026,1236.6893,0.3589
18.8706,1816.7530,1922.2458,-43.7900,1731.2014,1236.6682,0.3868
18.8805,1819.0802,1920.7702,-43.7900,1731.1912,1236.6974,0.3711
18.8906,1821.6996,1919.4605,-43.7900,1731.2017,1236.6798,0.3923
18.9008,1824.6783,1917.9666,-43.7900,1731.1974,1236.6854,0.3860
18.9106,1828.1307,1916.6543,-43.7900,1731.2144,1236.6961,0.3749
18.9212,1831.9873,1915.3384,-43.7900,1731.2250,1236.7038,0.3627
18.9308,1836.4020,1914.1245,-43.7900,1731.2093,1236.6969,0.3581
18.9407,1841.0867,1912.5356,-43.7900,1731.2290,1236.6832,0.3841
18.9508,1846.0104,1910.9126,-43.7900,1731.2066,1236.7028,0.3608
18.9616,1851.0393,1908.9771,-43.7900,1731.2086,1236.6713,0.3830
18.9704,1856.1012,1906.9198,-43.7900,1731.2114,1236.6913,0.3766
18.9807,1861.2476,1905.0196,-43.7900,1731.2083,1236.7047,0.3616
18.9903,1866.4821,1903.0668,-43.7900,1731.2130,1236.6840,0.3776
19.0004,1871.8531,1901.1638,-43.7900,1731.2065,1236.7020,0.3678
19.0109,1877.1993,1899.2017,-43.7900,1731.2108,1236.6901,0.3776
19.0205,1882.4979,1897.1492,-43.7900,1731.2048,1236.6905,0.3746
19.0311,1888.0569,1895.0536,-43.7900,1731.2104,1236.6841,0.3735
19.0406,1893.7674,1892.8109,-43.7900,1731.2101,1236.6812,0.3748
19.0507,1899.5435,1890.7137,-43.7900,1731.2086,1236.7042,0.3584
19.0607,1905.3942,1888.7963,-43.7900,1731.2141,1236.6757,0.3711
19.0707,1911.0864,1886.7206,-43.7900,1731.2240,1236.6888,0.3684
19.0808,1916.5715,1884.6416,-43.7900,1731.2209,1236.7024,0.3607
19.0916,1922.0014,1882.5101,-43.7900,1731.2103,1236.6728,0.3925
19.1013,1927.5476,1880.4847,-43.7900,1731.2159,1236.6901,0.3779
19.1127,1933.2330,1878.5038,-43.7900,1731.2196,1236.6936,0.3705
19.1204,1938.9568,1876.4214,-43.7900,1731.2090,1236.6967,0.3747
19.1314,1944.7747,1874.3976,-43.7900,1731.2123,1236.6912,0.3652
19.1407,1950.6877,1872.4686,-43.7900,1731.2281,1236.7091,0.3581
19.1504,1956.5167,1870.3193,-43.7900,1731.1947,1236.7016,0.3638
19.1608,1962.3792,1868.2340,-43.7900,1731.2036,1236.6679,0.3941
19.1708,1968.1855,1866.1180,-43.7900,1731.2098,1236.7013,0.3710
19.1808,1973.9468,1863.9315,-43.7900,1731.1954,1236.6784,0.3738
19.1906,1979.7695,1861.8504,-19.0137,1731.2043,1236.6730,0.3792
19.2007,1985.6858,1859.8959,-19.0137,1731.2121,1236.7098,0.3460
19.2104,1991.6685,1857.7481,-19.0137,1731.2225,1236.6886,0.3608
19.2208,1997.6508,1855.6502,-19.0137,1731.2145,1236.7107,0.3659
19.2320,2003.5283,1853.5208,-19.0137,1731.2161,1236.6999,0.3677
19.2408,2009.3114,1851.5397,-19.0137,1731.2069,1236.7010,0.3732
19.2504,2014.7441,1849.6191,-19.0137,1731.1926,1236.6935,0.3832
19.2605,2019.7938,1847.8437,-19.0137,1731.1995,1236.6816,0.3859
19.2705,2024.5659,1846.1487,-19.0137,1731.2081,1236.7153,0.3548
19.2807,2029.4086,1844.4939,-19.0137,1731.2100,1236.6830,0.3680
19.2905,2034.5222,1842.8884,-19.0137,1731.2042,1236.6782,0.3711
19.3016,2039.7530,1841.1880,-19.0137,1731.2050,1236.6999,0.3530
19.3112,2045.1492,1839.3407,-19.0137,1731.2049,1236.6729,0.3773
19.3215,2050.8508,1837.3607,-19.0137,1731.1961,1236.6874,0.3686
19.3305,2056.8870,1835.2323,-19.0137,1731.2060,1236.6881,0.3621
19.3412,2062.8417,1833.0491,-19.0137,1731.2077,1236.7007,0.3610
19.3506,2068.7556,1831.0721,-19.0137,1731.2042,1236.6923,0.3753
19.3607,2074.4911,1829.1666,-19.0137,1731.2092,1236.6837,0.3850
19.3709,2080.1124,1827.1938,-19.0137,1731.2075,1236.7070,0.3594
19.3816,2085.9180,1825.1574,-19.0137,1731.1980,1236.6602,0.4076
19.3906,2091.8221,1822.9368,-19.0137,1731.1921,1236.6796,0.3843
19.4010,2097.8093,1820.9011,-19.0137,1731.2059,1236.6967,0.3613
19.4107,2103.8599,1819.0623,-19.0137,1731.2194,1236.6811,0.3680
19.4205,2109.8118,1817.0031,-19.0137,1731.2182,1236.7171,0.3424
19.4304,2115.6341,1815.0976,-19.0137,1731.2223,1236.7000,0.3569
19.4408,2121.2651,1812.9413,-19.0137,1731.1999,1236.6915,0.3683
19.4503,2127.0715,1810.9980,-18.2283,1731.1974,1236.6707,0.3920
19.4610,2132.9985,1809.1169,-18.1376,1731.1991,1236.6803,0.3928
19.4711,2138.8477,1807.1627,-18.0548,1731.1908,1236.6923,0.3717
19.4806,2144.7662,1805.2820,-18.0254,1731.2021,1236.6715,0.3902
19.4910,2150.8007,1803.5522,-18.1052,1731.2124,1236.7153,0.3577
19.5005,2156.6384,1801.6373,-18.3677,1731.2100,1236.7055,0.3433
19.5114,2161.9702,1799.9577,-18.7629,1731.2123,1236.6903,0.3774
19.5223,2167.0216,1798.9366,-19.4634,1731.2162,1236.7111,0.3498
19.5311,2171.8281,1798.1076,-20.2495,1731.2162,1236.6802,0.3728
19.5409,2176.2563,1797.1078,-21.0808,1731.2065,1236.6883,0.3719
19.5521,2180.5712,1796.4686,-21.0808,1731.2137,1236.6871,0.3656
19.5613,2185.0063,1795.9117,-21.0808,1731.2121,1236.7007,0.3608
19.5721,2189.1160,1794.7519,-21.0808,1731.1980,1236.6964,0.3652
19.5816,2193.0596,1793.9578,-21.0808,1731.2080,1236.6792,0.3824
19.5922,2196.8322,1793.6207,-21.0808,1731.1987,1236.7032,0.3655
19.6006,2200.0981,1792.8466,-21.0808,1731.1949,1236.6739,0.3836
19.6110,2203.3517,1792.0785,-21.0808,1731.1997,1236.6859,0.3685
19.6210,2206.6334,1791.4504,-21.0808,1731.2106,1236.7064,0.3467
19.6310,2209.7023,1789.8669,-21.0808,1731.2121,1236.6871,0.3710
19.6409,2213.0692,1787.9889,-21.0808,1731.2145,1236.6997,0.3549
19.6504,2216.6556,1785.5635,-21.0808,1731.2239,1236.6974,0.3526
19.6604,2220.5713,1782.8489,-21.0808,1731.1949,1236.7021,0.3657
19.6719,2224.7600,1779.7129,-21.0808,1731.1950,1236.6830,0.3746
19.6815,2229.3562,1776.4366,-21.0808,1731.2146,1236.6900,0.3715
19.6908,2234.1050,1773.3085,-21.0808,1731.1967,1236.7077,0.3577
19.7002,2238.8320,1770.3529,-21.0808,1731.2052,1236.6756,0.3749
19.7105,2243.4435,1767.4002,-21.0808,1731.2115,1236.7115,0.3508
19.7209,2248.1152,1764.2365,-21.0808,1731.2107,1236.7045,0.3547
19.7304,2252.8778,1761.0892,-21.0808,1731.2032,1236.6774,0.3834
19.7403,2257.6877,1757.8968,-21.0808,1731.2116,1236.7091,0.3556
19.7502,2262.6368,1754.7559,-21.0808,1731.2083,1236.6915,0.3719
19.7605,2267.4269,1751.5426,-21.0808,1731.1976,1236.6909,0.3742
19.7713,2272.0808,1748.5244,-21.0808,1731.2168,1236.6968,0.3558
19.7816,2276.7756,1745.7026,-21.0808,1731.2180,1236.7030,0.3607
19.7910,2281.2281,1742.8663,-21.0808,1731.1989,1236.6952,0.3591
19.8004,2285.6077,1740.0761,-21.0808,1731.2243,1236.6884,0.3635
19.8110,2290.0151,1737.3642,-21.0808,1731.2089,1236.7158,0.3624
19.8220,2294.2959,1734.6238,-21.0808,1731.2057,1236.6936,0.3757
19.8304,2298.4875,1731.8458,-21.0808,1731.2118,1236.6992,0.3706
19.8407,2302.6262,1729.2208,-21.0808,1731.2055,1236.7088,0.3652
19.8504,2306.5686,1726.5756,-21.0808,1731.2002,1236.6881,0.3861
19.8608,2310.5647,1724.1646,-21.0808,1731.2013,1236.7012,0.3692
19.8707,2314.3566,1721.5640,-21.0808,1731.2097,1236.6885,0.3680
19.8808,2318.2284,1719.2222,-21.0808,1731.2040,1236.6847,0.3709
19.8903,2321.7677,1716.8460,-21.0808,1731.2126,1236.6933,0.3646
19.9004,2325.4136,1714.7082,-21.0808,1731.2122,1236.6941,0.3679
19.9111,2328.8070,1712.5256,-21.0808,1731.2092,1236.7149,0.3595
19.9211,2332.2197,1710.3361,-21.0808,1731.2087,1236.6902,0.3732
19.9328,2335.4888,1708.2128,-21.0808,1731.2084,1236.7058,0.3717
19.9407,2338.7673,1706.1694,-21.0808,1731.1962,1236.7119,0.3586
19.9506,2341.8990,1704.1520,-21.0808,1731.2041,1236.6805,0.3830
19.9610,2344.9922,1702.2211,-21.0808,1731.2015,1236.6979,0.3649
19.9709,2348.0720,1700.2857,-31.8921,1731.2054,1236.6841,0.3727
19.9814,2350.9205,1698.4373,-31.8921,1731.1986,1236.6934,0.3677
19.9909,2353.8132,1696.6312,-31.8921,1731.2101,1236.6895,0.3721
20.0006,2356.4591,1694.9017,-31.8921,1731.2122,1236.6953,0.3786
20.0108,2359.0259,1693.2584,-31.8921,1731.2028,1236.7115,0.3618
20.0209,2361.5385,1691.6773,-31.8921,1731.2170,1236.6882,0.3832
20.0308,2363.6975,1690.3763,-31.8921,1731.2131,1236.7040,0.3653
20.0406,2365.6307,1689.1155,-31.8921,1731.2075,1236.6963,0.3653
20.0508,2367.6925,1687.8727,-31.8921,1731.2193,1236.6926,0.3703
20.0606,2369.8285,1686.6177,-31.8921,1731.2095,1236.7051,0.3645
20.0704,2371.9114,1685.2881,-31.8921,1731.2099,1236.6795,0.3783
20.0812,2374.0548,1683.9249,-31.8921,1731.2003,1236.7030,0.3681
20.0905,2376.1171,1682.6509,-31.8921,1731.2001,1236.6819,0.3933
20.1006,2377.9873,1681.5351,-31.8921,1731.2030,1236.6922,0.3776
20.1104,2380.0385,1680.2858,-31.8921,1731.2055,1236.7122,0.3500
20.1210,2382.3458,1678.8784,-31.8921,1731.2217,1236.6843,0.3715
20.1310,2384.6879,1677.5198,-31.8921,1731.2173,1236.7092,0.3538
20.1406,2386.8295,1676.1541,-31.8921,1731.2162,1236.6937,0.3527
20.1505,2389.0112,1674.7469,-31.8921,1731.2097,1236.6807,0.3719
20.1608,2391.1326,1673.4444,-31.8921,1731.1934,1236.6950,0.3797
20.1704,2393.0946,1672.3082,-31.8921,1731.1930,1236.6783,0.3967
20.1807,2395.1230,1671.0724,-31.8921,1731.1978,1236.7029,0.3816
20.1905,2397.2860,1669.7445,-31.8921,1731.2038,1236.6880,0.3867
20.2021,2399.3134,1668.5330,-31.8921,1731.2110,1236.7149,0.3638
20.2117,2401.1395,1667.3905,-31.8921,1731.2133,1236.7025,0.3616
20.2224,2403.0394,1666.2537,-31.8921,1731.2149,1236.6780,0.3756
20.2320,2405.0533,1665.0963,-31.8921,1731.2112,1236.7100,0.3472
20.2409,2406.8152,1663.9260,-31.8921,1731.2073,1236.6771,0.3819
20.2505,2408.5236,1662.8461,-31.8921,1731.2000,1236.6821,0.3801
20.2604,2410.3340,1661.7567,-31.8921,1731.2064,1236.7029,0.3717
20.2713,2412.1517,1660.6455,-31.8921,1731.1920,1236.6881,0.3826
20.2805,2413.7548,1659.6259,-31.8921,1731.1857,1236.6996,0.3840
20.2906,2415.3340,1658.6701,-31.8921,1731.2101,1236.6960,0.3783
20.3008,2416.9698,1657.6832,-31.8921,1731.1960,1236.6965,0.3814
20.3106,2418.6534,1656.6342,-31.8921,1731.2056,1236.6699,0.3793
20.3203,2420.2018,1655.6602,-31.8921,1731.2226,1236.6880,0.3676
20.3314,2421.5864,1654.8438,-31.8921,1731.2060,1236.7086,0.3545
20.3406,2423.0382,1653.9932,-31.8921,1731.2111,1236.6842,0.3707
20.3504,2424.5807,1653.1658,-31.8921,1731.2189,1236.7148,0.3510
20.3606,2426.0883,1652.1918,-30.9570,1731.1982,1236.6945,0.3760
20.3704,2427.4536,1651.2663,-30.9570,1731.1930,1236.6765,0.3958
20.3814,2428.7906,1650.4504,-30.9570,1731.1990,1236.7018,0.3727
20.3907,2430.1261,1649.6498,-30.9570,1731.1945,1236.6711,0.3977
20.4026,2431.5095,1648.8704,-30.9570,1731.1940,1236.6975,0.3709
20.4107,2432.8757,1648.0244,-30.9570,1731.2214,1236.6896,0.3776
20.4206,2434.1401,1647.2703,-30.9570,1731.2114,1236.6973,0.3668
20.4314,2435.3933,1646.6196,-30.9570,1731.2001,1236.7127,0.3520
20.4416,2436.6096,1645.9347,-30.9570,1731.2040,1236.6921,0.3641
20.4503,2437.7494,1645.2023,-30.9570,1731.2016,1236.7046,0.3625
20.4605,2438.8368,1644.4055,-30.9570,1731.2026,1236.6756,0.3780
20.4706,2439.9963,1643.7032,-30.9570,1731.2072,1236.6834,0.3823
20.4806,2441.1672,1643.0734,-30.9570,1731.2028,1236.6972,0.3653
20.4904,2442.3226,1642.4387,-30.9570,1731.2188,1236.6836,0.3753
20.5007,2443.4631,1641.7583,-30.9570,1731.1971,1236.6972,0.3758
20.5102,2444.6263,1640.9804,-30.9570,1731.2001,1236.6844,0.3886
20.5204,2445.9156,1640.2293,-30.9570,1731.1995,1236.6974,0.3780
20.5312,2447.2352,1639.4257,-30.9570,1731.2037,1236.6866,0.3817
20.5418,2448.5682,1638.6550,-30.9570,1731.2032,1236.6797,0.3891
20.5521,2449.8864,1638.0064,-30.9570,1731.2097,1236.7077,0.3562
20.5606,2451.1750,1637.3234,-30.9570,1731.2123,1236.6848,0.3729
20.5705,2452.4166,1636.6023,-30.9570,1731.2124,1236.6948,0.3766
20.5806,2453.6519,1635.8244,-30.9570,1731.2162,1236.7039,0.3559
20.5905,2454.8469,1635.0550,-30.9570,1731.2031,1236.6878,0.3792
20.6004,2456.0127,1634.4232,-30.9570,1731.1940,1236.6936,0.3717
20.6110,2457.1383,1633.8156,-30.9570,1731.2012,1236.6815,0.3779
20.6210,2458.2391,1633.1940,-30.9570,1731.2001,1236.7029,0.3628
20.6305,2459.3573,1632.5589,-30.9570,1731.2097,1236.6881,0.3725
20.6410,2460.4626,1631.8536,-30.9570,1731.2125,1236.6937,0.3696
20.6514,2461.6016,1631.1462,-30.9570,1731.2052,1236.7072,0.3557
20.6606,2462.7325,1630.4513,-30.9570,1731.2047,1236.6744,0.3886
20.6707,2463.9193,1629.8662,-30.9570,1731.1978,1236.7006,0.3793
20.6807,2465.0405,1629.2703,-30.9570,1731.2048,1236.6855,0.3758
20.6924,2466.0796,1628.6542,-30.9570,1731.2086,1236.6860,0.3693
20.7034,2467.1022,1628.0488,-30.9570,1731.2069,1236.6971,0.3631
20.7111,2468.1331,1627.3460,-30.9570,1731.2177,1236.6921,0.3674
20.7209,2469.2217,1626.6241,-30.9570,1731.1945,1236.7112,0.3527
20.7311,2470.3712,1625.9181,-30.9570,1731.2077,1236.6903,0.3738
20.7409,2471.4998,1625.3229,-30.9570,1731.2008,1236.6959,0.3822
20.7510,2472.5565,1624.7368,-30.9570,1731.1891,1236.7012,0.3667
20.7605,2473.5875,1624.1398,-30.9570,1731.2101,1236.6754,0.3870
20.7710,2474.6062,1623.5481,-30.9570,1731.2071,1236.7172,0.3577
20.7808,2475.6168,1622.8613,-30.9570,1731.2014,1236.6914,0.3714
20.7904,2476.6715,1622.1780,-30.9570,1731.2021,1236.6884,0.3746
20.8006,2477.7366,1621.5515,-30.9570,1731.2034,1236.6960,0.3677
20.8107,2478.7595,1620.9388,-30.9570,1731.2004,1236.6808,0.3767
20.8209,2479.8029,1620.3682,-30.9570,1731.1917,1236.6965,0.3763
20.8307,2480.8115,1619.7736,-30.9570,1731.2088,1236.6802,0.3718
20.8422,2481.7892,1619.2339,-30.9570,1731.2161,1236.7090,0.3571
20.8518,2482.7618,1618.6201,-30.9570,1731.2079,1236.7051,0.3553
20.8624,2483.7821,1617.9662,-30.9570,1731.2095,1236.6889,0.3736
20.8721,2484.8641,1617.3350,-30.9570,1731.2013,1236.7148,0.3547
20.8826,2485.9121,1616.7183,-30.9570,1731.1959,1236.6797,0.3827
20.8905,2486.9465,1616.1588,-30.9570,1731.1941,1236.6854,0.3785
20.9007,2487.9598,1615.5955,-30.9570,1731.1973,1236.6879,0.3759
20.9117,2488.9242,1615.0157,-30.9570,1731.2008,1236.6776,0.3763
20.9224,2489.8667,1614.4622,-30.9570,1731.1979,1236.6964,0.3623
20.9316,2490.8418,1613.8442,-30.9570,1731.2133,1236.6916,0.3653
20.9422,2491.7938,1613.2540,-30.9570,1731.2008,1236.7080,0.3669
20.9522,2492.7505,1612.6973,-30.9570,1731.2005,1236.6937,0.3748
20.9603,2493.7616,1612.1871,-30.9570,1731.2108,1236.6964,0.3734
20.9702,2494.7482,1611.6474,-30.9570,1731.1976,1236.7040,0.3669
20.9803,2495.6862,1611.0555,-30.9570,1731.2034,1236.6704,0.3942
20.9916,2496.6125,1610.5221,-30.9570,1731.2054,1236.7090,0.3697
21.0003,2497.5370,1609.9507,-30.9570,1731.2045,1236.6862,0.3720
21.0103,2498.4836,1609.3520,-30.9570,1731.1941,1236.6828,0.3861
21.0210,2499.4500,1608.8060,-30.9570,1731.1984,1236.6960,0.3682
21.0307,2500.3862,1608.2309,-30.9570,1731.2060,1236.6839,0.3768
21.0407,2501.3828,1607.7062,-30.9570,1731.1871,1236.7040,0.3652
21.0504,2502.3558,1607.1748,-30.9570,1731.2061,1236.6880,0.3617
21.0610,2503.2780,1606.6312,-30.9570,1731.2106,1236.6857,0.3631
21.0704,2504.1858,1606.0970,-30.9570,1731.1994,1236.6889,0.3634
21.0810,2505.1035,1605.5518,-30.9570,1731.2018,1236.6703,0.3921
21.0906,2506.0798,1604.9785,-30.9570,1731.1957,1236.6950,0.3718
21.1002,2507.0143,1604.3715,-30.9570,1731.1878,1236.6805,0.3852
21.1110,2507.9668,1603.7961,-30.9570,1731.1951,1236.6900,0.3934
21.1204,2508.9530,1603.2650,-29.8922,1731.1940,1236.6949,0.3776
21.1311,2509.9379,1602.7297,-29.8922,1731.2038,1236.6907,0.3751
21.1416,2510.8650,1602.2129,-29.8922,1731.2051,1236.7104,0.3619
21.1517,2511.7286,1601.6541,-29.8922,1731.2089,1236.6797,0.3660
21.1625,2512.5873,1601.1392,-29.8922,1731.2081,1236.7015,0.3519
21.1706,2513.4464,1600.6049,-29.8922,1731.2013,1236.6869,0.3678
21.1806,2514.2589,1600.0687,-29.8922,1731.1949,1236.6769,0.3824
21.1908,2515.0189,1599.6266,-29.8922,1731.1879,1236.7079,0.3470
21.2006,2515.7689,1599.1915,-29.8922,1731.1896,1236.6828,0.3826
21.2110,2516.5323,1598.7688,-29.8922,1731.1870,1236.6945,0.3782
21.2204,2517.3431,1598.3679,-29.8922,1731.1913,1236.6956,0.3629
21.2305,2518.1754,1597.9198,-29.8922,1731.2016,1236.6814,0.3853
21.2404,2519.0742,1597.4193,-29.8922,1731.2003,1236.6943,0.3577
21.2506,2520.0515,1596.8553,-29.8922,1731.2076,1236.6935,0.3690
21.2609,2521.0127,1596.2449,-29.8922,1731.2078,1236.7090,0.3547
21.2711,2521.9324,1595.6437,-29.8922,1731.2041,1236.6931,0.3689
21.2809,2522.8912,1595.1188,-29.8922,1731.2128,1236.7022,0.3641
21.2913,2523.8578,1594.5854,-29.8922,1731.1922,1236.7095,0.3520
21.3005,2524.8273,1594.0596,-29.8922,1731.1990,1236.6618,0.3996
21.3105,2525.8218,1593.5438,-29.8922,1731.1917,1236.6941,0.3697
21.3210,2526.7347,1592.9948,-29.8922,1731.2109,1236.6839,0.3754
21.3307,2527.6472,1592.4105,-29.8922,1731.1936,1236.6832,0.3793
21.3407,2528.5610,1591.8671,-29.8922,1731.1985,1236.6979,0.3546
21.3505,2529.4646,1591.3294,-29.8922,1731.2047,1236.6909,0.3813
21.3611,2530.3296,1590.8210,-29.8922,1731.1837,1236.7151,0.3582
21.3709,2531.2513,1590.2983,-29.8922,1731.1988,1236.6808,0.3835
21.3804,2532.2334,1589.7828,-29.8922,1731.2026,1236.6962,0.3781
21.3906,2533.2076,1589.2435,-29.8922,1731.2017,1236.7030,0.3581
21.4006,2534.0996,1588.6651,-29.8922,1731.2050,1236.6685,0.3866
21.4109,2535.0149,1588.1545,-29.8922,1731.2130,1236.7014,0.3510
21.4205,2535.8989,1587.6415,-29.8922,1731.2162,1236.6830,0.3702
21.4307,2536.7500,1587.1252,-29.8922,1731.1945,1236.6927,0.3793
21.4424,2537.5757,1586.6049,-29.8922,1731.1992,1236.7069,0.3620
21.4506,2538.4285,1586.1029,-29.8922,1731.2047,1236.6846,0.3870
21.4615,2539.3552,1585.6415,-29.8922,1731.1819,1236.7041,0.3676
21.4712,2540.3102,1585.1266,-29.8922,1731.2101,1236.6846,0.3716
21.4817,2541.1937,1584.5895,-29.8922,1731.2086,1236.7098,0.3502
21.4902,2542.0619,1584.0417,-29.8922,1731.1986,1236.6921,0.3592
21.5003,2542.9395,1583.5475,-29.8922,1731.2082,1236.6811,0.3749
21.5103,2543.7745,1583.1071,-29.8922,1731.1979,1236.7098,0.3603
21.5210,2544.5880,1582.5897,-29.8922,1731.1923,1236.6703,0.3857
21.5305,2545.4447,1582.0938,-29.8922,1731.2000,1236.6967,0.3687
21.5406,2546.3499,1581.5971,-29.8922,1731.2049,1236.7006,0.3629
21.5502,2547.3179,1581.1027,-29.8922,1731.2090,1236.6836,0.3676
21.5607,2548.2621,1580.5730,-29.8922,1731.2147,1236.7040,0.3570
21.5709,2549.1838,1580.0090,-29.8922,1731.2137,1236.6853,0.3686
21.5810,2550.0375,1579.4882,-29.8922,1731.2026,1236.7018,0.3695
21.5918,2550.9034,1579.0276,-29.8922,1731.1985,1236.6880,0.3866
21.6004,2551.7152,1578.5256,-29.8922,1731.1917,1236.6849,0.3842
21.6105,2552.5304,1578.0005,-29.8922,1731.1880,1236.7043,0.3530
21.6211,2553.3982,1577.5078,-29.8922,1731.2059,1236.6822,0.3700
21.6307,2554.3448,1577.0485,-29.8922,1731.2017,1236.6985,0.3488
21.6416,2555.3210,1576.5204,-29.8922,1731.2187,1236.6870,0.3545
21.6508,2556.1715,1575.9395,-29.8922,1731.2103,1236.6894,0.3617
21.6607,2557.0592,1575.4039,-29.8922,1731.1997,1236.6982,0.3651
21.6704,2557.9208,1574.9037,-29.8922,1731.2053,1236.6796,0.3803
21.6804,2558.7697,1574.4653,-29.8922,1731.1982,1236.7153,0.3615
21.6906,2559.5776,1573.9685,-29.8922,1731.1984,1236.6781,0.3890
21.7007,2560.4070,1573.4898,-29.8922,1731.2009,1236.7006,0.3674
21.7105,2561.2858,1572.9988,-29.8922,1731.2084,1236.7007,0.3601
21.7206,2562.2332,1572.5099,-29.8922,1731.2087,1236.6665,0.3849
21.7322,2563.1710,1571.9985,-29.8922,1731.2034,1236.6993,0.3591
21.7422,2564.0645,1571.4376,-29.8922,1731.2130,1236.6877,0.3732
21.7505,2564.9141,1570.9057,-29.8922,1731.1910,1236.6815,0.3716
21.7606,2565.7994,1570.4352,-29.8922,1731.2015,1236.7076,0.3589
21.7715,2566.6274,1569.9478,-29.8922,1731.2054,1236.6926,0.3716
21.7808,2567.4513,1569.4460,-29.8922,1731.1875,1236.6995,0.3674
21.7913,2568.3258,1568.9457,-29.8922,1731.2032,1236.6734,0.3784
21.8003,2569.2698,1568.4409,-29.8922,1731.2002,1236.6935,0.3706
21.8105,2570.1689,1567.9282,-29.8922,1731.1967,1236.6808,0.3678
21.8208,2571.0625,1567.4178,-29.8922,1731.2042,1236.6806,0.3801
21.8308,2571.9447,1566.9199,-29.8922,1731.2047,1236.7141,0.3516
21.8404,2572.7896,1566.4269,-29.8922,1731.2165,1236.6888,0.3714
21.8505,2573.6378,1565.9543,-29.8922,1731.2074,1236.7169,0.3675
21.8608,2574.4437,1565.4554,-29.8922,1731.2031,1236.7079,0.3571
21.8706,2575.2617,1564.9490,-29.8922,1731.2070,1236.6920,0.3820
21.8815,2576.1676,1564.4473,-29.8922,1731.2025,1236.6932,0.3618
21.8929,2577.1213,1563.9515,-29.8922,1731.1971,1236.6722,0.3771
21.9018,2578.0150,1563.4579,-29.8922,1731.1964,1236.6912,0.3624
21.9109,2578.8662,1562.9418,-29.8922,1731.2017,1236.6828,0.3630
21.9205,2579.7177,1562.4564,-29.8922,1731.2031,1236.6951,0.3702
21.9309,2580.5947,1562.0100,-29.8922,1731.1890,1236.7130,0.3593
21.9421,2581.4393,1561.5303,-29.8922,1731.2037,1236.6794,0.3849
21.9506,2582.2639,1561.0153,-29.8922,1731.2031,1236.7064,0.3584
21.9607,2583.1229,1560.4807,-29.8922,1731.2136,1236.6867,0.3785
21.9706,2584.0544,1559.9763,-29.8922,1731.2117,1236.6855,0.3679
21.9806,2585.0398,1559.4793,-29.8922,1731.2176,1236.7020,0.3496
21.9908,2585.9543,1558.9476,-29.8922,1731.2079,1236.6805,0.3734
22.0006,2586.8137,1558.4542,-29.8922,1731.1949,1236.7021,0.3660
22.0106,2587.6743,1557.9629,-29.8922,1731.2059,1236.6839,0.3797
22.0208,2588.5038,1557.5218,-29.8922,1731.1915,1236.6963,0.3765
22.0308,2589.3246,1557.0002,-29.8922,1731.2020,1236.6964,0.3682
22.0410,2590.1311,1556.4751,-29.8922,1731.2140,1236.6828,0.3700
22.0507,2591.0344,1555.9594,-29.8922,1731.2112,1236.7002,0.3570
22.0616,2591.9949,1555.4620,-29.8922,1731.2186,1236.6841,0.3662
22.0704,2592.9484,1554.9438,-29.8922,1731.2081,1236.7023,0.3681
22.0807,2593.8265,1554.4002,-29.8922,1731.1951,1236.6859,0.3713
22.0906,2594.6744,1553.8922,-29.8922,1731.2040,1236.6871,0.3799
22.1006,2595.5343,1553.4425,-29.8922,1731.1935,1236.7010,0.3591
22.1104,2596.3439,1552.9886,-29.8922,1731.2077,1236.6721,0.3786
22.1206,2597.1578,1552.4976,-29.8922,1731.2093,1236.7014,0.3519
22.1304,2597.9987,1551.9614,-29.8922,1731.2078,1236.6955,0.3572
22.1414,2598.9056,1551.4501,-29.8922,1731.2096,1236.6840,0.3760
22.1504,2599.8801,1550.9856,-29.8922,1731.1997,1236.7090,0.3571
22.1609,2600.7889,1550.4711,-29.8922,1731.2005,1236.6834,0.3851
22.1701,2601.6714,1549.9636,-29.8922,1731.1939,1236.7022,0.3719
22.1802,2602.5304,1549.4435,-29.8922,1731.1977,1236.6871,0.3733
22.1909,2603.3646,1548.9933,-29.8922,1731.2033,1236.6807,0.3810
22.2009,2604.1962,1548.5542,-29.8922,1731.1965,1236.6939,0.3635
22.2104,2605.0402,1548.0547,-29.8922,1731.2043,1236.6741,0.3812
22.2218,2605.9679,1547.5735,-29.0281,1731.1971,1236.7030,0.3562
22.2309,2606.9335,1547.0711,-29.0318,1731.2023,1236.6821,0.3696
22.2412,2607.8925,1546.5891,-29.0315,1731.2032,1236.6953,0.3656
22.2506,2608.7859,1546.0715,-28.9756,1731.1956,1236.7038,0.3547
22.2606,2609.6652,1545.5410,-28.7185,1731.2078,1236.6894,0.3674
22.2705,2610.5731,1545.0355,-28.7185,1731.2011,1236.7051,0.3614
22.2824,2611.4816,1544.5610,-28.7185,1731.2095,1236.6786,0.3813
22.2910,2612.3855,1543.9986,-28.7185,1731.1935,1236.6890,0.3811
22.3005,2613.2748,1543.4570,-28.7185,1731.1935,1236.6888,0.3760
22.3117,2613.9862,1542.8862,-28.7185,1731.2078,1236.6761,0.3756
22.3209,2614.3646,1542.1201,-28.7185,1731.1945,1236.7095,0.3494
22.3320,2614.7107,1541.3195,-28.7185,1731.2094,1236.6721,0.3775
22.3416,2615.1674,1540.3747,-28.7185,1731.2031,1236.6932,0.3592
22.3506,2615.9700,1539.6841,-28.7185,1731.1978,1236.6948,0.3656
22.3606,2616.8212,1539.0416,-28.7185,1731.1929,1236.6661,0.3926
22.3707,2617.4059,1538.4852,-28.7185,1731.1974,1236.7048,0.3632
22.3805,2618.0465,1538.2300,-28.7185,1731.2054,1236.6849,0.3742
22.3916,2618.8358,1538.0811,-28.7185,1731.1911,1236.6981,0.3699
22.4016,2619.7716,1537.8334,-28.7185,1731.2017,1236.6938,0.3642
22.4106,2620.7207,1537.4125,-28.7185,1731.2077,1236.6923,0.3669
22.4206,2621.7292,1536.9485,-28.7185,1731.1929,1236.6973,0.3592
22.4315,2622.8469,1536.5875,-28.7185,1731.2012,1236.6740,0.3908
22.4411,2624.0264,1536.3234,-28.7185,1731.1951,1236.7001,0.3645
22.4504,2625.0898,1535.9485,-28.7185,1731.2054,1236.6841,0.3855
22.4608,2626.0197,1535.5468,-28.7185,1731.1997,1236.6842,0.3825
22.4706,2626.8887,1535.1663,-28.7185,1731.2007,1236.7190,0.3536
22.4803,2627.8030,1534.8032,-28.7185,1731.2016,1236.6864,0.3719
22.4910,2628.7257,1534.4897,-28.7185,1731.2001,1236.7020,0.3643
22.5007,2629.6941,1534.1669,-28.7185,1731.2043,1236.6912,0.3637
22.5106,2630.6935,1533.8351,-28.7185,1731.1921,1236.6826,0.3833
22.5204,2631.7405,1533.5054,-28.7185,1731.1902,1236.6885,0.3661
22.5308,2632.8325,1533.1095,-28.7185,1731.2037,1236.6870,0.3754
22.5404,2633.8660,1532.7158,-28.7185,1731.1945,1236.7105,0.3571
22.5511,2634.8276,1532.3326,-28.7185,1731.1951,1236.6903,0.3754
22.5609,2635.7343,1532.0128,-28.7185,1731.2097,1236.6951,0.3663
22.5703,2636.6226,1531.6817,-28.7185,1731.2013,1236.7010,0.3718
22.5808,2637.5403,1531.3119,-28.7185,1731.1982,1236.6741,0.3875
22.5915,2638.5220,1530.9929,-28.7185,1731.2071,1236.7043,0.3541
22.6012,2639.5448,1530.6511,-28.7185,1731.2088,1236.6938,0.3623
22.6106,2640.5868,1530.2498,-28.7185,1731.2004,1236.6991,0.3566
22.6204,2641.6487,1529.8008,-28.7185,1731.2061,1236.7014,0.3577
22.6307,2642.6626,1529.4036,-28.7185,1731.1999,1236.6902,0.3829
22.6412,2643.6344,1529.0369,-28.7185,1731.1791,1236.7052,0.3716
22.6522,2644.5720,1528.6771,-28.7185,1731.1961,1236.6812,0.3752
22.6618,2645.5275,1528.3019,-28.7185,1731.2066,1236.7021,0.3554
22.6710,2646.4862,1527.9326,-28.7185,1731.2009,1236.6944,0.3507
22.6808,2647.4933,1527.6075,-28.7185,1731.2157,1236.6876,0.3605
22.6914,2648.5439,1527.2905,-28.7185,1731.2106,1236.7093,0.3431
22.7011,2649.5948,1526.9142,-28.7185,1731.2037,1236.6780,0.3789
22.7106,2650.6327,1526.5347,-28.7185,1731.1923,1236.6913,0.3776
22.7208,2651.5251,1526.1166,-28.7185,1731.2045,1236.6810,0.3750
22.7316,2652.3967,1525.7482,-28.7185,1731.1966,1236.6832,0.3755
22.7406,2653.3345,1525.3999,-28.7185,1731.1924,1236.7096,0.3580
22.7506,2654.2979,1525.0078,-28.7185,1731.2214,1236.6788,0.3586
22.7608,2655.2649,1524.6797,-28.7185,1731.2134,1236.7124,0.3512
22.7705,2656.2555,1524.3618,-28.7185,1731.2051,1236.6854,0.3541
22.7804,2657.2334,1524.0546,-28.7185,1731.2042,1236.6839,0.3790
22.7908,2658.1166,1523.7549,-28.7185,1731.1880,1236.7014,0.3596
22.8023,2658.9010,1523.4205,-28.7185,1731.1973,1236.6728,0.3983
22.8122,2659.7174,1523.0976,-28.7185,1731.1882,1236.6973,0.3763
22.8219,2660.5930,1522.7704,-28.7185,1731.2113,1236.7008,0.3660
22.8312,2661.4535,1522.4445,-28.7185,1731.2007,1236.6909,0.3643
22.8415,2662.3739,1522.0961,-28.7185,1731.1974,1236.6989,0.3604
22.8514,2663.3403,1521.7294,-28.7185,1731.2056,1236.6796,0.3726
22.8606,2664.3657,1521.3842,-28.7185,1731.1952,1236.7001,0.3585
22.8708,2665.3719,1521.0866,-28.7185,1731.2090,1236.6835,0.3725
22.8806,2666.2552,1520.8270,-28.7185,1731.2111,1236.7055,0.3652
22.8907,2667.0466,1520.5113,-28.7185,1731.2026,1236.7123,0.3499
22.9003,2667.8436,1520.1678,-28.7185,1731.2041,1236.6854,0.3674
22.9106,2668.6732,1519.8619,-28.7185,1731.1998,1236.7148,0.3503
22.9209,2669.5018,1519.5173,-28.7185,1731.1960,1236.6836,0.3774
22.9309,2670.3658,1519.1834,-28.7185,1731.1917,1236.6877,0.3641
22.9403,2671.3218,1518.8500,-28.7185,1731.2050,1236.6987,0.3625
22.9513,2672.3320,1518.5270,-28.7185,1731.2098,1236.6809,0.3670
22.9608,2673.3203,1518.1976,-28.7185,1731.2053,1236.7095,0.3417
22.9707,2674.2380,1517.8900,-28.7185,1731.2133,1236.6931,0.3635
22.9808,2675.0878,1517.5552,-28.7185,1731.1987,1236.7053,0.3596
22.9905,2675.9218,1517.2142,-28.7185,1731.1987,1236.6980,0.3689
23.0006,2676.8041,1516.8688,-28.7185,1731.1878,1236.6864,0.3838
23.0113,2677.7286,1516.4870,-28.7185,1731.1903,1236.6985,0.3761
23.0224,2678.6907,1516.1202,-28.7185,1731.2070,1236.6928,0.3688
23.0318,2679.7047,1515.7656,-28.7185,1731.2042,1236.6949,0.3604
23.0405,2680.7610,1515.4218,-19.5532,1731.2006,1236.6793,0.3648
23.0520,2681.7809,1515.1207,-19.5532,1731.2131,1236.6955,0.3576
23.0606,2682.7333,1514.7866,-19.5532,1731.1984,1236.7140,0.3456
23.0703,2683.5607,1514.4003,-19.5532,1731.1999,1236.6781,0.3822
23.0806,2684.3984,1514.0906,-19.5532,1731.1964,1236.7147,0.3665
23.0909,2685.2180,1513.7519,-19.5532,1731.1951,1236.6965,0.3713
23.1004,2685.9954,1513.4502,-19.5532,1731.1995,1236.6863,0.3758
23.1110,2686.7791,1513.1440,-19.5532,1731.2067,1236.7094,0.3560
23.1212,2687.5332,1512.8463,-19.5532,1731.2034,1236.6901,0.3643
23.1310,2688.4125,1512.5883,-19.5532,1731.1942,1236.6942,0.3677
23.1418,2689.3691,1512.3185,-19.5532,1731.2040,1236.6896,0.3763
23.1507,2690.3380,1511.9973,-19.5532,1731.2012,1236.7002,0.3778
23.1606,2691.3038,1511.6407,-19.5532,1731.1996,1236.7046,0.3654
23.1704,2692.2198,1511.2436,-19.5532,1731.2151,1236.6863,0.3800
23.1806,2693.1403,1510.8905,-19.5532,1731.2013,1236.7126,0.3457
23.1916,2694.0603,1510.5132,-19.5532,1731.2047,1236.6777,0.3698
23.2008,2695.0115,1510.1549,-19.5532,1731.1980,1236.6911,0.3713
23.2120,2696.0013,1509.7997,-19.5532,1731.2053,1236.6949,0.3674
23.2211,2697.0344,1509.4921,-19.5532,1731.1988,1236.6778,0.3827
23.2319,2698.0564,1509.1779,-19.5532,1731.1901,1236.6978,0.3611
23.2402,2698.9799,1508.8895,-19.5532,1731.2125,1236.6982,0.3690
23.2511,2699.8103,1508.5399,-19.5532,1731.2013,1236.7095,0.3563
23.2611,2700.6848,1508.1558,-19.5532,1731.2010,1236.6931,0.3672
23.2703,2701.5734,1507.7906,-19.5532,1731.2075,1236.6832,0.3730
23.2804,2702.5087,1507.4267,-19.5532,1731.1911,1236.7075,0.3564
23.2906,2703.4967,1507.0461,-19.5532,1731.2095,1236.6701,0.3821
23.3006,2704.5585,1506.7230,-19.5532,1731.2018,1236.6993,0.3522
23.3112,2705.6547,1506.4209,-19.5532,1731.2155,1236.7082,0.3498
23.3206,2706.6552,1506.0727,-19.5532,1731.1951,1236.6861,0.3742
23.3308,2707.6083,1505.7662,-19.5532,1731.1998,1236.7086,0.3561
23.3406,2708.4690,1505.4248,-19.5532,1731.2045,1236.6918,0.3723
23.3506,2709.3119,1505.0732,-19.5532,1731.1813,1236.6906,0.3775
23.3608,2710.1832,1504.7241,-19.5532,1731.1964,1236.6811,0.3679
23.3713,2711.0991,1504.3726,-19.5532,1731.2029,1236.6894,0.3681
23.3808,2712.0505,1504.0351,-19.5532,1731.1921,1236.7010,0.3528
23.3912,2713.0814,1503.7526,-19.5532,1731.2180,1236.6941,0.3734
23.4010,2714.1204,1503.4637,-19.5532,1731.2095,1236.7126,0.3476
23.4116,2715.0575,1503.1425,-19.5532,1731.1924,1236.6859,0.3636
23.4209,2715.9576,1502.8196,-19.5532,1731.2057,1236.6936,0.3772
23.4306,2716.8348,1502.4799,-19.5532,1731.1949,1236.7002,0.3638
23.4409,2717.7130,1502.1209,-19.5532,1731.1956,1236.6768,0.3816
23.4505,2718.6475,1501.7449,-19.5532,1731.1992,1236.7036,0.3521
23.4605,2719.6399,1501.3557,-19.5532,1731.2145,1236.6937,0.3684
23.4710,2720.6547,1501.0366,-19.5532,1731.1891,1236.7007,0.3646
23.4811,2721.7109,1500.7448,-19.5532,1731.1962,1236.7083,0.3632
23.4905,2722.7250,1500.4434,-19.5532,1731.1988,1236.6896,0.3780
23.5005,2723.6704,1500.1415,-19.5532,1731.1851,1236.7068,0.3571
23.5107,2724.5582,1499.7803,-19.5532,1731.2031,1236.6851,0.3712
23.5209,2725.4445,1499.4012,-19.5532,1731.2001,1236.6986,0.3649
23.5306,2726.3571,1499.0078,-19.5532,1731.2021,1236.7036,0.3472
23.5405,2727.2891,1498.6312,-19.5532,1731.2047,1236.6847,0.3633
23.5505,2728.3314,1498.2943,-19.5532,1731.1953,1236.6970,0.3619
23.5629,2729.3873,1497.9937,-19.5532,1731.1979,1236.6836,0.3766
23.5713,2730.4392,1497.7189,-19.5532,1731.1970,1236.7002,0.3589
23.5822,2731.4299,1497.4067,-19.5532,1731.1959,1236.6908,0.3633
23.5921,2732.3806,1497.0328,-19.5532,1731.2027,1236.6778,0.3771
23.6017,2733.2893,1496.6751,-19.5532,1731.1994,1236.7090,0.3512
23.6110,2734.1450,1496.3088,-19.5532,1731.2029,1236.6866,0.3672
23.6216,2735.0679,1495.9610,-19.5532,1731.1994,1236.6936,0.3636
23.6312,2736.0728,1495.6247,-19.5532,1731.2021,1236.6966,0.3564
23.6412,2737.0991,1495.2650,-19.5532,1731.2017,1236.6863,0.3663
23.6510,2738.1565,1494.9539,-19.5532,1731.1969,1236.7019,0.3553
23.6605,2739.1891,1494.6453,-19.5532,1731.2103,1236.6890,0.3605
23.6704,2740.1571,1494.3534,-19.5532,1731.2021,1236.7052,0.3502
23.6815,2741.0526,1494.0153,-19.5532,1731.2006,1236.6862,0.3668
23.6923,2741.8820,1493.6520,-19.5532,1731.1964,1236.6958,0.3622
23.7008,2742.7573,1493.2750,-19.5532,1731.1929,1236.7003,0.3536
23.7116,2743.6699,1492.9125,-19.5532,1731.1945,1236.6788,0.3842
23.7205,2744.6619,1492.5855,-19.5532,1731.1905,1236.7070,0.3518
23.7309,2745.7283,1492.2396,-19.5532,1731.2089,1236.7020,0.3590
23.7409,2746.7684,1491.9221,-19.5532,1731.2028,1236.6953,0.3698
23.7507,2747.7959,1491.6225,-19.5532,1731.2001,1236.7076,0.3495
23.7612,2748.7092,1491.3361,-19.5532,1731.1996,1236.6917,0.3555
23.7712,2749.5546,1490.9952,-19.5532,1731.1908,1236.6982,0.3689
23.7806,2750.3785,1490.6375,-19.5532,1731.2023,1236.6834,0.3771
23.7905,2751.2231,1490.3056,-19.5532,1731.1951,1236.7002,0.3628
23.8003,2752.1558,1489.9590,-19.5532,1731.1884,1236.6945,0.3698
23.8109,2753.1584,1489.6291,-19.5532,1731.2018,1236.6788,0.3763
23.8227,2754.2468,1489.3213,-19.5532,1731.2008,1236.7168,0.3493
23.8307,2755.3024,1488.9652,-19.5532,1731.1923,1236.6790,0.3719
23.8414,2756.3340,1488.6820,-19.5532,1731.1996,1236.6883,0.3596
23.8514,2757.2661,1488.3918,-19.5532,1731.1992,1236.7045,0.3503
23.8610,2758.0978,1488.0201,-19.5532,1731.1935,1236.6844,0.3746
23.8710,2758.9562,1487.6644,-19.5532,1731.1968,1236.7074,0.3600
23.8811,2759.8392,1487.2968,-19.5532,1731.2167,1236.6965,0.3595
23.8912,2760.7942,1486.9663,-19.5532,1731.1845,1236.7052,0.3556
23.9017,2761.8147,1486.6130,-19.5532,1731.1979,1236.6935,0.3641
23.9114,2762.8447,1486.3083,-19.5532,1731.2023,1236.6894,0.3723
23.9221,2763.8485,1486.0164,-19.5532,1731.1854,1236.7001,0.3602
23.9319,2764.7437,1485.7067,-19.5532,1731.2040,1236.6789,0.3769
23.9423,2765.6283,1485.3935,-19.5532,1731.2068,1236.7119,0.3474
23.9512,2766.4844,1485.0266,-19.5532,1731.2075,1236.6964,0.3484
23.9608,2767.3635,1484.6399,-19.5532,1731.2014,1236.6952,0.3638
23.9709,2768.3326,1484.2943,-19.5532,1731.2050,1236.7084,0.3509
23.9812,2769.3512,1483.9178,-19.5532,1731.1993,1236.6821,0.3738
23.9907,2770.4420,1483.5817,-19.5532,1731.2007,1236.6926,0.3525
24.0011,2771.5021,1483.2617,-19.5532,1731.2047,1236.6842,0.3720
24.0108,2772.4750,1482.9600,-19.5532,1731.2006,1236.6916,0.3641
24.0213,2773.3685,1482.6622,-19.5532,1731.1971,1236.7082,0.3435
24.0309,2774.1901,1482.3243,-19.5532,1731.2052,1236.6780,0.3733
24.0411,2775.0432,1481.9833,-19.5532,1731.1991,1236.7018,0.3645
24.0511,2775.9011,1481.6367,-19.5532,1731.2007,1236.6918,0.3642
24.0618,2776.7939,1481.3041,-19.5532,1731.2028,1236.6921,0.3803
24.0715,2777.7875,1480.9714,-19.5532,1731.1935,1236.6937,0.3708
24.0810,2778.8385,1480.6589,-19.5532,1731.2123,1236.6898,0.3707
24.0910,2779.8524,1480.3449,-19.5532,1731.1943,1236.6971,0.3662
24.1009,2780.7937,1480.0436,-19.5532,1731.2053,1236.6819,0.3782
24.1107,2781.6543,1479.7236,-19.5532,1731.1929,1236.6983,0.3546
24.1208,2782.4899,1479.3884,-19.5532,1731.1857,1236.6886,0.3687
24.1309,2783.3444,1479.0536,-19.5532,1731.2020,1236.6723,0.3818
24.1409,2784.2671,1478.7332,-19.5532,1731.1918,1236.7152,0.3471
24.1506,2785.2404,1478.3925,-19.5532,1731.1965,1236.6792,0.3777
24.1605,2786.2572,1478.0944,-18.5597,1731.1880,1236.6886,0.3904
24.1702,2787.2704,1477.8220,-18.5597,1731.1932,1236.6945,0.3686
24.1808,2788.2242,1477.5416,-18.5597,1731.1872,1236.6758,0.3875
24.1903,2789.1324,1477.2423,-18.5597,1731.1818,1236.6851,0.3814
24.2005,2789.9556,1476.9509,-18.5597,1731.1981,1236.6750,0.3781
24.2105,2790.7148,1476.6373,-18.5597,1731.1852,1236.6911,0.3629
24.2216,2791.5160,1476.3195,-18.5597,1731.1951,1236.6827,0.3680
24.2313,2792.3425,1476.0674,-18.5597,1731.2014,1236.6885,0.3722
24.2422,2793.1149,1475.8004,-18.5597,1731.1828,1236.7008,0.3578
24.2503,2793.8943,1475.5383,-18.5597,1731.1901,1236.6655,0.3885
24.2606,2794.8242,1475.3002,-18.5597,1731.1892,1236.6926,0.3768
24.2701,2795.8589,1475.0215,-18.5597,1731.1848,1236.6804,0.3814
24.2806,2796.9159,1474.6911,-18.5597,1731.1906,1236.6823,0.3898
24.2904,2797.8960,1474.3848,-18.5597,1731.1954,1236.7007,0.3595
24.3009,2798.7606,1474.0477,-18.5597,1731.1978,1236.6792,0.3739
24.3106,2799.6262,1473.7028,-18.5597,1731.1883,1236.6963,0.3570
24.3203,2800.5671,1473.3293,-18.5597,1731.2002,1236.6829,0.3649
24.3315,2801.5084,1473.0153,-18.5597,1731.1873,1236.6882,0.3706
24.3415,2802.4485,1472.7388,-18.5597,1731.1788,1236.6900,0.3720
24.3505,2803.4185,1472.4843,-18.5597,1731.1996,1236.6743,0.3851
24.3603,2804.4116,1472.2205,-18.5597,1731.1974,1236.7119,0.3582
24.3705,2805.3716,1471.9151,-18.5597,1731.2006,1236.6890,0.3699
24.3810,2806.2522,1471.6218,-18.5597,1731.1881,1236.6891,0.3688
24.3907,2807.1113,1471.2754,-18.5597,1731.1968,1236.6977,0.3626
24.4005,2807.9814,1470.9154,-18.5597,1731.1924,1236.6764,0.3823
24.4105,2808.9248,1470.5375,-18.5597,1731.1869,1236.6913,0.3654
24.4203,2809.9092,1470.1887,-18.5597,1731.2035,1236.6790,0.3768
24.4321,2810.9308,1469.9063,-18.5597,1731.1873,1236.6985,0.3668
24.4406,2811.9353,1469.6284,-18.5597,1731.1869,1236.6887,0.3707
24.4511,2812.9320,1469.3484,-18.5597,1731.2059,1236.6778,0.3716
24.4607,2813.8724,1469.0292,-18.5597,1731.1899,1236.7043,0.3553
24.4706,2814.7555,1468.6893,-18.5597,1731.1962,1236.6748,0.3787
24.4814,2815.6385,1468.3613,-18.5597,1731.1914,1236.6922,0.3669
24.4910,2816.5284,1468.0306,-18.5597,1731.1993,1236.6892,0.3724
24.5009,2817.4502,1467.6793,-18.5597,1731.1833,1236.6775,0.3804
24.5105,2818.4706,1467.3679,-18.2318,1731.1909,1236.6954,0.3671
24.5203,2819.5164,1467.0662,-18.2318,1731.2094,1236.6882,0.3733
24.5309,2820.5505,1466.7982,-18.2318,1731.1906,1236.6957,0.3606
24.5413,2821.5361,1466.4852,-18.2318,1731.1976,1236.6877,0.3806
24.5507,2822.4724,1466.1938,-18.2318,1731.1972,1236.6986,0.3750
24.5605,2823.3207,1465.8653,-18.2318,1731.1798,1236.6949,0.3718
24.5703,2824.1620,1465.5610,-18.2318,1731.1917,1236.6625,0.3862
24.5805,2825.0696,1465.3120,-18.2318,1731.1936,1236.7056,0.3546
24.5913,2825.9048,1465.0086,-18.2318,1731.2049,1236.6885,0.3627
24.6006,2826.7047,1464.7578,-18.2318,1731.1946,1236.6882,0.3660
24.6105,2827.4670,1464.5178,-18.2318,1731.2090,1236.7017,0.3634
24.6209,2828.1931,1464.3228,-18.2318,1731.1971,1236.6866,0.3769
24.6321,2829.0516,1464.1038,-18.2318,1731.1719,1236.6929,0.3709
24.6412,2830.0800,1463.8279,-18.2318,1731.1957,1236.6767,0.3857
24.6508,2831.1981,1463.5009,-18.2318,1731.1890,1236.6914,0.3796
24.6608,2832.2543,1463.0326,-18.2318,1731.1855,1236.6922,0.3686
24.6703,2833.2855,1462.6000,-18.2318,1731.2059,1236.6781,0.3825
24.6810,2834.3293,1462.2582,-18.2318,1731.2041,1236.7155,0.3504
24.6907,2835.3507,1461.9721,-18.2318,1731.1946,1236.6770,0.3797
24.7005,2836.3636,1461.6783,-18.2318,1731.1900,1236.6890,0.3771
24.7122,2837.3738,1461.3889,-18.2318,1731.1976,1236.7026,0.3689
24.7205,2838.3590,1461.0458,-18.2318,1731.1912,1236.6861,0.3829
24.7305,2839.3373,1460.6806,-18.2318,1731.1918,1236.6930,0.3659
24.7403,2840.2786,1460.2892,-18.2318,1731.2108,1236.6877,0.3697
24.7506,2841.2367,1459.9000,-18.2318,1731.1842,1236.6894,0.3729
24.7606,2842.2393,1459.5428,-18.2318,1731.1915,1236.6817,0.3850
24.7705,2843.3016,1459.1915,-18.2318,1731.2021,1236.6805,0.3792
24.7810,2844.3649,1458.9303,-18.2318,1731.1844,1236.6970,0.3678
24.7921,2845.3843,1458.6465,-18.2318,1731.1908,1236.6721,0.3923
24.8005,2846.4203,1458.3730,-18.2318,1731.1990,1236.6988,0.3704
24.8105,2847.4757,1458.0641,-18.2318,1731.1963,1236.6902,0.3767
24.8206,2848.4758,1457.6690,-18.2318,1731.1940,1236.6855,0.3776
24.8303,2849.4957,1457.2570,-18.2318,1731.2027,1236.6992,0.3688
24.8411,2850.4916,1456.8383,-18.2318,1731.2006,1236.6768,0.3867
24.8516,2851.5553,1456.5371,-18.2318,1731.1823,1236.6912,0.3817
24.8615,2852.5828,1456.2805,-18.2318,1731.2010,1236.6819,0.3839
24.8713,2853.5322,1456.0311,-18.2318,1731.1965,1236.6871,0.3761
24.8812,2854.4763,1455.7343,-18.2318,1731.1910,1236.7083,0.3558
24.8906,2855.4218,1455.4134,-18.2318,1731.2024,1236.6868,0.3735
24.9006,2856.3347,1455.0746,-18.2318,1731.1856,1236.6977,0.3616
24.9104,2857.1947,1454.7482,-18.2318,1731.2010,1236.6873,0.3712
24.9207,2858.1138,1454.3875,-18.2318,1731.1837,1236.6853,0.3709
24.9310,2859.0731,1454.0636,-18.2318,1731.1867,1236.6847,0.3750
24.9407,2860.0469,1453.7781,-18.2318,1731.1985,1236.6794,0.3771
24.9521,2861.0369,1453.5018,-18.2318,1731.1925,1236.7011,0.3719
24.9611,2862.0425,1453.2074,-17.7602,1731.1998,1236.6755,0.3869
24.9711,2863.0432,1452.9155,-17.7575,1731.1981,1236.6940,0.3644
24.9814,2863.8802,1452.5472,-17.7756,1731.2034,1236.7005,0.3652
24.9909,2864.7074,1452.2355,-17.7620,1731.2031,1236.6777,0.3924
25.0006,2865.5037,1451.8999,-17.7382,1731.2017,1236.7104,0.3500
25.0106,2866.3751,1451.5084,-17.4882,1731.2006,1236.6866,0.3678
25.0207,2867.3293,1451.3865,-16.8393,1731.1949,1236.6861,0.3710
25.0306,2868.0685,1451.0202,-15.9163,1731.2048,1236.6981,0.3591
25.0408,2868.4956,1450.2563,-14.7180,1731.1926,1236.6893,0.3686
25.0505,2869.3779,1450.3111,-13.2806,1731.1879,1236.6943,0.3743
25.0602,2870.0933,1449.7866,-11.5733,1731.1956,1236.6818,0.3782
25.0703,2870.3950,1448.8959,-9.8331,1731.1885,1236.7032,0.3615
25.0814,2870.8755,1448.7991,-7.8777,1731.1871,1236.6797,0.3805
25.0921,2871.0358,1447.9530,-7.8777,1731.2023,1236.6878,0.3800
25.1008,2871.0024,1447.1489,-7.8777,1731.1975,1236.7121,0.3525
25.1108,2871.1823,1446.8451,-7.8777,1731.2006,1236.6666,0.3877
25.1204,2871.3154,1445.9243,-7.8777,1731.1974,1236.7065,0.3626
25.1305,2871.3192,1444.9470,-7.8777,1731.1970,1236.7017,0.3620
25.1404,2871.5267,1444.2652,-7.8777,1731.1894,1236.6797,0.3732
25.1516,2871.8754,1443.4302,-7.8777,1731.1951,1236.7059,0.3531
25.1616,2872.2462,1442.6059,-7.8777,1731.2151,1236.6860,0.3714
25.1703,2873.0825,1442.5990,-7.8777,1731.1926,1236.6904,0.3576
25.1809,2874.4221,1442.7134,-7.8777,1731.1957,1236.6790,0.3717
25.1917,2875.5867,1442.6313,-7.8777,1731.1974,1236.6837,0.3631
25.2009,2876.5179,1442.3226,-7.8777,1731.1880,1236.6992,0.3563
25.2107,2877.4027,1442.2754,-7.8777,1731.1978,1236.6786,0.3745
25.2207,2878.3589,1442.6265,-7.8777,1731.1938,1236.7067,0.3597
25.2309,2879.2002,1443.0139,-7.8777,1731.2055,1236.6907,0.3698
25.2420,2879.9297,1443.1638,-7.8777,1731.1851,1236.6813,0.3828
25.2507,2880.6582,1443.2413,-7.8777,1731.1921,1236.6893,0.3708
25.2611,2881.4821,1443.4417,-7.8777,1731.2028,1236.6809,0.3699
25.2708,2882.4479,1443.6568,-7.8777,1731.1904,1236.6921,0.3629
25.2803,2883.5956,1443.8477,-7.8777,1731.2035,1236.6804,0.3717
25.2908,2884.8053,1444.0717,-7.8777,1731.2084,1236.7184,0.3488
25.3006,2885.9468,1444.2800,-7.8777,1731.1977,1236.6982,0.3582
25.3107,2886.9534,1444.4865,-7.8777,1731.2025,1236.6878,0.3766
25.3209,2887.9365,1444.7140,-7.8777,1731.1989,1236.7234,0.3502
25.3308,2888.9447,1444.8555,-7.8777,1731.1841,1236.6742,0.3865
25.3412,2890.0844,1445.0328,-7.8777,1731.1838,1236.6727,0.3843
25.3505,2891.2241,1445.2366,-7.8777,1731.1953,1236.6945,0.3638
25.3607,2892.2830,1445.4189,-7.8777,1731.1912,1236.6891,0.3731
25.3703,2893.3202,1445.6357,-7.8777,1731.1863,1236.6955,0.3652
25.3812,2894.3889,1445.8782,-7.8777,1731.2143,1236.6950,0.3673
25.3914,2895.4723,1446.1440,-7.8777,1731.1921,1236.7090,0.3555
25.4007,2896.5118,1446.3193,-7.8777,1731.1933,1236.6927,0.3652
25.4109,2897.5381,1446.4469,-7.8777,1731.2087,1236.6873,0.3763
25.4210,2898.6173,1446.5923,-7.8777,1731.1998,1236.7120,0.3606
25.4307,2899.7183,1446.7497,-7.8777,1731.2010,1236.6832,0.3760
25.4406,2900.8180,1446.9756,-7.8777,1731.2038,1236.6967,0.3713
25.4508,2901.9465,1447.1965,-7.8777,1731.2008,1236.6987,0.3591
25.4605,2903.0098,1447.3890,-7.8777,1731.1855,1236.6923,0.3780
25.4709,2904.0326,1447.5381,-7.8777,1731.1874,1236.6937,0.3738
25.4805,2904.9716,1447.6603,-7.8777,1731.1916,1236.6840,0.3724
25.4905,2905.9222,1447.7982,-7.8777,1731.1919,1236.6998,0.3524
25.5023,2906.9532,1447.9604,-7.8777,1731.2018,1236.6823,0.3605
25.5123,2907.9756,1448.1434,-7.8777,1731.2053,1236.6975,0.3437
25.5204,2909.0718,1448.3273,10.8295,1731.2043,1236.7118,0.3430
25.5302,2910.1512,1448.5210,10.8295,1731.1957,1236.6784,0.3834
25.5407,2911.2629,1448.7688,10.8295,1731.1884,1236.7017,0.3636
25.5520,2912.2527,1448.9559,10.8295,1731.1970,1236.6999,0.3673
25.5606,2913.1437,1449.0625,10.8295,1731.1846,1236.6853,0.3776
25.5708,2913.9889,1449.1730,10.8295,1731.2081,1236.6972,0.3612
25.5804,2914.8439,1449.3198,10.8295,1731.2092,1236.6941,0.3546
25.5906,2915.7018,1449.5059,10.9042,1731.1942,1236.6888,0.3655
25.6004,2916.5640,1449.6546,10.8453,1731.2065,1236.6852,0.3812
25.6107,2917.4059,1449.7932,10.7990,1731.1973,1236.7013,0.3616
25.6207,2918.2203,1449.8994,10.7964,1731.1837,1236.6920,0.3736
25.6320,2918.9421,1450.0342,10.8055,1731.1908,1236.6799,0.3821
25.6418,2919.6556,1450.2463,10.5840,1731.1935,1236.7079,0.3628
25.6506,2920.2844,1450.6232,9.9158,1731.1949,1236.6833,0.3705
25.6607,2920.8132,1450.7964,9.0492,1731.1939,1236.6971,0.3676
25.6711,2921.3198,1451.2694,7.9259,1731.2125,1236.6997,0.3628
25.6818,2922.2061,1451.6640,6.5101,1731.1955,1236.6925,0.3778
25.6906,2922.9800,1451.8955,4.8496,1731.1835,1236.7014,0.3668
25.7017,2923.6561,1452.6262,3.0672,1731.2109,1236.6973,0.3838
25.7124,2924.3549,1452.9980,1.1463,1731.1879,1236.7124,0.3642
25.7209,2924.7535,1453.5946,-1.0701,1731.1919,1236.6942,0.3708
25.7307,2925.1107,1454.4142,-3.3582,1731.2083,1236.6874,0.3751
25.7410,2925.4062,1455.3488,-5.8680,1731.1884,1236.7006,0.3539
25.7503,2925.7374,1455.9160,-8.3128,1731.1918,1236.6702,0.3770
25.7605,2926.1119,1457.0790,-11.0400,1731.1893,1236.6875,0.3701
25.7706,2926.6096,1457.6896,-13.7117,1731.2021,1236.7041,0.3589
25.7806,2927.0798,1458.7075,-16.5474,1731.1998,1236.6920,0.3675
25.7907,2927.6366,1459.5408,-19.3971,1731.1950,1236.7033,0.3624
25.8013,2928.2139,1460.4460,-19.3971,1731.2148,1236.6985,0.3680
25.8105,2928.6525,1461.1879,-19.3971,1731.1910,1236.7055,0.3613
25.8201,2929.2655,1462.1579,-19.3971,1731.1896,1236.6770,0.3782
25.8314,2929.8615,1463.3151,-19.3971,1731.2034,1236.6933,0.3637
25.8401,2930.5251,1464.4907,-19.3971,1731.1936,1236.7013,0.3535
25.8522,2931.1914,1465.6519,-19.3971,1731.1965,1236.6746,0.3794
25.8613,2932.0176,1466.6234,-19.3971,1731.1993,1236.7132,0.3469
25.8703,2932.7404,1466.9909,-19.3971,1731.2007,1236.6989,0.3590
25.8807,2933.4966,1467.1790,-19.3971,1731.1879,1236.6977,0.3672
25.8906,2934.4352,1467.5801,-19.3971,1731.2091,1236.7009,0.3649
25.9008,2935.1288,1467.7611,-19.3971,1731.1911,1236.6940,0.3754
25.9105,2935.7095,1467.4123,-19.3971,1731.1855,1236.7027,0.3669
25.9202,2936.5162,1466.9411,-19.3971,1731.2095,1236.6861,0.3709
25.9303,2937.1250,1466.1473,-19.3971,1731.1969,1236.7068,0.3541
25.9404,2937.5419,1465.5317,-19.3971,1731.1920,1236.6911,0.3687
25.9502,2938.2048,1465.1448,-19.3971,1731.2020,1236.6886,0.3667
25.9604,2938.9459,1464.4983,-19.3971,1731.1919,1236.6998,0.3595
25.9709,2939.7307,1463.6412,-19.3971,1731.1876,1236.6831,0.3701
25.9810,2940.4661,1462.8213,-19.3971,1731.1880,1236.6995,0.3624
25.9908,2941.1196,1462.0828,-19.3971,1731.2051,1236.6940,0.3623
26.0006,2941.6989,1461.4615,-19.3971,1731.1998,1236.6945,0.3706
26.0107,2942.2880,1460.8034,-19.3971,1731.1892,1236.7035,0.3677
26.0206,2942.9076,1460.0804,-19.3971,1731.2039,1236.6871,0.3806
26.0307,2943.5558,1459.4072,-19.3971,1731.1747,1236.7021,0.3714
26.0405,2944.2452,1458.7602,-19.3971,1731.1832,1236.6820,0.3915
26.0508,2944.9384,1458.1048,-19.3971,1731.1878,1236.6769,0.3845
26.0603,2945.5905,1457.3979,-19.3971,1731.1893,1236.6917,0.3582
26.0702,2946.1938,1456.6625,-19.3971,1731.1915,1236.6800,0.3813
26.0806,2946.7964,1455.9404,-19.3971,1731.1967,1236.6948,0.3698
26.0908,2947.4429,1455.2299,-19.3971,1731.2089,1236.6887,0.3694
26.1004,2948.0721,1454.5184,-19.3971,1731.1885,1236.6845,0.3764
26.1106,2948.5950,1453.7372,-19.3971,1731.1877,1236.6852,0.3807
26.1204,2949.2955,1453.1074,-19.3971,1731.1984,1236.6773,0.3846
26.1307,2949.9865,1452.5209,-19.3971,1731.1836,1236.7018,0.3660
26.1410,2950.7200,1451.8956,-19.3971,1731.1900,1236.6751,0.3855
26.1505,2951.4219,1451.2399,-19.3971,1731.2009,1236.6934,0.3710
26.1616,2952.1268,1450.4921,-19.3971,1731.1842,1236.6950,0.3605
26.1705,2952.8163,1449.7391,-19.3971,1731.1869,1236.6702,0.3899
26.1806,2953.5201,1448.9916,-19.3971,1731.1965,1236.6995,0.3518
26.1904,2954.1849,1448.2509,-19.3971,1731.1968,1236.6895,0.3733
26.2010,2954.8805,1447.5316,-19.3971,1731.1871,1236.6869,0.3762
26.2102,2955.6088,1446.8486,-19.3971,1731.1968,1236.7002,0.3596
26.2202,2956.3561,1446.2236,-19.3971,1731.2040,1236.6925,0.3740
26.2306,2957.0868,1445.5606,-19.3971,1731.1819,1236.6942,0.3681
26.2409,2957.8296,1444.8682,-19.3971,1731.1961,1236.6696,0.3865
26.2502,2958.5972,1444.1154,-19.3971,1731.1911,1236.7012,0.3560
26.2609,2959.3468,1443.2853,-19.3971,1731.1832,1236.6872,0.3792
26.2704,2960.0524,1442.4478,-19.3971,1731.1970,1236.6770,0.3837
26.2812,2960.7704,1441.6330,-19.3971,1731.2026,1236.7179,0.3445
26.2901,2961.5287,1440.9151,-19.3971,1731.1978,1236.6841,0.3726
26.3005,2962.3011,1440.2726,-19.3971,1731.1835,1236.6825,0.3729
26.3105,2963.0612,1439.6837,-19.3971,1731.2052,1236.6883,0.3696
26.3215,2963.7849,1439.0362,-19.3971,1731.1865,1236.6849,0.3748
26.3319,2964.3251,1438.1837,-19.3971,1731.1812,1236.6868,0.3717
26.3409,2965.0568,1437.4448,-19.3971,1731.2048,1236.6783,0.3713
26.3506,2965.7267,1436.6793,-19.3971,1731.2031,1236.7119,0.3493
26.3612,2966.4585,1435.9354,-19.3971,1731.1852,1236.6810,0.3799
26.3703,2967.2258,1435.1996,-19.3971,1731.1894,1236.6806,0.3804
26.3814,2968.0300,1434.5344,-19.3971,1731.1978,1236.7044,0.3550
26.3908,2968.7705,1433.8759,-19.3971,1731.1884,1236.6725,0.3955
26.4004,2969.5181,1433.2139,-19.3971,1731.1823,1236.6865,0.3763
26.4107,2970.2925,1432.4803,-19.3971,1731.1965,1236.6996,0.3708
26.4205,2970.9517,1431.6709,-19.3971,1731.1838,1236.6827,0.3860
26.4309,2971.6727,1430.9100,-19.3971,1731.1848,1236.6863,0.3791
26.4402,2972.3423,1430.1319,-19.3971,1731.1995,1236.6861,0.3716
26.4505,2973.0884,1429.3974,-19.3971,1731.1823,1236.6965,0.3679
26.4606,2973.8650,1428.6794,-19.3971,1731.1904,1236.6755,0.3879
26.4708,2974.5865,1428.0038,-19.3971,1731.1974,1236.6997,0.3638
26.4805,2975.3473,1427.3453,-19.3971,1731.1902,1236.6917,0.3661
26.4903,2976.1377,1426.6625,-19.3971,1731.1909,1236.6673,0.3809
26.5002,2976.8358,1425.9020,-44.5211,1731.1971,1236.7000,0.3637
26.5112,2977.5420,1425.1606,-44.5211,1731.1918,1236.6872,0.3756
26.5203,2978.2012,1424.3873,-44.5211,1731.1716,1236.6781,0.3881
26.5308,2978.9521,1423.6376,-44.5211,1731.1946,1236.6884,0.3749
26.5408,2979.7064,1422.9493,-44.5211,1731.1888,1236.6925,0.3771
26.5507,2980.3442,1422.2758,-44.5211,1731.1846,1236.6881,0.3697
26.5614,2980.9408,1421.6758,-44.5211,1731.2108,1236.6747,0.3831
26.5708,2981.5400,1421.1820,-44.5211,1731.1921,1236.7009,0.3560
26.5809,2982.1587,1420.6886,-44.5211,1731.1846,1236.6867,0.3673
26.5903,2982.8582,1420.1606,-44.5211,1731.1939,1236.6792,0.3741
26.6004,2983.5399,1419.5709,-44.5211,1731.1912,1236.7025,0.3544
26.6112,2984.2606,1418.9068,-44.5211,1731.1963,1236.6867,0.3769
26.6214,2984.9535,1418.1315,-44.5211,1731.1880,1236.6911,0.3707
26.6306,2985.6693,1417.3345,-44.5211,1731.2007,1236.6950,0.3597
26.6410,2986.4244,1416.5614,-44.5211,1731.1989,1236.6855,0.3747
26.6509,2987.1857,1415.8129,-44.5211,1731.1789,1236.6832,0.3711
26.6608,2987.9296,1415.0450,-44.5211,1731.2011,1236.6835,0.3764
26.6702,2988.7168,1414.3269,-44.5211,1731.1864,1236.6994,0.3544
26.6802,2989.4849,1413.5475,-44.5211,1731.1874,1236.6779,0.3791
26.6904,2990.2338,1412.7487,-44.5211,1731.2042,1236.6912,0.3596
26.7004,2990.9393,1411.9135,-44.5211,1731.2077,1236.7088,0.3492
26.7109,2991.6615,1411.1253,-44.5211,1731.1906,1236.6773,0.3738
26.7219,2992.4067,1410.4166,-44.5211,1731.2016,1236.6966,0.3566
26.7313,2993.1721,1409.7595,-44.5211,1731.2033,1236.6986,0.3654
26.7413,2993.8575,1409.0460,-44.5211,1731.1787,1236.6860,0.3795
26.7509,2994.6549,1408.3343,-44.5211,1731.2030,1236.6988,0.3686
26.7618,2995.4534,1407.5978,-44.5211,1731.2062,1236.6973,0.3724
26.7707,2996.1770,1406.7448,-44.5211,1731.1871,1236.6964,0.3678
26.7814,2997.0148,1405.9013,-44.5211,1731.2001,1236.6805,0.3783
26.7913,2997.7812,1405.1063,-44.5211,1731.2039,1236.7029,0.3536
26.8007,2998.5393,1404.3307,-44.5211,1731.1891,1236.6944,0.3597
26.8104,2999.2007,1403.5638,-44.5211,1731.2010,1236.6903,0.3660
26.8203,2999.9651,1402.8686,-44.5211,1731.2064,1236.7036,0.3543
26.8309,3000.6895,1402.1688,-44.5211,1731.1936,1236.6877,0.3626
26.8403,3001.4210,1401.4360,-44.5211,1731.1926,1236.6917,0.3703
26.8503,3002.1980,1400.6559,-44.5211,1731.1982,1236.6966,0.3638
26.8610,3002.9476,1399.8404,-44.5211,1731.1965,1236.6804,0.3880
26.8709,3003.6273,1399.0253,-44.5211,1731.1874,1236.7061,0.3645
26.8806,3004.2932,1398.3387,-44.5211,1731.2087,1236.6894,0.3847
26.8904,3004.9767,1397.7775,-44.5211,1731.1869,1236.7013,0.3699
26.9007,3005.6445,1397.1886,-44.5211,1731.1987,1236.6990,0.3608
26.9116,3006.3016,1396.5198,-44.5211,1731.2020,1236.6864,0.3735
26.9223,3006.9672,1395.8040,-44.5211,1731.2021,1236.6966,0.3662
26.9322,3007.6764,1395.0421,-44.5211,1731.2059,1236.6850,0.3591
26.9407,3008.4240,1394.2905,-44.5211,1731.1982,1236.6923,0.3625
26.9502,3009.1819,1393.5032,-44.5211,1731.2041,1236.6873,0.3620
26.9605,3009.8363,1392.7870,-44.5211,1731.1951,1236.6940,0.3683
26.9709,3010.4883,1392.2094,-44.5211,1731.1841,1236.6962,0.3615
26.9804,3011.1818,1391.6473,-44.5211,1731.2016,1236.6857,0.3773
26.9907,3011.8833,1391.0736,-44.5211,1731.1881,1236.7050,0.3583
27.0004,3012.5330,1390.4187,-44.5211,1731.1888,1236.6757,0.3776
27.0110,3013.2234,1389.7129,-44.5211,1731.1987,1236.6859,0.3675
27.0203,3013.9868,1388.9760,-44.5211,1731.1953,1236.7037,0.3582
27.0318,3014.7378,1388.2079,-44.5211,1731.2042,1236.6836,0.3766
27.0411,3015.4432,1387.4768,-44.5211,1731.1932,1236.7020,0.3613
27.0505,3016.1346,1386.8064,-44.5211,1731.2023,1236.6992,0.3763
27.0607,3016.8262,1386.2256,-44.5211,1731.1846,1236.6926,0.3780
27.0704,3017.5103,1385.6713,-44.5211,1731.1844,1236.6842,0.3787
27.0805,3018.1919,1385.1038,-44.5211,1731.2071,1236.6829,0.3761
27.0908,3018.8809,1384.4764,-44.5211,1731.1854,1236.7010,0.3557
27.1006,3019.5913,1383.7766,-44.5211,1731.2112,1236.6862,0.3689
27.1107,3020.3524,1383.0121,-44.5211,1731.1990,1236.6989,0.3556
27.1205,3021.1453,1382.1827,-44.5211,1731.1933,1236.6991,0.3639
27.1320,3021.8854,1381.3997,-44.5211,1731.1982,1236.6915,0.3751
27.1407,3022.5908,1380.7189,-44.5211,1731.1884,1236.6964,0.3729
27.1502,3023.2593,1380.1335,-44.5211,1731.1917,1236.6772,0.3833
27.1606,3023.9377,1379.5721,-44.5211,1731.1979,1236.6934,0.3654
27.1702,3024.6110,1378.9699,-44.5211,1731.2088,1236.6875,0.3660
27.1804,3025.2821,1378.3268,-44.5211,1731.2035,1236.6869,0.3659
27.1903,3025.9701,1377.6361,-44.5211,1731.1998,1236.7013,0.3562
27.2002,3026.7358,1376.8572,-44.5211,1731.2040,1236.6911,0.3842
27.2106,3027.5131,1376.0972,-44.5211,1731.1945,1236.7056,0.3629
27.2202,3028.2115,1375.3770,-44.5211,1731.1942,1236.6848,0.3879
27.2306,3028.8655,1374.7811,-44.5211,1731.1966,1236.6930,0.3792
27.2413,3029.5092,1374.2589,-44.5211,1731.1913,1236.7100,0.3523
27.2513,3030.1741,1373.7056,-44.5211,1731.1976,1236.6846,0.3749
27.2608,3030.8375,1373.1121,-44.5211,1731.1934,1236.6935,0.3607
27.2706,3031.5148,1372.4368,-44.5211,1731.1964,1236.6876,0.3698
27.2806,3032.2291,1371.7309,-44.5211,1731.1876,1236.6947,0.3707
27.2904,3032.9753,1371.0290,-44.5211,1731.1890,1236.6927,0.3646
27.3014,3033.6787,1370.3621,-44.5211,1731.2054,1236.6906,0.3757
27.3108,3034.3256,1369.7571,-44.5211,1731.1940,1236.7108,0.3446
27.3206,3034.9330,1369.1369,-44.5211,1731.1993,1236.6880,0.3700
27.3303,3035.5853,1368.5380,-44.5211,1731.2070,1236.6918,0.3626
27.3405,3036.2625,1367.9509,-44.5211,1731.2076,1236.7047,0.3576
27.3508,3036.9882,1367.2992,-44.5211,1731.1921,1236.6813,0.3849
27.3609,3037.7118,1366.6173,-44.5211,1731.1930,1236.6885,0.3673
27.3712,3038.4424,1365.8693,-44.5211,1731.2028,1236.6905,0.3777
27.3812,3039.2106,1365.0709,-44.5211,1731.1811,1236.6974,0.3736
27.3905,3040.0076,1364.2792,-44.5211,1731.1949,1236.6922,0.3749
27.4004,3040.7966,1363.5450,-44.5211,1731.2101,1236.6944,0.3704
27.4117,3041.5415,1362.8792,-44.5211,1731.1973,1236.7017,0.3496
27.4205,3042.2487,1362.2507,-44.5211,1731.2058,1236.6798,0.3752
27.4308,3042.9313,1361.6085,-44.5211,1731.2006,1236.7066,0.3461
27.4415,3043.6306,1360.9399,-44.5211,1731.1954,1236.6991,0.3588
27.4503,3044.3668,1360.2076,-44.5211,1731.1896,1236.6863,0.3748
27.4608,3045.1451,1359.4484,-44.5211,1731.1949,1236.7021,0.3720
27.4716,3045.9395,1358.6233,-44.5211,1731.1942,1236.6972,0.3705
27.4805,3046.7158,1357.8078,-44.5211,1731.1867,1236.6989,0.3773
27.4916,3047.4888,1357.0931,-44.5211,1731.1990,1236.6982,0.3765
27.5004,3048.2107,1356.4618,-44.5211,1731.2021,1236.6971,0.3700
27.5104,3048.8981,1355.8272,-44.5211,1731.1920,1236.6959,0.3579
27.5209,3049.6060,1355.1486,-44.5211,1731.2100,1236.6892,0.3560
27.5303,3050.3623,1354.4394,-44.5211,1731.2026,1236.7144,0.3472
27.5405,3051.1141,1353.6701,-43.3534,1731.2051,1236.7013,0.3563
27.5507,3051.8834,1352.8427,-43.3534,1731.1931,1236.6879,0.3739
27.5610,3052.7117,1352.0369,-43.3534,1731.2039,1236.7043,0.3714
27.5703,3053.4740,1351.3270,-43.3534,1731.1904,1236.7002,0.3683
27.5813,3054.1687,1350.7002,-43.3534,1731.1868,1236.6927,0.3828
27.5912,3054.8284,1350.1177,-43.3534,1731.1988,1236.6937,0.3774
27.6006,3055.4307,1349.5424,-43.3534,1731.1929,1236.7001,0.3647
27.6107,3056.0565,1348.9233,-43.3534,1731.2016,1236.6883,0.3667
27.6207,3056.6864,1348.3191,-43.3534,1731.2021,1236.6854,0.3631
27.6306,3057.2848,1347.7363,-43.3534,1731.2024,1236.7025,0.3455
27.6414,3057.8917,1347.0887,-43.3534,1731.1918,1236.6826,0.3682
27.6504,3058.5085,1346.3701,-43.3534,1731.1980,1236.6936,0.3799
27.6607,3059.2537,1345.5726,-43.3534,1731.1935,1236.7075,0.3727
27.6705,3060.0452,1344.7770,-43.3534,1731.1907,1236.6850,0.3913
27.6807,3060.8441,1344.0889,-43.3534,1731.1883,1236.6935,0.3814
27.6906,3061.5999,1343.4333,-43.3534,1731.1977,1236.6861,0.3817
27.7009,3062.3776,1342.7181,-43.3534,1731.1861,1236.6916,0.3692
27.7110,3063.1383,1341.9413,-43.3534,1731.1976,1236.6875,0.3643
27.7206,3063.9327,1341.1307,-43.3534,1731.2078,1236.6996,0.3640
27.7303,3064.7206,1340.2827,-43.3534,1731.1877,1236.7034,0.3589
27.7405,3065.5042,1339.4169,-43.3534,1731.2065,1236.6974,0.3792
27.7502,3066.2495,1338.6766,-43.3534,1731.1954,1236.6954,0.3654
27.7610,3066.9373,1338.0165,-43.3534,1731.1903,1236.6927,0.3671
27.7703,3067.6085,1337.3859,-43.3534,1731.1971,1236.6770,0.3794
27.7808,3068.3372,1336.7200,-43.3534,1731.1979,1236.6942,0.3613
27.7906,3069.0741,1336.0253,-43.3534,1731.2017,1236.6872,0.3748
27.8006,3069.8335,1335.2235,-43.3534,1731.1938,1236.6979,0.3610
27.8103,3070.6283,1334.3837,-43.3534,1731.2052,1236.6963,0.3658
27.8207,3071.4457,1333.5538,-43.3534,1731.2084,1236.7056,0.3560
27.8307,3072.1869,1332.8096,-43.3534,1731.2046,1236.7124,0.3562
27.8409,3072.8663,1332.1434,-43.3534,1731.2075,1236.6877,0.3750
27.8507,3073.5485,1331.5171,-43.3534,1731.2031,1236.7049,0.3648
27.8610,3074.2744,1330.8790,-43.3534,1731.1981,1236.6855,0.3780
27.8710,3074.9899,1330.2236,-43.3534,1731.2025,1236.6940,0.3695
27.8821,3075.7360,1329.4882,-43.3534,1731.2038,1236.7018,0.3558
27.8913,3076.5134,1328.6483,-43.3534,1731.2102,1236.6901,0.3641
27.9014,3077.3035,1327.8013,-43.3534,1731.2062,1236.7073,0.3408
27.9105,3078.1061,1327.0417,-43.3534,1731.2150,1236.7029,0.3490
27.9207,3078.8179,1326.3693,-43.3534,1731.1998,1236.6955,0.3583
27.9303,3079.5065,1325.7417,-43.3534,1731.2050,1236.7043,0.3552
27.9403,3080.1881,1325.1045,-43.3534,1731.2115,1236.7044,0.3590
27.9507,3080.8870,1324.4404,-43.3534,1731.1932,1236.7054,0.3597
27.9608,3081.5967,1323.7739,-43.3534,1731.2061,1236.6903,0.3740
27.9708,3082.3370,1323.0342,-43.3534,1731.2025,1236.7131,0.3664
27.9808,3083.1189,1322.2214,-43.3534,1731.1871,1236.6942,0.3774
27.9906,3083.8822,1321.4340,-43.3534,1731.1900,1236.6809,0.3827
28.0001,3084.6162,1320.7140,-43.3534,1731.1980,1236.7056,0.3649
28.0107,3085.3441,1320.0771,-43.3534,1731.1920,1236.6929,0.3725
28.0208,3086.0342,1319.4661,-43.3534,1731.1902,1236.6956,0.3590
28.0306,3086.7117,1318.8246,-43.3534,1731.2205,1236.7092,0.3464
28.0405,3087.4229,1318.1958,-43.3534,1731.2084,1236.7073,0.3557
28.0505,3088.1497,1317.4892,-43.3534,1731.1895,1236.7035,0.3587
28.0606,3088.8987,1316.7574,-43.3534,1731.2054,1236.6954,0.3706
28.0707,3089.7024,1315.9619,-43.3534,1731.1900,1236.7069,0.3719
28.0806,3090.5028,1315.1812,-43.3534,1731.1726,1236.6873,0.3901
28.0905,3091.2992,1314.4442,-43.3534,1731.1920,1236.6962,0.3763
28.1000,3092.0485,1313.8061,-43.3534,1731.1936,1236.7003,0.3680
28.1108,3092.7361,1313.2001,-43.3534,1731.1945,1236.6925,0.3782
28.1210,3093.4298,1312.5717,-43.3534,1731.1948,1236.7053,0.3553
28.1305,3094.1550,1311.9333,-43.3534,1731.2131,1236.7036,0.3564
28.1408,3094.9128,1311.2421,-43.3534,1731.1990,1236.7035,0.3677
28.1508,3095.6486,1310.4780,-43.3534,1731.1971,1236.7064,0.3541
28.1612,3096.3691,1309.6953,-43.3534,1731.2109,1236.6930,0.3690
28.1707,3097.1239,1308.9611,-43.3534,1731.1948,1236.7054,0.3608
28.1810,3097.8270,1308.3192,-43.3534,1731.2078,1236.6918,0.3688
28.1903,3098.5366,1307.7513,-43.3534,1731.2063,1236.7040,0.3632
28.2004,3099.2211,1307.1888,-43.3534,1731.1982,1236.7020,0.3729
28.2102,3099.9043,1306.5922,-43.3534,1731.1921,1236.6968,0.3755
28.2207,3100.6123,1305.9332,-43.3534,1731.2013,1236.7037,0.3512
28.2307,3101.3608,1305.2112,-43.3534,1731.2114,1236.6911,0.3631
28.2405,3102.1317,1304.4426,-43.3534,1731.1977,1236.7021,0.3529
28.2506,3102.8760,1303.6257,-43.3534,1731.2065,1236.7001,0.3564
28.2609,3103.5752,1302.8815,-43.3534,1731.2032,1236.6804,0.3812
28.2705,3104.2374,1302.2550,-43.3534,1731.1920,1236.6963,0.3724
28.2804,3104.9154,1301.6773,-43.3534,1731.2026,1236.6846,0.3858
28.2905,3105.5861,1301.1037,-43.3534,1731.1916,1236.6861,0.3846
28.3005,3106.2714,1300.4919,-43.3534,1731.1901,1236.6887,0.3907
28.3107,3106.9432,1299.8306,-43.3534,1731.1901,1236.6902,0.3803
28.3210,3107.6685,1299.1328,-43.3534,1731.1984,1236.6989,0.3736
28.3327,3108.4456,1298.3779,-43.3534,1731.2001,1236.6877,0.3729
28.3407,3109.2225,1297.6001,-43.3534,1731.2053,1236.6953,0.3617
28.3514,3109.9089,1296.8282,-43.3534,1731.2035,1236.6908,0.3692
28.3614,3110.6205,1296.1630,-43.3534,1731.1997,1236.6884,0.3724
28.3719,3111.3182,1295.5632,-43.3534,1731.1812,1236.6852,0.3674
28.3804,3112.0453,1294.9568,-43.3534,1731.1904,1236.6634,0.3966
28.3904,3112.7458,1294.3257,-43.3534,1731.1794,1236.6841,0.3815
28.4003,3113.4572,1293.6845,-43.3534,1731.1908,1236.6797,0.3844
28.4106,3114.1932,1292.9475,-43.3534,1731.1915,1236.6885,0.3789
28.4207,3114.9760,1292.1648,-43.3534,1731.1889,1236.6993,0.3633
28.4306,3115.6888,1291.3975,-43.3534,1731.1929,1236.6884,0.3751
28.4405,3116.3884,1290.6877,-43.3534,1731.1954,1236.7078,0.3580
28.4517,3117.0876,1290.0394,-43.3534,1731.1998,1236.6903,0.3704
28.4624,3117.8024,1289.4349,-43.3534,1731.1904,1236.6881,0.3836
28.4716,3118.5226,1288.7858,-43.3534,1731.1949,1236.6932,0.3742
28.4820,3119.2247,1288.1066,-43.3534,1731.1949,1236.6802,0.3966
28.4908,3119.9630,1287.3950,-43.3534,1731.1797,1236.6876,0.3805
28.5008,3120.7617,1286.6072,-43.2341,1731.1873,1236.6871,0.3901
28.5108,3121.5549,1285.7840,-43.2130,1731.1947,1236.6918,0.3800
28.5207,3122.3326,1284.9988,-43.1887,1731.1845,1236.6879,0.3774
28.5305,3123.0371,1284.3398,-43.1871,1731.2029,1236.6900,0.3651
28.5413,3123.7233,1283.7253,-43.1893,1731.1980,1236.7037,0.3614
28.5504,3124.3193,1283.0211,-42.9222,1731.1998,1236.6924,0.3686
28.5605,3124.9985,1282.5043,-42.2501,1731.2012,1236.7035,0.3533
28.5717,3125.4480,1281.8827,-41.3614,1731.1999,1236.6971,0.3680
28.5804,3125.8876,1281.2351,-40.1193,1731.1975,1236.6868,0.3810
28.5906,3126.6339,1280.6177,-38.6564,1731.1922,1236.7020,0.3669
28.6007,3127.0363,1279.9103,-37.0861,1731.2008,1236.6875,0.3792
28.6109,3127.2875,1279.2331,-37.0861,1731.1918,1236.6887,0.3873
28.6203,3127.5621,1278.6470,-37.0861,1731.2043,1236.6977,0.3632
28.6323,3127.5935,1277.8681,-37.0861,1731.1967,1236.6942,0.3805
28.6412,3127.5432,1277.2386,-37.0861,1731.1971,1236.6967,0.3649
28.6507,3127.5725,1276.6167,-37.0861,1731.2039,1236.6996,0.3631
28.6610,3127.2103,1275.5681,-37.0861,1731.2042,1236.6986,0.3739
28.6706,3127.1680,1274.6767,-37.0861,1731.1900,1236.6904,0.3738
28.6807,3127.6515,1273.9636,-37.0861,1731.1954,1236.6873,0.3889
28.6900,3128.5382,1273.2375,-37.0861,1731.1903,1236.7009,0.3652
28.7007,3129.4644,1272.5234,-37.0861,1731.1970,1236.6885,0.3754
28.7107,3130.3116,1271.8874,-37.0861,1731.1983,1236.6997,0.3630
28.7208,3131.1631,1271.1737,-37.0861,1731.2030,1236.7014,0.3507
28.7305,3132.2892,1270.8258,-37.0861,1731.2110,1236.7032,0.3511
28.7404,3133.5522,1270.6816,-37.0861,1731.2063,1236.7003,0.3557
28.7507,3134.5117,1270.2136,-37.0861,1731.2056,1236.6989,0.3671
28.7606,3135.3412,1269.7421,-37.0861,1731.1964,1236.6982,0.3646
28.7702,3136.2476,1269.3849,-37.0861,1731.1932,1236.6808,0.3798
28.7807,3137.2395,1269.1651,-37.0861,1731.1954,1236.6998,0.3805
28.7904,3138.2301,1268.9417,-37.0861,1731.1965,1236.6985,0.3625
28.8014,3139.1838,1268.5736,-37.0861,1731.1920,1236.6879,0.3808
28.8107,3140.2020,1268.1173,-37.0861,1731.1918,1236.6952,0.3612
28.8206,3141.2181,1267.6805,-37.0861,1731.2121,1236.7066,0.3503
28.8306,3142.1941,1267.2689,-37.0861,1731.2025,1236.6918,0.3673
28.8413,3143.0769,1266.8920,-37.0861,1731.1999,1236.7005,0.3536
28.8512,3143.9192,1266.5415,-37.0861,1731.2161,1236.7109,0.3540
28.8619,3144.7781,1266.2112,-37.0861,1731.1963,1236.6989,0.3609
28.8720,3145.7057,1265.9434,-37.0861,1731.2037,1236.6865,0.3815
28.8806,3146.6300,1265.6299,-37.0861,1731.2067,1236.7101,0.3573
28.8908,3147.5676,1265.2701,-37.0861,1731.1981,1236.6943,0.3760
28.9006,3148.5225,1264.8510,-37.0861,1731.1956,1236.6788,0.3822
28.9106,3149.4601,1264.4441,-37.0861,1731.2072,1236.7031,0.3586
28.9201,3150.4076,1264.0204,-37.0861,1731.2024,1236.6882,0.3708
28.9305,3151.3457,1263.6080,-37.0861,1731.1982,1236.6855,0.3755
28.9419,3152.2853,1263.2513,-37.0861,1731.2167,1236.7002,0.3569
28.9508,3153.1885,1262.9587,-37.0861,1731.2076,1236.6925,0.3618
28.9604,3154.1184,1262.6667,-37.0861,1731.1912,1236.6862,0.3727
28.9705,3155.0776,1262.3679,-37.0861,1731.2098,1236.7039,0.3666
28.9810,3156.0538,1261.9714,-37.0861,1731.1953,1236.7064,0.3634
28.9915,3157.0311,1261.5096,-37.0861,1731.1968,1236.6763,0.3814
29.0005,3157.9834,1261.0311,-37.0861,1731.2071,1236.6930,0.3567
29.0103,3158.9384,1260.6119,-37.0861,1731.2003,1236.6984,0.3575
29.0205,3159.8486,1260.2537,-37.0861,1731.1897,1236.6654,0.3868
29.0316,3160.7867,1259.9276,-37.0861,1731.1986,1236.6978,0.3574
29.0414,3161.6954,1259.6528,-37.0861,1731.1955,1236.6887,0.3792
29.0508,3162.6382,1259.3547,-37.0861,1731.1776,1236.6797,0.3803
29.0615,3163.6244,1258.9389,-37.0861,1731.2004,1236.7011,0.3677
29.0714,3164.6433,1258.5186,-37.0861,1731.2010,1236.6984,0.3707
29.0814,3165.6514,1258.0748,-37.0861,1731.1848,1236.6964,0.3768
29.0906,3166.6211,1257.6036,-37.0861,1731.2009,1236.6792,0.3888
29.1027,3167.5525,1257.2401,-37.0861,1731.1979,1236.6971,0.3665
29.1108,3168.4774,1256.9349,-37.0861,1731.1921,1236.6954,0.3781
29.1209,3169.3790,1256.6780,-37.0861,1731.2043,1236.6880,0.3815
29.1307,3170.2593,1256.3903,-37.0861,1731.2060,1236.7034,0.3597
29.1409,3171.2013,1256.0936,-37.0861,1731.1909,1236.6907,0.3813
29.1505,3172.1779,1255.7281,-37.0861,1731.1913,1236.6868,0.3818
29.1606,3173.2229,1255.3352,-37.0861,1731.1932,1236.6883,0.3750
29.1703,3174.3011,1254.8501,-37.0861,1731.1832,1236.6746,0.3801
29.1803,3175.3221,1254.3943,-37.0861,1731.1831,1236.6727,0.3853
29.1900,3176.2769,1254.0488,-37.0861,1731.1952,1236.6803,0.3819
29.2003,3177.2089,1253.7858,-37.0861,1731.1898,1236.6906,0.3726
29.2102,3178.1539,1253.4966,-37.0861,1731.1950,1236.6796,0.3781
29.2205,3179.0796,1253.2355,-37.0861,1731.2003,1236.6990,0.3832
29.2307,3180.0129,1252.9017,-37.0861,1731.1945,1236.6994,0.3707
29.2411,3180.9911,1252.4978,-37.0861,1731.1971,1236.6900,0.3885
29.2518,3182.0319,1252.0645,-37.0861,1731.1946,1236.6931,0.3803
29.2605,3183.0470,1251.6371,-37.0861,1731.2048,1236.6913,0.3825
29.2712,3183.9681,1251.2830,-37.0861,1731.1894,1236.6920,0.3837
29.2806,3184.8608,1250.9867,-37.0861,1731.1926,1236.6883,0.3712
29.2905,3185.7693,1250.7324,-37.0861,1731.1965,1236.6958,0.3727
29.3013,3186.7198,1250.4380,-37.0861,1731.1859,1236.7008,0.3639
29.3102,3187.6412,1250.0967,-20.4863,1731.1961,1236.6869,0.3733
29.3203,3188.6315,1249.6807,-20.4383,1731.1920,1236.6958,0.3767
29.3308,3189.7380,1249.2518,-20.4103,1731.1937,1236.7026,0.3673
29.3405,3190.8652,1248.8143,-20.3871,1731.1953,1236.6818,0.3816
29.3513,3191.8267,1248.3891,-20.3274,1731.1994,1236.6900,0.3779
29.3605,3192.6932,1247.9747,-20.0935,1731.1942,1236.6882,0.3713
29.3707,3193.4760,1247.7498,-19.4409,1731.1989,1236.6927,0.3706
29.3808,3193.8571,1247.1644,-18.5373,1731.1998,1236.6938,0.3648
29.3924,3194.3262,1246.4533,-17.4593,1731.1968,1236.6977,0.3697
29.4008,3195.4277,1246.5872,-16.0805,1731.1858,1236.6956,0.3656
29.4117,3196.2994,1245.8943,-14.4237,1731.1985,1236.6829,0.3850
29.4203,3196.8271,1245.0255,-14.4237,1731.1934,1236.6964,0.3706
29.4302,3197.5337,1244.9185,-14.4237,1731.1935,1236.6823,0.3780
29.4416,3197.8656,1244.2237,-14.4237,1731.2044,1236.6824,0.3710
29.4506,3197.8542,1243.2942,-14.4237,1731.1946,1236.6889,0.3650
29.4607,3197.9689,1242.9293,-14.4237,1731.1976,1236.6850,0.3787
29.4708,3198.3230,1242.1993,-14.4237,1731.1868,1236.6935,0.3748
29.4802,3198.6599,1241.2209,-14.4237,1731.1863,1236.6874,0.3847
29.4912,3199.4071,1240.7834,-14.4237,1731.1945,1236.6921,0.3757
29.5005,3200.3696,1240.4867,-14.4237,1731.1896,1236.6956,0.3776
29.5105,3201.4642,1240.0916,-14.4237,1731.2045,1236.6810,0.3822
29.5205,3202.6339,1239.8079,-14.4237,1731.1989,1236.6963,0.3646
29.5317,3203.7739,1239.7562,-14.4237,1731.1995,1236.6914,0.3646
29.5414,3204.7363,1239.7820,-14.4237,1731.1967,1236.6927,0.3737
29.5508,3205.7561,1239.8709,-14.4237,1731.1998,1236.6953,0.3679
29.5607,3206.8862,1239.9340,-14.4237,1731.1903,1236.6891,0.3829
29.5707,3208.0161,1239.8748,-14.4237,1731.1801,1236.6805,0.3932
29.5802,3209.0820,1239.8193,-14.4237,1731.1871,1236.6755,0.3908
29.5907,3210.1295,1239.8446,-14.4237,1731.1956,1236.6916,0.3766
29.6006,3211.2083,1239.9219,-14.4237,1731.1944,1236.6827,0.3769
29.6102,3212.2111,1239.9771,-14.4237,1731.2110,1236.6831,0.3812
29.6202,3213.1854,1239.9108,-14.4237,1731.2031,1236.6964,0.3543
29.6307,3214.1422,1239.8665,-14.4237,1731.1950,1236.6898,0.3722
29.6406,3215.1434,1239.8932,-14.4237,1731.1938,1236.6829,0.3743
29.6504,3216.0782,1239.9280,-14.4237,1731.1891,1236.6894,0.3719
29.6605,3217.0598,1239.9435,-14.4237,1731.1882,1236.6862,0.3869
29.6708,3218.0858,1239.9234,-14.4237,1731.1852,1236.6883,0.3751
29.6805,3219.1373,1239.9380,-14.4237,1731.2036,1236.6924,0.3733
29.6903,3220.1917,1240.0084,-14.4237,1731.2061,1236.6949,0.3734
29.7006,3221.1685,1240.0045,-14.4237,1731.1946,1236.6904,0.3779
29.7111,3222.1021,1239.9332,-14.4237,1731.2024,1236.6889,0.3884
29.7221,3223.1064,1239.8912,-14.4237,1731.1951,1236.6985,0.3804
29.7322,3224.0956,1239.9079,-14.4237,1731.1887,1236.6760,0.3963
29.7404,3225.1793,1239.9630,-14.4237,1731.1890,1236.6973,0.3660
29.7504,3226.2972,1239.9470,-14.4237,1731.2092,1236.6932,0.3647
29.7604,3227.4695,1239.9508,-14.4237,1731.1894,1236.6804,0.3685
29.7704,3228.5685,1239.9949,-14.4237,1731.1949,1236.6880,0.3696
29.7805,3229.6912,1240.1089,-14.4237,1731.2057,1236.6775,0.3792
29.7906,3230.7419,1240.1046,-14.4237,1731.1923,1236.6917,0.3767
29.8006,3231.8027,1240.0718,-14.4237,1731.1885,1236.6792,0.3908
29.8102,3232.8798,1240.0756,-14.4237,1731.1929,1236.6982,0.3724
29.8204,3233.9178,1240.1085,-14.4237,1731.1927,1236.6948,0.3666
29.8307,3234.9830,1240.1356,-14.4237,1731.1993,1236.6927,0.3819
29.8418,3236.0490,1240.1119,-14.4237,1731.2025,1236.6990,0.3707
29.8521,3237.1333,1240.1469,-14.4237,1731.2024,1236.6816,0.3824
29.8608,3238.1873,1240.1733,-14.4237,1731.1921,1236.6740,0.3901
29.8709,3239.1605,1240.1135,-14.4237,1731.1926,1236.6909,0.3722
29.8808,3240.0840,1240.0630,-14.4237,1731.2018,1236.6891,0.3803
29.8922,3241.0243,1240.0617,-14.4237,1731.1923,1236.6927,0.3752
29.9020,3242.0391,1240.0937,-14.4237,1731.1973,1236.6983,0.3742
29.9110,3243.0507,1240.0860,-14.4237,1731.1959,1236.7038,0.3696
29.9204,3244.1052,1240.0486,-14.4237,1731.1937,1236.6853,0.3842
29.9308,3245.2306,1240.0799,-14.4237,1731.2006,1236.6842,0.3915
29.9410,3246.3246,1240.0731,-14.4237,1731.1826,1236.6904,0.3759
29.9504,3247.3287,1240.0129,-14.4237,1731.1910,1236.6705,0.3879
29.9615,3248.2404,1239.9354,-14.4237,1731.1946,1236.6922,0.3695
29.9708,3249.1285,1239.9404,-14.4237,1731.1988,1236.7017,0.3627
29.9816,3250.0836,1239.9619,-14.4237,1731.1974,1236.6859,0.3752
29.9908,3251.0215,1239.9690,-14.4237,1731.1966,1236.6908,0.3657
30.0013,3252.0321,1239.9474,-14.4237,1731.2006,1236.6895,0.3788
30.0105,3253.0173,1239.9646,-14.4237,1731.1827,1236.6880,0.3722
30.0216,3254.0742,1239.9911,-14.4237,1731.1971,1236.6824,0.3799
30.0305,3255.0983,1240.0189,-14.4237,1731.1984,1236.6852,0.3802
30.0408,3256.0298,1239.9609,-14.4237,1731.1967,1236.7004,0.3713
30.0520,3256.9226,1239.8641,-14.4237,1731.2076,1236.6949,0.3819
30.0605,3257.9138,1239.8446,-14.4237,1731.2029,1236.6968,0.3705
30.0708,3258.9030,1239.8599,0.7426,1731.2060,1236.6952,0.3726
30.0805,3259.9457,1239.8730,0.7426,1731.1977,1236.6922,0.3783
30.0907,3261.0125,1239.8665,0.7426,1731.1982,1236.6824,0.3721
30.1005,3262.0728,1239.8975,0.7426,1731.1993,1236.6823,0.3762
30.1106,3263.0969,1239.9581,0.7426,1731.1990,1236.6889,0.3632
30.1203,3264.0538,1240.0040,0.7426,1731.2061,1236.6850,0.3666
30.1303,3264.9071,1239.9785,0.7426,1731.2007,1236.6925,0.3673
30.1408,3265.7620,1239.9217,0.7426,1731.1966,1236.6932,0.3626
30.1519,3266.6044,1239.9286,0.7426,1731.2071,1236.6802,0.3841
30.1607,3267.4176,1239.9415,0.7426,1731.1921,1236.6959,0.3701
30.1709,3268.1671,1239.9717,0.7426,1731.1937,1236.6790,0.3893
30.1807,3268.8103,1239.9323,0.7426,1731.2078,1236.6861,0.3739
30.1915,3269.5966,1239.9747,0.7426,1731.2018,1236.6951,0.3582
30.2006,3270.5382,1240.0778,0.7426,1731.2061,1236.6870,0.3726
30.2101,3271.6947,1240.1335,0.7426,1731.1977,1236.6872,0.3679
30.2209,3272.8092,1240.1376,0.7426,1731.2003,1236.6792,0.3780
30.2303,3273.8922,1240.0935,0.7426,1731.1830,1236.6799,0.3836
30.2405,3274.8088,1240.0836,0.7426,1731.1953,1236.6794,0.3831
30.2504,3275.8058,1240.0862,0.7426,1731.2034,1236.6945,0.3674
30.2604,3276.7931,1240.1207,0.7426,1731.1965,1236.6909,0.3571
30.2704,3277.8217,1240.1300,0.7426,1731.2057,1236.6840,0.3712
30.2812,3278.8071,1240.1451,0.7426,1731.2061,1236.7000,0.3635
30.2907,3279.8611,1240.2052,0.7426,1731.1944,1236.6829,0.3788
30.3010,3280.8596,1240.2811,0.7426,1731.1863,1236.6719,0.3934
30.3117,3281.8455,1240.2640,0.7426,1731.1863,1236.6860,0.3791
30.3222,3282.8446,1240.2354,0.7426,1731.2057,1236.6890,0.3734
30.3310,3283.8066,1240.1876,0.7426,1731.1948,1236.6882,0.3768
30.3408,3284.8533,1240.2084,0.7426,1731.2090,1236.6882,0.3778
30.3508,3285.9167,1240.2323,0.7426,1731.2102,1236.7014,0.3690
30.3607,3287.0118,1240.2429,0.7426,1731.1927,1236.6916,0.3734
30.3703,3288.1086,1240.2621,0.7426,1731.1963,1236.6698,0.3986
30.3817,3289.1271,1240.3265,0.7426,1731.1958,1236.6954,0.3740
30.3924,3290.1212,1240.3549,0.7426,1731.1919,1236.6850,0.3794
30.4005,3291.0369,1240.3709,0.7426,1731.1924,1236.6826,0.3920
30.4106,3292.0287,1240.3358,0.7426,1731.2009,1236.6977,0.3620
30.4206,3292.9712,1240.3322,0.7426,1731.2006,1236.6951,0.3635
30.4305,3293.9199,1240.3367,0.7426,1731.1984,1236.6831,0.3750
30.4407,3294.9668,1240.3785,1.1551,1731.2075,1236.6841,0.3746
30.4507,3296.0134,1240.4086,1.1810,1731.1965,1236.6913,0.3772
30.4605,3297.0206,1240.4646,1.1874,1731.1913,1236.6853,0.3803
30.4702,3298.0154,1240.5182,1.2334,1731.1962,1236.6888,0.3853
30.4806,3299.0649,1240.5385,1.2334,1731.2017,1236.6951,0.3673
30.4907,3300.3367,1240.4773,1.2334,1731.1993,1236.6798,0.3942
30.5005,3301.6145,1240.5632,1.2334,1731.2043,1236.6866,0.3890
30.5109,3302.4883,1240.3975,1.2334,1731.1936,1236.6846,0.3837
30.5207,3303.2856,1240.1106,1.2334,1731.1925,1236.6767,0.3917
30.5321,3304.0791,1239.8519,1.2334,1731.1880,1236.6904,0.3780
30.5405,3304.8568,1239.3496,1.2334,1731.2047,1236.6809,0.3769
30.5501,3305.5585,1238.6865,1.2334,1731.1923,1236.6969,0.3681
30.5604,3306.4816,1238.5006,1.2334,1731.1973,1236.6779,0.3753
30.5706,3307.4441,1238.5277,1.2334,1731.2066,1236.6877,0.3643
30.5808,3308.3274,1238.4180,1.2334,1731.1936,1236.6971,0.3669
30.5907,3309.2129,1238.6138,1.2334,1731.1997,1236.6683,0.3914
30.6008,3310.2861,1238.9457,1.2334,1731.2002,1236.6883,0.3758
30.6104,3311.4064,1239.0337,1.2334,1731.2034,1236.6912,0.3763
30.6218,3312.6034,1239.0922,1.2334,1731.1929,1236.6881,0.3830
30.6310,3313.8073,1239.2169,1.2334,1731.1995,1236.6875,0.3738
30.6407,3314.9395,1239.4022,1.2334,1731.2140,1236.6940,0.3745
30.6507,3315.9878,1239.6011,1.2334,1731.1938,1236.6933,0.3736
30.6603,3317.0242,1239.7376,1.2334,1731.1985,1236.6788,0.3802
30.6707,3318.0287,1239.8414,1.2334,1731.1981,1236.6919,0.3755
30.6804,3319.0739,1239.9207,1.2334,1731.1936,1236.6838,0.3814
30.6904,3320.0945,1240.0522,1.2334,1731.1926,1236.6722,0.3867
30.7002,3321.0396,1240.1864,1.2334,1731.2018,1236.6931,0.3649
30.7103,3322.0308,1240.3635,1.2334,1731.1935,1236.6865,0.3693
30.7206,3323.0835,1240.5408,1.2334,1731.1884,1236.6820,0.3751
30.7306,3324.0841,1240.6663,1.2334,1731.2058,1236.6898,0.3701
30.7404,3325.0477,1240.7910,1.2334,1731.1996,1236.6869,0.3789
30.7502,3326.0635,1240.9145,1.2334,1731.1956,1236.6875,0.3739
30.7604,3327.1378,1241.0399,1.2334,1731.2113,1236.6868,0.3835
30.7705,3328.2081,1241.1746,1.2334,1731.1971,1236.6961,0.3792
30.7812,3329.2400,1241.2947,1.2334,1731.1935,1236.6835,0.3830
30.7920,3330.2822,1241.4199,1.2334,1731.2157,1236.6904,0.3784
30.8002,3331.3076,1241.6204,1.2334,1731.1962,1236.6941,0.3728
30.8105,3332.3540,1241.8038,1.2334,1731.1986,1236.6836,0.3865
30.8202,3333.3918,1241.9451,1.2334,1731.2045,1236.6910,0.3700
30.8306,3334.3645,1242.0446,1.2334,1731.2062,1236.6931,0.3583
30.8404,3335.3586,1242.2006,1.2334,1731.1947,1236.6823,0.3665
30.8523,3336.3453,1242.3481,1.2334,1731.1982,1236.6873,0.3614
30.8606,3337.3136,1242.4766,1.2334,1731.1987,1236.6814,0.3797
30.8706,3338.2980,1242.5701,1.2334,1731.1817,1236.6879,0.3844
30.8809,3339.2919,1242.7063,1.2334,1731.1910,1236.6770,0.3828
30.8908,3340.2903,1242.8563,1.2334,1731.1941,1236.6860,0.3899
30.9004,3341.2736,1242.9882,1.2334,1731.1906,1236.6924,0.3715
30.9106,3342.2848,1243.1199,1.2334,1731.1990,1236.6848,0.3911
30.9213,3343.2524,1243.2465,1.2334,1731.1954,1236.6941,0.3730
30.9308,3344.2393,1243.4006,1.2334,1731.2002,1236.6919,0.3733
30.9409,3345.2255,1243.5452,1.2334,1731.1953,1236.6880,0.3794
30.9519,3346.2227,1243.6519,1.2334,1731.2019,1236.6842,0.3854
30.9608,3347.2773,1243.7639,1.2334,1731.2053,1236.6852,0.3832
30.9708,3348.2931,1243.8651,1.2334,1731.1851,1236.6960,0.3770
30.9812,3349.2678,1243.9742,1.2334,1731.1936,1236.6762,0.3918
30.9908,3350.2191,1244.0966,1.2334,1731.2007,1236.6968,0.3773
31.0009,3351.2100,1244.2535,1.2334,1731.1912,1236.6881,0.3820
31.0108,3352.0990,1244.4303,1.2334,1731.1951,1236.6808,0.3813
31.0208,3353.0812,1244.5463,1.2334,1731.2003,1236.7078,0.3613
31.0305,3354.0813,1244.6354,1.2334,1731.1969,1236.6859,0.3793
31.0419,3355.0874,1244.7335,1.2334,1731.1912,1236.6826,0.3860
31.0503,3356.1775,1244.8784,1.2334,1731.2025,1236.6899,0.3735
31.0608,3357.2125,1245.0435,1.2334,1731.1932,1236.6883,0.3846
31.0714,3358.2499,1245.1786,1.2334,1731.1870,1236.6773,0.3964
31.0816,3359.2772,1245.2933,1.2334,1731.1944,1236.6744,0.3907
31.0908,3360.2933,1245.4443,1.2334,1731.1934,1236.6941,0.3783
31.1004,3361.2979,1245.6076,1.2334,1731.1909,1236.6738,0.3887
31.1109,3362.2788,1245.7379,1.2334,1731.2116,1236.6940,0.3702
31.1206,3363.3862,1245.8594,1.2334,1731.2079,1236.7058,0.3539
31.1306,3364.4628,1245.9704,1.2334,1731.1968,1236.6843,0.3758
31.1402,3365.5333,1246.1490,1.2334,1731.1984,1236.6896,0.3735
31.1502,3366.6001,1246.2979,1.2334,1731.1954,1236.6841,0.3770
31.1604,3367.6462,1246.4243,1.2334,1731.1853,1236.6674,0.3964
31.1706,3368.6853,1246.5314,1.2334,1731.1824,1236.6717,0.3779
31.1803,3369.7152,1246.6948,1.2334,1731.2017,1236.6646,0.3895
31.1904,3370.6326,1246.8738,1.2334,1731.1808,1236.6746,0.3772
31.2005,3371.6339,1247.0325,1.2334,1731.1960,1236.6693,0.3860
31.2102,3372.6198,1247.1370,1.2334,1731.1997,1236.6906,0.3698
31.2203,3373.6300,1247.2244,1.2334,1731.1957,1236.6886,0.3735
31.2309,3374.6560,1247.3351,1.2334,1731.1926,1236.6712,0.3851
31.2415,3375.6143,1247.4625,1.2334,1731.2049,1236.6898,0.3689
31.2507,3376.6191,1247.6036,1.2334,1731.2038,1236.6714,0.3783
31.2603,3377.5681,1247.7380,1.2334,1731.1936,1236.6774,0.3809
31.2706,3378.4719,1247.9115,1.2334,1731.1982,1236.6822,0.3765
31.2806,3379.3304,1248.0566,1.2334,1731.2045,1236.6801,0.3837
31.2904,3380.2612,1248.1887,8.3506,1731.1820,1236.6723,0.3859
31.3008,3381.2026,1248.2708,8.3750,1731.1981,1236.6660,0.3891
31.3111,3382.2173,1248.3740,8.4095,1731.1998,1236.6904,0.3709
31.3203,3383.2125,1248.4894,8.4732,1731.1926,1236.6775,0.3785
31.3306,3384.2556,1248.6028,8.7826,1731.1986,1236.6768,0.3745
31.3407,3385.5333,1248.7307,8.7826,1731.2126,1236.6960,0.3578
31.3503,3386.7128,1248.9945,8.7826,1731.1981,1236.6815,0.3878
31.3608,3387.7158,1248.9136,8.7826,1731.1870,1236.6710,0.3970
31.3703,3388.8020,1249.1863,8.7826,1731.1983,1236.6811,0.3738
31.3813,3389.8606,1249.2278,8.7826,1731.1878,1236.6821,0.3889
31.3928,3390.7433,1248.6943,8.7826,1731.1890,1236.6811,0.3914
31.4012,3391.6113,1248.3683,8.7826,1731.2075,1236.6867,0.3759
31.4106,3392.6997,1248.1968,8.7826,1731.2027,1236.6944,0.3604
31.4202,3393.7789,1247.8453,8.7826,1731.2017,1236.6727,0.3816
31.4305,3394.8060,1247.8895,8.7826,1731.2120,1236.6956,0.3728
31.4409,3395.7917,1248.1235,8.7826,1731.2094,1236.6908,0.3702
31.4512,3396.6691,1248.4514,8.7826,1731.1968,1236.6677,0.3873
31.4606,3397.5532,1248.8063,8.7826,1731.1940,1236.6919,0.3762
31.4705,3398.3439,1248.9674,8.7826,1731.2006,1236.6717,0.3893
31.4811,3399.1814,1249.1289,8.7826,1731.1903,1236.6808,0.3879
31.4913,3399.9534,1249.3386,8.7826,1731.1948,1236.6845,0.3801
31.5012,3400.7760,1249.6389,8.7826,1731.2115,1236.6859,0.3754
31.5106,3401.6064,1249.9777,8.7826,1731.1973,1236.7045,0.3641
31.5206,3402.5867,1250.2833,8.7826,1731.1972,1236.6783,0.3758
31.5353,3403.6461,1250.6318,8.7826,1731.2048,1236.6934,0.3783
31.5408,3404.7433,1250.9164,8.7826,1731.2001,1236.6838,0.3725
31.5512,3405.7418,1251.1450,8.7826,1731.1967,1236.6802,0.3794
31.5608,3406.7107,1251.3743,8.7826,1731.2086,1236.6895,0.3701
31.5704,3407.5861,1251.6769,8.7826,1731.2108,1236.6774,0.3748
31.5807,3408.5239,1251.9337,8.7826,1731.1923,1236.6937,0.3753
31.5905,3409.3895,1252.2319,8.7826,1731.1821,1236.6685,0.3969
31.6003,3410.2793,1252.5508,8.7826,1731.1993,1236.6794,0.3899
31.6108,3411.1941,1252.9040,8.7826,1731.1889,1236.6973,0.3757
31.6210,3412.1523,1253.2264,17.5341,1731.1861,1236.6665,0.4009
