time[s], wr_x[mm], wr_y[mm] 
0.0001,485.4633,1286.1158,-0.2788,1811.6001,1308.3199,-0.5173
4.0304,485.5450,1286.1774,-0.3019,1811.6597,1308.3781,-0.5546
4.0378,485.5708,1286.1810,-0.3073,1811.6691,1308.3818,-0.5720
4.0463,485.6106,1286.1747,-0.2866,1811.6675,1308.3785,-0.5697
4.0530,485.4783,1286.2031,-0.2996,1811.6602,1308.3903,-0.5789
4.0708,485.5973,1286.2012,-0.3566,1811.6705,1308.3755,-0.5700
4.0737,485.5984,1286.3645,-0.7593,1811.6630,1308.3931,-0.5824
4.0808,485.1956,1286.4321,-1.5015,1811.6542,1308.3640,-0.5479
4.0905,484.9731,1286.5169,-2.4172,1811.6670,1308.3819,-0.5573
4.1052,485.0453,1286.8319,-3.5514,1811.6660,1308.4003,-0.5780
4.1105,484.9251,1286.9935,-4.9647,1811.6556,1308.3652,-0.5539
4.1208,484.7692,1287.0211,-6.5069,1811.6597,1308.3881,-0.5724
4.1313,485.1492,1287.6355,-8.2604,1811.6711,1308.3890,-0.5811
4.1409,485.0773,1287.6719,-10.0531,1811.6487,1308.3692,-0.5579
4.1517,485.0347,1288.0811,-12.1419,1811.6553,1308.3710,-0.5683
4.1614,485.0970,1288.7021,-14.2702,1811.6639,1308.3779,-0.5720
4.1718,485.1955,1289.0126,-16.4941,1811.6509,1308.3688,-0.5583
4.1816,485.3196,1289.4237,-18.8945,1811.6494,1308.3541,-0.5613
4.1914,485.6923,1290.0590,-21.3460,1811.6710,1308.3766,-0.5687
4.2013,485.7799,1290.4379,-23.9063,1811.6442,1308.3728,-0.5646
4.2110,486.0608,1290.8989,-26.5366,1811.6539,1308.3563,-0.5494
4.2219,486.6233,1291.3366,-29.2438,1811.6678,1308.3981,-0.5827
4.2305,486.9109,1291.6621,-31.9957,1811.6556,1308.3718,-0.5720
4.2411,487.4395,1292.2427,-34.8187,1811.6495,1308.3738,-0.5654
4.2505,488.0584,1292.8741,-37.7297,1811.6700,1308.3773,-0.5759
4.2608,488.4059,1293.2313,-40.7162,1811.6595,1308.3683,-0.5672
4.2707,488.9523,1293.7379,-43.6645,1811.6505,1308.3640,-0.5598
4.2809,489.5289,1294.4887,-46.7111,1811.6600,1308.3671,-0.5654
4.2911,489.8560,1295.2565,-49.7598,1811.6632,1308.3752,-0.5652
4.3005,490.3536,1296.0472,-52.8081,1811.6421,1308.3669,-0.5605
4.3107,491.2399,1296.4694,-55.8817,1811.6561,1308.3596,-0.5594
4.3208,491.9022,1296.8118,-59.0051,1811.6664,1308.3834,-0.5749
4.3314,492.6669,1296.9518,-62.1709,1811.6460,1308.3621,-0.5655
4.3422,493.4277,1297.2859,-65.3131,1811.6604,1308.3746,-0.5700
4.3506,494.4567,1297.6368,-68.5819,1811.6650,1308.3831,-0.5829
4.3605,495.2522,1297.9788,-71.8706,1811.6550,1308.3668,-0.5586
4.3703,495.8898,1298.4973,-75.0126,1811.6592,1308.3801,-0.5683
4.3828,497.1419,1298.6968,-78.2921,1811.6687,1308.3757,-0.5602
4.3913,497.9234,1298.9424,-81.5595,1811.6533,1308.3809,-0.5609
4.4009,498.8411,1299.1060,-84.8132,1811.6549,1308.3700,-0.5657
4.4117,499.6104,1299.2617,-88.1016,1811.6645,1308.3765,-0.5682
4.4205,500.6732,1299.3696,-88.1016,1811.6565,1308.3798,-0.5692
4.4321,501.8251,1299.3682,-88.1016,1811.6531,1308.3565,-0.5642
4.4409,502.6602,1299.6142,-88.1016,1811.6681,1308.3813,-0.5712
4.4519,503.8726,1299.7028,-88.1016,1811.6547,1308.3685,-0.5624
4.4619,505.1536,1299.7383,-88.1016,1811.6578,1308.3652,-0.5607
4.4747,506.3341,1299.6744,-88.1016,1811.6647,1308.3891,-0.5739
4.4811,507.2940,1299.6069,-88.1016,1811.6512,1308.3726,-0.5618
4.4908,508.1669,1299.4868,-88.1016,1811.6550,1308.3817,-0.5690
4.5010,508.8473,1299.2597,-88.1016,1811.6639,1308.3702,-0.5800
4.5109,509.5061,1299.0464,-88.1016,1811.6622,1308.3702,-0.5576
4.5208,510.0181,1299.0840,-88.1016,1811.6503,1308.3705,-0.5748
4.5304,510.7243,1299.0154,-88.1016,1811.6685,1308.3630,-0.5589
4.5408,510.7398,1299.0670,-88.1016,1811.6522,1308.3849,-0.5722
4.5504,510.9781,1298.9592,-88.1016,1811.6484,1308.3664,-0.5607
4.5605,511.1230,1298.9525,-88.1016,1811.6599,1308.3816,-0.5649
4.5707,510.9529,1299.0522,-88.1016,1811.6587,1308.3832,-0.5698
4.5809,511.0783,1298.9975,-88.1016,1811.6425,1308.3623,-0.5552
4.5918,510.9777,1299.0257,-88.1016,1811.6539,1308.3814,-0.5674
4.6012,511.0194,1298.9919,-88.1016,1811.6606,1308.3577,-0.5614
4.6112,510.9434,1299.0267,-88.1016,1811.6526,1308.3630,-0.5563
4.6204,510.9056,1299.0408,-88.1016,1811.6563,1308.3638,-0.5737
4.6319,510.9247,1299.0137,-88.1016,1811.6652,1308.3597,-0.5572
4.6422,510.9352,1299.0139,-88.1016,1811.6598,1308.3702,-0.5768
4.6521,510.8432,1299.0117,-88.1016,1811.6560,1308.3610,-0.5595
4.6612,510.9227,1298.9799,-88.1016,1811.6562,1308.3643,-0.5702
4.6707,510.9250,1298.9650,-88.1016,1811.6638,1308.3667,-0.5704
4.6809,510.8908,1298.9534,-88.1016,1811.6531,1308.3560,-0.5592
4.6906,510.7929,1299.0095,-88.1016,1811.6479,1308.3641,-0.5738
4.7016,510.9012,1298.9816,-88.1016,1811.6582,1308.3611,-0.5666
4.7105,510.8713,1298.9927,-88.1016,1811.6483,1308.3768,-0.5689
4.7210,510.8633,1298.9897,-88.1016,1811.6519,1308.3597,-0.5644
4.7309,510.9253,1298.9752,-88.1016,1811.6561,1308.3648,-0.5673
4.7404,510.7961,1299.0175,-88.1016,1811.6522,1308.3770,-0.5795
4.7507,510.7369,1299.0107,-88.1016,1811.6591,1308.3666,-0.5678
4.7609,510.8403,1299.0085,-88.1016,1811.6710,1308.3784,-0.5860
4.7708,510.8210,1299.0167,-88.1016,1811.6638,1308.3625,-0.5752
4.7807,510.8407,1298.9878,-88.1016,1811.6691,1308.3661,-0.5674
4.7918,510.8442,1299.0078,-88.1016,1811.6572,1308.3723,-0.5752
4.8015,510.9476,1298.9423,-88.1016,1811.6547,1308.3577,-0.5623
4.8117,510.8146,1299.0186,-88.1016,1811.6481,1308.3793,-0.5730
4.8218,510.8143,1298.9747,-88.1016,1811.6534,1308.3566,-0.5637
4.8314,510.8127,1298.9976,-88.1016,1811.6645,1308.3721,-0.5633
4.8421,510.8083,1298.9946,-88.1016,1811.6535,1308.3725,-0.5774
4.8515,510.7628,1298.9589,-88.1016,1811.6609,1308.3515,-0.5629
4.8620,510.6309,1298.9596,-88.1016,1811.6654,1308.3785,-0.5812
4.8718,510.7058,1298.6781,-88.1016,1811.6530,1308.3632,-0.5730
4.8821,510.4305,1298.4379,-88.1016,1811.6565,1308.3625,-0.5671
4.8910,510.3813,1298.0829,-88.1016,1811.6564,1308.3685,-0.5716
4.9005,510.2350,1297.6916,-88.1016,1811.6536,1308.3686,-0.5704
4.9107,510.0688,1297.3601,-88.1016,1811.6545,1308.3730,-0.5644
4.9213,509.9208,1297.1078,-88.1016,1811.6607,1308.3606,-0.5645
4.9310,509.8760,1296.8844,-88.1016,1811.6604,1308.3798,-0.5660
4.9406,509.6728,1296.5266,-88.1016,1811.6460,1308.3656,-0.5697
4.9513,509.5089,1295.9572,-88.1016,1811.6611,1308.3574,-0.5562
4.9617,509.0472,1295.4276,-88.1016,1811.6594,1308.3809,-0.5796
4.9706,508.7126,1294.7568,-88.1016,1811.6512,1308.3543,-0.5607
4.9819,508.4512,1294.1359,-88.1016,1811.6545,1308.3679,-0.5668
4.9919,508.0495,1293.4994,-88.1016,1811.6632,1308.3715,-0.5801
5.0005,507.5639,1292.8546,-88.1016,1811.6562,1308.3635,-0.5625
5.0108,507.1934,1292.0936,-88.1016,1811.6562,1308.3662,-0.5684
5.0205,506.9137,1291.2329,-88.1016,1811.6681,1308.3610,-0.5595
5.0305,506.5468,1290.4116,-88.1016,1811.6625,1308.3771,-0.5769
5.0415,505.8724,1289.6918,-88.1016,1811.6573,1308.3579,-0.5607
5.0516,505.8477,1288.8126,-88.1016,1811.6600,1308.3659,-0.5538
5.0608,505.1388,1288.1757,-88.1016,1811.6591,1308.3899,-0.5836
5.0708,504.8591,1287.3101,-88.1016,1811.6531,1308.3611,-0.5612
5.0807,504.3788,1286.5714,-88.1016,1811.6552,1308.3693,-0.5725
5.0909,504.0874,1285.7202,-88.1016,1811.6644,1308.3775,-0.5806
5.1018,503.4999,1284.9482,-88.1016,1811.6481,1308.3590,-0.5663
5.1123,503.0307,1284.1902,-88.1016,1811.6530,1308.3651,-0.5662
5.1208,502.7565,1283.3083,-88.1016,1811.6679,1308.3622,-0.5599
5.1307,502.0503,1282.5933,-88.1016,1811.6550,1308.3776,-0.5596
5.1409,501.9382,1281.6922,-88.1016,1811.6445,1308.3533,-0.5570
5.1509,501.6060,1280.8914,-88.1016,1811.6658,1308.3851,-0.5671
5.1605,501.0868,1280.1105,-88.1016,1811.6498,1308.3818,-0.5824
5.1706,500.6742,1279.2811,-88.1016,1811.6559,1308.3530,-0.5522
5.1823,500.1850,1278.5111,-88.1016,1811.6576,1308.3767,-0.5737
5.1905,499.8717,1277.5878,-88.1016,1811.6506,1308.3537,-0.5643
5.2007,499.2754,1276.7952,-88.1016,1811.6458,1308.3558,-0.5568
5.2105,498.7737,1275.9872,-88.1016,1811.6528,1308.3685,-0.5688
5.2204,498.4103,1275.1290,-88.1016,1811.6553,1308.3669,-0.5577
5.2307,497.9603,1274.3716,-88.1016,1811.6425,1308.3720,-0.5734
5.2406,497.8663,1273.4865,-88.1016,1811.6608,1308.3657,-0.5594
5.2522,497.2059,1272.7332,-88.1016,1811.6498,1308.3672,-0.5718
5.2609,496.7837,1271.8605,-88.1016,1811.6471,1308.3562,-0.5707
5.2706,496.3434,1270.9556,-88.1016,1811.6561,1308.3501,-0.5638
5.2805,495.5681,1270.1765,-88.1016,1811.6508,1308.3656,-0.5797
5.2912,495.0110,1269.3207,-88.1016,1811.6508,1308.3501,-0.5621
5.3007,494.7368,1268.4168,-88.1016,1811.6496,1308.3737,-0.5685
5.3104,493.9597,1267.6108,-88.1016,1811.6533,1308.3631,-0.5630
5.3211,493.7045,1266.7155,-88.1016,1811.6391,1308.3640,-0.5606
5.3310,493.1035,1265.9695,-88.1016,1811.6426,1308.3628,-0.5616
5.3434,492.7845,1265.1049,-117.3677,1811.6537,1308.3455,-0.5649
5.3514,492.2484,1264.3131,-117.3677,1811.6475,1308.3594,-0.5712
5.3608,491.8668,1263.3983,-117.3677,1811.6455,1308.3406,-0.5650
5.3709,491.7334,1262.4594,-117.3677,1811.6518,1308.3500,-0.5687
5.3808,490.9825,1261.7352,-117.3677,1811.6568,1308.3752,-0.5899
5.3921,490.6476,1260.8629,-117.3677,1811.6385,1308.3455,-0.5616
5.4023,490.3167,1260.1080,-117.3677,1811.6484,1308.3593,-0.5690
5.4109,489.9900,1259.4103,-117.3677,1811.6487,1308.3699,-0.5839
5.4204,489.6457,1258.7498,-117.3677,1811.6385,1308.3441,-0.5543
5.4305,489.4499,1258.1002,-117.2930,1811.6438,1308.3441,-0.5758
5.4412,489.0626,1257.4503,-117.2319,1811.6569,1308.3430,-0.5714
5.4510,488.3804,1256.7316,-117.2044,1811.6339,1308.3505,-0.5644
5.4607,488.1499,1255.8135,-117.0262,1811.6352,1308.3303,-0.5603
5.4704,487.7222,1254.9208,-117.0262,1811.6550,1308.3583,-0.5772
5.4821,486.7723,1254.0288,-117.0262,1811.6408,1308.3573,-0.5858
5.4916,486.6922,1252.9972,-117.0262,1811.6395,1308.3355,-0.5587
5.5014,486.2847,1252.3871,-117.0262,1811.6617,1308.3687,-0.5888
5.5114,485.6803,1251.8048,-117.0262,1811.6553,1308.3416,-0.5711
5.5213,485.2184,1251.0896,-117.0262,1811.6411,1308.3503,-0.5664
5.5316,484.3650,1250.7435,-117.0262,1811.6570,1308.3529,-0.5779
5.5420,483.6684,1250.2206,-117.0262,1811.6415,1308.3439,-0.5552
5.5515,482.9350,1249.3256,-117.0262,1811.6270,1308.3491,-0.5566
5.5611,482.2522,1248.4867,-117.0262,1811.6383,1308.3466,-0.5560
5.5715,481.8294,1247.7016,-117.0262,1811.6367,1308.3627,-0.5683
5.5814,481.5591,1246.8853,-117.0262,1811.6400,1308.3452,-0.5700
5.5912,481.5276,1245.8660,-117.0262,1811.6537,1308.3513,-0.5665
5.6006,481.0855,1244.9523,-117.0262,1811.6537,1308.3677,-0.5897
5.6106,480.4009,1244.0211,-117.0262,1811.6465,1308.3323,-0.5585
5.6204,480.1867,1242.9644,-117.0262,1811.6509,1308.3557,-0.5656
5.6304,480.0410,1241.8618,-117.0262,1811.6539,1308.3553,-0.5621
5.6408,479.6210,1240.8445,-117.0262,1811.6389,1308.3486,-0.5593
5.6512,479.2648,1239.9058,-117.0262,1811.6373,1308.3538,-0.5699
5.6610,479.1557,1238.9384,-117.0262,1811.6496,1308.3471,-0.5616
5.6704,478.3236,1238.3049,-117.0262,1811.6409,1308.3646,-0.5746
5.6805,478.2335,1237.4676,-117.0262,1811.6393,1308.3477,-0.5677
5.6908,478.0632,1236.6104,-117.0262,1811.6545,1308.3547,-0.5741
5.7018,477.2942,1235.8768,-117.0262,1811.6418,1308.3612,-0.5812
5.7114,477.1572,1234.8088,-117.0262,1811.6456,1308.3295,-0.5569
5.7208,476.9011,1233.7917,-117.0262,1811.6524,1308.3517,-0.5707
5.7307,476.7162,1232.7169,-117.0262,1811.6553,1308.3457,-0.5686
5.7416,476.2757,1231.8022,-117.0262,1811.6359,1308.3469,-0.5676
5.7509,475.9317,1230.9266,-117.0262,1811.6451,1308.3530,-0.5701
5.7638,475.6404,1230.0201,-117.0262,1811.6558,1308.3448,-0.5618
5.7706,475.0959,1229.2526,-117.0262,1811.6424,1308.3557,-0.5696
5.7804,474.8398,1228.3604,-117.0262,1811.6452,1308.3420,-0.5522
5.7909,474.5420,1227.4749,-117.0262,1811.6601,1308.3646,-0.5636
5.8016,474.0457,1226.5695,-117.0262,1811.6447,1308.3594,-0.5777
5.8106,473.8957,1225.5909,-117.0262,1811.6488,1308.3427,-0.5662
5.8216,473.6422,1224.6446,-117.0262,1811.6546,1308.3682,-0.5728
5.8317,473.2067,1223.6634,-117.0262,1811.6545,1308.3473,-0.5666
5.8421,472.7507,1222.7113,-117.0262,1811.6310,1308.3488,-0.5627
5.8508,472.3987,1221.7460,-117.0262,1811.6408,1308.3523,-0.5577
5.8609,472.2821,1220.7366,-117.0262,1811.6433,1308.3421,-0.5575
5.8712,471.7139,1219.8995,-117.0262,1811.6384,1308.3605,-0.5690
5.8821,471.5477,1218.8785,-117.0262,1811.6529,1308.3422,-0.5694
5.8919,471.2383,1217.9566,-117.0262,1811.6520,1308.3699,-0.5759
5.9012,470.7836,1217.0730,-117.0262,1811.6458,1308.3585,-0.5759
5.9115,470.8047,1216.0226,-117.0262,1811.6495,1308.3475,-0.5564
5.9208,470.4129,1215.1205,-117.0262,1811.6454,1308.3669,-0.5707
5.9311,470.1040,1214.1333,-117.0262,1811.6474,1308.3417,-0.5506
5.9409,469.5202,1213.3267,-117.0262,1811.6398,1308.3491,-0.5609
5.9523,469.3008,1212.4360,-117.0262,1811.6516,1308.3375,-0.5645
5.9614,468.8286,1211.5814,-117.0262,1811.6531,1308.3460,-0.5663
5.9718,468.4962,1210.6625,-117.0262,1811.6394,1308.3489,-0.5658
5.9807,468.3817,1209.6117,-117.0262,1811.6475,1308.3447,-0.5637
5.9908,468.0031,1208.6837,-117.0262,1811.6415,1308.3657,-0.5726
6.0018,467.6796,1207.6859,-117.0262,1811.6326,1308.3453,-0.5608
6.0105,467.3341,1206.6618,-117.0262,1811.6461,1308.3432,-0.5527
6.0208,466.8997,1205.6827,-117.0262,1811.6532,1308.3643,-0.5822
6.0311,466.5513,1204.7046,-117.0262,1811.6443,1308.3367,-0.5664
6.0408,465.7903,1203.9431,-117.0262,1811.6451,1308.3484,-0.5804
6.0505,465.8460,1202.8901,-117.0262,1811.6510,1308.3433,-0.5783
6.0609,465.3430,1201.9905,-117.0262,1811.6363,1308.3444,-0.5681
6.0708,464.8890,1201.1198,-117.0262,1811.6338,1308.3454,-0.5693
6.0804,465.0701,1199.9907,-117.0262,1811.6465,1308.3541,-0.5655
6.0914,464.4895,1199.1522,-117.0262,1811.6397,1308.3666,-0.5732
6.1015,464.0608,1198.2599,-117.0262,1811.6492,1308.3392,-0.5605
6.1117,463.8257,1197.3427,-117.0262,1811.6685,1308.3652,-0.5724
6.1216,463.3785,1196.5016,-117.0262,1811.6476,1308.3497,-0.5785
6.1308,463.0521,1195.6028,-117.0262,1811.6425,1308.3315,-0.5561
6.1408,462.6945,1194.7341,-117.0262,1811.6445,1308.3589,-0.5848
6.1505,462.1671,1193.8320,-117.0262,1811.6363,1308.3358,-0.5628
6.1605,461.9632,1192.8986,-117.0262,1811.6371,1308.3399,-0.5659
6.1706,461.9677,1191.9261,-117.0262,1811.6472,1308.3600,-0.5878
6.1808,461.4096,1191.0264,-117.0262,1811.6530,1308.3500,-0.5723
6.1917,460.9202,1190.2161,-117.0262,1811.6414,1308.3624,-0.5799
6.2007,460.7683,1189.2932,-117.0262,1811.6555,1308.3549,-0.5709
6.2115,460.3608,1188.5157,-117.0262,1811.6453,1308.3660,-0.5760
6.2214,460.0293,1187.6511,-117.0262,1811.6404,1308.3469,-0.5665
6.2311,459.7908,1186.7516,-117.0262,1811.6425,1308.3458,-0.5463
6.2411,459.4102,1185.8817,-117.0262,1811.6390,1308.3624,-0.5732
6.2507,459.1217,1184.9995,-117.0262,1811.6374,1308.3474,-0.5629
6.2609,458.8087,1184.1678,-117.0262,1811.6436,1308.3585,-0.5660
6.2711,458.6082,1183.1865,-117.0262,1811.6465,1308.3440,-0.5732
6.2807,458.2627,1182.3208,-117.0262,1811.6542,1308.3527,-0.5679
6.2907,457.7322,1181.4918,-117.0262,1811.6537,1308.3553,-0.5746
6.3007,457.6050,1180.4866,-117.0262,1811.6452,1308.3442,-0.5627
6.3116,457.2698,1179.6214,-117.0262,1811.6519,1308.3784,-0.5850
6.3219,456.7827,1178.6738,-117.0262,1811.6541,1308.3520,-0.5689
6.3315,456.7268,1177.6642,-117.0262,1811.6461,1308.3535,-0.5592
6.3431,456.3266,1176.7764,-117.0262,1811.6462,1308.3767,-0.5847
6.3504,456.0731,1175.7863,-117.0262,1811.6425,1308.3345,-0.5548
6.3624,455.7591,1174.8411,-117.0262,1811.6445,1308.3568,-0.5646
6.3704,455.4168,1173.9265,-117.0262,1811.6503,1308.3605,-0.5760
6.3811,455.1239,1173.0179,-117.0262,1811.6445,1308.3530,-0.5610
6.3905,454.5558,1172.2142,-117.0262,1811.6454,1308.3580,-0.5697
6.4003,454.3808,1171.2856,-117.0262,1811.6570,1308.3644,-0.5716
6.4113,454.0579,1170.3492,-117.0262,1811.6437,1308.3732,-0.5727
6.4214,453.9249,1169.3247,-117.0262,1811.6566,1308.3491,-0.5563
6.4310,453.7221,1168.4099,-117.0262,1811.6675,1308.3796,-0.5770
6.4412,453.1089,1167.5471,-109.0856,1811.6542,1308.3634,-0.5761
6.4504,452.9451,1166.4915,-109.0880,1811.6482,1308.3342,-0.5617
6.4608,452.4186,1165.6055,-109.1108,1811.6433,1308.3571,-0.5790
6.4705,452.1004,1164.6691,-108.9735,1811.6404,1308.3475,-0.5644
6.4811,451.5031,1163.8110,-108.6449,1811.6381,1308.3541,-0.5658
6.4908,451.2018,1162.8124,-108.6449,1811.6459,1308.3544,-0.5723
6.5011,450.9379,1161.7993,-108.6449,1811.6422,1308.3543,-0.5670
6.5107,450.1162,1161.1648,-108.6449,1811.6420,1308.3643,-0.5766
6.5212,449.8357,1160.1546,-108.6449,1811.6495,1308.3379,-0.5678
6.5309,449.6089,1159.1152,-108.6449,1811.6370,1308.3505,-0.5734
6.5409,448.4449,1158.7096,-108.6449,1811.6451,1308.3382,-0.5703
6.5506,447.9318,1158.1233,-108.6449,1811.6527,1308.3455,-0.5687
6.5606,447.4259,1157.1810,-108.6449,1811.6454,1308.3561,-0.5805
6.5705,446.7544,1156.2552,-108.6449,1811.6445,1308.3414,-0.5637
6.5808,445.9488,1155.4743,-108.6449,1811.6489,1308.3661,-0.5710
6.5909,445.7655,1154.3038,-108.6449,1811.6440,1308.3552,-0.5695
6.6007,445.8031,1153.0182,-108.6449,1811.6397,1308.3539,-0.5623
6.6106,445.5558,1152.0936,-108.6449,1811.6379,1308.3643,-0.5795
6.6208,445.5014,1151.2546,-99.5700,1811.6494,1308.3458,-0.5700
6.6314,445.3353,1150.5110,-99.6781,1811.6479,1308.3718,-0.5905
6.6411,445.2700,1149.5721,-99.7506,1811.6523,1308.3504,-0.5815
6.6505,445.0130,1148.6769,-99.8856,1811.6510,1308.3416,-0.5753
6.6611,444.8519,1147.7963,-99.7497,1811.6393,1308.3636,-0.5874
6.6713,444.7652,1146.8590,-99.2924,1811.6440,1308.3459,-0.5680
6.6815,444.5640,1146.1841,-98.6585,1811.6472,1308.3677,-0.5739
6.6914,444.5021,1145.6783,-97.7714,1811.6434,1308.3499,-0.5640
6.7006,444.2226,1145.0064,-96.4770,1811.6511,1308.3716,-0.5691
6.7122,443.9284,1144.2621,-95.1567,1811.6569,1308.3695,-0.5695
6.7207,444.0530,1143.4377,-93.5398,1811.6596,1308.3605,-0.5642
6.7317,443.3197,1142.9877,-91.9109,1811.6567,1308.3840,-0.5806
6.7409,442.9567,1142.4535,-90.0331,1811.6483,1308.3481,-0.5643
6.7507,442.9793,1141.8550,-87.8969,1811.6486,1308.3511,-0.5664
6.7608,442.1049,1141.5234,-85.5765,1811.6543,1308.3619,-0.5870
6.7706,441.6017,1141.2805,-83.3209,1811.6481,1308.3375,-0.5634
6.7817,441.1775,1140.9407,-80.8963,1811.6467,1308.3698,-0.5946
6.7912,440.0270,1140.6496,-78.2539,1811.6549,1308.3510,-0.5786
6.8008,439.4571,1140.3420,-75.8054,1811.6339,1308.3488,-0.5659
6.8105,438.7008,1140.0870,-73.1000,1811.6401,1308.3564,-0.5636
6.8206,438.1622,1139.6161,-70.4128,1811.6486,1308.3676,-0.5555
6.8308,436.6801,1139.3820,-67.4634,1811.6323,1308.3673,-0.5681
6.8410,435.7845,1138.9435,-64.7055,1811.6432,1308.3449,-0.5527
6.8505,434.7361,1138.7111,-61.6537,1811.6603,1308.3662,-0.5766
6.8615,433.1588,1138.5276,-58.7489,1811.6439,1308.3472,-0.5741
6.8718,432.1794,1138.1111,-55.6205,1811.6503,1308.3375,-0.5635
6.8807,430.8571,1137.8707,-52.5070,1811.6545,1308.3652,-0.5839
6.8907,429.8260,1137.3621,-49.4193,1811.6436,1308.3288,-0.5681
6.9010,428.4677,1136.9003,-46.2612,1811.6375,1308.3570,-0.5730
6.9116,427.6875,1136.3708,-43.0491,1811.6462,1308.3554,-0.5759
6.9210,426.6278,1135.7802,-39.8375,1811.6390,1308.3552,-0.5721
6.9309,425.7927,1135.1964,-39.8375,1811.6458,1308.3604,-0.5806
6.9408,425.2059,1134.4563,-39.8375,1811.6529,1308.3538,-0.5666
6.9508,424.1608,1133.8373,-39.8375,1811.6423,1308.3655,-0.5845
6.9603,422.8760,1133.1015,-39.8375,1811.6400,1308.3320,-0.5586
6.9708,422.0822,1132.0955,-39.8375,1811.6378,1308.3431,-0.5630
6.9809,421.5211,1131.2188,-39.8375,1811.6284,1308.3494,-0.5741
6.9915,420.5869,1130.1053,-39.8375,1811.6337,1308.3228,-0.5526
7.0004,420.2312,1129.5151,-39.8375,1811.6437,1308.3558,-0.5778
7.0108,420.7049,1128.7687,-39.8375,1811.6544,1308.3604,-0.5739
7.0205,420.4617,1127.7761,-39.8375,1811.6378,1308.3633,-0.5729
7.0309,420.4751,1127.2345,-39.8375,1811.6448,1308.3603,-0.5753
7.0408,421.1765,1126.6296,-39.8375,1811.6569,1308.3604,-0.5575
7.0512,421.5818,1126.1768,-39.8375,1811.6380,1308.3658,-0.5594
7.0607,422.4275,1125.7469,-39.8375,1811.6451,1308.3369,-0.5505
7.0710,423.1217,1125.4872,-39.8375,1811.6475,1308.3552,-0.5683
7.0812,423.7506,1125.5120,-39.8375,1811.6381,1308.3561,-0.5796
7.0916,424.3809,1125.4720,-39.8375,1811.6398,1308.3375,-0.5644
7.1010,425.2170,1125.2244,-39.8375,1811.6496,1308.3604,-0.5780
7.1112,426.0611,1124.9188,-39.8375,1811.6481,1308.3544,-0.5726
7.1205,426.9160,1124.7419,-39.8375,1811.6438,1308.3596,-0.5721
7.1311,428.3095,1124.5816,-39.8375,1811.6498,1308.3557,-0.5817
7.1407,429.5368,1124.4004,-39.8375,1811.6488,1308.3566,-0.5647
7.1507,430.1983,1124.3909,-39.8375,1811.6484,1308.3644,-0.5714
7.1608,431.6093,1124.1047,-39.8375,1811.6575,1308.3411,-0.5476
7.1707,432.4964,1123.9612,-39.8375,1811.6441,1308.3632,-0.5670
7.1803,433.1077,1123.8057,-39.8375,1811.6362,1308.3511,-0.5639
7.1911,434.0890,1123.5468,-39.8375,1811.6417,1308.3499,-0.5623
7.2009,434.9952,1123.3138,-39.8375,1811.6407,1308.3641,-0.5740
7.2110,435.8890,1123.1026,-39.8375,1811.6500,1308.3520,-0.5723
7.2206,436.7238,1122.9755,-39.8375,1811.6555,1308.3644,-0.5846
7.2318,437.8747,1122.8107,-39.8375,1811.6619,1308.3534,-0.5784
7.2413,438.8262,1122.7217,-39.8375,1811.6465,1308.3489,-0.5700
7.2510,439.8288,1122.5685,-39.8375,1811.6473,1308.3575,-0.5766
7.2617,440.8790,1122.3516,-39.8375,1811.6437,1308.3396,-0.5553
7.2705,441.5745,1122.2214,-39.8375,1811.6330,1308.3613,-0.5681
7.2815,442.5930,1121.9435,-39.8375,1811.6436,1308.3488,-0.5566
7.2907,443.3660,1121.7801,-39.8375,1811.6425,1308.3541,-0.5709
7.3008,444.2571,1121.5700,-39.8375,1811.6432,1308.3625,-0.5783
7.3107,445.5951,1121.2838,-39.8375,1811.6436,1308.3366,-0.5631
7.3208,446.3995,1121.2736,-39.8375,1811.6597,1308.3599,-0.5781
7.3307,447.6597,1121.0854,-39.8375,1811.6534,1308.3521,-0.5709
7.3423,448.7251,1120.9146,-39.8375,1811.6424,1308.3442,-0.5546
7.3509,449.4495,1120.7889,-39.8375,1811.6491,1308.3560,-0.5898
7.3618,450.5142,1120.5375,-39.8375,1811.6464,1308.3466,-0.5630
7.3722,451.3119,1120.3761,-39.8375,1811.6376,1308.3573,-0.5746
7.3819,452.2108,1120.1400,-39.8375,1811.6439,1308.3424,-0.5593
7.3929,453.3367,1119.9089,-39.8375,1811.6405,1308.3480,-0.5641
7.4016,454.1624,1119.7833,-39.8375,1811.6230,1308.3430,-0.5709
7.4118,455.4897,1119.6047,-39.8375,1811.6420,1308.3362,-0.5580
7.4212,456.3672,1119.5589,-39.8375,1811.6406,1308.3629,-0.5787
7.4310,457.4274,1119.3678,-39.8375,1811.6487,1308.3524,-0.5682
7.4407,458.3280,1119.1934,-39.8375,1811.6492,1308.3693,-0.5806
7.4505,459.2681,1119.0110,-39.8375,1811.6547,1308.3627,-0.5777
7.4608,460.3184,1118.7559,-39.8375,1811.6513,1308.3468,-0.5652
7.4707,461.2080,1118.5505,-39.8375,1811.6464,1308.3522,-0.5685
7.4805,462.3736,1118.2941,-39.8375,1811.6481,1308.3379,-0.5612
7.4911,463.1855,1118.2703,-39.8375,1811.6440,1308.3596,-0.5717
7.5009,464.3398,1118.1367,-39.8375,1811.6517,1308.3583,-0.5792
7.5115,465.2655,1118.0135,-39.8375,1811.6408,1308.3600,-0.5604
7.5214,466.0391,1117.9316,-39.8375,1811.6443,1308.3788,-0.5782
7.5308,467.1859,1117.6337,-39.8375,1811.6486,1308.3578,-0.5598
7.5414,467.8457,1117.5085,-39.8375,1811.6437,1308.3611,-0.5644
7.5507,469.0743,1117.1981,-39.8375,1811.6485,1308.3433,-0.5602
7.5610,470.1552,1116.9695,-39.8375,1811.6504,1308.3549,-0.5763
7.5708,470.9610,1116.8983,-39.8375,1811.6564,1308.3591,-0.5817
7.5807,472.4148,1116.6627,-39.8375,1811.6543,1308.3427,-0.5604
7.5909,473.2279,1116.6509,-9.7983,1811.6458,1308.3816,-0.5900
7.6004,474.2222,1116.4713,-9.7651,1811.6555,1308.3513,-0.5676
7.6105,475.1478,1116.3127,-9.7351,1811.6420,1308.3482,-0.5549
7.6203,476.0354,1116.1368,-9.7427,1811.6404,1308.3613,-0.5671
7.6309,477.0764,1115.9156,-9.9715,1811.6493,1308.3426,-0.5603
7.6409,478.0539,1116.0874,-9.9715,1811.6514,1308.3626,-0.5712
7.6508,479.5575,1115.6635,-9.9715,1811.6508,1308.3522,-0.5740
7.6606,480.2574,1115.6234,-9.9715,1811.6484,1308.3607,-0.5829
7.6707,481.5148,1116.0903,-9.9715,1811.6470,1308.3517,-0.5699
7.6809,482.8333,1115.7482,-9.9715,1811.6439,1308.3443,-0.5635
7.6923,483.6839,1115.9632,-9.9715,1811.6346,1308.3567,-0.5678
7.7006,484.9066,1116.2960,-9.9715,1811.6404,1308.3374,-0.5639
7.7105,486.0705,1116.3989,-9.9715,1811.6367,1308.3604,-0.5747
7.7203,487.3134,1116.1788,-9.9715,1811.6448,1308.3635,-0.5899
7.7316,488.4886,1116.0123,-9.9715,1811.6508,1308.3561,-0.5744
7.7405,489.3996,1115.8267,-9.9715,1811.6519,1308.3629,-0.5862
7.7506,490.1954,1115.5762,-9.9715,1811.6497,1308.3528,-0.5711
7.7611,491.1710,1115.2388,-9.9715,1811.6425,1308.3598,-0.5653
7.7712,491.8341,1114.9601,-9.9715,1811.6394,1308.3455,-0.5740
7.7810,492.9351,1114.6764,-9.9715,1811.6479,1308.3492,-0.5578
7.7915,493.9313,1114.4188,-9.9715,1811.6415,1308.3662,-0.5732
7.8007,495.0338,1114.0621,-9.9715,1811.6503,1308.3383,-0.5630
7.8107,495.9612,1113.7748,-9.9715,1811.6483,1308.3616,-0.5782
7.8208,496.9741,1113.4996,-9.9715,1811.6400,1308.3536,-0.5728
7.8306,497.7769,1113.2618,-9.9715,1811.6500,1308.3517,-0.5680
7.8413,498.4831,1113.0687,-9.9715,1811.6391,1308.3629,-0.5716
7.8510,499.3848,1112.7538,-9.9715,1811.6407,1308.3365,-0.5430
7.8612,500.2538,1112.4843,-9.9715,1811.6449,1308.3685,-0.5755
7.8705,501.4440,1112.1121,-9.9715,1811.6556,1308.3577,-0.5708
7.8804,502.4584,1111.7563,-9.9715,1811.6411,1308.3525,-0.5682
7.8911,503.3638,1111.4378,-9.9715,1811.6525,1308.3646,-0.5785
7.9016,504.4226,1111.0448,-9.9715,1811.6539,1308.3575,-0.5695
7.9114,505.2766,1110.7957,-9.9715,1811.6330,1308.3611,-0.5630
7.9207,506.0056,1110.5471,-9.9715,1811.6528,1308.3380,-0.5647
7.9305,506.7233,1110.3452,-9.9715,1811.6458,1308.3581,-0.5676
7.9407,507.4628,1110.0880,-9.9715,1811.6426,1308.3544,-0.5747
7.9505,508.5766,1109.7028,-9.9715,1811.6506,1308.3416,-0.5680
7.9603,509.4285,1109.4403,-9.9715,1811.6522,1308.3725,-0.5869
7.9710,510.5691,1109.0012,-9.9715,1811.6458,1308.3512,-0.5629
7.9809,511.6585,1108.6217,-9.9715,1811.6378,1308.3625,-0.5608
7.9917,512.5345,1108.3054,-9.9715,1811.6430,1308.3561,-0.5666
8.0010,513.4884,1107.9824,-9.9715,1811.6447,1308.3469,-0.5546
8.0112,514.1636,1107.7761,-9.9715,1811.6417,1308.3734,-0.5782
8.0218,515.1985,1107.4283,-9.9715,1811.6563,1308.3497,-0.5776
8.0310,515.8901,1107.1910,-9.9715,1811.6541,1308.3651,-0.5873
8.0413,516.6946,1106.9177,-9.9715,1811.6489,1308.3712,-0.5926
8.0504,517.6855,1106.5825,-9.9715,1811.6519,1308.3491,-0.5685
8.0607,518.5925,1106.3206,-9.9715,1811.6416,1308.3657,-0.5798
8.0707,519.6676,1105.9482,-9.9715,1811.6548,1308.3473,-0.5632
8.0810,520.4273,1105.6805,-9.9715,1811.6334,1308.3502,-0.5645
8.0927,521.4741,1105.3153,-9.9715,1811.6459,1308.3505,-0.5632
8.1007,522.3768,1105.0248,-9.9715,1811.6523,1308.3597,-0.5640
8.1107,523.0247,1104.8368,-9.9715,1811.6422,1308.3653,-0.5760
8.1203,524.2854,1104.4415,-9.9715,1811.6475,1308.3466,-0.5575
8.1310,525.1123,1104.1875,-9.9715,1811.6537,1308.3811,-0.5839
8.1417,525.8882,1103.8795,-9.9715,1811.6552,1308.3596,-0.5715
8.1508,527.0402,1103.5298,-9.9715,1811.6473,1308.3536,-0.5644
8.1607,528.1686,1103.2416,-9.9715,1811.6561,1308.3741,-0.5938
8.1705,529.1475,1102.9255,-9.9715,1811.6583,1308.3492,-0.5800
8.1809,529.8229,1102.6750,-9.9715,1811.6495,1308.3565,-0.5724
8.1904,530.8052,1102.3308,-9.9715,1811.6531,1308.3586,-0.5842
8.2004,531.6719,1102.0920,-9.9715,1811.6495,1308.3562,-0.5677
8.2115,532.3621,1101.8939,-9.9715,1811.6289,1308.3527,-0.5621
8.2204,533.6174,1101.4636,-9.9715,1811.6435,1308.3445,-0.5553
8.2309,534.4420,1101.1804,-9.9715,1811.6442,1308.3685,-0.5710
8.2420,535.1768,1100.9374,-9.9715,1811.6407,1308.3341,-0.5620
8.2508,536.4695,1100.6049,-9.9715,1811.6493,1308.3453,-0.5696
8.2612,537.4063,1100.3434,-9.9715,1811.6501,1308.3562,-0.5901
8.2705,538.3909,1099.9704,-9.9715,1811.6439,1308.3332,-0.5719
8.2806,539.1965,1099.7118,-9.9715,1811.6462,1308.3585,-0.5761
8.2914,540.2024,1099.3971,-9.9715,1811.6467,1308.3522,-0.5672
8.3011,540.9662,1099.1656,-9.9715,1811.6392,1308.3539,-0.5642
8.3111,541.9113,1098.8784,-9.9715,1811.6456,1308.3555,-0.5671
8.3207,543.1622,1098.4737,-9.9715,1811.6492,1308.3516,-0.5632
8.3322,543.9457,1098.2991,-9.9715,1811.6426,1308.3626,-0.5799
8.3422,544.9892,1097.9625,-9.9715,1811.6472,1308.3392,-0.5587
8.3512,545.9697,1097.6476,-9.9715,1811.6360,1308.3533,-0.5577
8.3605,546.8720,1097.3022,-9.9715,1811.6368,1308.3468,-0.5668
8.3706,547.7567,1096.9803,-9.9715,1811.6339,1308.3420,-0.5650
8.3803,548.4807,1096.7929,-9.9715,1811.6407,1308.3591,-0.5779
8.3912,549.5529,1096.4522,-9.9715,1811.6509,1308.3425,-0.5750
8.4005,550.4539,1096.1508,-9.9715,1811.6524,1308.3669,-0.5878
8.4108,551.6733,1095.8329,-9.9715,1811.6525,1308.3492,-0.5752
8.4205,552.6402,1095.5733,-9.9715,1811.6535,1308.3479,-0.5672
8.4312,553.5742,1095.2944,-9.9715,1811.6533,1308.3633,-0.5695
8.4410,554.6634,1094.8666,-9.9715,1811.6457,1308.3432,-0.5550
8.4517,555.4386,1094.6218,-9.9715,1811.6456,1308.3618,-0.5702
8.4607,556.4468,1094.3166,-9.9715,1811.6500,1308.3634,-0.5727
8.4704,557.4549,1094.0087,-9.9715,1811.6489,1308.3535,-0.5567
8.4811,558.0534,1093.7960,-9.9715,1811.6510,1308.3702,-0.5806
8.4925,559.0708,1093.4521,-9.9715,1811.6540,1308.3428,-0.5611
8.5018,559.9866,1093.2336,-9.9715,1811.6417,1308.3505,-0.5656
8.5123,561.2371,1092.9301,-9.9715,1811.6521,1308.3398,-0.5650
8.5221,562.2055,1092.6544,-9.9715,1811.6471,1308.3597,-0.5716
8.5313,563.0956,1092.3500,-9.9715,1811.6397,1308.3596,-0.5685
8.5406,564.2446,1091.9211,-9.9715,1811.6472,1308.3484,-0.5582
8.5506,565.0112,1091.7237,-17.0462,1811.6500,1308.3781,-0.5788
8.5622,565.9554,1091.4197,-17.0567,1811.6399,1308.3552,-0.5634
8.5708,566.9592,1091.1009,-17.0312,1811.6494,1308.3538,-0.5534
8.5805,567.7104,1090.8431,-17.0427,1811.6544,1308.3683,-0.5870
8.5909,568.9454,1090.5474,-17.2409,1811.6434,1308.3338,-0.5471
8.6010,569.8761,1090.5682,-17.8380,1811.6493,1308.3585,-0.5683
8.6106,571.4151,1090.0097,-17.8380,1811.6537,1308.3424,-0.5625
8.6208,572.3040,1090.0381,-17.8380,1811.6396,1308.3542,-0.5624
8.6315,573.6696,1090.2206,-17.8380,1811.6458,1308.3578,-0.5749
8.6407,574.4974,1090.0735,-17.8380,1811.6420,1308.3454,-0.5631
8.6510,575.3547,1090.3451,-17.8380,1811.6391,1308.3632,-0.5813
8.6614,576.7483,1090.4515,-17.8380,1811.6511,1308.3472,-0.5581
8.6710,577.9306,1090.6533,-17.8380,1811.6495,1308.3649,-0.5697
8.6807,579.3572,1090.7590,-17.8380,1811.6435,1308.3635,-0.5793
8.6909,580.3980,1090.8012,-17.8380,1811.6539,1308.3466,-0.5535
8.7019,581.1585,1090.8382,-17.8380,1811.6406,1308.3669,-0.5708
8.7109,582.2045,1090.6407,-17.8380,1811.6407,1308.3414,-0.5576
8.7204,582.7784,1090.3413,-17.8380,1811.6371,1308.3518,-0.5674
8.7308,583.6174,1089.7329,-17.8380,1811.6318,1308.3403,-0.5675
8.7410,584.4639,1089.2353,-17.8380,1811.6448,1308.3417,-0.5595
8.7507,585.0627,1089.0021,-17.8380,1811.6484,1308.3542,-0.5826
8.7613,585.9599,1088.6215,-17.8380,1811.6545,1308.3314,-0.5670
8.7706,586.4704,1088.3260,-17.8380,1811.6411,1308.3574,-0.5765
8.7809,587.3126,1087.7841,-17.8380,1811.6521,1308.3508,-0.5670
8.7908,588.1072,1087.2667,-17.8380,1811.6357,1308.3473,-0.5547
8.8022,589.0510,1086.7264,-17.8380,1811.6443,1308.3612,-0.5629
8.8118,590.0914,1086.1349,-17.8380,1811.6462,1308.3417,-0.5486
8.8223,590.8120,1085.7897,-17.8380,1811.6476,1308.3530,-0.5599
8.8315,591.8032,1085.3405,-17.8380,1811.6500,1308.3354,-0.5641
8.8424,593.1811,1084.7669,-28.4401,1811.6516,1308.3478,-0.5754
8.8508,594.1692,1084.2522,-28.3861,1811.6513,1308.3570,-0.5846
8.8607,595.2152,1083.6633,-28.3159,1811.6448,1308.3423,-0.5607
8.8717,595.9973,1083.2449,-28.2703,1811.6434,1308.3757,-0.5859
8.8808,596.9615,1082.7043,-28.2241,1811.6439,1308.3531,-0.5605
8.8918,597.6112,1082.2063,-28.0163,1811.6414,1308.3487,-0.5489
8.9029,598.3055,1081.8415,-28.0163,1811.6439,1308.3616,-0.5745
8.9115,598.9692,1081.2697,-28.0163,1811.6460,1308.3439,-0.5551
8.9203,599.3224,1080.6354,-28.0163,1811.6381,1308.3573,-0.5708
8.9309,600.1307,1080.3152,-28.0163,1811.6480,1308.3423,-0.5702
8.9409,600.5512,1079.6316,-28.0163,1811.6427,1308.3511,-0.5663
8.9509,600.8972,1078.7072,-28.0163,1811.6455,1308.3525,-0.5641
8.9608,601.2950,1078.1733,-28.0163,1811.6657,1308.3759,-0.5660
8.9706,601.6558,1077.4655,-28.0163,1811.6714,1308.4086,-0.5819
8.9806,602.2594,1076.5541,-28.0163,1811.6731,1308.3767,-0.5613
8.9908,603.0215,1075.9408,-28.0163,1811.6843,1308.4034,-0.5696
9.0006,603.6832,1075.3770,-28.0163,1811.6825,1308.3855,-0.5765
9.0107,604.6994,1075.1251,-28.0163,1811.6484,1308.3571,-0.5534
9.0211,605.6981,1075.0668,-28.0163,1811.6497,1308.3586,-0.5729
9.0309,606.7638,1074.6015,-28.0163,1811.6449,1308.3418,-0.5639
9.0411,607.6270,1074.1561,-28.0163,1811.6304,1308.3542,-0.5560
9.0504,608.7563,1073.7219,-28.0163,1811.6542,1308.3746,-0.5659
9.0618,609.6843,1073.4739,-28.0163,1811.6604,1308.3859,-0.5615
9.0707,610.6261,1073.1633,-28.0163,1811.6572,1308.3859,-0.5775
9.0814,611.6642,1072.6971,-28.0163,1811.6644,1308.3574,-0.5751
9.0911,612.3784,1072.4718,-28.0163,1811.6687,1308.3760,-0.5938
9.1019,613.3778,1072.1549,-28.0163,1811.6417,1308.3248,-0.5839
9.1107,614.3463,1071.8167,-28.0163,1811.6412,1308.3323,-0.5806
9.1207,615.3071,1071.4663,-28.0163,1811.6402,1308.3543,-0.5808
9.1307,616.1970,1071.0668,-28.0163,1811.6234,1308.3284,-0.5539
9.1416,617.1114,1070.8190,-28.0163,1811.6345,1308.3619,-0.5554
9.1508,618.2721,1070.4617,-28.0163,1811.6412,1308.3581,-0.5479
9.1609,619.1319,1070.1171,-28.0163,1811.6396,1308.3634,-0.5393
9.1705,620.1978,1069.7221,-28.0163,1811.6467,1308.3747,-0.5545
9.1807,621.3711,1069.3537,-28.0163,1811.6613,1308.3636,-0.5673
9.1911,622.3566,1069.0986,-28.0163,1811.6544,1308.3810,-0.5828
9.2010,623.2995,1068.7143,-28.0163,1811.6605,1308.3516,-0.5826
9.2109,624.0583,1068.3483,-28.0163,1811.6486,1308.3518,-0.5968
9.2208,624.8457,1068.0252,-28.0163,1811.6545,1308.3503,-0.6087
9.2305,625.9353,1067.6591,-28.0163,1811.6495,1308.3395,-0.5809
9.2408,626.8736,1067.3802,-28.0163,1811.6418,1308.3589,-0.5741
9.2503,628.0178,1066.9572,-28.0163,1811.6548,1308.3667,-0.5558
9.2608,628.9695,1066.6293,-28.0163,1811.6489,1308.3884,-0.5375
9.2707,630.0176,1066.2365,-28.0163,1811.6514,1308.3743,-0.5342
9.2815,631.0092,1065.9229,-28.0163,1811.6620,1308.3866,-0.5410
9.2911,631.6412,1065.6854,-28.0163,1811.6529,1308.3932,-0.5675
9.3005,632.4915,1065.2607,-28.0163,1811.6443,1308.3443,-0.5542
9.3107,633.3672,1064.9305,-28.0163,1811.6521,1308.3553,-0.5861
9.3209,634.0568,1064.6515,-28.0163,1811.6429,1308.3418,-0.6007
9.3307,634.9010,1064.2918,-28.0163,1811.6429,1308.3210,-0.5866
9.3408,636.0580,1063.9318,-28.0163,1811.6436,1308.3490,-0.6054
9.3505,637.1643,1063.5281,-28.0163,1811.6456,1308.3353,-0.5782
9.3610,638.2234,1063.2119,-28.0163,1811.6391,1308.3706,-0.5643
9.3712,639.3079,1062.8290,-28.0163,1811.6514,1308.3746,-0.5404
9.3813,640.1990,1062.4699,-28.0163,1811.6525,1308.3878,-0.5421
9.3907,641.0814,1062.1574,-28.0163,1811.6572,1308.4012,-0.5440
9.4007,642.0211,1061.7893,-28.0163,1811.6572,1308.3717,-0.5390
9.4103,642.7668,1061.5277,-28.0163,1811.6615,1308.3820,-0.5658
9.4216,643.5781,1061.1874,-28.0163,1811.6662,1308.3640,-0.5758
9.4306,644.6773,1060.7733,-28.0163,1811.6501,1308.3483,-0.5747
9.4406,645.5606,1060.4977,-28.0163,1811.6565,1308.3616,-0.5927
9.4511,646.6792,1060.1982,-28.0163,1811.6528,1308.3490,-0.5688
9.4605,647.5845,1059.9449,-28.0163,1811.6428,1308.3726,-0.5806
9.4707,648.6097,1059.5511,-28.0163,1811.6526,1308.3674,-0.5579
9.4816,649.4979,1059.2425,-28.0163,1811.6467,1308.3913,-0.5557
9.4911,650.3907,1058.9098,-28.0163,1811.6512,1308.3892,-0.5510
9.5013,651.3338,1058.5464,-28.0163,1811.6580,1308.3727,-0.5521
9.5108,652.0904,1058.2950,-28.0163,1811.6536,1308.3907,-0.5698
9.5212,653.1464,1057.8927,-28.0163,1811.6465,1308.3435,-0.5646
9.5308,653.8750,1057.6411,-28.0163,1811.6467,1308.3480,-0.5828
9.5406,654.8776,1057.3546,-28.0163,1811.6503,1308.3511,-0.6054
9.5519,655.7033,1057.0402,-28.0163,1811.6308,1308.3182,-0.5695
9.5605,656.6893,1056.7089,-28.0163,1811.6375,1308.3451,-0.5818
9.5703,657.6706,1056.3570,-28.0163,1811.6472,1308.3420,-0.5684
9.5803,658.5056,1056.0675,-28.0163,1811.6353,1308.3544,-0.5529
9.5914,659.6539,1055.6584,-28.0163,1811.6528,1308.3663,-0.5475
9.6005,660.8511,1055.2610,-28.0163,1811.6622,1308.3875,-0.5440
9.6105,661.7693,1054.9638,-28.0163,1811.6562,1308.4008,-0.5485
9.6206,662.7882,1054.6322,-28.0163,1811.6495,1308.3738,-0.5421
9.6309,663.6117,1054.3976,-28.0163,1811.6512,1308.3842,-0.5749
9.6405,664.4138,1054.0991,-28.0163,1811.6461,1308.3614,-0.5803
9.6507,665.2826,1053.7347,-28.0163,1811.6367,1308.3343,-0.5721
9.6610,665.9611,1053.4957,-28.0163,1811.6373,1308.3333,-0.5914
9.6706,666.8767,1053.1513,-28.0163,1811.6459,1308.3214,-0.5795
9.6810,667.7868,1052.8476,-28.0163,1811.6456,1308.3496,-0.5754
9.6915,668.8715,1052.4259,-28.0163,1811.6522,1308.3538,-0.5661
9.7025,669.8651,1052.0898,-28.0163,1811.6497,1308.3711,-0.5597
9.7116,670.8799,1051.7896,-28.0163,1811.6423,1308.3886,-0.5619
9.7207,671.9349,1051.5108,-28.0163,1811.6383,1308.3646,-0.5397
9.7318,672.7224,1051.3163,-28.0163,1811.6373,1308.3770,-0.5639
9.7417,673.4624,1051.0052,-28.0163,1811.6403,1308.3375,-0.5620
9.7508,674.2470,1050.6656,-28.0163,1811.6365,1308.3182,-0.5695
9.7608,675.1582,1050.3263,-28.0163,1811.6377,1308.3410,-0.5969
9.7708,676.1285,1049.9382,-28.0163,1811.6426,1308.3251,-0.5750
9.7808,677.0749,1049.6064,-28.0163,1811.6324,1308.3571,-0.5850
9.7909,678.3114,1049.2016,-28.0163,1811.6428,1308.3536,-0.5651
9.8005,679.3858,1048.9432,-28.0163,1811.6390,1308.3869,-0.5668
9.8111,680.4957,1048.7119,-28.0163,1811.6475,1308.3848,-0.5652
9.8217,681.5993,1048.3597,-28.0163,1811.6559,1308.3676,-0.5596
9.8307,682.4622,1048.0247,-28.0163,1811.6566,1308.3818,-0.5807
9.8408,683.3054,1047.5938,-28.0163,1811.6547,1308.3403,-0.5660
9.8511,684.1720,1047.2541,-28.0163,1811.6386,1308.3359,-0.5699
9.8628,684.8965,1047.0092,-28.0163,1811.6419,1308.3532,-0.5759
9.8704,686.0105,1046.6229,-28.0163,1811.6270,1308.3477,-0.5628
9.8806,687.0234,1046.3021,-28.0163,1811.6338,1308.3651,-0.5646
9.8904,688.1058,1046.0146,-28.0163,1811.6472,1308.3597,-0.5595
9.9008,688.9713,1045.8244,-28.0163,1811.6537,1308.3793,-0.5734
9.9113,689.8642,1045.4971,-28.0163,1811.6613,1308.3607,-0.5752
9.9203,690.7049,1045.1467,-28.0163,1811.6646,1308.3488,-0.5775
9.9308,691.5547,1044.8353,-28.0163,1811.6578,1308.3596,-0.5893
9.9408,692.3878,1044.5149,-28.0163,1811.6505,1308.3370,-0.5683
9.9520,693.4334,1044.1843,-28.0163,1811.6293,1308.3595,-0.5778
9.9621,694.5388,1043.8121,-28.0163,1811.6266,1308.3467,-0.5717
9.9725,695.6266,1043.5261,-28.0163,1811.6175,1308.3452,-0.5550
9.9819,696.7432,1043.2862,-28.0163,1811.6258,1308.3508,-0.5643
9.9919,697.7877,1043.0285,-28.0163,1811.6455,1308.3410,-0.5656
10.0017,698.7000,1042.7145,-28.0163,1811.6397,1308.3551,-0.5801
10.0104,699.6074,1042.3207,-28.0163,1811.6496,1308.3470,-0.5853
10.0204,700.5618,1041.9721,-28.0163,1811.6512,1308.3657,-0.5813
10.0308,701.5389,1041.6348,-28.0163,1811.6473,1308.3698,-0.5853
10.0406,702.4971,1041.3362,-28.0163,1811.6371,1308.3491,-0.5592
10.0506,703.5709,1041.0887,-28.0163,1811.6363,1308.3704,-0.5703
10.0603,704.5004,1040.8365,-28.0163,1811.6351,1308.3455,-0.5568
10.0706,705.3802,1040.5265,-28.0163,1811.6284,1308.3340,-0.5513
10.0809,706.2762,1040.1683,-28.0163,1811.6379,1308.3444,-0.5705
10.0915,707.2841,1039.7953,-28.0163,1811.6370,1308.3426,-0.5725
10.1015,708.0331,1039.4834,-28.0163,1811.6415,1308.3668,-0.5812
10.1116,709.0431,1039.1144,-28.0163,1811.6481,1308.3610,-0.5705
10.1207,710.0008,1038.7371,-28.0163,1811.6382,1308.3729,-0.5746
10.1315,711.0031,1038.4068,-28.0163,1811.6390,1308.3658,-0.5747
10.1418,712.1142,1038.1059,-28.0163,1811.6451,1308.3459,-0.5691
10.1520,712.9967,1037.8629,-28.0163,1811.6450,1308.3479,-0.5879
10.1618,713.9143,1037.4691,-28.0163,1811.6469,1308.3309,-0.5819
10.1706,714.6795,1037.1213,-28.0163,1811.6460,1308.3493,-0.5811
10.1805,715.5580,1036.7799,-28.0163,1811.6464,1308.3627,-0.5872
10.1906,716.5162,1036.4247,-28.0163,1811.6317,1308.3613,-0.5737
10.2003,717.5111,1036.0626,-28.0163,1811.6368,1308.3868,-0.5696
10.2104,718.4744,1035.7220,-28.0163,1811.6461,1308.3699,-0.5595
10.2208,719.4504,1035.4410,-28.0163,1811.6453,1308.3821,-0.5763
10.2308,720.3699,1035.2224,-28.0163,1811.6448,1308.3582,-0.5839
10.2413,721.2874,1034.9654,-28.0163,1811.6565,1308.3447,-0.5764
10.2507,722.1060,1034.6679,-28.0163,1811.6497,1308.3628,-0.6013
10.2607,722.9301,1034.2764,-28.0163,1811.6326,1308.3298,-0.5653
10.2715,723.7595,1033.9649,-28.0163,1811.6185,1308.3497,-0.5655
10.2810,724.8239,1033.5729,-28.0163,1811.6281,1308.3622,-0.5716
10.2913,725.7031,1033.2004,-28.0163,1811.6102,1308.3575,-0.5659
10.3006,726.6453,1032.9048,-28.0163,1811.6257,1308.3654,-0.5699
10.3104,727.8860,1032.5750,-28.0163,1811.6544,1308.3646,-0.5893
10.3204,728.8249,1032.3446,-28.0163,1811.6449,1308.3630,-0.5878
10.3306,729.8101,1032.0797,-28.0163,1811.6545,1308.3448,-0.5757
10.3404,730.7008,1031.8176,-28.0163,1811.6492,1308.3621,-0.5829
10.3510,731.4155,1031.5088,-28.0163,1811.6409,1308.3579,-0.5767
10.3610,732.3397,1031.1096,-28.0163,1811.6218,1308.3325,-0.5562
10.3705,733.1757,1030.8056,-28.0163,1811.6360,1308.3583,-0.5798
10.3808,734.0505,1030.4652,-28.0163,1811.6376,1308.3494,-0.5790
10.3908,734.9764,1030.2316,-28.0163,1811.6299,1308.3465,-0.5784
10.4004,736.0432,1029.9734,-28.0163,1811.6422,1308.3638,-0.5937
10.4105,737.1385,1029.6581,-28.0163,1811.6447,1308.3439,-0.5755
10.4205,737.9732,1029.4229,-28.0163,1811.6326,1308.3620,-0.5821
10.4318,739.0331,1029.0888,-28.0163,1811.6442,1308.3542,-0.5564
10.4425,739.9224,1028.7815,-28.0163,1811.6485,1308.3737,-0.5679
10.4508,740.8672,1028.4178,-28.0163,1811.6489,1308.3690,-0.5745
10.4606,741.7435,1028.0185,-28.0163,1811.6400,1308.3419,-0.5596
10.4711,742.4994,1027.7225,-28.0163,1811.6511,1308.3707,-0.5937
10.4815,743.6206,1027.4039,-28.0163,1811.6456,1308.3435,-0.5818
10.4905,744.6284,1027.1377,-28.0163,1811.6353,1308.3412,-0.5882
10.5006,745.6450,1026.8795,-28.0163,1811.6461,1308.3549,-0.5907
10.5108,746.5921,1026.5497,-28.0163,1811.6408,1308.3537,-0.5694
10.5218,747.3750,1026.2540,-28.0163,1811.6302,1308.3625,-0.5665
10.5305,748.4039,1025.8763,-28.0163,1811.6473,1308.3521,-0.5630
10.5412,749.1786,1025.5766,-28.0163,1811.6423,1308.3755,-0.5752
10.5515,750.0667,1025.2577,-28.0163,1811.6308,1308.3458,-0.5651
10.5617,751.1107,1024.9542,-28.0163,1811.6357,1308.3408,-0.5629
10.5709,752.1305,1024.6970,-28.0163,1811.6395,1308.3621,-0.5839
10.5812,753.1337,1024.4012,-28.0163,1811.6288,1308.3233,-0.5640
10.5904,754.0211,1024.1525,-28.0163,1811.6259,1308.3503,-0.5816
10.6009,754.9358,1023.8540,-28.0163,1811.6400,1308.3494,-0.5918
10.6121,755.9743,1023.4617,-28.0163,1811.6335,1308.3511,-0.5782
10.6218,756.7201,1023.1282,-28.0163,1811.6292,1308.3585,-0.5879
10.6305,757.7937,1022.7018,-28.0163,1811.6402,1308.3460,-0.5721
10.6404,758.7425,1022.4186,-28.0163,1811.6272,1308.3539,-0.5645
10.6506,759.7863,1022.1176,-28.0163,1811.6292,1308.3438,-0.5561
10.6610,760.9169,1021.7965,-28.0163,1811.6270,1308.3505,-0.5583
10.6705,761.7193,1021.5891,-28.0163,1811.6279,1308.3568,-0.5682
10.6806,762.7947,1021.2812,-28.0163,1811.6190,1308.3417,-0.5540
10.6906,763.7694,1020.9947,-28.0163,1811.6315,1308.3663,-0.5877
10.7015,764.6945,1020.6250,-28.0163,1811.6442,1308.3577,-0.5797
10.7103,765.4819,1020.2384,-28.0163,1811.6378,1308.3471,-0.5722
10.7208,766.3407,1019.9492,-28.0163,1811.6474,1308.3666,-0.5967
10.7313,767.4716,1019.6446,-28.0163,1811.6515,1308.3579,-0.5789
10.7407,768.4744,1019.3541,-28.0163,1811.6354,1308.3630,-0.5718
10.7508,769.5651,1019.0270,-28.0163,1811.6443,1308.3552,-0.5670
10.7609,770.4786,1018.8225,-28.0163,1811.6479,1308.3683,-0.5767
10.7715,771.4819,1018.5425,-28.0163,1811.6244,1308.3582,-0.5658
10.7815,772.4977,1018.2154,-28.0163,1811.6321,1308.3466,-0.5510
10.7910,773.3183,1017.9204,-28.0163,1811.6434,1308.3833,-0.5950
10.8014,774.3032,1017.4937,-28.0163,1811.6370,1308.3622,-0.5729
10.8106,775.1513,1017.1937,-28.0163,1811.6332,1308.3577,-0.5669
10.8218,776.2029,1016.9203,-28.0163,1811.6613,1308.3821,-0.5956
10.8304,777.1567,1016.6563,-28.0163,1811.6450,1308.3624,-0.5660
10.8410,778.1187,1016.3747,-28.0163,1811.6342,1308.3591,-0.5675
10.8513,779.1959,1016.0985,-28.0163,1811.6514,1308.3605,-0.5765
10.8608,780.6982,1015.6902,-28.0163,1811.6352,1308.3816,-0.5794
10.8713,781.7624,1015.3384,-28.0163,1811.6200,1308.3577,-0.5525
10.8819,782.7486,1014.9823,-28.0163,1811.6389,1308.3667,-0.5642
10.8920,783.6113,1014.5979,-28.0163,1811.6385,1308.3801,-0.5856
10.9007,784.5445,1014.2490,-28.0163,1811.6244,1308.3391,-0.5604
10.9111,785.4926,1014.0351,-28.0163,1811.6357,1308.3631,-0.5889
10.9214,786.4302,1013.7678,-28.0163,1811.6479,1308.3464,-0.5909
10.9312,787.3511,1013.5152,-28.0163,1811.6284,1308.3326,-0.5771
10.9405,788.2960,1013.2775,-28.0163,1811.6409,1308.3506,-0.5826
10.9512,789.2768,1013.0138,-28.0163,1811.6468,1308.3520,-0.5866
10.9614,790.1333,1012.7246,-28.0163,1811.6216,1308.3508,-0.5728
10.9712,790.9988,1012.3469,-28.0163,1811.6257,1308.3390,-0.5650
10.9812,791.8619,1012.0085,-28.0163,1811.6375,1308.3657,-0.5684
10.9913,792.7350,1011.6910,-28.0163,1811.6198,1308.3620,-0.5908
11.0010,793.7072,1011.3612,-28.0163,1811.6313,1308.3372,-0.5637
11.0114,794.6069,1011.1707,-28.0163,1811.6454,1308.3774,-0.5940
11.0209,795.5582,1010.9311,-28.0163,1811.6497,1308.3569,-0.5790
11.0311,796.4980,1010.6602,-28.0163,1811.6333,1308.3415,-0.5699
11.0413,797.4511,1010.3671,-28.0163,1811.6392,1308.3560,-0.5788
11.0509,798.3625,1010.0663,-28.0163,1811.6425,1308.3553,-0.5770
11.0615,799.1945,1009.7060,-28.0163,1811.6295,1308.3573,-0.5730
11.0718,800.1037,1009.3084,-28.0163,1811.6332,1308.3348,-0.5734
11.0807,801.0274,1009.0025,-28.0163,1811.6467,1308.3749,-0.5896
11.0908,802.0264,1008.7017,-28.0163,1811.6317,1308.3607,-0.5807
11.1007,802.9997,1008.4424,-28.0163,1811.6276,1308.3437,-0.5596
11.1113,803.9570,1008.2320,-28.0163,1811.6352,1308.3690,-0.5798
11.1217,804.9283,1007.9129,-28.0163,1811.6350,1308.3558,-0.5595
11.1309,805.8488,1007.6488,-28.0163,1811.6252,1308.3537,-0.5723
11.1409,806.7799,1007.3537,-28.0163,1811.6414,1308.3553,-0.5914
11.1508,807.6771,1006.9247,-28.0163,1811.6317,1308.3515,-0.5830
11.1610,808.5571,1006.5600,-28.0163,1811.6293,1308.3582,-0.5865
11.1709,809.6113,1006.2705,-28.0163,1811.6420,1308.3531,-0.5714
11.1815,810.5981,1006.0106,-28.0163,1811.6311,1308.3643,-0.5797
11.1910,811.5800,1005.7599,-28.0163,1811.6268,1308.3431,-0.5685
11.2007,812.5217,1005.5016,-28.0163,1811.6414,1308.3586,-0.5714
11.2115,813.4505,1005.2293,-28.0163,1811.6312,1308.3707,-0.5823
11.2247,814.4471,1004.9296,-28.0163,1811.6371,1308.3431,-0.5641
11.2305,815.3614,1004.6198,-28.0163,1811.6400,1308.3665,-0.5896
11.2413,816.2484,1004.2291,-28.0163,1811.6356,1308.3463,-0.5681
11.2504,817.1802,1003.8612,-28.0163,1811.6152,1308.3428,-0.5652
11.2605,818.1968,1003.5568,-28.0163,1811.6361,1308.3580,-0.5736
11.2704,819.2316,1003.2959,-28.0163,1811.6320,1308.3382,-0.5633
11.2809,820.1762,1003.0580,-28.0163,1811.6308,1308.3585,-0.5839
11.2907,821.1566,1002.7551,-28.0163,1811.6492,1308.3608,-0.5755
11.3010,822.0834,1002.4785,-28.0163,1811.6512,1308.3570,-0.5876
11.3117,822.9355,1002.2147,-28.0163,1811.6537,1308.3643,-0.5923
11.3218,823.8125,1001.8658,-28.0163,1811.6452,1308.3449,-0.5658
11.3312,824.6420,1001.5152,-28.0163,1811.6374,1308.3560,-0.5733
11.3409,825.5391,1001.1985,-28.0163,1811.6361,1308.3563,-0.5669
11.3509,826.4840,1000.9330,-28.0163,1811.6329,1308.3622,-0.5662
11.3606,827.4716,1000.6726,-28.0163,1811.6304,1308.3635,-0.5691
11.3705,828.4822,1000.3904,-28.0163,1811.6470,1308.3591,-0.5728
11.3807,829.4313,1000.1130,-28.0163,1811.6296,1308.3668,-0.5844
11.3907,830.3901,999.8109,-28.0163,1811.6381,1308.3442,-0.5556
11.4002,831.2910,999.5443,-28.0163,1811.6461,1308.3616,-0.5916
11.4107,832.1524,999.2043,-28.0163,1811.6444,1308.3551,-0.5813
11.4203,833.0260,998.8267,-28.0163,1811.6376,1308.3394,-0.5625
11.4307,833.9750,998.4799,-28.0163,1811.6594,1308.3774,-0.5879
11.4406,834.9370,998.1484,-28.0163,1811.6402,1308.3510,-0.5646
11.4513,835.9193,997.8999,-28.0163,1811.6277,1308.3515,-0.5531
11.4611,836.9190,997.6437,-28.0163,1811.6443,1308.3654,-0.5776
11.4707,837.8773,997.3484,-28.0163,1811.6278,1308.3580,-0.5632
11.4806,838.8370,997.0362,-28.0163,1811.6254,1308.3520,-0.5566
11.4907,839.7538,996.7571,-28.0163,1811.6465,1308.3553,-0.5718
11.5012,840.6201,996.4654,-28.0163,1811.6390,1308.3683,-0.5907
11.5112,841.4965,996.1111,-28.0163,1811.6404,1308.3453,-0.5683
11.5212,842.4085,995.8200,-28.0163,1811.6482,1308.3580,-0.5789
11.5308,843.3097,995.5568,-28.0163,1811.6461,1308.3661,-0.5918
11.5409,844.2527,995.3058,-28.0163,1811.6317,1308.3381,-0.5577
11.5505,845.2264,995.0626,-28.0163,1811.6334,1308.3599,-0.5782
11.5609,846.2389,994.7874,-28.0163,1811.6371,1308.3583,-0.5711
11.5718,847.2203,994.4724,-28.0163,1811.6247,1308.3517,-0.5586
11.5805,848.1770,994.1656,-28.0163,1811.6382,1308.3700,-0.5764
11.5905,849.0721,993.8484,-28.0163,1811.6464,1308.3657,-0.5729
11.6006,849.9673,993.5231,-28.0163,1811.6371,1308.3727,-0.5815
11.6104,850.9474,993.2001,-28.0163,1811.6483,1308.3503,-0.5642
11.6216,851.8818,992.9618,-28.0163,1811.6556,1308.3675,-0.5818
11.6321,852.7912,992.7269,-28.0163,1811.6318,1308.3598,-0.5794
11.6434,853.7652,992.4338,-28.0163,1811.6387,1308.3387,-0.5668
11.6526,854.7419,992.1632,-28.0163,1811.6328,1308.3683,-0.5851
11.6603,855.7054,991.8708,-28.0163,1811.6414,1308.3644,-0.5764
11.6707,856.6039,991.5950,-28.0163,1811.6357,1308.3630,-0.5773
11.6806,857.5277,991.2841,-28.0163,1811.6375,1308.3659,-0.5767
11.6907,858.5055,990.9517,-28.0163,1811.6320,1308.3658,-0.5682
11.7003,859.4936,990.6506,-28.0163,1811.6313,1308.3685,-0.5779
11.7107,860.5277,990.3538,-28.0163,1811.6494,1308.3608,-0.5702
11.7204,861.5108,990.0936,-28.0163,1811.6454,1308.3738,-0.5809
11.7305,862.4929,989.8244,-28.0163,1811.6410,1308.3650,-0.5738
11.7415,863.4886,989.5452,-28.0163,1811.6445,1308.3590,-0.5790
11.7508,864.4209,989.2351,-28.0163,1811.6475,1308.3690,-0.5914
11.7605,865.2922,988.9216,-28.0163,1811.6363,1308.3556,-0.5730
11.7705,866.1364,988.6489,-28.0163,1811.6356,1308.3615,-0.5812
11.7829,867.0548,988.3415,-28.0163,1811.6338,1308.3594,-0.5728
11.7911,867.9748,988.0936,-28.0163,1811.6355,1308.3589,-0.5785
11.8005,868.9132,987.8654,-28.0163,1811.6365,1308.3656,-0.5808
11.8105,869.9088,987.5691,-28.0163,1811.6429,1308.3536,-0.5700
11.8207,870.9669,987.2848,-28.0163,1811.6406,1308.3690,-0.5858
11.8309,872.0182,986.9702,-28.0163,1811.6390,1308.3651,-0.5729
11.8406,872.9659,986.6639,-28.0163,1811.6401,1308.3515,-0.5671
11.8505,873.8271,986.3626,-28.0163,1811.6342,1308.3678,-0.5841
11.8606,874.7125,986.0488,-28.0163,1811.6352,1308.3480,-0.5692
11.8706,875.6214,985.7887,-28.0163,1811.6312,1308.3593,-0.5837
11.8803,876.5400,985.5308,-28.0163,1811.6395,1308.3515,-0.5797
11.8909,877.4561,985.2791,-28.0163,1811.6346,1308.3564,-0.5866
11.9007,878.3999,985.0214,-28.0163,1811.6390,1308.3598,-0.5792
11.9108,879.4368,984.7492,-28.0163,1811.6375,1308.3452,-0.5735
11.9207,880.4687,984.4850,-28.0163,1811.6316,1308.3673,-0.5890
11.9308,881.5015,984.1466,-28.0163,1811.6342,1308.3467,-0.5649
11.9414,882.5266,983.7907,-28.0163,1811.6320,1308.3602,-0.5670
11.9510,883.5702,983.4442,-28.0163,1811.6402,1308.3722,-0.5863
11.9607,884.5677,983.1414,-28.0163,1811.6357,1308.3506,-0.5718
11.9703,885.4977,982.9144,-28.0163,1811.6372,1308.3587,-0.5803
11.9806,886.4437,982.6608,-28.0163,1811.6347,1308.3512,-0.5829
11.9912,887.3959,982.3723,-28.0163,1811.6285,1308.3456,-0.5742
12.0006,888.4170,982.0822,-28.0163,1811.6364,1308.3524,-0.5864
12.0106,889.4558,981.7990,-28.0163,1811.6337,1308.3483,-0.5782
12.0209,890.4006,981.5076,-28.0163,1811.6248,1308.3640,-0.5911
12.0308,891.3481,981.1709,-28.0163,1811.6389,1308.3494,-0.5855
12.0417,892.3035,980.8933,-28.0163,1811.6330,1308.3677,-0.5867
12.0524,893.2992,980.6348,-28.0163,1811.6327,1308.3616,-0.5810
12.0604,894.2239,980.4077,-28.0163,1811.6299,1308.3503,-0.5655
12.0707,895.1838,980.1631,-28.0163,1811.6259,1308.3595,-0.5795
12.0808,896.1969,979.8715,-28.0163,1811.6266,1308.3441,-0.5705
12.0913,897.2249,979.6092,-28.0163,1811.6276,1308.3459,-0.5772
12.1010,898.2887,979.3016,-28.0163,1811.6379,1308.3432,-0.5794
12.1111,899.3105,979.0093,-28.0163,1811.6257,1308.3504,-0.5894
12.1206,900.3102,978.7242,-28.0163,1811.6375,1308.3557,-0.5807
12.1308,901.2921,978.4586,-28.0163,1811.6381,1308.3498,-0.5761
12.1411,902.2474,978.2638,-28.0163,1811.6265,1308.3669,-0.5784
12.1510,903.1704,977.9876,-28.0163,1811.6326,1308.3455,-0.5679
12.1610,904.1602,977.7256,-28.0163,1811.6349,1308.3435,-0.5612
12.1706,905.1415,977.4728,-28.0163,1811.6303,1308.3542,-0.5858
12.1818,906.1120,977.1526,-28.0163,1811.6306,1308.3505,-0.5732
12.1909,907.0240,976.8013,-28.0163,1811.6253,1308.3524,-0.5767
12.2007,907.9377,976.4698,-28.0163,1811.6362,1308.3502,-0.5768
12.2121,908.8291,976.1965,-28.0163,1811.6216,1308.3504,-0.5850
12.2208,909.7297,975.9424,-28.0163,1811.6244,1308.3422,-0.5892
12.2309,910.6613,975.7318,-28.0163,1811.6390,1308.3484,-0.5869
12.2413,911.5774,975.4497,-28.0163,1811.6266,1308.3556,-0.5947
12.2521,912.5966,975.1403,-28.0163,1811.6237,1308.3376,-0.5768
12.2610,913.6276,974.8861,-28.0163,1811.6337,1308.3557,-0.5816
12.2721,914.6298,974.5439,-28.0163,1811.6244,1308.3658,-0.5793
12.2808,915.5771,974.0988,-28.0163,1811.6213,1308.3465,-0.5634
12.2910,916.4587,973.7929,-28.0163,1811.6321,1308.3657,-0.5857
12.3009,917.3663,973.5334,-28.0163,1811.6383,1308.3519,-0.5827
12.3112,918.2115,973.3270,-28.0163,1811.6268,1308.3477,-0.5893
12.3222,919.1052,973.0613,-28.0163,1811.6429,1308.3459,-0.5903
12.3308,920.0169,972.7804,-28.0163,1811.6429,1308.3492,-0.5951
12.3407,920.9480,972.5151,-28.0163,1811.6205,1308.3470,-0.5866
12.3507,921.9520,972.2073,-28.0163,1811.6231,1308.3325,-0.5620
12.3607,922.8902,971.9259,-28.0163,1811.6163,1308.3667,-0.5887
12.3711,923.8208,971.5912,-28.0163,1811.6183,1308.3574,-0.5748
12.3805,924.7186,971.3005,-28.0163,1811.6123,1308.3476,-0.5705
12.3925,925.6007,971.0847,-28.0163,1811.6343,1308.3610,-0.5865
12.4007,926.5256,970.8104,-28.0163,1811.6342,1308.3553,-0.5817
12.4104,927.4767,970.5330,-28.0163,1811.6261,1308.3499,-0.5827
12.4205,928.5106,970.2325,-28.0163,1811.6437,1308.3455,-0.5845
12.4308,929.5237,969.9765,-28.0163,1811.6336,1308.3591,-0.5950
12.4406,930.5198,969.6765,-28.0163,1811.6172,1308.3585,-0.5846
12.4508,931.4752,969.3434,-28.0163,1811.6285,1308.3488,-0.5702
12.4606,932.3821,969.0859,-28.0163,1811.6295,1308.3789,-0.5975
12.4707,933.2996,968.8128,-28.0163,1811.6133,1308.3441,-0.5572
12.4807,934.2014,968.6157,-28.0163,1811.6292,1308.3428,-0.5726
12.4904,935.0522,968.3905,-28.0163,1811.6310,1308.3600,-0.5864
12.5018,935.9578,968.0526,-28.0163,1811.6207,1308.3380,-0.5723
12.5105,936.9243,967.7987,-28.0163,1811.6277,1308.3598,-0.5815
12.5204,937.9738,967.5560,-28.0163,1811.6416,1308.3620,-0.5807
12.5309,938.9938,967.2480,-28.0163,1811.6246,1308.3653,-0.5814
12.5408,939.9777,966.8954,-28.0163,1811.6280,1308.3578,-0.5805
12.5511,940.9416,966.6149,-28.0163,1811.6343,1308.3458,-0.5723
12.5618,941.8502,966.4072,-28.0163,1811.6216,1308.3586,-0.5962
12.5719,942.7719,966.1767,-28.0163,1811.6315,1308.3363,-0.5719
12.5810,943.6727,965.9069,-28.0163,1811.6288,1308.3549,-0.5873
12.5915,944.6008,965.6057,-28.0163,1811.6296,1308.3588,-0.5857
12.6014,945.5671,965.3216,-28.0163,1811.6225,1308.3539,-0.5658
12.6107,946.6133,965.0974,-28.0163,1811.6223,1308.3656,-0.5813
12.6203,947.6665,964.7675,-28.0163,1811.6339,1308.3600,-0.5666
12.6307,948.6511,964.4442,-28.0163,1811.6270,1308.3615,-0.5759
12.6410,949.6380,964.1592,-15.6874,1811.6299,1308.3535,-0.5821
12.6509,950.5699,963.9256,-15.7045,1811.6373,1308.3419,-0.5821
12.6608,951.4644,963.6801,-15.6999,1811.6201,1308.3554,-0.5940
12.6707,952.4049,963.3778,-15.6500,1811.6190,1308.3388,-0.5742
12.6824,953.3686,962.9787,-15.3364,1811.6295,1308.3694,-0.6016
12.6913,954.4322,962.5402,-15.3364,1811.6219,1308.3649,-0.5856
12.7008,955.5778,962.4564,-15.3364,1811.6200,1308.3550,-0.5822
12.7108,956.3773,962.0393,-15.3364,1811.6360,1308.3774,-0.5905
12.7205,957.0507,961.3241,-15.3364,1811.6359,1308.3582,-0.5896
12.7304,958.1327,961.3871,-15.3364,1811.6205,1308.3559,-0.5865
12.7412,958.9981,960.8669,-15.3364,1811.6356,1308.3530,-0.5907
12.7507,959.4034,959.8764,-15.3364,1811.6288,1308.3578,-0.5896
12.7602,960.2920,959.6473,-15.3364,1811.6152,1308.3459,-0.5732
12.7708,961.5826,959.3098,-15.3364,1811.6187,1308.3504,-0.5718
12.7809,962.4682,958.6446,-15.3364,1811.6166,1308.3648,-0.5775
12.7909,963.2274,958.4444,-15.3364,1811.6165,1308.3532,-0.5746
12.8007,964.1364,958.4533,-15.3364,1811.6321,1308.3539,-0.5774
12.8108,965.1731,958.4489,-15.3364,1811.6325,1308.3650,-0.5978
12.8207,966.2204,958.3658,-15.3364,1811.6252,1308.3484,-0.5802
12.8305,967.2231,958.1884,-15.3364,1811.6310,1308.3624,-0.5865
12.8412,968.1905,958.0263,-15.3364,1811.6267,1308.3579,-0.5867
12.8509,969.1568,957.9508,-15.3364,1811.6110,1308.3533,-0.5791
12.8605,970.1152,957.8752,-15.3364,1811.6089,1308.3504,-0.5842
12.8715,971.0533,957.7346,-15.3364,1811.6253,1308.3412,-0.5735
12.8809,971.9664,957.5620,-15.3364,1811.6140,1308.3584,-0.5994
12.8909,972.9751,957.4142,-15.3364,1811.6282,1308.3413,-0.5743
12.9009,974.0201,957.2668,-15.3364,1811.6269,1308.3619,-0.5954
12.9109,975.1318,957.1212,-15.3364,1811.6290,1308.3504,-0.5845
12.9208,976.1400,956.9893,-15.3364,1811.6191,1308.3451,-0.5643
12.9316,977.0314,956.9218,-15.3364,1811.6227,1308.3541,-0.5756
12.9403,977.8982,956.8089,-15.3364,1811.6237,1308.3524,-0.5709
12.9511,978.7624,956.6811,-15.3364,1811.6204,1308.3489,-0.5696
12.9615,979.6930,956.5623,-15.3364,1811.6295,1308.3481,-0.5850
12.9707,980.6423,956.4286,-15.3364,1811.6328,1308.3583,-0.5922
12.9814,981.6542,956.2314,-15.3364,1811.6290,1308.3645,-0.5913
12.9906,982.7498,956.0286,-15.3364,1811.6384,1308.3421,-0.5717
13.0013,983.7915,955.9089,-15.3364,1811.6304,1308.3598,-0.5972
13.0125,984.8294,955.8287,-15.3364,1811.6309,1308.3596,-0.5757
13.0208,985.7841,955.6989,-15.3364,1811.6248,1308.3453,-0.5664
13.0306,986.7380,955.5889,-15.3364,1811.6382,1308.3632,-0.5956
13.0409,987.6416,955.4375,-15.3364,1811.6400,1308.3534,-0.5776
13.0504,988.5534,955.3070,-15.3364,1811.6124,1308.3421,-0.5770
13.0605,989.5455,955.2068,-15.3364,1811.6357,1308.3479,-0.5835
13.0708,990.5441,955.0523,-15.3364,1811.6230,1308.3593,-0.5786
13.0805,991.6341,954.8928,-15.3364,1811.6186,1308.3389,-0.5620
13.0907,992.7217,954.8070,-15.3364,1811.6422,1308.3607,-0.5765
13.1006,993.7436,954.7903,-15.3364,1811.6368,1308.3698,-0.5988
13.1107,994.7331,954.6770,-15.3364,1811.6299,1308.3438,-0.5687
13.1208,995.6787,954.5287,-15.3364,1811.6437,1308.3587,-0.5881
13.1308,996.6174,954.3635,-15.3364,1811.6350,1308.3647,-0.5974
13.1413,997.5851,954.1902,-15.3364,1811.6245,1308.3425,-0.5749
13.1511,998.6001,954.0918,-15.3364,1811.6212,1308.3569,-0.5881
13.1608,999.6829,953.9404,-15.3364,1811.6363,1308.3591,-0.5866
13.1706,1000.7342,953.8140,-15.3364,1811.6147,1308.3452,-0.5826
13.1808,1001.8147,953.7468,-15.3364,1811.6363,1308.3452,-0.5816
13.1908,1002.8656,953.6563,-15.3364,1811.6320,1308.3547,-0.5890
13.2018,1003.8427,953.5365,-15.3364,1811.6169,1308.3562,-0.5850
13.2115,1004.8085,953.3860,-15.3364,1811.6285,1308.3483,-0.5831
13.2224,1005.7366,953.2849,-15.3364,1811.6363,1308.3629,-0.5862
13.2306,1006.6505,953.1385,-15.3364,1811.6241,1308.3562,-0.5916
13.2406,1007.6550,953.0153,-15.3364,1811.6275,1308.3416,-0.5760
13.2511,1008.6751,952.8694,-15.3364,1811.6317,1308.3591,-0.6007
13.2607,1009.7108,952.7273,-15.3364,1811.6350,1308.3489,-0.5799
13.2711,1010.7293,952.6350,-15.3364,1811.6212,1308.3402,-0.5778
13.2818,1011.6828,952.5365,-15.3364,1811.6247,1308.3494,-0.5814
13.2906,1012.5897,952.3858,-15.3364,1811.6250,1308.3414,-0.5720
13.3004,1013.4790,952.2472,-15.3364,1811.6083,1308.3429,-0.5733
13.3113,1014.4540,952.1283,-15.3364,1811.6298,1308.3425,-0.5777
13.3209,1015.4228,952.0230,-15.3364,1811.6255,1308.3563,-0.5931
13.3304,1016.4479,951.8520,-15.3364,1811.6269,1308.3450,-0.5877
13.3406,1017.5252,951.6580,-15.3364,1811.6384,1308.3429,-0.5817
13.3506,1018.5459,951.5301,-15.3364,1811.6350,1308.3556,-0.5922
13.3608,1019.5381,951.4331,-15.3364,1811.6240,1308.3427,-0.5772
13.3706,1020.4794,951.3532,-15.3364,1811.6295,1308.3555,-0.5816
13.3804,1021.4414,951.2122,-15.3364,1811.6301,1308.3538,-0.5815
13.3906,1022.3158,951.0491,-15.3364,1811.6224,1308.3499,-0.5745
13.4008,1023.2567,950.9222,-15.3364,1811.6232,1308.3528,-0.5853
13.4107,1024.2245,950.8279,-15.3364,1811.6359,1308.3490,-0.5829
13.4204,1025.2379,950.6810,-15.3364,1811.6174,1308.3552,-0.6029
13.4313,1026.2926,950.5376,-15.3364,1811.6256,1308.3409,-0.5812
13.4411,1027.3438,950.4643,-15.3364,1811.6262,1308.3508,-0.5894
13.4508,1028.3923,950.3604,-15.3364,1811.6340,1308.3668,-0.5967
13.4614,1029.3794,950.2451,-6.6381,1811.6278,1308.3566,-0.5745
13.4722,1030.3038,950.0891,-6.6381,1811.6230,1308.3613,-0.5952
13.4808,1031.2543,949.9362,-6.6381,1811.6407,1308.3530,-0.5834
13.4907,1032.1646,949.7979,-6.6381,1811.6185,1308.3489,-0.5820
13.5006,1033.1455,949.6729,-6.6381,1811.6254,1308.3459,-0.5812
13.5107,1034.1595,949.5473,-6.6381,1811.6334,1308.3526,-0.5739
13.5204,1035.1056,949.4502,-6.6381,1811.6235,1308.3624,-0.5797
13.5308,1036.0518,949.3427,-6.6381,1811.6285,1308.3488,-0.5760
13.5409,1036.9824,949.2597,-6.6381,1811.6318,1308.3741,-0.5878
13.5507,1037.9031,949.1251,-6.6381,1811.6298,1308.3691,-0.5849
13.5621,1038.8524,948.9587,-6.6381,1811.6275,1308.3499,-0.5783
13.5715,1039.8256,948.8396,-6.6381,1811.6344,1308.3610,-0.5940
13.5821,1040.8160,948.6993,-6.6381,1811.6371,1308.3484,-0.5835
13.5919,1041.8143,948.5600,-6.6381,1811.6191,1308.3460,-0.5837
13.6007,1042.8881,948.4783,-6.6381,1811.6325,1308.3521,-0.5955
13.6111,1043.9338,948.3722,-6.6381,1811.6329,1308.3558,-0.5798
13.6207,1045.0153,948.2705,-6.6381,1811.6180,1308.3591,-0.5801
13.6308,1046.0126,948.1375,-6.6381,1811.6282,1308.3550,-0.5764
13.6407,1046.9839,948.0113,-6.6381,1811.6310,1308.3673,-0.5849
13.6507,1047.9284,947.8570,-6.6381,1811.6309,1308.3549,-0.5821
13.6607,1048.9195,947.7201,-6.6381,1811.6320,1308.3502,-0.5754
13.6709,1049.8760,947.5881,-6.6381,1811.6352,1308.3575,-0.5897
13.6814,1050.8722,947.4510,-6.6381,1811.6237,1308.3444,-0.5853
13.6906,1051.8765,947.4023,-6.6381,1811.6326,1308.3549,-0.5913
13.7006,1052.8788,947.3014,-6.6381,1811.6347,1308.3477,-0.5826
13.7112,1053.8364,947.1781,-6.6381,1811.6348,1308.3542,-0.5835
13.7213,1054.7514,947.0144,-6.6381,1811.6313,1308.3629,-0.5880
13.7307,1055.7134,946.9203,-6.6381,1811.6379,1308.3535,-0.5708
13.7412,1056.6835,946.8131,-6.6381,1811.6219,1308.3695,-0.5907
13.7504,1057.6686,946.6645,-6.6381,1811.6238,1308.3461,-0.5726
13.7618,1058.6625,946.5251,-6.6381,1811.6361,1308.3555,-0.5781
13.7709,1059.6593,946.3896,-6.6381,1811.6302,1308.3604,-0.5863
13.7809,1060.7015,946.3028,-6.6381,1811.6245,1308.3397,-0.5775
13.7907,1061.7344,946.2048,-6.6381,1811.6291,1308.3570,-0.5967
13.8007,1062.7285,946.1032,-6.6381,1811.6393,1308.3541,-0.5834
13.8117,1063.6848,945.9602,-6.6381,1811.6251,1308.3595,-0.5867
13.8208,1064.6740,945.8069,-6.6381,1811.6318,1308.3586,-0.5891
13.8312,1065.6656,945.6846,-6.6381,1811.6439,1308.3591,-0.5775
13.8410,1066.6200,945.5435,-6.6381,1811.6290,1308.3716,-0.5904
13.8504,1067.6317,945.3839,-6.6381,1811.6322,1308.3541,-0.5813
13.8606,1068.6638,945.3109,-6.6381,1811.6340,1308.3634,-0.5910
13.8705,1069.6700,945.2302,-6.6381,1811.6238,1308.3536,-0.5821
13.8817,1070.6989,945.1594,-6.6381,1811.6274,1308.3543,-0.5812
13.8907,1071.7168,945.0678,-6.6381,1811.6323,1308.3636,-0.5856
13.9007,1072.6871,944.8990,-6.6381,1811.6234,1308.3491,-0.5644
13.9112,1073.6792,944.7675,-6.6381,1811.6309,1308.3563,-0.5891
13.9216,1074.6638,944.6314,-6.6381,1811.6346,1308.3574,-0.5935
13.9312,1075.6689,944.5159,-6.6381,1811.6406,1308.3569,-0.5830
13.9405,1076.6868,944.3833,-6.6381,1811.6212,1308.3636,-0.6066
13.9515,1077.7021,944.3125,-6.6381,1811.6454,1308.3547,-0.5890
13.9613,1078.6561,944.2691,-6.6381,1811.6212,1308.3633,-0.5894
13.9705,1079.6409,944.1916,-6.6381,1811.6310,1308.3611,-0.5748
13.9817,1080.6058,944.0501,-6.6381,1811.6246,1308.3575,-0.5776
13.9914,1081.5597,943.9146,-6.6381,1811.6220,1308.3514,-0.5729
14.0005,1082.5482,943.8216,-6.6381,1811.6269,1308.3566,-0.5848
14.0111,1083.5308,943.6907,-6.6381,1811.6371,1308.3672,-0.5925
14.0217,1084.4966,943.5475,-6.6381,1811.6404,1308.3572,-0.5851
14.0318,1085.4638,943.4735,-6.6381,1811.6333,1308.3701,-0.5854
14.0413,1086.3928,943.4223,-6.6381,1811.6289,1308.3586,-0.5857
14.0513,1087.4001,943.3586,-6.6381,1811.6254,1308.3499,-0.5658
14.0610,1088.3964,943.2294,-6.6381,1811.6252,1308.3692,-0.5831
14.0707,1089.4040,943.0829,-6.6381,1811.6299,1308.3543,-0.5731
14.0815,1090.4068,942.9198,-6.6381,1811.6223,1308.3643,-0.5840
14.0910,1091.4063,942.7898,-6.6381,1811.6321,1308.3630,-0.5854
14.1019,1092.4015,942.6570,-6.6381,1811.6323,1308.3669,-0.5871
14.1109,1093.3732,942.5448,-6.6381,1811.6338,1308.3621,-0.5894
14.1208,1094.3516,942.4729,-6.6381,1811.6326,1308.3615,-0.5836
14.1309,1095.3322,942.4394,-6.6381,1811.6233,1308.3674,-0.5858
14.1410,1096.3687,942.3725,-6.6381,1811.6432,1308.3597,-0.5817
14.1509,1097.3741,942.2115,-6.6381,1811.6295,1308.3622,-0.5746
14.1609,1098.3479,942.0464,-6.6381,1811.6207,1308.3561,-0.5865
14.1709,1099.3021,941.9043,-6.6381,1811.6419,1308.3568,-0.5800
14.1829,1100.2198,941.8022,-6.6381,1811.6317,1308.3606,-0.5770
14.1910,1101.1946,941.6725,-6.6381,1811.6212,1308.3583,-0.5730
14.2015,1102.2042,941.5714,-6.6381,1811.6323,1308.3685,-0.5801
14.2109,1103.2070,941.5415,-6.6381,1811.6271,1308.3639,-0.5880
14.2215,1104.2251,941.5266,-6.6381,1811.6399,1308.3618,-0.5930
14.2329,1105.2737,941.4751,-6.6381,1811.6429,1308.3754,-0.5951
14.2409,1106.3555,941.3156,-6.6381,1811.6427,1308.3599,-0.5802
14.2518,1107.4399,941.1722,-6.6381,1811.6324,1308.3639,-0.5902
14.2623,1108.5093,941.0413,-6.6381,1811.6362,1308.3642,-0.5917
14.2710,1109.5514,940.8635,-6.6381,1811.6348,1308.3474,-0.5689
14.2817,1110.5555,940.7213,-6.6381,1811.6191,1308.3672,-0.5874
14.2908,1111.5845,940.6983,-6.6381,1811.6352,1308.3679,-0.5869
14.3017,1112.5568,940.6526,-6.6381,1811.6252,1308.3633,-0.5742
14.3117,1113.5667,940.5661,-6.6381,1811.6385,1308.3642,-0.5769
14.3207,1114.5769,940.4220,-6.6381,1811.6443,1308.3792,-0.5909
14.3315,1115.5614,940.2628,-6.6381,1811.6331,1308.3663,-0.5863
14.3406,1116.5450,940.1474,-6.6381,1811.6405,1308.3577,-0.5781
14.3511,1117.5561,940.0746,-6.6381,1811.6547,1308.3758,-0.5985
14.3612,1118.5612,939.8986,-6.6381,1811.6282,1308.3669,-0.5815
14.3711,1119.5978,939.7775,-6.6381,1811.6351,1308.3576,-0.5639
14.3825,1120.6071,939.7829,-6.6381,1811.6387,1308.3917,-0.6037
14.3924,1121.5928,939.7682,-6.6381,1811.6390,1308.3685,-0.5748
14.4011,1122.6109,939.6791,-6.6381,1811.6326,1308.3711,-0.5768
14.4105,1123.7108,939.5506,-6.6381,1811.6536,1308.3798,-0.5857
14.4213,1124.8105,939.4091,-6.6381,1811.6416,1308.3853,-0.5931
14.4305,1125.8531,939.2801,-6.6381,1811.6329,1308.3729,-0.5852
14.4407,1126.8986,939.1145,-6.6381,1811.6403,1308.3694,-0.5770
14.4504,1127.9076,938.9994,-6.6381,1811.6365,1308.3826,-0.6001
14.4609,1128.9368,938.9346,-6.6381,1811.6377,1308.3575,-0.5815
14.4704,1129.9870,938.9539,-6.6381,1811.6429,1308.3691,-0.5824
14.4803,1130.9885,938.8923,-6.6381,1811.6426,1308.3782,-0.5974
14.4910,1132.0174,938.7141,-6.6381,1811.6389,1308.3598,-0.5807
14.5005,1132.9352,938.5315,-6.6381,1811.6350,1308.3773,-0.5920
14.5102,1133.8295,938.4307,-6.6381,1811.6522,1308.3855,-0.5858
14.5203,1134.7087,938.3353,-6.6381,1811.6396,1308.3849,-0.5864
14.5307,1135.6507,938.2076,-6.6381,1811.6469,1308.3704,-0.5737
14.5413,1136.6465,938.1355,-6.6381,1811.6478,1308.3792,-0.5816
14.5508,1137.6158,938.0988,-6.6381,1811.6414,1308.3765,-0.5866
14.5610,1138.6381,938.0147,-6.6381,1811.6347,1308.3563,-0.5775
14.5703,1139.7032,937.9046,-6.6381,1811.6392,1308.3719,-0.5886
14.5804,1140.7487,937.7519,-6.6381,1811.6317,1308.3773,-0.5897
14.5906,1141.7500,937.5800,-6.6381,1811.6391,1308.3610,-0.5778
14.6004,1142.7151,937.4639,-6.6381,1811.6445,1308.3878,-0.6043
14.6104,1143.6534,937.2943,-6.6381,1811.6357,1308.3751,-0.5814
14.6207,1144.6172,937.1806,-6.6381,1811.6366,1308.3715,-0.5812
14.6303,1145.5749,937.1414,-6.6381,1811.6439,1308.3820,-0.5927
14.6405,1146.5403,937.1027,-6.6381,1811.6409,1308.3759,-0.5826
14.6507,1147.5107,936.9961,-6.6381,1811.6309,1308.3739,-0.5876
14.6607,1148.5414,936.8326,-6.6381,1811.6396,1308.3688,-0.5792
14.6706,1149.5691,936.6982,-6.6381,1811.6190,1308.3677,-0.5846
14.6807,1150.5776,936.5579,-6.6381,1811.6122,1308.3525,-0.5818
14.6923,1151.5737,936.4312,-6.6381,1811.6380,1308.3632,-0.5815
14.7008,1152.5097,936.2678,-6.6381,1811.6324,1308.3729,-0.6005
14.7106,1153.4852,936.1393,-6.6381,1811.6255,1308.3557,-0.5927
14.7203,1154.4697,936.1432,-6.6381,1811.6371,1308.3638,-0.5911
14.7307,1155.4494,936.1259,-6.6381,1811.6312,1308.3651,-0.5994
14.7406,1156.4661,936.0514,-6.6381,1811.6217,1308.3618,-0.5814
14.7507,1157.5168,935.9300,-6.6381,1811.6307,1308.3672,-0.5851
14.7614,1158.5048,935.7671,-6.6381,1811.6224,1308.3577,-0.5716
14.7707,1159.4729,935.6374,-6.6381,1811.6245,1308.3669,-0.5896
14.7804,1160.4259,935.4965,-6.6381,1811.6237,1308.3591,-0.5835
14.7921,1161.3731,935.3532,-6.6381,1811.6279,1308.3552,-0.5913
14.8011,1162.3251,935.2820,-6.6381,1811.6226,1308.3548,-0.5977
14.8104,1163.2756,935.2517,-6.6381,1811.6245,1308.3455,-0.5791
14.8207,1164.2244,935.2684,-6.6381,1811.6191,1308.3508,-0.5811
14.8317,1165.2263,935.2270,-6.6381,1811.6339,1308.3641,-0.5895
14.8408,1166.2599,935.1288,-6.6381,1811.6295,1308.3671,-0.5912
14.8522,1167.2557,934.9955,-6.6381,1811.6305,1308.3704,-0.5848
14.8609,1168.1857,934.8392,-6.6381,1811.6290,1308.3669,-0.5891
14.8705,1169.1320,934.6903,-6.6381,1811.6180,1308.3453,-0.5791
14.8803,1170.0898,934.5741,-6.6381,1811.6220,1308.3375,-0.5761
14.8907,1171.0659,934.5286,-6.6381,1811.6149,1308.3693,-0.5985
14.9006,1172.0103,934.4953,-6.6381,1811.6199,1308.3486,-0.5857
14.9104,1172.9749,934.5084,-6.6381,1811.6198,1308.3519,-0.5780
14.9203,1173.9636,934.5011,-6.6381,1811.6292,1308.3772,-0.6067
14.9302,1174.9583,934.4057,-6.6381,1811.6290,1308.3563,-0.5787
14.9406,1175.9208,934.2435,-6.6381,1811.6208,1308.3568,-0.5904
14.9507,1176.8935,934.1322,-6.6381,1811.6295,1308.3580,-0.5857
14.9607,1177.8281,933.9922,-6.6381,1811.6201,1308.3525,-0.5853
14.9709,1178.8182,933.9010,-6.6381,1811.6144,1308.3489,-0.5848
14.9814,1179.7805,933.8873,-6.6381,1811.6245,1308.3522,-0.5874
14.9911,1180.7048,933.8557,-6.6381,1811.6095,1308.3474,-0.5855
15.0006,1181.6350,933.7954,-6.6381,1811.6111,1308.3470,-0.5817
15.0110,1182.7029,933.7233,-6.6381,1811.6202,1308.3608,-0.5972
15.0210,1183.7590,933.5622,-6.6381,1811.6102,1308.3548,-0.5934
15.0306,1184.8629,933.4062,-6.6381,1811.6169,1308.3480,-0.5891
15.0408,1185.8954,933.2527,-6.6381,1811.6318,1308.3660,-0.6041
15.0506,1186.8586,933.1071,-6.6381,1811.6202,1308.3561,-0.5989
15.0604,1187.7738,933.0500,-6.6381,1811.6164,1308.3470,-0.5952
15.0705,1188.6989,933.0736,-6.6381,1811.6183,1308.3524,-0.6062
15.0803,1189.6118,933.0290,-6.6381,1811.6128,1308.3462,-0.5779
15.0908,1190.5520,932.9427,-6.6381,1811.5974,1308.3433,-0.5826
15.1019,1191.5684,932.8439,-6.6381,1811.6149,1308.3512,-0.5799
15.1107,1192.5929,932.6937,-6.6381,1811.6074,1308.3526,-0.5725
15.1205,1193.6644,932.5417,-6.6381,1811.6142,1308.3525,-0.5728
15.1308,1194.7488,932.3606,-6.6381,1811.6205,1308.3632,-0.5847
15.1419,1195.7399,932.2464,-6.6381,1811.6268,1308.3613,-0.5896
15.1505,1196.7045,932.2378,-6.6381,1811.6227,1308.3544,-0.5888
15.1603,1197.6561,932.2597,-6.6381,1811.6130,1308.3558,-0.5975
15.1710,1198.6225,932.2356,-6.6381,1811.6141,1308.3430,-0.6062
15.1808,1199.6082,932.1060,-6.6381,1811.6093,1308.3300,-0.5817
15.1910,1200.6467,931.9898,-6.6381,1811.5933,1308.3409,-0.5914
15.2010,1201.7343,931.8427,-6.6381,1811.6047,1308.3345,-0.5844
15.2105,1202.8079,931.6904,-6.6381,1811.5960,1308.3275,-0.5816
15.2204,1203.8309,931.5870,-6.6381,1811.5844,1308.3085,-0.5835
15.2309,1204.8220,931.5273,-6.6381,1811.5741,1308.2371,-0.5791
15.2417,1205.8087,931.5220,-6.6381,1811.5086,1308.0891,-0.5830
15.2505,1206.7871,931.4819,-6.6381,1811.3894,1307.8449,-0.5752
15.2607,1207.7948,931.4085,-6.6381,1811.2700,1307.6879,-0.5913
15.2707,1208.8248,931.3183,-6.6381,1811.2579,1307.6747,-0.5907
15.2815,1209.8585,931.1861,-6.6381,1811.2455,1307.6637,-0.5825
15.2908,1210.8901,931.0323,-6.6381,1811.2628,1307.6633,-0.5935
15.3011,1211.9193,930.8714,-6.6381,1811.2624,1307.6605,-0.5925
15.3109,1212.9130,930.7669,-6.6381,1811.2515,1307.6723,-0.5954
15.3215,1213.9106,930.7141,-6.6381,1811.2616,1307.6597,-0.5862
15.3311,1214.8728,930.7219,-6.6381,1811.2610,1307.6725,-0.5949
15.3409,1215.7953,930.6898,-6.6381,1811.2514,1307.6686,-0.5874
15.3504,1216.7975,930.6483,-6.6381,1811.2537,1307.6605,-0.5769
15.3606,1217.7926,930.5502,-6.6381,1811.2584,1307.6689,-0.5893
15.3706,1218.8207,930.3828,-6.6381,1811.2515,1307.6628,-0.5876
15.3804,1219.8329,930.2076,-6.6381,1811.2452,1307.6558,-0.5885
15.3912,1220.8412,930.0485,-6.6381,1811.2535,1307.6494,-0.5998
15.4013,1221.8132,929.9521,-6.6381,1811.2574,1307.6544,-0.5920
15.4110,1222.7704,929.8936,-6.6381,1811.2534,1307.6578,-0.5913
15.4206,1223.7258,929.8458,-6.6381,1811.2609,1307.6540,-0.5912
15.4307,1224.6709,929.8211,-6.6381,1811.2619,1307.6671,-0.5844
15.4403,1225.6616,929.7527,-6.6381,1811.2516,1307.6614,-0.5842
15.4507,1226.7073,929.6460,-6.6381,1811.2567,1307.6548,-0.5777
15.4605,1227.7409,929.4886,-6.6381,1811.2590,1307.6616,-0.5997
15.4717,1228.7656,929.2797,-6.6381,1811.2579,1307.6540,-0.5883
15.4823,1229.7480,929.1227,-6.6381,1811.2571,1307.6498,-0.5960
15.4910,1230.7071,929.0793,-6.6381,1811.3504,1307.5881,-0.7007
15.5007,1231.6039,929.0940,-6.6381,1811.2222,1307.6761,-0.5579
15.5107,1232.4938,929.0767,-6.6381,1811.2229,1307.6616,-0.5586
15.5207,1233.4399,929.0294,-6.6381,1811.2287,1307.6626,-0.5520
15.5310,1234.4507,928.9596,-6.6381,1811.1226,1307.5520,-0.4909
15.5406,1235.5469,928.8377,-6.6381,1811.0051,1307.4131,-0.3937
15.5504,1236.6136,928.6800,-6.6381,1810.9100,1307.2841,-0.3150
15.5605,1237.6617,928.4850,-6.6381,1810.8003,1307.1542,-0.2573
15.5705,1238.6791,928.3616,-6.6381,1810.7745,1307.1086,-0.2121
15.5815,1239.6391,928.3472,-6.6381,1810.8293,1307.2159,-0.2530
15.5920,1240.5635,928.3499,-6.6381,1811.3225,1307.7751,-0.6235
15.6007,1241.5012,928.3117,-6.6381,1811.2881,1307.7504,-0.6089
15.6103,1242.4685,928.2506,-6.6381,1811.1685,1307.6065,-0.5486
15.6206,1243.5076,928.1627,-6.6381,1811.1125,1307.3971,-0.6035
15.6305,1244.5879,928.0354,-6.6381,1811.3143,1307.4264,-0.8945
15.6418,1245.6658,927.8416,-6.6381,1811.4199,1307.5763,-0.9370
15.6512,1246.7190,927.6528,-6.6381,1811.4465,1307.6054,-0.9366
15.6609,1247.7205,927.5490,-6.6381,1811.3821,1307.6161,-0.8638
15.6707,1248.6984,927.5098,-6.6381,1810.9724,1307.3314,-0.4625
15.6807,1249.6412,927.4976,-6.6381,1811.0238,1307.3655,-0.4928
15.6906,1250.5737,927.4651,-6.6381,1810.7708,1307.3470,-0.5654
15.7021,1251.5402,927.4139,-6.6381,1809.2707,1307.1721,-0.2926
15.7104,1252.5849,927.3347,-6.6381,1807.2576,1306.5992,-0.1865
15.7203,1253.6461,927.1997,-6.6381,1804.5345,1306.0386,-0.1567
15.7307,1254.6793,927.0160,-6.6381,1801.6684,1305.5587,-0.2291
15.7405,1255.6620,926.8293,-6.6381,1797.6569,1303.9351,1.0524
15.7517,1256.6158,926.7747,-6.6381,1795.6574,1303.5888,1.0220
15.7613,1257.5662,926.7230,-6.6381,1794.0269,1302.8062,0.7040
15.7715,1258.5038,926.7143,-6.6381,1792.6261,1302.0474,0.4801
15.7818,1259.4535,926.6620,-6.6381,1791.3491,1301.1533,0.2601
15.7921,1260.4683,926.6039,-6.6381,1790.1329,1300.0388,0.2645
15.8008,1261.5266,926.5352,-6.6381,1788.9856,1298.8018,0.5448
15.8105,1262.6033,926.3876,-6.6381,1787.9053,1297.5660,1.1274
15.8205,1263.5796,926.2156,-6.6381,1786.5526,1296.6478,1.8405
15.8305,1264.5099,926.0879,-6.6381,1784.7109,1296.1139,2.3966
15.8405,1265.4650,926.0274,-6.6381,1782.0806,1295.7858,3.2170
15.8509,1266.3696,925.9820,-6.6381,1778.8524,1295.6229,3.3092
15.8604,1267.2941,925.9511,-6.6381,1775.0098,1295.5002,3.0300
15.8703,1268.2536,925.9107,-6.6381,1770.7361,1295.4468,2.7409
15.8808,1269.2615,925.8982,-6.6381,1765.9469,1295.4614,2.3222
15.8907,1270.2951,925.7901,-6.6381,1761.5602,1295.4409,2.0347
15.9006,1271.3599,925.6048,-6.6381,1760.5298,1295.1307,2.0522
15.9106,1272.3879,925.3976,-6.6381,1760.1506,1293.3726,2.6331
15.9206,1273.3607,925.2833,-6.6381,1759.3081,1290.5255,3.3688
15.9304,1274.2966,925.2509,-6.6381,1757.5140,1288.6383,4.1632
15.9409,1275.1999,925.2123,-6.6381,1756.7486,1287.4888,4.3254
15.9509,1276.1324,925.2113,-6.6381,1756.0477,1286.3612,4.9266
15.9605,1277.1121,925.1233,-6.6381,1754.7984,1284.8933,6.1640
15.9704,1278.1448,925.0956,-6.6381,1752.6121,1283.2815,6.9363
15.9804,1279.2092,925.0470,-6.6381,1750.1409,1281.5144,7.3114
15.9909,1280.2734,924.9269,-6.6381,1747.8603,1279.7207,7.8124
16.0014,1281.2994,924.7588,-6.6381,1746.2590,1278.0540,8.5024
16.0112,1282.2825,924.6071,-6.6381,1745.1683,1276.6453,9.4643
16.0206,1283.2533,924.5660,-6.6381,1744.1806,1275.3914,10.6008
16.0307,1284.2210,924.5608,-6.6381,1743.3616,1274.2341,12.1526
16.0405,1285.1857,924.5659,-6.6381,1742.8193,1273.4434,14.0733
16.0503,1286.1599,924.5107,-6.6381,1742.4510,1273.2755,16.4732
16.0616,1287.2186,924.4213,-6.6381,1742.0004,1273.4416,19.3553
16.0710,1288.2366,924.3094,-6.6381,1741.5934,1273.8578,22.6646
16.0805,1289.2637,924.1732,-6.6381,1741.5258,1274.5051,26.2680
16.0917,1290.2092,924.0485,-6.6381,1741.6921,1275.4709,30.2844
16.1015,1291.0903,924.0175,-6.6381,1742.1705,1276.8485,34.7040
16.1104,1291.9963,924.0151,-6.6381,1742.7441,1278.6151,39.1980
16.1203,1292.9330,923.9778,-6.6381,1743.7192,1280.3726,44.0481
16.1305,1293.9163,923.9408,-6.6381,1745.1723,1282.5770,49.4929
16.1407,1294.9584,923.8700,-6.6381,NaN,NaN,NaN
16.1507,1296.0540,923.8030,-6.6381,NaN,NaN,NaN
16.1604,1297.1221,923.6583,-6.6381,NaN,NaN,NaN
16.1709,1298.1285,923.5195,-6.6381,NaN,NaN,NaN
16.1808,1299.0417,923.3723,-6.6381,NaN,NaN,NaN
16.1905,1299.9627,923.3367,-6.6381,NaN,NaN,NaN
16.2022,1300.8929,923.3413,-6.6381,NaN,NaN,NaN
16.2107,1301.8704,923.3214,-6.6381,NaN,NaN,NaN
16.2209,1302.8937,923.2672,-6.6381,NaN,NaN,NaN
16.2304,1303.9570,923.1794,-6.6381,NaN,NaN,NaN
16.2407,1305.0854,923.1117,-6.6381,NaN,NaN,NaN
16.2512,1306.1461,922.9352,-6.6381,NaN,NaN,NaN
16.2612,1307.1376,922.7610,-6.6381,NaN,NaN,NaN
16.2705,1308.0709,922.6906,-6.6381,NaN,NaN,NaN
16.2807,1308.9963,922.6826,-6.6381,NaN,NaN,NaN
16.2912,1309.9391,922.6490,-6.6381,NaN,NaN,NaN
16.3008,1310.9115,922.6170,-6.6381,NaN,NaN,NaN
16.3120,1311.9207,922.5340,-6.6381,NaN,NaN,NaN
16.3214,1312.9689,922.4951,-6.6381,NaN,NaN,NaN
16.3308,1314.1003,922.4380,-6.6381,NaN,NaN,NaN
16.3403,1315.2394,922.3316,-6.6381,NaN,NaN,NaN
16.3509,1316.3138,922.1965,-6.6381,NaN,NaN,NaN
16.3605,1317.3146,922.1668,-6.6381,NaN,NaN,NaN
16.3705,1318.2471,922.1918,-6.6381,NaN,NaN,NaN
16.3804,1319.2040,922.1447,-6.6381,NaN,NaN,NaN
16.3914,1320.1787,922.1187,-6.6381,NaN,NaN,NaN
16.4012,1321.1619,922.0402,-6.6381,NaN,NaN,NaN
16.4106,1322.2129,921.9705,-6.6381,NaN,NaN,NaN
16.4203,1323.2748,921.8130,-6.6381,NaN,NaN,NaN
16.4308,1324.3170,921.6681,-6.6381,NaN,NaN,NaN
16.4405,1325.3098,921.5857,-6.6381,NaN,NaN,NaN
16.4513,1326.3362,921.5836,-6.6381,NaN,NaN,NaN
16.4625,1327.3043,921.5538,-6.6381,NaN,NaN,NaN
16.4704,1328.3273,921.4955,-6.6381,NaN,NaN,NaN
16.4802,1329.3628,921.4155,-6.6381,NaN,NaN,NaN
16.4909,1330.4273,921.3996,-6.6381,NaN,NaN,NaN
16.5009,1331.5214,921.3328,-6.6381,NaN,NaN,NaN
16.5109,1332.6723,921.1940,-6.6381,NaN,NaN,NaN
16.5206,1333.7995,921.0903,-6.6381,NaN,NaN,NaN
16.5311,1334.8591,921.0481,-6.6381,NaN,NaN,NaN
16.5407,1335.8444,921.0395,-6.6381,NaN,NaN,NaN
16.5516,1336.8326,921.0015,-6.6381,NaN,NaN,NaN
16.5614,1337.8190,920.9196,-6.6381,NaN,NaN,NaN
16.5713,1338.8347,920.8499,-6.6381,NaN,NaN,NaN
16.5813,1339.8773,920.8071,-6.6381,NaN,NaN,NaN
16.5915,1340.9290,920.7301,-6.6381,NaN,NaN,NaN
16.6016,1341.9127,920.5749,-6.6381,NaN,NaN,NaN
16.6128,1342.8644,920.5356,-6.6381,NaN,NaN,NaN
16.6232,1343.8002,920.5197,-6.6381,NaN,NaN,NaN
16.6315,1344.7509,920.5199,-6.6381,NaN,NaN,NaN
16.6413,1345.7267,920.4485,-6.6381,NaN,NaN,NaN
16.6502,1346.7514,920.3610,-6.6381,NaN,NaN,NaN
16.6610,1347.8148,920.3013,-6.6381,NaN,NaN,NaN
16.6732,1348.8833,920.1821,-6.6381,NaN,NaN,NaN
16.6805,1349.9208,920.0654,-6.6381,NaN,NaN,NaN
16.6912,1350.8429,919.9664,-6.6381,NaN,NaN,NaN
16.7022,1351.7340,919.9121,-6.6381,NaN,NaN,NaN
16.7113,1352.6426,919.9265,-6.6381,2147.9650,1339.3242,714.6590
16.7226,1353.5585,919.8647,-6.6381,2153.1052,1338.2940,728.0679
16.7329,1354.4750,919.7762,-6.6381,2158.2174,1337.2607,741.3109
16.7420,1355.4274,919.7398,-6.6381,2163.3099,1336.2808,754.3497
16.7542,1356.3940,919.6653,-6.6381,2168.3951,1335.2812,767.1722
16.7620,1357.3520,919.5215,-6.6381,2173.4738,1334.2651,779.6481
16.7714,1358.2283,919.3177,-6.6381,2178.5206,1333.2133,791.7423
16.7803,1358.9540,919.2454,-6.6381,2183.5033,1332.1146,803.4750
16.7906,1359.2794,919.2165,-6.6381,2188.3745,1330.9826,814.8486
16.8006,1359.1574,919.0970,-6.6381,2193.1774,1329.8538,825.8845
16.8107,1358.7272,919.2001,-6.6381,2197.9353,1328.7720,836.6012
16.8204,1358.1848,919.3190,-6.6381,2202.6570,1327.7200,847.0613
16.8310,1357.6787,919.4024,-6.6381,2207.3864,1326.7486,857.2350
16.8410,1357.2490,919.5419,-6.6381,2212.0784,1325.8473,867.1824
16.8508,1356.9153,919.5747,-6.6381,2216.7601,1324.9971,876.9281
16.8626,1356.6085,919.5773,-6.6381,2221.4587,1324.2164,886.3813
16.8722,1356.3390,919.5800,-6.6381,2226.1830,1323.5040,895.4683
16.8809,1356.1271,919.6471,-6.6381,2230.9652,1322.8365,904.2432
16.8909,1356.0344,919.6508,-6.6381,2235.7440,1322.1674,912.6961
16.9004,1356.0793,919.6196,-6.6381,2240.5117,1321.4714,920.8416
16.9105,1356.2294,919.6194,-6.6381,2245.1836,1320.7754,928.6305
16.9205,1356.3839,919.6055,-6.6381,2249.7235,1320.0571,936.0309
16.9306,1356.5152,919.5980,-6.6381,2254.2029,1319.3796,942.9620
16.9404,1356.6453,919.5779,-6.6381,2258.5472,1318.8498,949.3319
16.9506,1356.7578,919.5651,-6.6381,2262.6670,1318.3315,955.3609
16.9613,1356.8698,919.5401,-6.6381,2266.6572,1317.7333,961.1818
16.9707,1357.0175,919.5196,-6.6381,2270.6794,1317.1017,966.5679
16.9806,1357.1116,919.5092,-6.6381,2274.6810,1316.5305,971.4148
16.9906,1357.1918,919.4809,-6.6381,2278.5559,1316.0020,975.8550
17.0002,1357.2743,919.4870,-6.6381,2282.3053,1315.4658,979.8154
17.0112,1357.3351,919.4965,-6.6381,2286.0186,1314.9154,983.2411
17.0209,1357.3743,919.4606,-6.6381,2289.6979,1314.3298,986.1427
17.0314,1357.3964,919.4705,-6.6381,2293.3524,1313.6675,988.4844
17.0412,1357.4041,919.4740,-6.6381,2296.8260,1312.8622,990.2388
17.0506,1357.3779,919.4586,-6.6381,2300.0504,1311.9943,991.5219
17.0608,1357.3389,919.4665,-6.6381,2303.0890,1311.2321,992.6514
17.0709,1357.3375,919.4741,-6.6381,2306.0283,1310.5468,993.6445
17.0813,1357.3181,919.4704,-6.6381,2308.8447,1309.8209,994.4090
17.0904,1357.3196,919.4691,-6.6381,2311.4561,1308.9346,994.9699
17.1005,1357.3422,919.4823,-6.6381,2313.7874,1307.7596,994.9781
17.1105,1357.3542,919.4775,-6.6381,2315.5834,1306.1298,994.5757
17.1207,1357.3724,919.4550,-6.6381,2316.7203,1304.3516,994.0804
17.1302,1357.3805,919.4847,-6.6381,2317.4695,1302.6111,993.4897
17.1417,1357.3794,919.4733,-6.6381,2318.0266,1300.9886,992.9123
17.1503,1357.3572,919.4649,-6.6381,2318.5415,1299.4740,992.2016
17.1609,1357.3463,919.4809,-6.6381,2319.1201,1297.9916,991.1880
17.1710,1357.3598,919.4923,-6.6381,2319.7899,1296.4823,989.8948
17.1808,1357.3447,919.4903,-6.6381,2320.4445,1294.9872,988.3126
17.1908,1357.3604,919.4750,-6.6381,2321.0062,1293.5124,986.6652
17.2011,1357.3696,919.4951,-6.6381,2321.2961,1292.0007,984.9887
17.2105,1357.3583,919.4722,-6.6381,2321.2483,1290.4814,983.4829
17.2208,1357.3658,919.4605,-6.6381,2320.9874,1289.0138,982.1538
17.2305,1357.3661,919.4836,-6.6381,2320.6052,1287.5506,980.8634
17.2404,1357.3487,919.4601,-6.6381,2320.1132,1286.0110,979.5794
17.2506,1357.3444,919.4754,-6.6381,2319.4631,1284.4012,978.1736
17.2603,1357.3608,919.4891,-6.6381,2318.6344,1282.7463,976.7401
17.2714,1357.3491,919.4770,-6.6381,2317.6418,1281.0380,975.3363
17.2811,1357.3480,919.4721,-6.6381,2316.5361,1279.2900,973.9657
17.2906,1357.3801,919.4793,-6.6381,2315.3406,1277.4776,972.7565
17.3021,1357.3655,919.4767,-6.6381,2313.9935,1275.6024,971.6595
17.3124,1357.3591,919.4665,-6.6381,2312.5319,1273.6760,970.7141
17.3207,1357.3705,919.4734,-6.6381,2310.9856,1271.7097,969.8571
17.3308,1357.3489,919.4865,-6.6381,2309.3080,1269.6797,969.0195
17.3409,1357.3430,919.4623,-6.6381,2307.5818,1267.5511,968.2165
17.3515,1357.3470,919.4927,-6.6381,2305.7822,1265.3046,967.4321
17.3605,1357.3492,919.4781,-6.6381,2303.8835,1262.9055,966.6880
17.3704,1357.3535,919.4778,-6.6381,2301.9248,1260.3863,966.0090
17.3803,1357.3577,919.4672,-6.6381,2299.8843,1257.7343,965.3837
17.3904,1357.3631,919.4637,-6.6381,2297.7712,1254.9263,964.7901
17.4008,1357.3611,919.4751,-6.6381,2295.6072,1251.9470,964.1270
17.4122,1357.3623,919.4702,-6.6381,2293.3357,1248.7759,963.3523
17.4227,1357.3575,919.4835,-6.6381,2290.9601,1245.4575,962.4707
17.4323,1357.3521,919.4743,-6.6381,2288.4117,1241.9117,961.4729
17.4403,1357.3524,919.4783,-6.6381,2285.7505,1238.0939,960.4604
17.4509,1357.3499,919.4832,-6.6381,2282.9742,1234.0243,959.4591
17.4609,1357.3512,919.4590,-6.6381,2279.9877,1229.7438,958.4723
17.4708,1357.3521,919.4607,-6.6381,2276.7815,1225.1702,957.7118
17.4810,1357.3570,919.4598,-6.6381,2273.4241,1220.2733,957.0193
17.4912,1357.3587,919.4570,-6.6381,2270.0250,1214.9961,956.1795
17.5020,1357.3594,919.4722,-6.6381,2266.5762,1209.3650,955.2543
17.5112,1357.3647,919.4657,-6.6381,2263.0710,1203.4431,954.2963
17.5203,1357.3473,919.4818,-6.6381,2259.4363,1197.3231,953.3500
17.5307,1357.3605,919.4624,-6.6381,2255.7477,1191.0873,952.4318
17.5410,1357.3723,919.4745,-6.6381,2252.0315,1184.7759,951.4178
17.5509,1357.3679,919.4761,-6.6381,2248.1255,1178.3396,950.2250
17.5616,1357.3679,919.4703,-6.6381,2244.2582,1171.8415,948.8951
17.5705,1357.3666,919.4870,-6.6381,2240.3185,1165.3155,947.4547
17.5803,1357.3594,919.4781,-6.6381,2236.3143,1158.7581,945.8991
17.5909,1357.3542,919.4736,-6.6381,2232.2897,1152.2352,944.1361
17.6004,1357.3380,919.4669,-6.6381,2228.2053,1145.7326,942.1052
17.6104,1357.3464,919.4589,-6.6381,2224.0511,1139.2395,939.7857
17.6212,1357.3481,919.4792,-6.6381,2219.8276,1132.7852,937.1857
17.6307,1357.3657,919.4691,-6.6381,2215.5461,1126.3502,934.3718
17.6405,1357.3697,919.4695,-6.6381,2211.1593,1119.9713,931.2769
17.6504,1357.3615,919.4673,-6.6381,2206.6946,1113.6117,927.8867
17.6604,1357.3583,919.4527,-6.6381,2202.1195,1107.2458,924.2370
17.6706,1357.3390,919.4635,-6.6381,2197.3884,1100.8723,920.3298
17.6805,1357.3514,919.4584,-6.6381,2192.5153,1094.4618,916.2009
17.6906,1357.3577,919.4570,-6.6381,2187.5153,1088.0508,911.8499
17.7006,1357.3650,919.4495,-6.6381,2182.3757,1081.6283,907.2980
17.7115,1357.3621,919.4394,-6.6381,2177.1074,1075.1965,902.5379
17.7212,1357.3933,919.4257,-6.6381,2171.7727,1068.7827,897.5453
17.7308,1357.4332,919.3963,-6.6381,2166.3859,1062.4506,892.3512
17.7405,1357.3651,919.4963,-6.6381,2160.9594,1056.2374,886.9497
17.7506,1357.3693,919.4952,-6.6381,2155.5507,1050.1424,881.3090
17.7605,1357.3636,919.5001,-6.6381,2150.1559,1044.1893,875.4514
17.7706,1357.3537,919.5108,-6.6381,2144.7424,1038.3773,869.3576
17.7812,1357.3655,919.4879,-6.6381,2139.3531,1032.7055,863.0567
17.7908,1357.3575,919.4886,-6.6381,2133.9642,1027.1920,856.5257
17.8004,1357.3668,919.4833,-6.6381,2128.5803,1021.7722,849.7983
17.8105,1357.3793,919.4812,-6.6381,2123.1935,1016.4695,842.8622
17.8208,1357.3894,919.4955,-6.6381,2117.8354,1011.2702,835.7151
17.8316,1357.3998,919.4748,-6.6381,2112.4902,1006.1488,828.4011
17.8407,1357.4924,919.4798,-6.6381,2107.1815,1001.1559,820.8666
17.8507,1357.3437,919.6062,-6.6381,2101.9360,996.2573,813.1394
17.8603,1357.3463,919.5878,-6.6381,2096.7674,991.4989,805.2036
17.8704,1357.3412,919.5981,-6.6381,2091.6802,986.8643,797.0518
17.8808,1357.3423,919.5779,-6.6381,2086.7077,982.3558,788.7204
17.8904,1357.3389,919.5979,-6.6381,2081.8399,977.9650,780.2065
17.9005,1357.3464,919.5836,-6.6381,2077.0751,973.6400,771.5479
17.9105,1357.3483,919.6031,-6.6381,2072.4055,969.4034,762.7331
17.9207,1357.3405,919.5916,-6.6381,2067.8585,965.1933,753.7478
17.9312,1357.3420,919.5964,-6.6381,2063.4500,961.0395,744.6117
17.9406,1357.3565,919.6232,-6.6381,2059.2318,956.9451,735.3148
17.9509,1357.3401,919.6021,-6.6381,2055.1910,952.8755,725.8947
17.9603,1357.3536,919.5639,-6.6381,2051.3643,948.8245,716.3460
17.9704,1357.4569,919.7629,-6.6381,2047.7379,944.7433,706.6238
17.9802,1357.4553,919.7309,-6.6381,2044.2993,940.6353,696.7988
17.9914,1357.4395,919.6985,-6.6381,2041.0143,936.5228,686.9052
18.0013,1357.4804,919.6936,-6.6381,2037.9385,932.3844,677.0005
18.0117,1357.5357,919.7289,-6.6381,2035.0195,928.2152,667.0580
18.0209,1357.5566,919.9742,-6.6381,2032.2870,924.0289,657.0790
18.0310,1357.5726,920.0189,-6.6381,2029.7811,919.8645,647.0725
18.0403,1357.5528,920.0203,-6.6381,2027.4720,915.7113,637.0912
18.0504,1357.5533,919.9891,-6.6381,2025.3887,911.6027,627.1590
18.0602,1357.5598,920.0065,-6.6381,2023.5739,907.5711,617.2066
18.0710,1357.5558,919.9603,-6.6381,2022.0147,903.6272,607.2805
18.0807,1357.5271,919.8447,-6.6381,2020.6666,899.7259,597.4136
18.0902,NaN,NaN,-6.6381,2019.5549,895.9282,587.5869
18.1003,NaN,NaN,-6.6381,2018.7020,892.2488,577.8236
18.1104,NaN,NaN,-6.6381,2018.0801,888.7208,568.1357
18.1205,NaN,NaN,-6.6381,2017.5499,885.2274,558.5228
18.1311,NaN,NaN,-6.6381,2017.3776,881.9773,548.9001
18.1406,NaN,NaN,-6.6381,2017.3838,878.8492,539.3056
18.1506,NaN,NaN,-6.6381,2017.5599,875.8770,529.8072
18.1605,NaN,NaN,-6.6381,2017.8992,873.0878,520.3430
18.1706,NaN,NaN,-6.6381,2018.3320,870.3979,510.9323
18.1801,NaN,NaN,-6.6381,2018.8458,867.8326,501.5956
18.1922,NaN,NaN,-6.6381,2019.4424,865.3947,492.2740
18.2008,NaN,NaN,-6.6381,2020.0805,863.0437,483.0284
18.2102,NaN,NaN,-6.6381,2020.7228,860.7929,473.8561
18.2221,NaN,NaN,-6.6381,2021.3731,858.6315,464.7546
18.2328,NaN,NaN,-6.6381,2022.0165,856.5836,455.6936
18.2405,NaN,NaN,-6.6381,2022.5944,854.6259,446.6835
18.2512,NaN,NaN,-6.6381,2023.1378,852.7397,437.7499
18.2608,NaN,NaN,-6.6381,2023.5793,850.8633,428.8809
18.2706,NaN,NaN,-6.6381,2024.0573,849.1365,420.0529
18.2813,NaN,NaN,-6.6381,2024.5182,847.5167,411.2395
18.2904,NaN,NaN,-6.6381,2024.9380,846.0094,402.5077
18.3006,NaN,NaN,-6.6381,2025.3156,844.6093,393.9011
18.3108,NaN,NaN,-6.6381,2025.6793,843.3572,385.3909
18.3204,NaN,NaN,-6.6381,2025.9974,842.2317,376.9982
18.3304,1357.3619,919.4711,-6.6381,2026.2800,841.2361,368.7839
18.3405,1357.3694,919.4627,-6.6381,2026.5424,840.3369,360.7696
18.3511,1357.3635,919.4723,-6.6381,2026.7996,839.5645,352.9817
18.3606,1357.3630,919.4811,-6.6381,2027.0793,838.9211,345.4263
18.3705,1357.3653,919.4684,-6.6381,2027.3435,838.3994,338.1339
18.3803,1357.3734,919.4835,-6.6381,2027.6736,838.0454,331.0879
18.3916,1357.3645,919.4733,-6.6381,2028.0338,837.8158,324.3533
18.4011,1357.3561,919.4601,-6.6381,2028.4495,837.7574,317.9430
18.4107,1357.3629,919.4806,-6.6381,2028.9354,837.8689,311.8618
18.4200,1357.3704,919.4723,-6.6381,2029.4985,838.1351,306.0865
18.4306,1357.3578,919.4707,-6.6381,2030.1158,838.5582,300.6142
18.4405,1357.3610,919.4606,-6.6381,2030.8083,839.0959,295.4471
18.4512,1357.3709,919.4707,-6.6381,2031.5732,839.7644,290.6247
18.4607,1357.3445,919.4761,-6.6381,2032.4010,840.5359,286.0745
18.4707,1357.3730,919.4494,-6.6381,2033.3241,841.4013,281.7805
18.4816,1357.3691,919.4745,-6.6381,2034.3259,842.3830,277.7179
18.4907,1357.3706,919.4730,-6.6381,2035.3945,843.4213,273.9371
18.5007,1357.3546,919.4695,-6.6381,2036.5465,844.5430,270.4047
18.5105,1357.3641,919.4830,-6.6381,2037.8060,845.6923,267.0880
18.5203,1357.3657,919.4749,-6.6381,2039.1454,846.8422,263.9625
18.5306,1357.3548,919.4687,-6.6381,2040.5711,847.9559,260.9684
18.5409,1357.3641,919.4722,-6.6381,2042.1169,849.0204,258.1277
18.5506,1357.3567,919.4707,-6.6381,2043.7599,850.0104,255.4328
18.5603,1357.3491,919.4600,-6.6381,2045.5177,850.9242,252.7944
18.5706,1357.3605,919.4744,-6.6381,2047.3691,851.7396,250.2206
18.5803,1357.3658,919.4791,-6.6381,2049.3019,852.4753,247.7076
18.5909,1357.3561,919.4636,-6.6381,2051.3099,853.1202,245.3031
18.6009,1357.3642,919.4722,-6.6381,2053.4167,853.7164,242.9778
18.6108,1357.3666,919.4731,-6.6381,2055.6160,854.2317,240.6889
18.6202,1357.3629,919.4666,-6.6381,2057.8741,854.6485,238.4561
18.6304,1357.3514,919.4717,-6.6381,2060.1833,854.9827,236.2653
18.6403,1357.3651,919.4631,-6.6381,2062.5068,855.2340,234.1693
18.6505,1357.3526,919.4771,-6.6381,2064.8247,855.4384,232.1754
18.6601,1357.3570,919.4624,-6.6381,2067.1481,855.5916,230.2266
18.6701,1357.3754,919.4621,-6.6381,2069.4327,855.6184,228.2692
18.6806,1357.3673,919.4836,-6.6381,2071.7370,855.7495,226.4068
18.6917,1357.3658,919.4619,-6.6381,2074.0267,855.8118,224.6125
18.7003,1357.3737,919.4831,-6.6381,2076.2828,855.8806,222.8926
18.7104,1357.3657,919.4738,-6.6381,2078.4704,855.8715,221.2395
18.7203,1357.3611,919.4547,-6.6381,2080.6057,855.8327,219.6186
18.7301,1357.3709,919.4734,-6.6381,2082.7064,855.7383,218.0266
18.7409,1357.3561,919.4648,-6.6381,2084.7618,855.5862,216.4797
18.7501,1357.3622,919.4738,-6.6381,2086.7755,855.4104,214.9896
18.7615,1357.3628,919.4693,-6.6381,2088.7653,855.1933,213.5432
18.7705,1357.3752,919.4829,-6.6381,2090.7433,854.9784,212.1128
18.7823,1357.3563,919.4766,-6.6381,2092.6912,854.7204,210.6464
18.7925,1357.3676,919.4631,-6.6381,2094.5915,854.4354,209.2020
18.8002,1357.3688,919.4833,-6.6381,2096.3967,854.1186,207.7844
18.8112,1357.3603,919.4646,-6.6381,2098.0897,853.7686,206.3914
18.8202,1357.3672,919.4652,-6.6381,2099.6879,853.4135,204.9956
18.8309,1357.3625,919.4672,-6.6381,2101.1678,853.0427,203.5769
18.8413,1357.3724,919.4721,-6.6381,2102.5542,852.6730,202.1885
18.8519,1357.3561,919.4741,-6.6381,2103.8102,852.3331,200.8526
18.8606,1357.3591,919.4627,-3.3882,2104.9417,851.9802,199.5908
20.5384,1357.3767,919.4702,-3.3871,2070.0056,834.9733,1.1788
20.5402,1357.3809,919.4702,-3.3962,2070.0154,834.9731,1.1788
20.5413,1357.3730,919.4634,-3.3858,2069.9982,834.9657,1.1913
20.5512,1357.3573,919.4706,-3.3904,2069.9910,834.9695,1.1852
20.5607,1357.3703,919.4612,-3.3872,2069.9968,834.9731,1.1869
20.5706,1357.3620,919.4623,-3.3433,2069.9922,834.9907,1.1789
20.5807,1357.2700,919.3770,-2.9269,2069.9899,834.9589,1.1917
20.5909,1356.9099,919.3913,-2.1479,2070.0076,834.9727,1.1788
20.6004,1356.4948,919.2289,-1.1953,2070.0089,834.9806,1.1522
20.6111,1356.2418,918.9856,0.0310,2069.9912,834.9503,1.1809
20.6203,1356.1520,918.8990,1.5527,2070.0028,834.9821,1.1567
20.6306,1355.9553,918.6994,3.2812,2070.0092,834.9739,1.1567
20.6408,1355.6476,918.0525,5.0855,2069.9836,834.9713,1.1751
20.6508,1355.2961,917.6745,7.1642,2069.9988,834.9819,1.1670
20.6623,1354.9207,917.0096,9.3424,2069.9994,834.9821,1.1734
20.6720,1354.4871,916.2923,11.6539,2069.9922,834.9852,1.1646
20.6821,1354.2524,915.6950,14.0463,2069.9989,834.9602,1.1722
20.6906,1354.1580,915.1399,14.0463,2070.0035,834.9826,1.1615
20.7017,1354.0756,914.3825,14.0463,2069.9967,834.9681,1.1561
20.7113,1353.9785,913.8156,14.0463,2069.9903,834.9650,1.1641
20.7207,1353.9082,913.2168,14.0463,2069.9943,834.9871,1.1477
20.7307,1354.0023,912.3962,14.0463,2069.9929,834.9695,1.1638
20.7411,1354.0377,911.6748,14.0463,2069.9948,834.9774,1.1610
20.7522,1354.2030,911.2481,14.0463,2069.9966,834.9711,1.1547
20.7607,1354.6519,910.8431,14.0463,2069.9920,834.9665,1.1599
20.7714,1355.1035,911.0107,14.0463,2069.9922,834.9800,1.1423
20.7802,1355.7588,911.5012,14.0463,2069.9871,834.9617,1.1556
20.7911,1356.4589,911.7469,14.0463,2069.9886,834.9854,1.1397
20.8011,1357.1888,912.1057,14.0463,2069.9874,834.9733,1.1462
20.8109,1358.0466,912.5464,14.0463,2069.9978,834.9743,1.1423
20.8211,1358.8748,912.9874,14.0463,2069.9968,834.9968,1.1187
20.8309,1359.6325,913.4222,14.0463,2069.9951,834.9726,1.1308
20.8425,1360.2787,913.9630,14.0463,2069.9901,834.9787,1.1293
20.8525,1360.8930,914.6038,14.0463,2069.9947,834.9737,1.1348
20.8633,1361.6716,915.2485,14.0463,2069.9890,834.9731,1.1364
20.8722,1362.5622,915.8794,14.0463,2069.9868,834.9749,1.1394
20.8809,1363.5513,916.5411,14.0463,2069.9824,834.9708,1.1411
20.8916,1364.5642,917.2089,14.0463,2069.9954,834.9927,1.1318
20.9016,1365.4656,917.8247,14.0463,2069.9959,834.9768,1.1280
20.9126,1366.3152,918.4749,14.0463,2070.0023,834.9866,1.1282
20.9206,1367.1094,919.1691,14.0463,2069.9849,834.9897,1.1191
20.9303,1367.9362,919.8087,14.0463,2069.9792,834.9690,1.1409
20.9409,1368.7753,920.4889,14.0463,2070.0067,834.9982,1.1041
20.9508,1369.6718,921.0872,14.0463,2069.9914,834.9771,1.1251
20.9616,1370.5880,921.7293,14.0463,2069.9928,834.9785,1.1257
20.9711,1371.5560,922.4511,14.0463,2070.0112,834.9986,1.0949
20.9806,1372.4596,923.1400,14.0463,2069.9919,834.9828,1.1153
20.9905,1373.2955,923.7921,14.0463,2069.9795,834.9896,1.1008
21.0007,1374.1140,924.4023,14.0463,2069.9933,834.9784,1.1124
21.0106,1374.8791,925.0628,14.0463,2069.9871,834.9925,1.1216
21.0222,1375.7198,925.7273,14.0463,2069.9708,834.9752,1.1206
21.0316,1376.6618,926.3962,14.0463,2069.9943,834.9852,1.1239
21.0411,1377.6690,927.0903,14.0463,2070.0010,835.0008,1.1110
21.0514,1378.6631,927.7591,14.0463,2069.9759,834.9716,1.1263
21.0619,1379.5690,928.4648,14.0463,2069.9983,834.9893,1.1071
21.0704,1380.3740,929.0913,14.0463,2070.0005,834.9945,1.1060
21.0805,1381.1755,929.7156,14.0463,2069.9863,834.9870,1.1090
21.0909,1381.9911,930.4075,14.0463,2069.9941,834.9996,1.0967
21.1006,1382.8517,931.0431,14.0463,2069.9945,834.9800,1.1100
21.1108,1383.6965,931.6687,14.0463,2069.9999,835.0008,1.1008
21.1212,1384.5754,932.2523,14.0463,2069.9924,834.9784,1.1075
21.1325,1385.5118,932.9246,14.0463,2069.9946,834.9800,1.1088
21.1407,1386.3990,933.6271,14.0463,2069.9899,834.9941,1.1014
21.1503,1387.2430,934.2774,14.0463,2069.9785,834.9727,1.1221
21.1619,1388.0456,934.9119,14.0463,2069.9873,835.0004,1.1059
21.1703,1388.8356,935.5385,14.0463,2069.9844,834.9932,1.1080
21.1813,1389.6100,936.2247,14.0463,2069.9895,834.9918,1.1065
21.1910,1390.4573,936.8626,14.0463,2070.0115,835.0044,1.0862
21.2016,1391.3323,937.4613,14.0463,2070.0074,834.9914,1.0906
21.2109,1392.2390,938.0599,14.0463,2069.9917,834.9962,1.0993
21.2207,1393.0887,938.6145,14.0463,2069.9931,834.9804,1.1024
21.2308,1393.8362,939.1826,14.0463,2069.9823,834.9948,1.1009
21.2409,1394.5233,939.7425,14.0463,2069.9726,834.9983,1.1071
21.2506,1395.2390,940.2849,14.0463,2069.9749,834.9826,1.1035
21.2609,1395.9419,940.9219,14.0463,2069.9986,835.0162,1.0865
21.2707,1396.6814,941.5403,14.0463,2069.9928,835.0083,1.0949
21.2805,1397.5076,942.1812,14.0463,2070.0026,835.0244,1.0897
21.2908,1398.4599,942.8493,14.0463,2070.0067,835.0201,1.0821
21.3007,1399.4058,943.4422,14.0463,2069.9910,835.0010,1.0993
21.3120,1400.2072,944.0263,14.0463,2070.0018,835.0288,1.0841
21.3220,1400.9272,944.5439,14.0463,2070.0193,835.0209,1.0905
21.3306,1401.6278,945.1545,14.0463,2069.9984,835.0284,1.1003
21.3404,1402.3670,945.7641,14.0463,2069.9960,835.0261,1.0940
21.3521,1403.1091,946.3347,14.0463,2070.0083,835.0200,1.1036
21.3612,1403.9012,946.9225,14.0463,2070.0059,835.0332,1.0957
21.3714,1404.7548,947.5449,14.0463,2069.9935,835.0138,1.1082
21.3807,1405.6841,948.2117,14.0463,2070.0095,835.0318,1.0829
21.3909,1406.5950,948.8271,14.0463,2070.0168,835.0270,1.0815
21.4006,1407.3518,949.3477,14.0463,2070.0036,835.0222,1.0913
21.4105,1408.0296,949.8836,14.0463,2070.0220,835.0363,1.0813
21.4207,1408.7565,950.4750,14.0463,2070.0187,835.0262,1.0863
21.4328,1409.5085,951.0937,14.0463,2069.9971,835.0361,1.0888
21.4410,1410.2891,951.6431,14.0463,2069.9882,835.0179,1.0916
21.4514,1411.2229,952.2512,14.0463,2070.0176,835.0446,1.0879
21.4605,1412.1520,952.9265,14.0463,2070.0073,835.0589,1.0758
21.4714,1413.1285,953.5873,14.0463,2070.0060,835.0450,1.0980
21.4813,1413.9476,954.1831,14.0463,2070.0334,835.0729,1.0523
21.4906,1414.6744,954.6664,14.0463,2070.0223,835.0623,1.0691
21.5003,1415.3517,955.1957,14.0463,2070.0130,835.0582,1.0822
21.5105,1416.0555,955.8215,14.0463,2070.0236,835.0724,1.0585
21.5205,1416.7771,956.4126,14.0463,2070.0192,835.0572,1.0816
21.5312,1417.5542,956.9774,14.0463,2070.0074,835.0694,1.0604
21.5405,1418.4647,957.5229,14.0463,2070.0236,835.0527,1.0709
21.5515,1419.4071,958.2322,14.0463,2070.0221,835.0611,1.0708
21.5610,1420.3316,958.9416,14.0463,2070.0193,835.0632,1.0562
21.5704,1421.1929,959.5563,14.0463,2070.0140,835.0476,1.0810
21.5810,1421.9536,960.0967,14.0463,2070.0157,835.0691,1.0647
21.5906,1422.6922,960.6451,14.0463,2070.0142,835.0555,1.0702
21.6004,1423.4154,961.2937,14.0463,2070.0113,835.0641,1.0579
21.6103,1424.1615,961.9407,14.0463,2070.0184,835.0660,1.0552
21.6204,1424.9537,962.5203,14.0463,2070.0206,835.0594,1.0635
21.6312,1425.7849,963.1195,14.0463,2070.0252,835.0709,1.0468
21.6409,1426.6840,963.7753,14.0463,2070.0131,835.0468,1.0732
21.6505,1427.5532,964.4452,14.0463,2070.0170,835.0683,1.0543
21.6609,1428.3531,965.0132,14.0463,2070.0140,835.0565,1.0542
21.6710,1429.0694,965.5832,14.0463,2070.0097,835.0524,1.0707
21.6804,1429.8377,966.2511,14.0463,2070.0182,835.0708,1.0422
21.6905,1430.5710,966.8708,14.0463,2070.0238,835.0660,1.0626
21.7007,1431.3548,967.5060,14.0463,2070.0143,835.0693,1.0491
21.7113,1432.2007,968.1627,14.0463,2070.0319,835.0707,1.0528
21.7216,1433.1481,968.8310,14.0463,2070.0203,835.0651,1.0561
21.7322,1434.0627,969.4798,14.0463,2070.0110,835.0669,1.0474
21.7419,1434.9249,970.0325,14.0463,2070.0177,835.0587,1.0541
21.7518,1435.6400,970.6168,14.0463,2070.0087,835.0814,1.0441
21.7601,1436.3420,971.2226,14.0463,2070.0139,835.0651,1.0417
21.7707,1437.0698,971.8838,14.0463,2070.0244,835.0742,1.0415
21.7813,1437.8085,972.4915,14.0463,2070.0110,835.0803,1.0285
21.7908,1438.6321,973.0227,37.6471,2070.0216,835.0596,1.0564
21.8009,1439.5525,973.7121,37.6471,2070.0361,835.0808,1.0233
21.8106,1440.4990,974.4179,37.6471,2070.0285,835.0670,1.0535
21.8206,1441.4186,975.0728,37.6471,2070.0119,835.0626,1.0499
21.8307,1442.2260,975.6231,37.6471,2070.0215,835.0730,1.0307
21.8402,1442.9166,976.1695,37.6471,2070.0217,835.0693,1.0582
21.8519,1443.5986,976.8026,37.6471,2070.0067,835.0836,1.0363
21.8605,1444.3359,977.4114,37.6471,2070.0172,835.0699,1.0427
21.8705,1445.0308,977.9686,37.6471,2070.0179,835.0804,1.0406
21.8805,1445.7772,978.4198,37.6471,2070.0178,835.0761,1.0449
21.8913,1446.5089,978.8928,37.6471,2070.0300,835.0619,1.0384
21.9006,1447.2385,979.4402,37.6471,2070.0287,835.0705,1.0207
21.9107,1447.9128,979.9760,37.6471,2070.0230,835.0586,1.0371
21.9204,1448.6520,980.5436,37.6471,2070.0260,835.0753,1.0271
21.9307,1449.3867,981.1620,37.6471,2070.0157,835.0766,1.0355
21.9409,1450.1913,981.8155,37.6471,2070.0015,835.0668,1.0488
21.9509,1451.0023,982.5020,37.6471,2070.0150,835.0889,1.0308
21.9607,1451.8920,983.1484,37.6471,2070.0135,835.0633,1.0537
21.9705,1452.7823,983.8368,37.6471,2070.0201,835.0740,1.0281
21.9813,1453.7205,984.5020,37.6471,2070.0259,835.0746,1.0222
21.9907,1454.6132,985.1643,37.6471,2070.0256,835.0649,1.0330
22.0005,1455.4600,985.8322,37.6471,2070.0299,835.0804,1.0154
22.0106,1456.2744,986.4698,37.6471,2070.0229,835.0652,1.0280
22.0204,1457.0396,987.0691,37.6471,2070.0166,835.0779,1.0224
22.0319,1457.7887,987.7052,37.6471,2070.0104,835.0655,1.0338
22.0415,1458.5508,988.3066,37.6471,2070.0115,835.0685,1.0391
22.0506,1459.2822,988.9462,37.6471,2070.0193,835.0749,1.0184
22.0606,1460.0948,989.5884,37.6471,2070.0308,835.0619,1.0336
22.0708,1460.9776,990.2436,37.6471,2070.0101,835.0787,1.0359
22.0808,1461.8499,990.8572,37.6471,2070.0225,835.0631,1.0442
22.0911,1462.6411,991.4836,37.6471,2070.0189,835.0672,1.0333
22.1016,1463.3608,992.1239,37.6471,2070.0131,835.0719,1.0304
22.1113,1464.0772,992.6928,37.6471,2070.0151,835.0615,1.0406
22.1203,1464.8168,993.3027,37.6471,2070.0268,835.0815,1.0232
22.1307,1465.5939,993.8879,37.6471,2070.0462,835.0718,1.0225
22.1406,1466.3879,994.5158,37.6471,2070.0193,835.0689,1.0274
22.1518,1467.1880,995.1556,37.6471,2070.0268,835.0736,1.0214
22.1614,1468.0425,995.7541,37.6471,2070.0123,835.0628,1.0381
22.1713,1468.8146,996.3595,37.6471,2070.0034,835.0764,1.0335
22.1808,1469.5895,996.9145,37.6471,2070.0131,835.0583,1.0429
22.1912,1470.2902,997.5315,37.6471,2070.0085,835.0732,1.0337
22.2008,1471.0602,998.1539,37.6471,2070.0289,835.0804,1.0149
22.2117,1471.8254,998.7502,37.6471,2070.0137,835.0586,1.0316
22.2219,1472.6230,999.3970,37.6471,2070.0239,835.0768,1.0212
22.2316,1473.3632,1000.0509,37.6471,2070.0195,835.0673,1.0351
22.2407,1474.1675,1000.6770,37.6471,2070.0025,835.0676,1.0338
22.2508,1475.0020,1001.2845,37.6471,2070.0025,835.0704,1.0334
22.2611,1475.8591,1001.8837,37.6471,2070.0153,835.0729,1.0200
22.2706,1476.6240,1002.5388,37.6471,2070.0086,835.0810,1.0201
22.2806,1477.4000,1003.1176,37.6471,2070.0161,835.0651,1.0318
22.2906,1478.1546,1003.7633,37.6471,2070.0239,835.0858,1.0194
22.3012,1478.9059,1004.3401,37.6471,2070.0081,835.0703,1.0285
22.3105,1479.6984,1004.9379,37.6471,2070.0056,835.0552,1.0401
22.3203,1480.4840,1005.6091,37.6471,2070.0129,835.0787,1.0162
22.3311,1481.3064,1006.2103,37.6471,2070.0075,835.0628,1.0328
22.3419,1482.1105,1006.8102,37.6471,2070.0121,835.0756,1.0283
22.3514,1482.9389,1007.3746,37.6471,2070.0323,835.0824,1.0217
22.3613,1483.7068,1007.9641,37.6471,2070.0143,835.0820,1.0172
22.3704,1484.4688,1008.5706,37.6471,2070.0129,835.0811,1.0188
22.3808,1485.2789,1009.1778,37.6471,2070.0165,835.0571,1.0412
22.3919,1486.0776,1009.8240,37.6471,2070.0043,835.0728,1.0227
22.4010,1486.8835,1010.4744,37.6471,2070.0063,835.0567,1.0347
22.4107,1487.7151,1011.1217,37.6471,2070.0214,835.0730,1.0255
22.4208,1488.5295,1011.7466,37.6471,2070.0221,835.0841,1.0121
22.4305,1489.3512,1012.2472,37.6471,2070.0125,835.0664,1.0274
22.4410,1490.1068,1012.7805,37.6471,2070.0121,835.0786,1.0235
22.4518,1490.8437,1013.3526,37.6471,2070.0034,835.0567,1.0352
22.4608,1491.6105,1013.9696,37.6471,2070.0103,835.0712,1.0292
22.4706,1492.4011,1014.5854,37.6471,2070.0182,835.0727,1.0259
22.4806,1493.2518,1015.1845,37.6471,2070.0116,835.0586,1.0218
22.4911,1494.0180,1015.8992,37.6471,2070.0210,835.0798,1.0048
22.5010,1494.8278,1016.5215,37.6471,2070.0173,835.0675,1.0209
22.5108,1495.6446,1017.1188,37.6471,2070.0159,835.0711,1.0239
22.5204,1496.4243,1017.6414,37.6471,2070.0157,835.0759,1.0214
22.5313,1497.1833,1018.1932,37.6471,2070.0025,835.0590,1.0387
22.5418,1497.9360,1018.8338,37.6471,2070.0066,835.0857,1.0149
22.5507,1498.7426,1019.4646,37.6471,2070.0291,835.0709,1.0205
22.5612,1499.5509,1020.0859,37.6471,2070.0103,835.0767,1.0103
22.5703,1500.3813,1020.7227,37.6471,2070.0206,835.0748,1.0079
22.5804,1501.1734,1021.4166,37.6471,2070.0233,835.0676,1.0216
22.5908,1501.9983,1022.0789,37.6471,2070.0077,835.0782,1.0141
22.6017,1502.8268,1022.6844,37.6471,2070.0017,835.0504,1.0404
22.6101,1503.6429,1023.3054,37.6471,2070.0161,835.0744,1.0108
22.6207,1504.3899,1023.9170,37.6471,2070.0127,835.0686,1.0186
22.6306,1505.1323,1024.5144,37.6471,2070.0079,835.0519,1.0268
22.6404,1505.9366,1025.1949,37.6471,2070.0328,835.0886,0.9924
22.6504,1506.8031,1025.8055,37.6471,2070.0170,835.0736,1.0165
22.6608,1507.5981,1026.4662,37.6471,2070.0103,835.0734,1.0184
22.6706,1508.4414,1027.1049,37.6471,2070.0229,835.0715,1.0045
22.6806,1509.2556,1027.7240,37.6471,2070.0136,835.0715,1.0122
22.6911,1510.0656,1028.3111,37.6471,2070.0077,835.0684,1.0089
22.7006,1510.8760,1028.8802,37.6471,2070.0166,835.0632,1.0168
22.7118,1511.6571,1029.5371,37.6471,2070.0270,835.0824,0.9958
22.7209,1512.4248,1030.1616,37.6471,2070.0140,835.0578,1.0216
22.7307,1513.2340,1030.7765,37.6471,2070.0124,835.0649,1.0200
22.7418,1514.0710,1031.4202,37.6471,2070.0195,835.0806,0.9997
22.7509,1514.8490,1032.0641,37.6471,2070.0132,835.0578,1.0292
22.7610,1515.6730,1032.7219,37.6471,2070.0123,835.0822,1.0197
22.7709,1516.5219,1033.2827,37.6471,2070.0217,835.0782,1.0054
22.7808,1517.3173,1033.8411,37.6471,2070.0185,835.0779,1.0141
22.7909,1518.0889,1034.4153,37.6471,2070.0180,835.0743,1.0154
22.8006,1518.8596,1035.0558,37.6471,2070.0189,835.0697,1.0180
22.8112,1519.6329,1035.7295,37.6471,2070.0157,835.0825,1.0093
22.8205,1520.4528,1036.3493,37.6471,2070.0043,835.0502,1.0203
22.8308,1521.2668,1037.0104,38.4752,2070.0174,835.0779,1.0075
22.8407,1522.0339,1037.6676,38.4663,2070.0218,835.0821,0.9970
22.8511,1522.7751,1038.2707,38.4808,2070.0193,835.0605,1.0148
22.8610,1523.5668,1038.8566,38.4970,2070.0199,835.0848,0.9958
22.8707,1524.3671,1039.4789,38.2671,2070.0247,835.0686,1.0108
22.8810,1525.2111,1040.2654,37.6646,2069.9952,835.0697,1.0224
22.8906,1526.0728,1040.9844,37.6646,2070.0109,835.0700,1.0160
22.9007,1526.8202,1041.6979,37.6646,2070.0001,835.0663,1.0152
22.9104,1527.4231,1042.5103,37.6646,2069.9882,835.0717,1.0217
22.9202,1528.0873,1043.3443,37.6646,2070.0170,835.0617,1.0158
22.9301,1528.6931,1044.2133,37.6646,2070.0270,835.0902,0.9910
22.9406,1528.9334,1045.0608,37.6646,2070.0225,835.0746,1.0077
22.9513,1529.1677,1046.0180,37.6646,2070.0192,835.0685,0.9941
22.9620,1529.6542,1046.9286,37.6646,2070.0264,835.0927,0.9968
22.9714,1530.1570,1047.7661,37.6646,2070.0098,835.0597,1.0205
22.9812,1530.6176,1048.5355,37.6646,2070.0063,835.0688,1.0058
22.9917,1531.3961,1049.0791,37.6646,2070.0295,835.0738,1.0026
23.0005,1532.3468,1049.4908,37.6646,2069.9994,835.0646,1.0189
23.0102,1533.3349,1049.8644,37.6646,2069.9970,835.0685,1.0107
23.0213,1534.2217,1050.3343,37.6646,2070.0246,835.0658,1.0017
23.0307,1535.1376,1050.9480,37.6646,2070.0026,835.0889,1.0053
23.0415,1536.2608,1051.4748,37.6646,2069.9966,835.0667,1.0154
23.0508,1537.3311,1051.9655,27.4510,2070.0325,835.0784,0.9924
23.0607,1538.2262,1052.4354,27.4510,2070.0240,835.0888,0.9940
23.0709,1539.0672,1052.9193,27.4510,2070.0192,835.0604,1.0034
23.0806,1540.0500,1053.4824,27.4510,2070.0328,835.0852,0.9878
23.0909,1541.0828,1054.0038,27.4510,2070.0306,835.0732,1.0002
23.1008,1541.9870,1054.4478,27.4510,2070.0047,835.0689,1.0216
23.1121,1542.7619,1054.8210,27.4510,2070.0061,835.0784,1.0061
23.1206,1543.5138,1055.1417,27.4510,2070.0118,835.0712,1.0169
23.1302,1544.2081,1055.5089,27.4510,2070.0006,835.0783,1.0042
23.1415,1544.8539,1055.8352,27.4510,2070.0048,835.0588,1.0146
23.1516,1545.5035,1056.2243,27.4510,2070.0217,835.0757,0.9889
23.1612,1546.1116,1056.5521,27.4510,2070.0137,835.0780,0.9933
23.1712,1546.7184,1056.8630,27.4510,2070.0135,835.0642,1.0087
23.1807,1547.3572,1057.2300,27.4510,2070.0157,835.0751,0.9944
23.1908,1548.1073,1057.5961,27.4510,2070.0179,835.0673,1.0070
23.2024,1549.0446,1058.0768,27.4510,2070.0016,835.0756,1.0150
23.2106,1550.1532,1058.6057,27.4510,2070.0177,835.0795,0.9927
23.2219,1551.1682,1059.0865,27.4510,2070.0334,835.0814,0.9926
23.2303,1552.0342,1059.4958,27.4510,2070.0210,835.0772,0.9944
23.2411,1552.8304,1059.9392,27.4510,2070.0263,835.0666,0.9978
23.2510,1553.7028,1060.4280,27.4510,2070.0247,835.0858,0.9851
23.2605,1554.6273,1060.8596,27.4510,2070.0027,835.0638,1.0009
23.2711,1555.5353,1061.3118,27.4510,2069.9973,835.0653,1.0039
23.2807,1556.4208,1061.7891,27.4510,2070.0090,835.0940,0.9954
23.2909,1557.3298,1062.2518,27.4510,2069.9890,835.0605,1.0137
23.3008,1558.3167,1062.7517,27.4510,2070.0170,835.0819,0.9901
23.3103,1559.2756,1063.1697,27.4510,2070.0315,835.0766,0.9960
23.3208,1560.1439,1063.5673,27.4510,2070.0129,835.0650,1.0091
23.3311,1560.9707,1064.0385,27.4510,2070.0271,835.0743,0.9814
23.3407,1561.8715,1064.4884,27.4510,2070.0313,835.0769,0.9950
23.3502,1562.7958,1064.9749,27.4510,2070.0028,835.0879,1.0001
23.3605,1563.7869,1065.4462,27.4510,2070.0225,835.0825,0.9939
23.3701,1564.8221,1065.9895,27.4510,2070.0171,835.0856,0.9920
23.3803,1565.8481,1066.4737,27.4510,2069.9986,835.0880,0.9992
23.3910,1566.8206,1066.8733,27.4510,2070.0100,835.0668,0.9990
23.4008,1567.6575,1067.3026,27.4510,2070.0294,835.0844,0.9734
23.4109,1568.4089,1067.7071,27.4510,2070.0110,835.0576,1.0096
23.4202,1569.1609,1068.1717,27.4510,2070.0078,835.0735,0.9895
23.4308,1570.0231,1068.6158,27.4510,2070.0239,835.0793,0.9876
23.4413,1570.9374,1069.0590,27.4510,2070.0005,835.0669,0.9992
23.4506,1571.9034,1069.5640,27.4510,2070.0153,835.0912,0.9814
23.4621,1572.9451,1070.0953,27.4510,2070.0218,835.0751,0.9932
23.4701,1573.9666,1070.6002,27.4510,2070.0107,835.0740,0.9962
23.4809,1574.9004,1071.0261,27.4510,2070.0161,835.0691,0.9937
23.4909,1575.6808,1071.3993,27.4510,2070.0126,835.0584,1.0035
23.5005,1576.4014,1071.8408,27.4510,2070.0171,835.0773,0.9918
23.5108,1577.1788,1072.3175,27.4510,2070.0022,835.0723,0.9987
23.5210,1578.0091,1072.7825,27.4510,2070.0031,835.0810,0.9973
23.5306,1578.9245,1073.2631,27.4510,2070.0070,835.0774,0.9989
23.5410,1579.8863,1073.7465,27.4510,2070.0114,835.0795,1.0003
23.5504,1580.8640,1074.2599,27.4510,2070.0085,835.0804,0.9840
23.5611,1581.8307,1074.7230,27.4510,2070.0273,835.0531,0.9978
23.5704,1582.7106,1075.1839,27.4510,2070.0146,835.0767,0.9812
23.5804,1583.5250,1075.5739,27.4510,2070.0062,835.0616,0.9922
23.5908,1584.3325,1076.0237,27.4510,2070.0054,835.0673,0.9915
23.6010,1585.1567,1076.5324,27.4510,2069.9988,835.0889,0.9875
23.6112,1586.0201,1077.0150,27.4510,2069.9966,835.0756,1.0101
23.6209,1586.9422,1077.5376,27.4510,2070.0088,835.0901,0.9881
23.6316,1587.9619,1078.0480,27.4510,2070.0114,835.0732,0.9940
23.6411,1588.9981,1078.5524,27.4510,2070.0170,835.0623,0.9911
23.6509,1589.9821,1079.0361,27.4510,2070.0262,835.0823,0.9782
23.6605,1590.8242,1079.4355,27.4510,2070.0087,835.0602,0.9997
23.6713,1591.5853,1079.8721,27.4510,2070.0074,835.0775,0.9824
23.6819,1592.3882,1080.3601,27.4510,2070.0073,835.0759,0.9982
23.6910,1593.2092,1080.8471,27.4510,2070.0033,835.0770,0.9927
23.7012,1594.0905,1081.3270,27.4510,2070.0031,835.0856,0.9831
23.7104,1595.0526,1081.7704,27.4510,2070.0137,835.0696,0.9867
23.7207,1596.0555,1082.3025,27.4510,2070.0134,835.0789,0.9770
23.7310,1597.0682,1082.8278,27.4510,2070.0187,835.0655,0.9918
23.7411,1597.9828,1083.3016,27.4510,2070.0153,835.0759,0.9796
23.7513,1598.7911,1083.6934,27.4510,2070.0010,835.0645,0.9911
23.7609,1599.5497,1084.1163,27.4510,2070.0176,835.0694,1.0003
23.7717,1600.3373,1084.6182,27.4510,2070.0140,835.0926,0.9788
23.7821,1601.2181,1085.0854,27.4510,2070.0152,835.0746,0.9978
23.7907,1602.1429,1085.5638,27.4510,2070.0198,835.0796,0.9791
23.8006,1603.1278,1086.0541,27.4510,2070.0206,835.0791,0.9720
23.8108,1604.1803,1086.5799,27.4510,2070.0071,835.0650,0.9832
23.8205,1605.1841,1087.1378,27.4510,2070.0183,835.0712,0.9779
23.8304,1606.0881,1087.5721,27.4510,2070.0222,835.0635,0.9894
23.8408,1606.8484,1087.9931,27.4510,2070.0025,835.0769,0.9853
23.8506,1607.6287,1088.4526,27.4510,2069.9952,835.0711,0.9935
23.8606,1608.4681,1088.9810,27.4510,2070.0085,835.0789,0.9880
23.8706,1609.3406,1089.4995,27.4510,2070.0051,835.0818,0.9726
23.8803,1610.3027,1089.9281,27.4510,2070.0114,835.0693,0.9849
23.8911,1611.3056,1090.4168,27.4510,2070.0211,835.0839,0.9661
23.9010,1612.3350,1090.9474,27.4510,2070.0258,835.0685,0.9652
23.9106,1613.2637,1091.4435,27.4510,2070.0223,835.0690,0.9689
23.9214,1614.0845,1091.8941,27.4510,2070.0215,835.0831,0.9832
23.9324,1614.8795,1092.3284,27.4510,2070.0103,835.0639,0.9827
23.9409,1615.6842,1092.8767,27.4510,2070.0045,835.0812,0.9847
23.9508,1616.5529,1093.3852,27.4510,2069.9897,835.0632,0.9989
23.9610,1617.4711,1093.8290,27.4510,2070.0068,835.0803,0.9867
23.9705,1618.4279,1094.2650,27.4510,2070.0201,835.0855,0.9781
23.9807,1619.4005,1094.7443,27.4510,2070.0132,835.0673,0.9928
23.9906,1620.3492,1095.2828,27.4510,2070.0211,835.0870,0.9586
24.0006,1621.2242,1095.6740,27.4510,2070.0287,835.0782,0.9625
24.0109,1621.9917,1096.0414,27.4510,2070.0062,835.0695,0.9784
24.0206,1622.7552,1096.5197,27.4510,2070.0117,835.0818,0.9678
24.0307,1623.5575,1097.0345,27.4510,2070.0173,835.0643,0.9814
24.0409,1624.3687,1097.5440,27.4510,2070.0007,835.0720,0.9777
24.0503,1625.3251,1098.0206,27.4510,2070.0123,835.0605,0.9886
24.0605,1626.3636,1098.5128,27.4510,2070.0233,835.0870,0.9752
24.0706,1627.3942,1098.9821,27.4510,2070.0098,835.0740,0.9764
24.0812,1628.3294,1099.4505,27.4510,2070.0067,835.0703,0.9854
24.0910,1629.1356,1099.8979,27.4510,2070.0164,835.0897,0.9662
24.1008,1629.9202,1100.3183,27.4510,2070.0175,835.0716,0.9835
24.1107,1630.7451,1100.8339,27.4510,2070.0205,835.0818,0.9716
24.1211,1631.6078,1101.3253,27.4510,2070.0164,835.0806,0.9748
24.1313,1632.4758,1101.7648,27.4510,2070.0191,835.0653,0.9792
24.1408,1633.4012,1102.2336,27.4510,2070.0194,835.0774,0.9657
24.1515,1634.3915,1102.7654,27.4510,2070.0102,835.0655,0.9785
24.1602,1635.3922,1103.2952,27.4510,2070.0062,835.0733,0.9746
24.1701,1636.3204,1103.7068,27.4510,2070.0075,835.0686,0.9811
24.1809,1637.1409,1104.1031,27.4510,2070.0095,835.0764,0.9822
24.1915,1637.9073,1104.5740,27.4510,2070.0137,835.0921,0.9611
24.2004,1638.7563,1105.0932,27.4510,2070.0082,835.0669,0.9937
24.2110,1639.6230,1105.6016,27.4510,2070.0070,835.0764,0.9693
24.2220,1640.5676,1106.0295,27.4510,2070.0223,835.0757,0.9723
24.2326,1641.5400,1106.4850,27.4510,2070.0062,835.0670,0.9885
24.2413,1642.5304,1107.0192,27.4510,2070.0153,835.0719,0.9800
24.2518,1643.4742,1107.4723,27.4510,2070.0201,835.0719,0.9770
24.2618,1644.2855,1107.8753,28.7213,2070.0097,835.0850,0.9793
24.2703,1645.0908,1108.2857,28.7213,2070.0161,835.0776,0.9710
24.2806,1645.8934,1108.8038,28.7213,2070.0206,835.0890,0.9691
24.2916,1646.6924,1109.2952,28.7213,2070.0010,835.0793,0.9789
24.3019,1647.5330,1109.6961,28.7213,2070.0016,835.0698,0.9882
24.3107,1648.3713,1110.1157,28.7213,2070.0160,835.0918,0.9629
24.3204,1649.1644,1110.4606,28.7213,2070.0068,835.0692,0.9855
24.3318,1649.9413,1110.8712,28.7213,2070.0096,835.0714,0.9720
24.3407,1650.7177,1111.2921,28.7213,2070.0293,835.0881,0.9602
24.3507,1651.4593,1111.6352,28.7213,2070.0100,835.0681,0.9833
24.3613,1652.2536,1112.0309,28.7213,2070.0084,835.0768,0.9689
24.3704,1653.0724,1112.5030,28.7213,2070.0203,835.0726,0.9820
24.3810,1653.8947,1113.0399,28.7213,2070.0004,835.0791,0.9797
24.3918,1654.7268,1113.5579,28.7213,2069.9988,835.0797,0.9802
24.4018,1655.6647,1114.0696,28.7213,2070.0229,835.0820,0.9623
24.4109,1656.6332,1114.5844,28.7213,2070.0161,835.0888,0.9630
24.4212,1657.6754,1115.0345,28.7213,2070.0150,835.0731,0.9646
24.4308,1658.6423,1115.5459,28.7213,2070.0369,835.0905,0.9483
24.4407,1659.4566,1115.9692,28.7213,2070.0104,835.0773,0.9668
24.4515,1660.2555,1116.3882,28.7213,2070.0094,835.0604,0.9837
24.4615,1661.0636,1116.9023,28.7213,2070.0092,835.0824,0.9613
24.4706,1661.8754,1117.3790,28.7213,2070.0060,835.0650,0.9838
24.4810,1662.6804,1117.8909,28.7213,2069.9875,835.0729,0.9701
24.4910,1663.5648,1118.4246,28.7213,2070.0189,835.0784,0.9645
24.5015,1664.5386,1118.9589,28.7213,2070.0253,835.0836,0.9667
24.5109,1665.5297,1119.4668,28.7213,2070.0129,835.0847,0.9520
24.5208,1666.4598,1119.8912,28.7213,2070.0251,835.0680,0.9683
24.5322,1667.2910,1120.3337,28.7213,2070.0247,835.0830,0.9606
24.5422,1668.0990,1120.7779,28.7213,2070.0164,835.0713,0.9737
24.5516,1668.9061,1121.2772,28.7213,2070.0063,835.0684,0.9717
24.5616,1669.7486,1121.7980,28.7213,2070.0113,835.0764,0.9647
24.5711,1670.6217,1122.2791,28.7213,2070.0084,835.0695,0.9720
24.5806,1671.5610,1122.7834,28.7213,2070.0043,835.0788,0.9748
24.5909,1672.5523,1123.3144,28.7213,2070.0034,835.0635,0.9748
24.6003,1673.5345,1123.8143,28.7213,2070.0018,835.0718,0.9668
24.6109,1674.4210,1124.2840,28.7213,2070.0071,835.0764,0.9519
24.6210,1675.2315,1124.6916,28.7213,2070.0201,835.0607,0.9717
24.6305,1676.0626,1125.1815,28.7213,2070.0043,835.0769,0.9614
24.6415,1676.9109,1125.6768,28.7213,2070.0198,835.0737,0.9586
24.6508,1677.7303,1126.1773,28.7213,2070.0078,835.0741,0.9601
24.6611,1678.6000,1126.6496,28.7213,2070.0074,835.0749,0.9666
24.6706,1679.5478,1127.1256,28.7213,2070.0107,835.0698,0.9760
24.6819,1680.4919,1127.6629,28.7213,2070.0083,835.0807,0.9587
24.6923,1681.4105,1128.1260,28.7213,2070.0066,835.0718,0.9776
24.7009,1682.2573,1128.5787,28.7213,2070.0013,835.0740,0.9611
24.7107,1683.0665,1129.0046,28.7213,2070.0109,835.0754,0.9566
24.7206,1683.9010,1129.4645,28.7213,2070.0109,835.0726,0.9696
24.7306,1684.7210,1129.9910,28.7213,2070.0070,835.0872,0.9593
24.7411,1685.5897,1130.4894,28.7213,2070.0148,835.0685,0.9695
24.7511,1686.5049,1131.0256,28.7213,2070.0025,835.0834,0.9508
24.7609,1687.4805,1131.5441,28.7213,2069.9980,835.0760,0.9696
24.7713,1688.4257,1131.9872,28.7213,2069.9976,835.0739,0.9763
24.7805,1689.2703,1132.4468,28.7213,2070.0106,835.0861,0.9580
24.7920,1690.0698,1132.8334,28.7213,2070.0016,835.0706,0.9766
24.8021,1690.8690,1133.3123,28.7213,2070.0128,835.0917,0.9551
24.8113,1691.7056,1133.7958,28.7213,2070.0240,835.0809,0.9609
24.8216,1692.5446,1134.3004,28.7213,2070.0104,835.0830,0.9727
24.8307,1693.4595,1134.8285,28.7213,2070.0060,835.0890,0.9531
24.8412,1694.4473,1135.3395,28.7213,2070.0159,835.0730,0.9595
24.8515,1695.4358,1135.8770,28.7213,2069.9940,835.0819,0.9571
24.8607,1696.3612,1136.3205,28.7213,2069.9974,835.0674,0.9634
24.8705,1697.1931,1136.7880,28.7213,2070.0030,835.0753,0.9537
24.8806,1698.0338,1137.2728,28.7213,2070.0145,835.0809,0.9498
24.8909,1698.8602,1137.7855,28.7213,2069.9979,835.0638,0.9672
24.9004,1699.7205,1138.3268,28.7213,2070.0131,835.0861,0.9430
24.9118,1700.5991,1138.8102,28.7213,2070.0137,835.0781,0.9665
24.9205,1701.4803,1139.3539,28.7213,2069.9901,835.0781,0.9540
24.9305,1702.4450,1139.8776,28.7213,2070.0083,835.0893,0.9520
24.9409,1703.3962,1140.3627,28.7213,2070.0084,835.0699,0.9641
24.9513,1704.3179,1140.9134,28.7213,2070.0056,835.0813,0.9493
24.9612,1705.2437,1141.4684,28.7213,2070.0164,835.0756,0.9566
24.9711,1706.1379,1142.0161,28.7213,2070.0070,835.0770,0.9475
24.9810,1707.0439,1142.5049,28.7213,2070.0063,835.0791,0.9562
24.9918,1707.9254,1142.9698,28.7213,2069.9963,835.0718,0.9565
25.0016,1708.7864,1143.4850,28.7213,2069.9961,835.0915,0.9561
25.0110,1709.6848,1144.0161,28.7213,2070.0023,835.0714,0.9605
25.0214,1710.6321,1144.5481,28.7213,2070.0057,835.0871,0.9472
25.0310,1711.5569,1145.0049,28.7213,2070.0130,835.0799,0.9553
25.0415,1712.4386,1145.4590,28.7213,2070.0181,835.0703,0.9581
25.0510,1713.2601,1145.9583,28.7213,2070.0189,835.0856,0.9407
25.0621,1714.1042,1146.4576,28.7213,2070.0016,835.0655,0.9691
25.0727,1714.9111,1146.9824,28.7213,2070.0010,835.0852,0.9511
25.0803,1715.7926,1147.4937,28.7213,2070.0092,835.0870,0.9548
25.0914,1716.6983,1147.9879,28.7213,2069.9996,835.0760,0.9645
25.1012,1717.6663,1148.5355,28.7213,2070.0162,835.0848,0.9389
25.1116,1718.6380,1149.0594,28.7213,2070.0212,835.0789,0.9490
25.1202,1719.5667,1149.5974,28.7213,2070.0100,835.0790,0.9342
25.1306,1720.4893,1150.1361,28.7213,2070.0117,835.0785,0.9498
25.1406,1721.3990,1150.6618,28.7213,2070.0158,835.0800,0.9392
25.1513,1722.2447,1151.1641,28.7213,2070.0020,835.0843,0.9481
25.1610,1723.1107,1151.6658,28.7213,2070.0046,835.0747,0.9523
25.1705,1723.9943,1152.2004,28.7213,2070.0128,835.0930,0.9434
25.1808,1724.9194,1152.6890,28.7213,2070.0101,835.0802,0.9603
25.1907,1725.8274,1153.1951,28.7213,2070.0138,835.0797,0.9583
25.2002,1726.6959,1153.6724,28.7213,2070.0144,835.0856,0.9467
25.2111,1727.5154,1154.0751,28.7213,2070.0068,835.0708,0.9585
25.2210,1728.3045,1154.5161,28.7213,2070.0114,835.0922,0.9352
25.2311,1729.1224,1154.9772,28.7213,2070.0209,835.0847,0.9404
25.2417,1729.9199,1155.4736,28.7213,2070.0096,835.0885,0.9324
25.2517,1730.7559,1155.9479,28.7213,2070.0164,835.0870,0.9394
25.2606,1731.6348,1156.4781,28.7213,2070.0154,835.0761,0.9387
25.2707,1732.4921,1156.9922,28.7213,2070.0012,835.0809,0.9502
25.2805,1733.3820,1157.4720,28.7213,2069.9949,835.0577,0.9677
25.2916,1734.2501,1157.9635,28.7213,2070.0017,835.0776,0.9464
25.3010,1735.0918,1158.4279,28.7213,2069.9956,835.0747,0.9614
25.3114,1735.8865,1158.8818,28.7213,2069.9866,835.0719,0.9574
25.3215,1736.6456,1159.3654,28.7213,2070.0119,835.0908,0.9358
25.3303,1737.4527,1159.8384,28.7213,2070.0148,835.0824,0.9513
25.3405,1738.2569,1160.3220,28.7213,2070.0078,835.0847,0.9460
25.3506,1739.1495,1160.8157,28.7213,2070.0295,835.0784,0.9395
25.3605,1740.0775,1161.3016,28.7213,2070.0180,835.0816,0.9351
25.3707,1740.9808,1161.7949,28.7213,2070.0025,835.0836,0.9349
25.3808,1741.8739,1162.2303,28.7213,2070.0086,835.0652,0.9442
25.3907,1742.7229,1162.7513,28.7213,2070.0127,835.0911,0.9270
25.4006,1743.5511,1163.2100,28.7213,2069.9973,835.0776,0.9445
25.4106,1744.3672,1163.7005,28.7213,2069.9982,835.0742,0.9364
25.4204,1745.2343,1164.2156,28.7213,2070.0155,835.0865,0.9230
25.4305,1746.1456,1164.6969,28.7213,2070.0071,835.0641,0.9347
25.4407,1747.1034,1165.2048,28.7213,2070.0044,835.0764,0.9242
25.4508,1748.0527,1165.7018,28.7213,2070.0126,835.0758,0.9226
25.4609,1748.9362,1166.2073,28.7213,2070.0004,835.0631,0.9416
25.4704,1749.8326,1166.7003,28.7213,2069.9971,835.0817,0.9398
25.4813,1750.6956,1167.1238,28.7213,2070.0074,835.0705,0.9490
25.4907,1751.5240,1167.5868,29.9797,2070.0010,835.0834,0.9363
25.5004,1752.3773,1168.0627,29.9797,2070.0096,835.0746,0.9418
25.5109,1753.1951,1168.5228,29.9797,2070.0038,835.0819,0.9350
25.5211,1754.0672,1169.0338,29.9797,2070.0101,835.0787,0.9259
25.5311,1754.9100,1169.5463,29.9797,2070.0056,835.0825,0.9366
25.5407,1755.7428,1170.0352,29.9797,2070.0016,835.0868,0.9287
25.5505,1756.5437,1170.4266,29.9797,2070.0109,835.0753,0.9334
25.5604,1757.2836,1170.8102,29.9797,2069.9955,835.0845,0.9209
25.5705,1757.9834,1171.2065,29.9797,2070.0002,835.0829,0.9337
25.5808,1758.6630,1171.5414,29.9797,2070.0021,835.0632,0.9378
25.5912,1759.3367,1171.9589,29.9797,2070.0080,835.0823,0.9195
25.6009,1760.0450,1172.3686,29.9797,2070.0010,835.0644,0.9457
25.6110,1760.8467,1172.8505,29.9797,2069.9868,835.0726,0.9376
25.6203,1761.7858,1173.4152,29.9797,2070.0172,835.0869,0.9267
25.6306,1762.6579,1173.9877,29.9797,2069.9935,835.0715,0.9386
25.6408,1763.5176,1174.5255,29.9797,2070.0048,835.0872,0.9219
25.6511,1764.4293,1174.9860,29.9797,2070.0145,835.0833,0.9335
25.6614,1765.3528,1175.4664,29.9797,2070.0035,835.0910,0.9180
25.6717,1766.2217,1175.8848,29.9797,2070.0087,835.0822,0.9303
25.6818,1767.0432,1176.4066,29.9797,2070.0030,835.0727,0.9313
25.6913,1767.8416,1176.9428,29.9797,2069.9955,835.0752,0.9261
25.7009,1768.7281,1177.4597,29.9797,2069.9963,835.0665,0.9341
25.7109,1769.6287,1178.0081,29.9797,2069.9940,835.0808,0.9337
25.7215,1770.5261,1178.5490,29.9797,2069.9905,835.0724,0.9342
25.7323,1771.4111,1179.0762,29.9797,2069.9987,835.0819,0.9204
25.7412,1772.3228,1179.6288,29.9797,2070.0023,835.0851,0.9220
25.7508,1773.2402,1180.0841,29.9797,2069.9930,835.0787,0.9277
25.7618,1774.0994,1180.5954,29.9797,2070.0018,835.0830,0.9163
25.7709,1774.9141,1181.0978,29.9797,2069.9999,835.0697,0.9347
25.7811,1775.7469,1181.6594,29.9797,2069.9936,835.0774,0.9279
25.7917,1776.6360,1182.1997,29.9797,2070.0107,835.0858,0.9113
25.8019,1777.5040,1182.6924,29.9797,2069.9981,835.0716,0.9210
25.8118,1778.3859,1183.1913,29.9797,2070.0032,835.0899,0.9242
25.8217,1779.2914,1183.7173,29.9797,2070.0085,835.0822,0.9214
25.8314,1780.2048,1184.2517,29.9797,2069.9932,835.0744,0.9213
25.8405,1781.1320,1184.7867,29.9797,2070.0000,835.0695,0.9325
25.8504,1782.0595,1185.3262,29.9797,2070.0055,835.0732,0.9283
25.8609,1782.9564,1185.8476,29.9797,2069.9976,835.0828,0.9230
25.8715,1783.8704,1186.3815,29.9797,2069.9927,835.0655,0.9248
25.8812,1784.7170,1186.9420,29.9797,2070.0103,835.0790,0.9182
25.8909,1785.5607,1187.4625,29.9797,2070.0061,835.0795,0.9229
25.9005,1786.4741,1187.9128,29.9797,2070.0062,835.0649,0.9248
25.9111,1787.3998,1188.4231,29.9797,2070.0152,835.0872,0.9071
25.9208,1788.2786,1188.9018,29.9797,2070.0073,835.0739,0.9331
25.9304,1789.1183,1189.4233,29.9797,2070.0011,835.0760,0.9259
25.9412,1789.9788,1189.9114,29.9797,2070.0236,835.0788,0.9160
25.9517,1790.8185,1190.4125,29.9797,2070.0181,835.0836,0.9253
25.9606,1791.6195,1190.8761,29.9797,2069.9943,835.0764,0.9379
25.9708,1792.3965,1191.3356,29.9797,2070.0118,835.0698,0.9386
25.9807,1793.1744,1191.7758,29.9797,2070.0002,835.0829,0.9330
25.9909,1794.0114,1192.1531,29.9797,2069.9907,835.0630,0.9562
26.0013,1794.9009,1192.5900,29.9797,2070.0046,835.0658,0.9465
26.0109,1795.7809,1193.0839,29.9797,2070.0085,835.0759,0.9398
26.0212,1796.6792,1193.5981,29.9797,2069.9986,835.0559,0.9480
26.0318,1797.6307,1194.1172,29.9797,2070.0231,835.0715,0.9351
26.0412,1798.6174,1194.6670,29.9797,2070.0244,835.0736,0.9365
26.0508,1799.5120,1195.2252,29.9797,2069.9963,835.0608,0.9518
26.0619,1800.3542,1195.8063,29.9797,2070.0200,835.0791,0.9454
26.0727,1801.2195,1196.3462,29.9797,2070.0192,835.0759,0.9597
26.0811,1802.1352,1196.8668,29.9797,2069.9955,835.0758,0.9618
26.0909,1803.0692,1197.4163,29.9797,2070.0115,835.0653,0.9653
26.1014,1803.9658,1197.9913,29.9797,2070.0119,835.0752,0.9526
26.1109,1804.8417,1198.4990,29.9797,2070.0008,835.0698,0.9651
26.1217,1805.7632,1198.9979,29.9797,2070.0091,835.0616,0.9669
26.1312,1806.6567,1199.5196,29.9797,2070.0247,835.0808,0.9383
26.1412,1807.4620,1200.0108,29.9797,2070.0078,835.0702,0.9586
26.1508,1808.2367,1200.4829,29.9797,2070.0146,835.0736,0.9602
26.1616,1809.0940,1200.9658,29.9797,2070.0242,835.0786,0.9471
26.1711,1809.9906,1201.4697,29.9797,2070.0074,835.0680,0.9641
26.1828,1810.8615,1201.9720,29.9797,2070.0102,835.0780,0.9592
26.1905,1811.7557,1202.4896,29.9797,2070.0128,835.0635,0.9666
26.2005,1812.6230,1203.0234,29.9797,2070.0153,835.0744,0.9480
26.2110,1813.5288,1203.5314,29.9797,2070.0095,835.0685,0.9630
26.2231,1814.4048,1204.0114,29.9797,2070.0024,835.0593,0.9678
26.2308,1815.2595,1204.5467,29.9797,2070.0292,835.0838,0.9447
26.2407,1816.0818,1205.0266,29.9797,2070.0096,835.0691,0.9657
26.2507,1816.9653,1205.5441,29.9797,2069.9991,835.0614,0.9674
26.2610,1817.9225,1206.0873,29.9797,2070.0231,835.0702,0.9588
26.2716,1818.8618,1206.6248,29.9797,2070.0091,835.0673,0.9700
26.2807,1819.7683,1207.1087,29.9797,2069.9864,835.0602,0.9732
26.2913,1820.7028,1207.6110,29.9797,2070.0149,835.0620,0.9722
26.3008,1821.5381,1208.1553,29.9797,2070.0147,835.0807,0.9547
26.3105,1822.3250,1208.6429,29.9797,2069.9805,835.0582,0.9750
26.3205,1823.1288,1209.1469,29.9797,2070.0212,835.0720,0.9560
26.3308,1823.9835,1209.6549,29.9797,2070.0291,835.0883,0.9410
26.3410,1824.8619,1210.1432,29.9797,2070.0016,835.0617,0.9731
26.3505,1825.7824,1210.6794,29.9797,2070.0051,835.0645,0.9532
26.3611,1826.6945,1211.1889,29.9797,2070.0273,835.0739,0.9532
26.3706,1827.5977,1211.6848,29.9797,2069.9825,835.0501,0.9758
26.3811,1828.4991,1212.1984,29.9797,2069.9904,835.0646,0.9661
26.3912,1829.3727,1212.7071,29.9797,2070.0165,835.0689,0.9580
26.4009,1830.1550,1213.2165,29.9797,2069.9977,835.0777,0.9593
26.4110,1830.9648,1213.6909,29.9797,2070.0102,835.0622,0.9668
26.4205,1831.8860,1214.2501,29.9797,2070.0342,835.0787,0.9422
26.4308,1832.7934,1214.7846,29.9797,2070.0173,835.0802,0.9545
26.4412,1833.6904,1215.2713,29.9797,2069.9963,835.0552,0.9720
26.4510,1834.6013,1215.8010,29.9797,2070.0262,835.0749,0.9540
26.4607,1835.4891,1216.2723,29.9797,2070.0186,835.0677,0.9606
26.4707,1836.3199,1216.7755,29.9797,2069.9882,835.0662,0.9811
26.4813,1837.1371,1217.2518,29.9797,2070.0135,835.0713,0.9538
26.4907,1837.9319,1217.7415,29.9797,2070.0317,835.0742,0.9550
26.5011,1838.6962,1218.2681,29.9797,2069.9941,835.0676,0.9685
26.5110,1839.5925,1218.8151,29.9797,2070.0135,835.0612,0.9675
26.5206,1840.5613,1219.3727,29.9797,2070.0271,835.0769,0.9424
26.5309,1841.4745,1219.8571,29.9797,2069.9960,835.0711,0.9678
26.5413,1842.4162,1220.3527,29.9797,2070.0034,835.0592,0.9646
26.5510,1843.2972,1220.9121,29.9797,2070.0275,835.0814,0.9359
26.5605,1844.0962,1221.3882,29.9797,2070.0081,835.0695,0.9572
26.5705,1844.8461,1221.8600,29.9797,2069.9965,835.0613,0.9619
26.5813,1845.6481,1222.3491,29.9797,2070.0223,835.0750,0.9446
26.5913,1846.4296,1222.8515,29.9797,2070.0131,835.0665,0.9638
26.6008,1847.2849,1223.3928,29.9797,2069.9935,835.0637,0.9688
26.6109,1848.2183,1223.9248,31.0604,2070.0303,835.0773,0.9394
26.6205,1849.1019,1224.4410,31.0604,2070.0137,835.0807,0.9467
26.6302,1849.9847,1224.9345,31.0604,2069.9963,835.0666,0.9540
26.6405,1850.8444,1225.4590,31.0604,2070.0301,835.0823,0.9463
26.6513,1851.6032,1225.9221,31.0604,2070.0192,835.0843,0.9369
26.6609,1852.3013,1226.3419,31.0604,2070.0007,835.0642,0.9612
26.6708,1853.0251,1226.7932,31.0604,2070.0119,835.0731,0.9429
26.6818,1853.7327,1227.2647,31.0604,2070.0136,835.0711,0.9486
26.6908,1854.4871,1227.7258,31.0604,2069.9928,835.0658,0.9527
26.7012,1855.3104,1228.2533,31.0604,2070.0196,835.0820,0.9355
26.7106,1856.1984,1228.7681,31.0604,2070.0236,835.0788,0.9344
26.7205,1857.1097,1229.2887,31.0604,2070.0085,835.0748,0.9470
26.7307,1858.0511,1229.7916,31.0604,2070.0150,835.0724,0.9531
26.7410,1858.8922,1230.2906,31.0604,2070.0273,835.0800,0.9385
26.7507,1859.6249,1230.7701,31.0604,2069.9965,835.0659,0.9656
26.7604,1860.3629,1231.2422,31.0604,2070.0102,835.0606,0.9625
26.7705,1861.1604,1231.7620,31.0604,2070.0314,835.0856,0.9385
26.7812,1862.0524,1232.2408,31.0604,2070.0096,835.0675,0.9641
26.7914,1862.9507,1232.7717,31.0604,2070.0074,835.0698,0.9565
26.8008,1863.9096,1233.3176,31.0604,2070.0336,835.0815,0.9373
26.8117,1864.8340,1233.8320,31.0604,2070.0074,835.0611,0.9687
26.8207,1865.6931,1234.3422,31.0604,2070.0032,835.0726,0.9537
26.8321,1866.5084,1234.8254,31.0604,2070.0283,835.0761,0.9591
26.8410,1867.2657,1235.2997,31.0604,2070.0026,835.0721,0.9604
26.8506,1868.0407,1235.7592,31.0604,2070.0019,835.0664,0.9641
26.8607,1868.8802,1236.3041,31.0604,2070.0251,835.0770,0.9486
26.8708,1869.7794,1236.8665,31.0604,2070.0162,835.0737,0.9598
26.8810,1870.7429,1237.3796,31.0604,2070.0048,835.0551,0.9911
26.8905,1871.7092,1237.8903,31.0604,2070.0287,835.0659,0.9674
26.9003,1872.6138,1238.3951,31.0604,2070.0090,835.0607,0.9750
26.9112,1873.4276,1238.9028,31.0604,2070.0073,835.0640,0.9790
26.9202,1874.2259,1239.4198,31.0604,2070.0264,835.0794,0.9510
26.9303,1875.0018,1239.8864,31.0604,2070.0239,835.0727,0.9612
26.9407,1875.7830,1240.4302,31.0604,2070.0157,835.0731,0.9513
26.9506,1876.6470,1240.9797,31.0604,2070.0214,835.0731,0.9667
26.9615,1877.5593,1241.5170,31.0604,2070.0070,835.0583,0.9750
26.9721,1878.5114,1242.0103,31.0604,2070.0058,835.0652,0.9724
26.9813,1879.4505,1242.5236,31.0604,2070.0172,835.0700,0.9745
26.9907,1880.3315,1243.0529,31.0604,2070.0186,835.0714,0.9721
27.0003,1881.1497,1243.5565,31.0604,2070.0151,835.0622,0.9788
27.0106,1881.9315,1244.0422,31.0604,2070.0200,835.0714,0.9679
27.0204,1882.7038,1244.5438,31.0604,2070.0164,835.0721,0.9735
27.0311,1883.5173,1245.1047,31.0604,2070.0094,835.0594,0.9828
27.0410,1884.3887,1245.7015,31.0604,2070.0142,835.0729,0.9742
27.0507,1885.3257,1246.2650,31.0604,2070.0171,835.0539,0.9854
27.0604,1886.3315,1246.8511,31.0604,2070.0209,835.0670,0.9770
27.0703,1887.3237,1247.4224,31.0604,2070.0331,835.0751,0.9721
27.0812,1888.2510,1247.9301,31.0604,2070.0256,835.0631,0.9798
27.0923,1889.0707,1248.4340,31.0604,2070.0216,835.0710,0.9790
27.1010,1889.8547,1248.9405,31.0604,2070.0240,835.0692,0.9978
27.1108,1890.6429,1249.4712,31.0604,2070.0060,835.0633,0.9917
27.1213,1891.4715,1250.0025,31.0604,2070.0161,835.0566,0.9975
27.1314,1892.3536,1250.5327,31.0604,2070.0223,835.0546,0.9930
27.1408,1893.2733,1251.0674,31.0604,2070.0238,835.0738,0.9738
27.1504,1894.2126,1251.5830,31.0604,2070.0284,835.0552,0.9970
27.1613,1895.1461,1252.1097,31.0604,2070.0266,835.0688,0.9893
27.1714,1895.9987,1252.6293,31.0604,2070.0201,835.0656,0.9941
27.1825,1896.7930,1253.1069,31.0604,2070.0106,835.0587,1.0141
27.1926,1897.6024,1253.6448,31.0604,2070.0169,835.0634,0.9986
27.2004,1898.4207,1254.1983,31.0604,2070.0311,835.0643,1.0058
27.2108,1899.3195,1254.7400,31.0604,2070.0228,835.0631,1.0046
27.2207,1900.2543,1255.3361,31.0604,2070.0319,835.0686,1.0073
27.2311,1901.2292,1255.9022,31.0604,2070.0251,835.0614,1.0090
27.2412,1902.1703,1256.4744,31.0604,2070.0184,835.0622,1.0125
27.2505,1903.0446,1256.9776,31.0604,2070.0139,835.0526,1.0158
27.2608,1903.8188,1257.4786,31.0604,2070.0128,835.0549,1.0126
27.2706,1904.5938,1257.9781,31.0604,2070.0223,835.0584,1.0052
27.2808,1905.3834,1258.5021,31.0604,2070.0242,835.0576,1.0027
27.2906,1906.2116,1259.0788,31.0604,2070.0369,835.0671,0.9905
27.3010,1907.0901,1259.6097,31.0604,2070.0306,835.0620,1.0052
27.3111,1908.0402,1260.0868,31.6871,2070.0225,835.0609,1.0088
27.3212,1908.9892,1260.5757,31.6848,2070.0314,835.0535,1.0130
27.3306,1909.8556,1261.0919,31.6547,2070.0249,835.0644,1.0150
27.3406,1910.6121,1261.5715,31.5957,2070.0190,835.0497,1.0276
27.3501,1911.4146,1262.1462,31.3154,2070.0390,835.0634,1.0168
27.3605,1912.2628,1263.0104,31.3154,2070.0447,835.0750,0.9980
27.3704,1913.4821,1263.4363,31.3154,2070.0226,835.0510,1.0236
27.3809,1914.1152,1264.0815,31.3154,2070.0291,835.0637,1.0149
27.3908,1914.7281,1265.0914,31.3154,2070.0150,835.0559,1.0286
27.4007,1915.9880,1265.3239,31.3154,2070.0057,835.0480,1.0294
27.4107,1916.4689,1266.2663,31.3154,2070.0231,835.0571,1.0081
27.4204,1916.8495,1267.2086,31.3154,2070.0369,835.0613,1.0215
27.4310,1917.5138,1267.9187,31.3154,2070.0202,835.0623,1.0096
27.4410,1918.3881,1268.5984,31.3154,2070.0385,835.0602,1.0147
27.4509,1919.2355,1269.1463,31.3154,2070.0248,835.0554,1.0229
27.4607,1919.9819,1269.4457,31.3154,2070.0048,835.0503,1.0309
27.4706,1920.7698,1269.6249,31.3154,2070.0187,835.0484,1.0281
27.4812,1921.5872,1269.9370,31.3154,2070.0270,835.0603,1.0158
27.4905,1922.4503,1270.3659,31.3154,2070.0133,835.0527,1.0306
27.5017,1923.4501,1270.7891,31.3154,2070.0291,835.0562,1.0273
27.5102,1924.4808,1271.1969,31.3154,2070.0402,835.0665,1.0108
27.5205,1925.4907,1271.5807,31.3154,2070.0187,835.0512,1.0343
27.5310,1926.4330,1271.9738,31.3154,2070.0161,835.0538,1.0309
27.5417,1927.3749,1272.3562,31.3154,2070.0237,835.0561,1.0356
27.5517,1928.2780,1272.7248,31.3154,2070.0190,835.0501,1.0392
27.5606,1929.1458,1273.1014,31.3154,2070.0256,835.0519,1.0335
27.5705,1929.9595,1273.4819,31.3154,2070.0439,835.0518,1.0291
27.5810,1930.7466,1273.8882,31.3154,2070.0260,835.0589,1.0285
27.5909,1931.5857,1274.2360,31.3154,2070.0154,835.0412,1.0435
27.6019,1932.5048,1274.6127,31.3154,2070.0186,835.0506,1.0443
27.6107,1933.4473,1274.9865,31.3154,2070.0180,835.0524,1.0465
27.6206,1934.3911,1275.3627,31.3154,2070.0240,835.0441,1.0544
27.6305,1935.3597,1275.7750,23.0927,2070.0237,835.0496,1.0393
27.6408,1936.3367,1276.1626,23.0604,2070.0336,835.0494,1.0485
27.6518,1937.2657,1276.5681,23.0383,2070.0259,835.0509,1.0455
27.6605,1938.1444,1276.9890,23.0311,2070.0398,835.0527,1.0480
27.6705,1939.0298,1277.4179,23.0270,2070.0386,835.0553,1.0512
27.6806,1939.9186,1277.8917,22.9220,2070.0115,835.0458,1.0593
27.6908,1940.8451,1278.4725,22.3823,2070.0271,835.0430,1.0660
27.7004,1941.7039,1278.7503,22.3823,2070.0350,835.0524,1.0518
27.7107,1942.2394,1279.4294,22.3823,2070.0291,835.0525,1.0499
27.7216,1942.9229,1280.1624,22.3823,2070.0220,835.0463,1.0652
27.7305,1943.8181,1280.5212,22.3823,2070.0429,835.0472,1.0415
27.7411,1944.3381,1281.3551,22.3823,2070.0285,835.0408,1.0618
27.7509,1944.8690,1282.1888,22.3823,2070.0045,835.0424,1.0653
27.7601,1945.4592,1282.7999,22.3823,2070.0264,835.0412,1.0639
27.7702,1945.8307,1283.7629,22.3823,2070.0308,835.0443,1.0591
27.7805,1946.4167,1284.4382,22.3823,2070.0156,835.0445,1.0665
27.7911,1947.3040,1284.9143,22.3823,2070.0331,835.0455,1.0542
27.8012,1948.3584,1285.1683,22.3823,2070.0396,835.0582,1.0513
27.8118,1949.4008,1285.1700,22.3823,2070.0218,835.0441,1.0842
27.8203,1950.3051,1285.2282,22.3823,2070.0267,835.0420,1.0781
27.8307,1951.2946,1285.5646,22.3823,2070.0405,835.0560,1.0601
27.8408,1952.4313,1285.8811,22.3823,2070.0293,835.0361,1.0877
27.8507,1953.5603,1286.1508,22.3823,2070.0258,835.0434,1.0679
27.8606,1954.6089,1286.3303,22.3823,2070.0484,835.0528,1.0602
27.8701,1955.5486,1286.5004,22.3823,2070.0239,835.0488,1.0836
27.8812,1956.5023,1286.7347,22.3823,2070.0185,835.0386,1.0823
27.8913,1957.4792,1286.9608,22.3823,2070.0379,835.0459,1.0756
27.9011,1958.4213,1287.1564,22.3823,2070.0190,835.0381,1.0798
27.9106,1959.3720,1287.3320,22.3823,2070.0151,835.0364,1.0954
27.9204,1960.3679,1287.5833,22.3823,2070.0461,835.0523,1.0755
27.9311,1961.2770,1287.7863,22.3823,2070.0322,835.0531,1.0740
27.9413,1962.1804,1287.9824,22.3823,2070.0327,835.0465,1.0829
27.9503,1963.1384,1288.1981,22.3823,2070.0437,835.0509,1.0727
27.9607,1964.1469,1288.4104,22.3823,2070.0302,835.0451,1.0909
27.9707,1965.1415,1288.6311,22.3823,2070.0173,835.0343,1.0870
27.9809,1966.1039,1288.8096,22.3823,2070.0356,835.0443,1.0801
27.9905,1967.0517,1288.9664,22.3823,2070.0346,835.0388,1.0943
28.0006,1967.9764,1289.2113,22.3823,2070.0242,835.0419,1.0703
28.0106,1968.9219,1289.4801,22.3823,2070.0412,835.0383,1.0855
28.0207,1969.8492,1289.7183,22.3823,2070.0140,835.0389,1.0798
28.0309,1970.8365,1289.9262,22.3823,2070.0200,835.0401,1.0899
28.0418,1971.8752,1290.1132,22.3823,2070.0264,835.0357,1.0878
28.0507,1972.9150,1290.3456,22.3823,2070.0151,835.0264,1.0929
28.0603,1973.9798,1290.5820,22.3823,2070.0280,835.0304,1.0950
28.0701,1974.9811,1290.7823,22.3823,2070.0400,835.0547,1.0718
28.0809,1975.9316,1290.9182,22.3823,2070.0192,835.0344,1.0882
28.0905,1976.8829,1291.1470,22.3823,2070.0281,835.0345,1.0950
28.1006,1977.7997,1291.4123,22.3823,2070.0317,835.0490,1.0785
28.1113,1978.7080,1291.6085,22.3823,2070.0121,835.0328,1.0957
28.1206,1979.6971,1291.7927,22.3823,2070.0201,835.0438,1.0819
28.1305,1980.7261,1292.0248,22.3823,2070.0358,835.0502,1.0688
28.1415,1981.7630,1292.2509,22.3823,2070.0283,835.0378,1.0918
28.1514,1982.7891,1292.4683,22.3823,2070.0324,835.0415,1.0712
28.1607,1983.7698,1292.6132,22.3823,2070.0385,835.0457,1.0759
28.1702,1984.6921,1292.7635,22.3823,2070.0207,835.0276,1.0841
28.1806,1985.6395,1293.0139,22.3823,2070.0272,835.0383,1.0894
28.1922,1986.5891,1293.3248,22.3823,2070.0248,835.0484,1.0867
28.2022,1987.5158,1293.5325,22.3823,2070.0272,835.0382,1.0822
28.2119,1988.5370,1293.6987,22.3823,2070.0274,835.0434,1.0889
28.2207,1989.5548,1293.9186,22.3823,2070.0510,835.0617,1.0671
28.2309,1990.5806,1294.1160,22.3823,2070.0282,835.0398,1.0897
28.2409,1991.5978,1294.3315,22.3823,2070.0408,835.0406,1.0866
28.2502,1992.5828,1294.5007,22.3823,2070.0483,835.0551,1.0735
28.2610,1993.5236,1294.6819,22.3823,2070.0214,835.0328,1.1052
28.2713,1994.4698,1294.9528,22.3823,2070.0151,835.0417,1.0843
28.2808,1995.4096,1295.2521,22.3823,2070.0460,835.0510,1.0743
28.2910,1996.3566,1295.4857,22.3823,2070.0254,835.0479,1.0895
28.3001,1997.3649,1295.6552,22.3823,2070.0142,835.0380,1.0892
28.3106,1998.4177,1295.8503,22.3823,2070.0464,835.0408,1.0763
28.3201,1999.3972,1296.0457,22.3823,2070.0235,835.0455,1.0688
28.3307,2000.3768,1296.2120,22.3823,2070.0232,835.0228,1.1013
28.3413,2001.3773,1296.4310,22.3823,2070.0413,835.0462,1.0721
28.3507,2002.2948,1296.6838,22.3823,2070.0433,835.0409,1.0728
28.3609,2003.1924,1296.9320,22.3823,2070.0291,835.0359,1.0960
28.3704,2004.0377,1297.2072,22.3823,2070.0322,835.0452,1.0722
28.3807,2004.9720,1297.4190,22.3823,2070.0452,835.0528,1.0823
28.3905,2005.9200,1297.6286,22.3823,2070.0215,835.0347,1.0898
28.4005,2006.9580,1297.8236,22.3823,2070.0292,835.0335,1.0968
28.4111,2008.0076,1298.0369,22.3823,2070.0490,835.0424,1.0796
28.4210,2009.0099,1298.2145,22.3823,2070.0241,835.0366,1.0946
28.4305,2010.0073,1298.4164,22.3823,2070.0359,835.0320,1.0998
28.4409,2010.9501,1298.7112,22.3823,2070.0458,835.0503,1.0649
28.4509,2011.8244,1298.9941,22.3823,2070.0276,835.0457,1.0870
28.4608,2012.7009,1299.2215,22.3823,2070.0283,835.0305,1.0891
28.4707,2013.6864,1299.3998,22.3823,2070.0336,835.0424,1.0762
28.4813,2014.6822,1299.5990,22.3823,2070.0258,835.0309,1.0948
28.4908,2015.7452,1299.8052,22.3823,2070.0152,835.0309,1.0945
28.5012,2016.7980,1300.0280,22.3823,2070.0316,835.0308,1.0961
28.5107,2017.8171,1300.2264,22.3823,2070.0422,835.0476,1.0765
28.5203,2018.7596,1300.4354,22.3823,2070.0198,835.0323,1.1026
28.5305,2019.7037,1300.7138,22.3823,2070.0364,835.0437,1.0859
28.5407,2020.5827,1301.0071,22.3823,2070.0412,835.0637,1.0749
28.5504,2021.4627,1301.2379,22.3823,2070.0281,835.0364,1.1030
28.5612,2022.4366,1301.4149,22.3823,2070.0356,835.0390,1.0821
28.5717,2023.4658,1301.6201,22.3823,2070.0530,835.0476,1.0815
28.5821,2024.4614,1301.7900,22.3823,2070.0244,835.0294,1.0938
28.5905,2025.4815,1302.0069,22.3823,2070.0225,835.0266,1.0810
28.6002,2026.5073,1302.2660,22.3823,2070.0367,835.0422,1.0766
28.6106,2027.4890,1302.5374,22.3823,2070.0168,835.0358,1.0803
28.6208,2028.4339,1302.7713,22.3823,2070.0164,835.0365,1.0897
28.6306,2029.3795,1303.0402,22.3823,2070.0397,835.0456,1.0724
28.6409,2030.3044,1303.2807,22.3823,2070.0302,835.0465,1.0814
28.6509,2031.2819,1303.4635,22.3823,2070.0265,835.0233,1.0959
28.6611,2032.2932,1303.6649,22.3823,2070.0448,835.0428,1.0735
28.6708,2033.2789,1303.8270,22.3823,2070.0297,835.0353,1.0894
28.6814,2034.2284,1304.0419,22.3823,2070.0162,835.0253,1.0963
28.6910,2035.2227,1304.3129,22.3823,2070.0360,835.0419,1.0858
28.7007,2036.1844,1304.5947,22.3823,2070.0382,835.0512,1.0757
28.7108,2037.0898,1304.8212,22.3823,2070.0131,835.0408,1.0983
28.7208,2038.0255,1305.0751,22.3823,2070.0287,835.0351,1.0836
28.7306,2038.9861,1305.3138,22.3823,2070.0417,835.0495,1.0643
28.7412,2039.9615,1305.5018,22.3823,2070.0145,835.0227,1.0815
28.7508,2040.9930,1305.6739,22.3823,2070.0344,835.0292,1.0804
28.7601,2042.0262,1305.9003,22.3823,2070.0461,835.0508,1.0607
28.7716,2043.0333,1306.1415,22.3823,2070.0192,835.0309,1.0845
28.7808,2044.0106,1306.3943,22.3823,2070.0215,835.0422,1.0872
28.7911,2044.9245,1306.6584,13.5537,2070.0338,835.0438,1.0795
28.8007,2045.8236,1306.8983,13.5518,2070.0334,835.0447,1.0932
28.8106,2046.7281,1307.1371,13.5518,2070.0284,835.0420,1.0796
28.8210,2047.7018,1307.3470,13.5518,2070.0455,835.0396,1.0743
28.8308,2048.7993,1307.5981,13.5518,2070.0253,835.0503,1.0692
28.8406,2050.0250,1307.9081,13.5518,2070.0237,835.0406,1.0778
28.8514,2051.1015,1308.1429,13.5518,2070.0364,835.0489,1.0793
28.8615,2051.7507,1308.5682,13.5518,2070.0238,835.0432,1.0685
28.8716,2052.2566,1308.8956,13.5518,2070.0103,835.0327,1.0868
28.8806,2052.9030,1308.9510,13.5518,2070.0194,835.0283,1.0774
28.8909,2053.7690,1309.0176,13.5518,2070.0263,835.0453,1.0647
28.9004,2054.6853,1309.2350,13.5518,2070.0132,835.0267,1.0883
28.9104,2055.6244,1309.5256,13.5518,2070.0248,835.0372,1.0602
28.9203,2056.5852,1309.7310,13.5518,2070.0380,835.0452,1.0666
28.9304,2057.4549,1309.8653,13.5518,2070.0110,835.0444,1.0687
28.9405,2058.3006,1310.0183,13.5518,2070.0302,835.0426,1.0659
28.9516,2059.1774,1310.2119,13.5518,2070.0415,835.0518,1.0631
28.9609,2060.0572,1310.3893,13.5518,2070.0203,835.0418,1.0718
28.9705,2061.0047,1310.5967,13.5518,2070.0320,835.0337,1.0811
28.9810,2061.9414,1310.8511,13.5518,2070.0413,835.0482,1.0667
28.9907,2062.9376,1311.0785,13.5518,2070.0207,835.0353,1.0782
29.0002,2064.0031,1311.3292,12.9068,2070.0162,835.0442,1.0736
29.0104,2065.1334,1311.6243,12.9376,2070.0369,835.0437,1.0695
29.0206,2066.2614,1311.9061,12.9580,2070.0223,835.0540,1.0653
29.0306,2067.3279,1312.1627,12.9357,2070.0035,835.0450,1.0748
29.0405,2068.5111,1312.5074,12.6521,2070.0275,835.0451,1.0617
29.0507,2069.8297,1313.1119,12.6521,2070.0272,835.0475,1.0525
29.0609,2071.3320,1313.2911,12.6521,2070.0154,835.0437,1.0503
29.0704,2072.5668,1313.7680,12.6521,2070.0331,835.0401,1.0573
29.0804,2073.6287,1314.5665,12.6521,2070.0315,835.0485,1.0580
29.0911,2074.7238,1314.9008,12.6521,2070.0145,835.0364,1.0710
29.1009,2075.5672,1315.6563,12.6521,2070.0139,835.0481,1.0593
29.1109,2076.3613,1316.4939,12.6521,2070.0236,835.0556,1.0698
29.1203,2077.3358,1317.1362,12.6521,2070.0156,835.0487,1.0628
29.1304,2078.3021,1317.7604,12.6521,2070.0268,835.0500,1.0484
29.1421,2079.1430,1318.1045,12.6521,2070.0486,835.0530,1.0509
29.1512,2079.8479,1318.2084,12.6521,2070.0395,835.0524,1.0398
29.1608,2080.6123,1318.1386,12.6521,2070.0350,835.0381,1.0485
29.1701,2081.5229,1318.0114,12.6521,2070.0209,835.0392,1.0634
29.1803,2082.3798,1318.0927,12.6521,2070.0154,835.0430,1.0628
29.1905,2083.3374,1318.2294,12.6521,2070.0107,835.0419,1.0663
29.2009,2084.4454,1318.2506,12.6521,2070.0123,835.0461,1.0583
29.2107,2085.6597,1318.2092,12.6521,2070.0285,835.0479,1.0475
29.2212,2086.7808,1318.2507,12.6521,2070.0275,835.0482,1.0517
29.2311,2087.6866,1318.3745,12.6521,2070.0223,835.0396,1.0542
29.2414,2088.5460,1318.4784,12.6521,2070.0302,835.0427,1.0581
29.2515,2089.4229,1318.5259,12.6521,2070.0228,835.0500,1.0499
29.2632,2090.3923,1318.5087,12.6521,2070.0209,835.0421,1.0550
29.2707,2091.4175,1318.5286,12.6521,2070.0281,835.0502,1.0519
29.2816,2092.4583,1318.5638,12.6521,2070.0333,835.0586,1.0402
29.2910,2093.5502,1318.6179,12.6521,2070.0323,835.0405,1.0494
29.3013,2094.7035,1318.7126,12.6521,2070.0190,835.0461,1.0522
29.3104,2095.8440,1318.7836,12.6521,2070.0151,835.0403,1.0639
29.3203,2096.8458,1318.8556,12.6521,2069.9962,835.0381,1.0545
29.3308,2097.7535,1318.9360,12.6521,2070.0176,835.0414,1.0556
29.3418,2098.6403,1319.0406,12.6521,2070.0175,835.0465,1.0531
29.3527,2099.5685,1319.1240,12.6521,2070.0281,835.0472,1.0340
29.3606,2100.5323,1319.1608,12.6521,2070.0488,835.0526,1.0234
29.3704,2101.5074,1319.1786,12.6521,2070.0327,835.0587,1.0371
29.3802,2102.5478,1319.2128,12.6521,2070.0081,835.0392,1.0500
29.3907,2103.6049,1319.3176,12.6521,2070.0128,835.0417,1.0491
29.4004,2104.5834,1319.4344,12.6521,2070.0079,835.0411,1.0489
29.4106,2105.5009,1319.4827,12.6521,2069.9932,835.0294,1.0637
29.4216,2106.4067,1319.5593,12.6521,2070.0209,835.0476,1.0400
29.4313,2107.3183,1319.6616,12.6521,2070.0361,835.0525,1.0302
29.4410,2108.2363,1319.7383,12.6521,2070.0269,835.0526,1.0360
29.4504,2109.1866,1319.8042,12.6521,2070.0235,835.0581,1.0277
29.4608,2110.2123,1319.8461,12.6521,2070.0314,835.0519,1.0401
29.4705,2111.2698,1319.8946,12.6521,2070.0015,835.0453,1.0406
29.4813,2112.3677,1319.9672,12.6521,2070.0079,835.0394,1.0477
29.4905,2113.3353,1320.0674,12.6521,2070.0245,835.0429,1.0400
29.5012,2114.2192,1320.1542,12.6521,2070.0201,835.0491,1.0270
29.5104,2115.0672,1320.2440,12.6521,2070.0280,835.0492,1.0253
29.5205,2115.9564,1320.3426,12.6521,2070.0290,835.0570,1.0104
29.5310,2116.8810,1320.4197,12.6521,2070.0137,835.0501,1.0257
29.5409,2117.8705,1320.4302,12.6521,2070.0109,835.0496,1.0292
29.5507,2118.9780,1320.4342,12.6521,2070.0094,835.0515,1.0132
29.5609,2120.1511,1320.4857,12.6521,2070.0184,835.0439,1.0260
29.5708,2121.2835,1320.5983,12.6521,2070.0172,835.0503,1.0172
29.5817,2122.3014,1320.7146,12.6521,2070.0283,835.0466,1.0254
29.5907,2123.2167,1320.8125,12.6521,2070.0306,835.0470,1.0177
29.6006,2124.0956,1320.8798,12.6521,2070.0112,835.0493,1.0296
29.6109,2124.9962,1320.9297,12.6521,2070.0019,835.0442,1.0451
29.6204,2125.9396,1320.9846,12.6521,2069.9954,835.0556,1.0259
29.6305,2126.9169,1320.9988,12.6521,2070.0056,835.0521,1.0335
29.6418,2127.9614,1321.0227,12.6521,2070.0134,835.0596,1.0218
29.6502,2129.1125,1321.0772,12.6521,2070.0312,835.0531,1.0055
29.6604,2130.2117,1321.1951,12.6521,2070.0356,835.0555,1.0052
29.6714,2131.2078,1321.3090,12.6521,2070.0319,835.0499,1.0027
29.6802,2132.0947,1321.3964,12.6521,2070.0236,835.0449,1.0150
29.6906,2133.0006,1321.4693,12.6521,2070.0068,835.0511,1.0202
29.7008,2133.9283,1321.5444,12.6521,2069.9940,835.0555,1.0136
29.7106,2134.8941,1321.5704,12.6521,2069.9979,835.0534,1.0232
29.7209,2135.9501,1321.5832,12.6521,2070.0118,835.0663,1.0033
29.7316,2137.0698,1321.5985,12.6521,2070.0206,835.0590,0.9987
29.7411,2138.2133,1321.7170,12.6521,2070.0284,835.0518,1.0021
29.7509,2139.3242,1321.8646,12.6521,2070.0198,835.0435,0.9954
29.7614,2140.3430,1321.9742,12.6521,2070.0169,835.0510,1.0162
29.7705,2141.2632,1322.0078,12.6521,2070.0112,835.0515,1.0053
29.7806,2142.1958,1322.0536,12.6521,2070.0170,835.0546,1.0107
29.7906,2143.1700,1322.1202,12.6521,2070.0022,835.0664,0.9995
29.8006,2144.1661,1322.1490,12.6521,2070.0185,835.0565,1.0075
29.8107,2145.1721,1322.1806,12.6521,2070.0151,835.0607,0.9952
29.8210,2146.2587,1322.2420,12.6521,2070.0150,835.0503,1.0012
29.8305,2147.3654,1322.3403,12.6521,2069.9943,835.0380,1.0083
29.8409,2148.4165,1322.4702,12.6521,2070.0125,835.0427,0.9902
29.8505,2149.3546,1322.5579,12.6521,2070.0078,835.0484,1.0021
29.8605,2150.2269,1322.6010,12.6521,2070.0045,835.0623,0.9982
29.8702,2151.1556,1322.6820,12.6521,2070.0202,835.0639,0.9894
29.8807,2152.1320,1322.7376,12.6521,2070.0155,835.0691,0.9958
29.8910,2153.1082,1322.7672,12.6521,2070.0042,835.0613,0.9990
29.9004,2154.1698,1322.8026,12.6521,2070.0050,835.0429,1.0054
29.9108,2155.2897,1322.9407,12.6521,2070.0079,835.0446,1.0027
29.9203,2156.3801,1323.0577,12.6521,2070.0067,835.0525,0.9980
29.9311,2157.3629,1323.1201,12.6521,2070.0081,835.0538,0.9966
29.9408,2158.2949,1323.1865,12.6521,2070.0164,835.0609,0.9817
29.9507,2159.2034,1323.2438,12.6521,2070.0191,835.0672,0.9849
29.9606,2160.1266,1323.3203,12.6521,2070.0150,835.0750,0.9839
29.9706,2161.0701,1323.3669,12.6521,2070.0046,835.0610,0.9907
29.9809,2162.0901,1323.3985,12.6521,2070.0059,835.0481,0.9898
29.9903,2163.1985,1323.4307,12.6521,2070.0068,835.0586,0.9856
30.0008,2164.3646,1323.5063,4.3377,2070.0057,835.0415,0.9943
30.0101,2165.4651,1323.6680,4.3307,2070.0175,835.0681,0.9613
30.0208,2166.4135,1323.7627,4.3441,2070.0107,835.0637,0.9763
30.0312,2167.2872,1323.7985,4.3280,2070.0031,835.0603,0.9871
30.0411,2168.3086,1323.9474,4.0440,2070.0149,835.0659,0.9764
30.0505,2169.5720,1324.1769,3.3710,2070.0104,835.0665,0.9757
30.0603,2170.9364,1324.1602,2.5091,2070.0000,835.0537,0.9802
30.0707,2171.9431,1324.5516,2.5091,2070.0121,835.0537,0.9751
30.0805,2172.9943,1324.9689,2.5091,2070.0179,835.0600,0.9671
30.0908,2174.1743,1324.9379,2.5091,2070.0005,835.0535,0.9689
30.1006,2175.0396,1325.5795,2.5091,2070.0097,835.0547,0.9781
30.1106,2175.7140,1326.3229,2.5091,2070.0128,835.0756,0.9682
30.1208,2176.3259,1327.0485,2.5091,2069.9882,835.0581,0.9919
30.1310,2177.0386,1327.9376,2.5091,2069.9966,835.0616,0.9771
30.1412,2177.8784,1328.3716,2.5091,2070.0066,835.0644,0.9623
30.1513,2178.7629,1328.5374,2.5091,2070.0063,835.0520,0.9685
30.1608,2179.6437,1328.5395,2.5091,2070.0317,835.0618,0.9481
30.1712,2180.5620,1328.2635,2.5091,2070.0181,835.0615,0.9610
30.1816,2181.4495,1327.9870,2.5091,2070.0069,835.0706,0.9568
30.1916,2182.3376,1327.8763,2.5091,2070.0067,835.0640,0.9752
30.2010,2183.2440,1327.8030,2.5091,2070.0079,835.0714,0.9642
30.2115,2184.2411,1327.7042,2.5091,2069.9933,835.0658,0.9704
30.2220,2185.3470,1327.4925,2.5091,2069.9952,835.0536,0.9766
30.2315,2186.3850,1327.3311,2.5091,2070.0092,835.0697,0.9576
30.2423,2187.3694,1327.2720,2.5091,2070.0037,835.0691,0.9584
30.2504,2188.2899,1327.1777,2.5091,2070.0022,835.0489,0.9642
30.2611,2189.2686,1327.0783,2.5091,2070.0146,835.0699,0.9477
30.2724,2190.2910,1326.9047,2.5091,2070.0125,835.0711,0.9480
30.2825,2191.3142,1326.7089,2.5091,2070.0089,835.0616,0.9587
30.2909,2192.3284,1326.5282,2.5091,2070.0129,835.0657,0.9505
30.3005,2193.2961,1326.4053,2.5091,2069.9997,835.0718,0.9496
30.3108,2194.2480,1326.3193,2.5091,2069.9931,835.0661,0.9504
30.3204,2195.2494,1326.1861,2.5091,2070.0045,835.0585,0.9568
30.3306,2196.2950,1326.0464,2.5091,2070.0167,835.0730,0.9465
30.3410,2197.2860,1325.8878,2.5091,2069.9995,835.0665,0.9619
30.3506,2198.2656,1325.7526,2.5091,2070.0098,835.0674,0.9486
30.3609,2199.2454,1325.6094,2.5091,2070.0172,835.0780,0.9452
30.3704,2200.2249,1325.3970,2.5091,2069.9936,835.0630,0.9545
30.3805,2201.2126,1325.2241,2.5091,2070.0065,835.0764,0.9453
30.3911,2202.1694,1325.1419,2.5091,2070.0136,835.0699,0.9412
30.4010,2203.0945,1325.0848,2.5091,2070.0099,835.0706,0.9550
30.4103,2204.0745,1324.9647,2.5091,2069.9994,835.0634,0.9529
30.4204,2205.0858,1324.8163,2.5091,2070.0070,835.0609,0.9529
30.4309,2206.0818,1324.6803,2.5091,2069.9936,835.0689,0.9552
30.4407,2207.1140,1324.5286,2.5091,2069.9951,835.0560,0.9534
30.4508,2208.1260,1324.3611,2.5091,2070.0073,835.0687,0.9419
30.4605,2209.0981,1324.1550,2.5091,2070.0032,835.0701,0.9408
30.4702,2210.0216,1324.0071,2.5091,2069.9890,835.0616,0.9449
30.4805,2210.8936,1323.9578,2.5091,2070.0067,835.0768,0.9357
30.4909,2211.7887,1323.8945,2.5091,2070.0062,835.0605,0.9536
30.5012,2212.7506,1323.7710,2.5091,2069.9977,835.0679,0.9510
30.5116,2213.7939,1323.6018,2.5091,2069.9997,835.0640,0.9449
30.5220,2214.9009,1323.4543,2.5091,2070.0089,835.0654,0.9513
30.5309,2215.9915,1323.3115,2.5091,2069.9968,835.0708,0.9442
30.5410,2217.0018,1323.1194,2.5091,2070.0030,835.0701,0.9395
30.5507,2217.9546,1322.9464,2.5091,2070.0143,835.0778,0.9451
30.5610,2218.8722,1322.8286,2.5091,2069.9962,835.0644,0.9523
30.5707,2219.8026,1322.8038,2.5091,2070.0032,835.0727,0.9463
30.5810,2220.7308,1322.7138,2.5091,2070.0051,835.0692,0.9409
30.5909,2221.6808,1322.5772,2.5091,2069.9948,835.0668,0.9464
30.6014,2222.6934,1322.4754,2.5091,2070.0007,835.0687,0.9338
30.6111,2223.7601,1322.3632,2.5091,2069.9997,835.0754,0.9432
30.6207,2224.8629,1322.2427,2.5091,2069.9945,835.0678,0.9447
30.6308,2225.9707,1322.0496,2.5091,2069.9976,835.0690,0.9341
30.6407,2227.0039,1321.8559,2.5091,2070.0051,835.0691,0.9457
30.6512,2227.9548,1321.7769,2.5091,2070.0054,835.0696,0.9356
30.6609,2228.8521,1321.7538,2.5091,2069.9991,835.0663,0.9427
30.6707,2229.7540,1321.7117,2.5091,2070.0044,835.0727,0.9314
30.6806,2230.7186,1321.5940,2.5091,2070.0065,835.0734,0.9295
30.6907,2231.7201,1321.4330,2.5091,2070.0020,835.0686,0.9430
30.7002,2232.7827,1321.2808,2.5091,2069.9944,835.0688,0.9431
30.7107,2233.8403,1321.1354,2.5091,2069.9820,835.0586,0.9537
30.7211,2234.8387,1320.9890,2.5091,2069.9949,835.0692,0.9433
30.7308,2235.7552,1320.8430,2.5091,2070.0032,835.0687,0.9288
30.7407,2236.6598,1320.7767,2.5091,2070.0023,835.0564,0.9430
30.7506,2237.5762,1320.7526,2.5091,2070.0108,835.0774,0.9264
30.7614,2238.5387,1320.6573,2.5091,2070.0080,835.0731,0.9326
30.7703,2239.5414,1320.5282,2.5091,2069.9883,835.0719,0.9413
30.7804,2240.6449,1320.4011,2.5091,2069.9969,835.0724,0.9309
30.7909,2241.8177,1320.2845,2.5091,2069.9929,835.0664,0.9361
30.8010,2242.9417,1320.1174,2.5091,2069.9910,835.0649,0.9379
30.8106,2244.0089,1319.9371,2.5091,2069.9933,835.0615,0.9398
30.8204,2244.9729,1319.7979,2.5091,2070.0004,835.0656,0.9317
30.8306,2245.9220,1319.7563,2.5091,2070.0042,835.0732,0.9206
30.8405,2246.9110,1319.7265,2.5091,2070.0012,835.0687,0.9356
30.8502,2247.9023,1319.6434,2.5091,2069.9971,835.0782,0.9276
30.8603,2248.8638,1319.4679,2.5091,2070.0002,835.0681,0.9411
30.8705,2249.8134,1319.3301,2.5091,2069.9888,835.0722,0.9282
30.8806,2250.8068,1319.1724,2.5091,2069.9938,835.0673,0.9366
30.8906,2251.7869,1319.0129,2.5091,2070.0108,835.0674,0.9304
30.9002,2252.7422,1318.8876,2.5091,2070.0102,835.0785,0.9213
30.9119,2253.6287,1318.7630,2.5091,2070.0001,835.0710,0.9364
30.9209,2254.5254,1318.7105,2.5091,2070.0024,835.0771,0.9247
30.9315,2255.4594,1318.6614,2.5091,2069.9971,835.0666,0.9315
30.9409,2256.4130,1318.5872,2.5091,2069.9881,835.0703,0.9339
30.9508,2257.4602,1318.4537,2.5091,2070.0026,835.0752,0.9189
30.9611,2258.5336,1318.2523,2.5091,2070.0075,835.0607,0.9271
30.9706,2259.5576,1318.0660,2.5091,2070.0170,835.0785,0.9123
30.9807,2260.5077,1317.8968,2.5091,2070.0091,835.0706,0.9162
30.9902,2261.3989,1317.7883,2.5091,2069.9998,835.0621,0.9292
31.0006,2262.2659,1317.7484,2.5091,2069.9843,835.0648,0.9367
31.0113,2263.1460,1317.6862,2.5091,2069.9871,835.0632,0.9486
31.0217,2264.0573,1317.6232,2.5091,2069.9913,835.0710,0.9335
31.0307,2265.0692,1317.5060,2.5091,2069.9998,835.0609,0.9352
31.0409,2266.1206,1317.3865,2.5091,2070.0040,835.0716,0.9231
31.0501,2267.2177,1317.1946,2.5091,2069.9998,835.0661,0.9212
31.0609,2268.2770,1316.9923,2.5091,2070.0031,835.0610,0.9279
31.0704,2269.2578,1316.8102,2.5091,2070.0046,835.0746,0.9236
31.0808,2270.1859,1316.6703,2.5091,2070.0009,835.0638,0.9362
31.0910,2271.0718,1316.6321,2.5091,2069.9997,835.0680,0.9232
31.1006,2271.9656,1316.5573,2.5091,2070.0027,835.0673,0.9214
31.1113,2272.9044,1316.4221,2.5091,2069.9968,835.0620,0.9323
31.1212,2273.8971,1316.2642,2.5091,2070.0083,835.0662,0.9188
31.1307,2274.9984,1316.1294,2.5091,2070.0011,835.0679,0.9250
31.1402,2276.0813,1315.9417,2.5091,2069.9868,835.0667,0.9314
31.1519,2277.1158,1315.7363,2.5091,2069.9885,835.0652,0.9321
31.1606,2278.0854,1315.5603,2.5091,2070.0052,835.0675,0.9265
31.1717,2278.9817,1315.4521,2.5091,2069.9871,835.0759,0.9293
31.1805,2279.8531,1315.4128,2.5091,2069.9971,835.0631,0.9328
31.1905,2280.7744,1315.3734,2.5091,2070.0105,835.0822,0.9105
31.2009,2281.6952,1315.2831,2.5091,2070.0000,835.0659,0.9211
31.2108,2282.6759,1315.1382,2.5091,2070.0015,835.0654,0.9294
31.2205,2283.7498,1315.0017,2.5091,2070.0038,835.0702,0.9165
31.2308,2284.8600,1314.8281,2.5091,2069.9911,835.0641,0.9305
31.2409,2285.9204,1314.5573,2.5091,2069.9813,835.0676,0.9268
31.2505,2286.8854,1314.3761,2.5091,2070.0004,835.0635,0.9278
31.2621,2287.7906,1314.3010,2.5091,2070.0112,835.0763,0.9172
31.2703,2288.6670,1314.2709,2.5091,2069.9923,835.0714,0.9108
31.2807,2289.5793,1314.2238,2.5091,2070.0062,835.0660,0.9209
31.2905,2290.5427,1314.1531,2.5091,2069.9960,835.0781,0.9097
31.3018,2291.5267,1314.0095,2.5091,2069.9985,835.0574,0.9370
31.3110,2292.6034,1313.9001,-6.4108,2069.9951,835.0683,0.9263
31.3202,2293.6968,1313.7534,-6.4108,2070.0021,835.0762,0.9123
31.3309,2294.7823,1313.5692,-6.4108,2070.0023,835.0664,0.9188
31.3409,2295.7706,1313.3730,-6.4108,2069.9975,835.0757,0.9100
31.3500,2296.7004,1313.2751,-6.4108,2070.0073,835.0666,0.9221
31.3615,2297.6199,1313.2747,-6.4108,2070.0073,835.0700,0.9125
31.3724,2298.5127,1313.2307,-6.4108,2069.9939,835.0619,0.9160
31.3804,2299.3767,1313.1584,-6.4108,2069.9937,835.0615,0.9253
31.3904,2300.2363,1313.0428,-6.4108,2070.0037,835.0768,0.9064
31.4002,2301.0179,1312.8979,-6.4108,2069.9885,835.0614,0.9273
31.4105,2301.8135,1312.7726,-6.4108,2070.0018,835.0735,0.9149
31.4206,2302.5818,1312.6672,-6.4108,2070.0033,835.0738,0.9114
31.4324,2303.3525,1312.5889,-6.4108,2069.9971,835.0666,0.9216
31.4406,2304.2257,1312.5626,-6.4108,2069.9951,835.0617,0.9142
31.4506,2305.2006,1312.5246,-6.4108,2070.0016,835.0648,0.9152
31.4605,2306.2062,1312.4042,-6.4108,2069.9965,835.0791,0.9060
31.4703,2307.2382,1312.2654,-6.4108,2069.9943,835.0670,0.9158
31.4809,2308.3313,1312.1714,-6.4108,2070.0136,835.0816,0.9094
31.4906,2309.4764,1312.0560,-6.4108,2069.9985,835.0822,0.9115
31.5017,2310.6046,1311.8675,-6.4108,2070.0024,835.0665,0.9295
31.5110,2311.6832,1311.6864,-6.4108,2069.9971,835.0735,0.9279
31.5204,2312.6741,1311.5055,-6.4108,2069.9937,835.0625,0.9202
31.5308,2313.6215,1311.4083,-6.4108,2069.9938,835.0675,0.9278
31.5405,2314.5824,1311.3782,-6.4108,2069.9985,835.0675,0.9102
31.5513,2315.5541,1311.3169,-6.4108,2070.0020,835.0657,0.9102
31.5619,2316.5657,1311.2122,-6.4108,2070.0019,835.0740,0.9053
31.5714,2317.6272,1311.0312,-6.4108,2070.0049,835.0694,0.9079
31.5816,2318.7380,1310.8737,-6.4108,2069.9979,835.0757,0.9137
31.5908,2319.8998,1310.7136,-6.4108,2069.9887,835.0687,0.9137
31.6015,2321.0061,1310.5287,-6.4108,2070.0026,835.0612,0.9280
31.6109,2321.9972,1310.4261,-6.4108,2069.9963,835.0768,0.9160
31.6205,2322.9696,1310.3620,-6.4108,2069.9869,835.0657,0.9256
31.6305,2323.9529,1310.3607,-6.4108,2069.9925,835.0688,0.9198
31.6407,2324.9747,1310.3198,-6.4108,2069.9933,835.0774,0.9147
31.6507,2326.0367,1310.1968,-6.4108,2069.9958,835.0738,0.9091
31.6607,2327.1532,1310.0473,-6.4108,2069.9984,835.0844,0.8974
31.6703,2328.3291,1309.8534,-6.4108,2070.0060,835.0706,0.9154
31.6818,2329.4537,1309.6833,-6.4108,2069.9990,835.0743,0.9083
31.6905,2330.4967,1309.5311,-6.4108,2070.0027,835.0718,0.9065
31.7005,2331.4697,1309.4756,-6.4108,2069.9954,835.0634,0.9199
31.7111,2332.4016,1309.4799,-6.4108,2069.9918,835.0731,0.9022
31.7216,2333.3336,1309.4669,-6.4108,2069.9959,835.0681,0.9167
31.7307,2334.2881,1309.3890,-6.4108,2069.9999,835.0753,0.9087
31.7409,2335.2914,1309.2630,-6.4108,2069.9927,835.0684,0.9045
31.7502,2336.3781,1309.1423,-6.4108,2069.9926,835.0663,0.9148
31.7607,2337.5033,1308.9716,-6.4108,2069.9982,835.0746,0.9007
31.7702,2338.5532,1308.7850,-6.4108,2069.9934,835.0667,0.9123
31.7810,2339.5159,1308.6847,-6.4108,2070.0079,835.0818,0.8960
31.7908,2340.4346,1308.6608,-6.4108,2070.0091,835.0818,0.9017
31.8009,2341.3325,1308.6400,-6.4108,2070.0025,835.0718,0.9101
31.8105,2342.2850,1308.6029,-6.4108,2070.0057,835.0851,0.9052
31.8206,2343.2844,1308.4818,-6.4108,2069.9970,835.0675,0.9204
31.8310,2344.3502,1308.3344,-6.4108,2069.9805,835.0774,0.9174
31.8407,2345.4591,1308.1594,-6.4108,2069.9890,835.0653,0.9180
31.8504,2346.5188,1308.0190,-6.4108,2069.9995,835.0728,0.9074
31.8618,2347.4209,1307.9359,-6.4108,2070.0021,835.0767,0.8967
31.8709,2348.3223,1307.8840,-6.4108,2069.9941,835.0616,0.9079
31.8807,2349.2334,1307.8601,-6.4108,2070.0056,835.0809,0.8973
31.8905,2350.1792,1307.7944,-6.4108,2070.0028,835.0724,0.9004
31.9002,2351.1440,1307.6971,-6.4108,2069.9962,835.0760,0.9153
31.9101,2352.2085,1307.5735,-6.4108,2069.9916,835.0707,0.8995
31.9204,2353.3643,1307.4396,-6.4108,2069.9983,835.0713,0.9170
31.9306,2354.5031,1307.2876,-6.4108,2069.9880,835.0764,0.9125
31.9405,2355.5398,1307.1287,-6.4108,2069.9940,835.0653,0.9098
31.9505,2356.4797,1307.0394,-6.4108,2070.0043,835.0803,0.9016
31.9606,2357.4061,1306.9958,-6.4108,2069.9917,835.0755,0.9145
31.9708,2358.3425,1306.9636,-6.4108,2069.9834,835.0628,0.9217
31.9803,2359.3035,1306.8934,-6.4108,2069.9990,835.0788,0.9002
31.9908,2360.2595,1306.7543,-6.4108,2069.9935,835.0637,0.9123
32.0002,2361.3193,1306.6226,-6.4108,2070.0032,835.0771,0.8999
32.0112,2362.4785,1306.5099,-6.4108,2070.0023,835.0704,0.8976
32.0205,2363.5620,1306.3508,-6.4108,2069.9943,835.0610,0.9036
32.0319,2364.5364,1306.2227,-6.4108,2069.9929,835.0785,0.8982
32.0425,2365.4240,1306.1218,-6.4108,2069.9863,835.0690,0.9212
32.0506,2366.3270,1306.0810,-6.4108,2069.9766,835.0702,0.9067
32.0607,2367.2922,1306.0423,-6.4108,2069.9996,835.0727,0.9084
32.0706,2368.2424,1305.9300,-6.4108,2069.9919,835.0720,0.9124
32.0802,2369.2634,1305.7657,-6.4108,2070.0053,835.0725,0.9010
32.0908,2370.3748,1305.5894,-6.4108,2070.0100,835.0675,0.9052
32.1006,2371.4946,1305.4560,-6.4108,2070.0049,835.0844,0.8929
32.1108,2372.4900,1305.3126,-6.4108,2069.9835,835.0670,0.9176
32.1204,2373.4111,1305.1803,-6.4108,2069.9979,835.0739,0.9170
32.1321,2374.2657,1305.0963,-6.4108,2069.9893,835.0798,0.8970
32.1416,2375.1539,1305.0316,-6.4108,2069.9814,835.0619,0.9227
32.1510,2376.0908,1305.0139,-6.4108,2070.0021,835.0845,0.8943
32.1612,2377.0570,1304.9050,-6.4108,2069.9966,835.0745,0.8844
32.1708,2378.0808,1304.7459,-6.4108,2069.9972,835.0700,0.8982
32.1809,2379.2181,1304.5835,-6.4108,2069.9956,835.0792,0.8937
32.1908,2380.3435,1304.3965,-6.4108,2069.9864,835.0652,0.9052
32.2003,2381.3760,1304.2710,-6.4108,2069.9847,835.0776,0.9062
32.2105,2382.2992,1304.1729,-6.4108,2069.9828,835.0658,0.9116
32.2204,2383.2251,1304.1222,-6.4108,2070.0084,835.0815,0.9036
32.2302,2384.1871,1304.0715,-6.4108,2069.9920,835.0806,0.8874
32.2405,2385.1471,1303.9907,-6.4108,2069.9985,835.0651,0.9093
32.2504,2386.1503,1303.9199,-6.4108,2069.9956,835.0818,0.8974
32.2604,2387.2107,1303.7729,-6.4108,2069.9930,835.0688,0.9050
32.2704,2388.3263,1303.6115,-6.4108,2069.9927,835.0765,0.9075
32.2809,2389.4386,1303.4687,-6.4108,2069.9965,835.0714,0.9000
32.2907,2390.4594,1303.3549,-6.4108,2069.9991,835.0660,0.9034
32.3005,2391.3914,1303.2992,-6.4108,2069.9899,835.0759,0.8973
32.3103,2392.3157,1303.2188,-6.4108,2069.9908,835.0647,0.9021
32.3202,2393.2528,1303.1520,-6.4108,2069.9949,835.0776,0.9038
32.3312,2394.2231,1303.0733,-6.4108,2069.9890,835.0705,0.8956
32.3408,2395.2524,1302.9755,-6.4108,2070.0014,835.0733,0.9030
32.3507,2396.3237,1302.8514,-6.4108,2069.9996,835.0785,0.8798
32.3625,2397.4650,1302.6831,-6.4108,2069.9943,835.0564,0.9054
32.3702,2398.5468,1302.5295,-6.4108,2069.9980,835.0689,0.8914
32.3808,2399.5217,1302.3901,-6.4108,2070.0143,835.0736,0.8916
32.3904,2400.4106,1302.3062,-6.4108,2069.9980,835.0712,0.9058
32.4003,2401.3402,1302.2604,-6.4108,2069.9901,835.0676,0.8905
32.4106,2402.2820,1302.1981,-6.4108,2070.0020,835.0637,0.9089
32.4203,2403.2230,1302.1492,-6.4108,2069.9949,835.0821,0.8941
32.4308,2404.1942,1302.0197,-6.4108,2069.9859,835.0595,0.9133
32.4415,2405.2815,1301.9087,-6.4108,2070.0011,835.0721,0.8952
32.4509,2406.3542,1301.7730,-6.4108,2069.9963,835.0760,0.8939
32.4607,2407.3623,1301.6065,-6.4108,2069.9860,835.0619,0.9100
32.4703,2408.2811,1301.5220,-6.4108,2069.9962,835.0762,0.8832
32.4815,2409.1884,1301.4434,-6.4108,2070.0004,835.0668,0.8961
32.4904,2410.1174,1301.4023,-6.4108,2069.9981,835.0663,0.8995
32.5004,2411.0789,1301.3359,-6.4108,2070.0057,835.0719,0.8898
32.5106,2412.0596,1301.2402,-6.4108,2070.0097,835.0730,0.8938
32.5202,2413.0759,1301.1408,-6.4108,2069.9973,835.0828,0.8820
32.5306,2414.1350,1301.0159,-6.4108,2069.9897,835.0678,0.8973
32.5407,2415.1669,1300.8771,-5.3318,2070.0004,835.0766,0.8927
32.5513,2416.0631,1300.7502,-5.3318,2069.9964,835.0739,0.8928
32.5604,2416.9390,1300.6295,-5.3318,2069.9850,835.0627,0.9116
32.5705,2417.8812,1300.5905,-5.3318,2070.0048,835.0791,0.8872
32.5805,2418.8026,1300.5302,-5.3318,2070.0134,835.0676,0.8908
32.5918,2419.6447,1300.4705,-5.3318,2070.0078,835.0724,0.8927
32.6002,2420.4238,1300.3783,-5.3318,2070.0098,835.0737,0.8903
32.6103,2421.1936,1300.2785,-5.3318,2069.9993,835.0702,0.9009
32.6205,2422.0380,1300.2125,-5.3318,2069.9949,835.0758,0.8899
32.6326,2423.0315,1300.1190,-5.3318,2069.9951,835.0674,0.8971
32.6419,2424.0555,1300.0049,-5.3318,2069.9907,835.0807,0.8998
32.6503,2425.0823,1299.8683,-5.3318,2069.9902,835.0697,0.8897
32.6606,2426.0702,1299.7523,-5.3318,2070.0028,835.0761,0.8948
32.6706,2427.0426,1299.7171,-5.3318,2069.9984,835.0773,0.8874
32.6815,2428.0122,1299.6697,-5.3318,2069.9992,835.0663,0.8879
32.6909,2429.0085,1299.6378,-5.3318,2070.0045,835.0777,0.8833
32.7003,2430.0353,1299.5432,-5.3318,2069.9955,835.0687,0.8929
32.7113,2431.0928,1299.4237,-5.3318,2069.9926,835.0728,0.8990
32.7202,2432.2084,1299.3347,-5.3318,2069.9937,835.0887,0.8928
32.7321,2433.3036,1299.2385,-5.3318,2069.9846,835.0619,0.9096
32.7404,2434.3846,1299.1777,-5.3318,2069.9770,835.0831,0.8903
32.7503,2435.4629,1299.0958,-5.3318,2070.0039,835.0752,0.9007
32.7616,2436.4857,1298.9958,-5.3318,2069.9980,835.0716,0.8950
32.7703,2437.5193,1298.9175,-5.3318,2070.0009,835.0804,0.8855
32.7813,2438.5604,1298.8286,-5.3318,2070.0073,835.0666,0.8960
32.7906,2439.6219,1298.7730,-5.3318,2069.9918,835.0816,0.8864
32.8004,2440.6877,1298.6738,-5.3318,2070.0043,835.0734,0.8858
32.8104,2441.6958,1298.5808,-5.3318,2069.9927,835.0790,0.8833
32.8201,2442.6646,1298.4756,-5.3318,2069.9919,835.0662,0.8938
32.8306,2443.6367,1298.4049,-5.3318,2069.9973,835.0742,0.8844
32.8409,2444.6328,1298.3574,-5.3318,2069.9805,835.0788,0.8899
32.8506,2445.6550,1298.2971,-5.3318,2069.9850,835.0564,0.9027
32.8619,2446.7396,1298.2570,-5.3318,2069.9935,835.0802,0.8899
32.8705,2447.8359,1298.1616,-5.3318,2069.9875,835.0752,0.8916
32.8807,2448.9639,1298.0308,-5.3318,2069.9826,835.0589,0.9026
32.8909,2450.1060,1297.9586,-5.3318,2070.0149,835.0914,0.8774
32.9007,2451.1560,1297.8540,-5.3318,2070.0018,835.0717,0.8919
32.9104,2452.1757,1297.7930,-5.3318,2069.9976,835.0724,0.9012
32.9205,2453.2019,1297.7192,-5.3318,2070.0108,835.0810,0.8858
32.9303,2454.2036,1297.6503,-5.3318,2069.9963,835.0712,0.8926
32.9423,2455.2036,1297.5836,-5.3318,2069.9789,835.0695,0.8970
32.9509,2456.2686,1297.5000,-5.3318,2069.9991,835.0755,0.8865
32.9607,2457.3561,1297.4067,-5.3318,2069.9951,835.0856,0.8855
32.9706,2458.4574,1297.2742,-5.3318,2069.9801,835.0671,0.8945
32.9809,2459.4774,1297.1691,-5.3318,2070.0056,835.0771,0.8864
32.9907,2460.3970,1297.0637,-5.3318,2069.9904,835.0762,0.8840
33.0014,2461.3118,1297.0044,-5.3318,2069.9841,835.0555,0.9033
33.0110,2462.2507,1296.9715,-5.3318,2070.0009,835.0812,0.8867
33.0202,2463.2078,1296.8948,-5.3318,2070.0004,835.0692,0.8926
33.0303,2464.2006,1296.8259,-5.3318,2069.9929,835.0838,0.8827
33.0409,2465.2255,1296.7686,-5.3318,2070.0135,835.0911,0.8838
33.0506,2466.2419,1296.7069,-5.3318,2070.0068,835.0726,0.9004
33.0604,2467.2423,1296.6329,-5.3318,2069.9996,835.0909,0.8850
33.0704,2468.1493,1296.4849,-5.3318,2069.9965,835.0706,0.8960
33.0814,2469.0662,1296.3824,-5.3318,2069.9968,835.0739,0.8858
33.0920,2469.9861,1296.3470,-5.3318,2069.9990,835.0793,0.8720
33.1005,2470.9131,1296.3030,-5.3318,2069.9963,835.0673,0.8865
33.1104,2471.8741,1296.2568,-5.3318,2070.0037,835.0832,0.8645
33.1204,2472.8472,1296.1662,-5.3318,2069.9950,835.0725,0.8838
33.1305,2473.8650,1296.0690,-5.3318,2069.9952,835.0771,0.8853
33.1402,2474.9043,1295.9539,-5.3318,2069.9919,835.0732,0.8844
33.1504,2475.9229,1295.8361,-5.3318,2069.9948,835.0677,0.8933
33.1605,2476.8882,1295.7498,-5.3318,2069.9911,835.0762,0.8873
33.1717,2477.8413,1295.6593,-5.3318,2070.0005,835.0622,0.8917
33.1808,2478.7948,1295.6134,-5.3318,2069.9967,835.0869,0.8818
33.1910,2479.7723,1295.5272,-5.3318,2069.9842,835.0728,0.9012
33.2008,2480.7896,1295.4091,-5.3318,2069.9869,835.0642,0.8995
33.2113,2481.8759,1295.3131,-5.3318,2070.0005,835.0883,0.8834
33.2213,2482.9630,1295.1564,-5.3318,2069.9799,835.0646,0.9072
33.2306,2484.0359,1295.0431,-5.3318,2069.9908,835.0766,0.8885
33.2409,2485.0519,1294.9499,-5.3318,2070.0049,835.0737,0.8858
33.2509,2486.0090,1294.8649,-5.3318,2069.9911,835.0646,0.9003
33.2617,2486.9556,1294.7988,-5.3318,2069.9844,835.0780,0.8814
33.2710,2487.9086,1294.7216,-5.3318,2070.0014,835.0682,0.8900
33.2819,2488.8605,1294.6517,-5.3318,2069.9935,835.0839,0.8840
33.2905,2489.8287,1294.5463,-5.3318,2069.9774,835.0695,0.8990
33.3004,2490.8867,1294.4501,-5.3318,2069.9965,835.0716,0.8921
33.3105,2491.9764,1294.3443,-5.3318,2069.9991,835.0839,0.8812
33.3201,2493.0176,1294.2374,-5.3318,2069.9928,835.0631,0.8965
33.3307,2494.0206,1294.1324,-5.3318,2069.9957,835.0756,0.8843
33.3408,2495.0157,1294.0540,-5.3318,2069.9945,835.0696,0.8900
33.3503,2495.9774,1293.9813,-5.3318,2069.9736,835.0763,0.9028
33.3633,2496.9490,1293.9052,-5.3318,2069.9885,835.0703,0.8948
33.3705,2497.9669,1293.8102,-5.3318,2070.0146,835.0796,0.8829
33.3807,2498.9724,1293.7305,-5.3318,2069.9919,835.0840,0.8857
33.3912,2500.0225,1293.6650,-5.3318,2069.9949,835.0665,0.9013
33.4005,2501.0548,1293.6249,-5.3318,2070.0014,835.0778,0.8783
33.4106,2502.0553,1293.5291,-5.3318,2069.9894,835.0733,0.8892
33.4205,2502.9976,1293.4269,-5.3318,2069.9712,835.0634,0.8937
33.4304,2503.9387,1293.3488,-5.3318,2069.9912,835.0826,0.8814
33.4406,2504.8654,1293.2937,-5.3318,2069.9942,835.0669,0.8818
33.4508,2505.8114,1293.2756,-5.3318,2069.9843,835.0748,0.8893
33.4609,2506.8330,1293.2166,-5.3318,2070.0085,835.0798,0.8729
33.4704,2507.8599,1293.1191,-5.3318,2070.0065,835.0741,0.8680
33.4810,2508.8613,1293.0190,-5.3318,2069.9852,835.0800,0.8836
33.4909,2509.9027,1292.9504,-5.3318,2069.9943,835.0624,0.8966
33.5007,2510.9497,1292.9277,-5.3318,2069.9974,835.0764,0.8911
33.5110,2511.9391,1292.8416,-5.3318,2069.9858,835.0769,0.8938
33.5202,2512.8948,1292.7402,-5.3318,2069.9807,835.0654,0.9028
33.5304,2513.8374,1292.6505,-5.3318,2070.0034,835.0882,0.8836
33.5405,2514.8230,1292.5769,-5.3318,2069.9913,835.0721,0.8942
33.5513,2515.8265,1292.5186,-5.3318,2069.9951,835.0825,0.8764
33.5612,2516.8756,1292.4371,-5.3318,2069.9988,835.0778,0.8779
33.5704,2517.9049,1292.3305,-5.3318,2069.9978,835.0771,0.8804
33.5805,2518.9690,1292.2433,-5.3318,2069.9886,835.0712,0.8714
33.5905,2520.0444,1292.1628,-5.3318,2070.0048,835.0621,0.8940
33.6009,2521.0830,1292.1058,-5.3318,2069.9951,835.0784,0.8752
33.6113,2522.0739,1291.9741,-5.3318,2069.9854,835.0724,0.8854
33.6209,2523.0673,1291.8887,-5.3318,2069.9812,835.0672,0.8939
33.6312,2524.0962,1291.8343,-5.3318,2069.9958,835.0866,0.8774
33.6407,2525.1132,1291.7659,-5.3318,2069.9908,835.0794,0.8924
33.6513,2526.1538,1291.6990,-5.3318,2069.9959,835.0825,0.8822
33.6603,2527.2041,1291.6146,-5.3318,2070.0052,835.0781,0.8832
33.6704,2528.2911,1291.5587,-5.3318,2069.9921,835.0740,0.8890
33.6806,2529.3070,1291.4811,-5.3318,2069.9967,835.0816,0.8867
33.6906,2530.3237,1291.4014,-5.3318,2070.0005,835.0695,0.8892
33.7012,2531.2958,1291.3399,-5.3318,2069.9844,835.0797,0.8779
33.7109,2532.2750,1291.2598,-5.3318,2069.9788,835.0672,0.8868
33.7206,2533.3193,1291.1821,-5.3318,2070.0048,835.0887,0.8759
33.7306,2534.3580,1291.0970,-5.3318,2069.9999,835.0857,0.8768
33.7413,2535.3850,1291.0511,-5.3318,2069.9924,835.0598,0.8849
33.7501,2536.4492,1291.0535,-5.3318,2070.0057,835.0849,0.8654
33.7607,2537.5336,1290.9958,-5.3318,2069.9901,835.0644,0.8880
33.7704,2538.5458,1290.9045,-5.3318,2069.9950,835.0765,0.8815
33.7804,2539.5507,1290.7988,-3.8514,2069.9984,835.0812,0.8729
33.7902,2540.5562,1290.7248,-3.8514,2069.9958,835.0779,0.8830
33.8006,2541.5668,1290.6794,-3.8514,2069.9925,835.0875,0.8809
33.8102,2542.5697,1290.5967,-3.8514,2070.0039,835.0636,0.8764
33.8205,2543.4955,1290.5623,-3.8514,2070.0001,835.0785,0.8747
33.8307,2544.4171,1290.5290,-3.8514,2069.9948,835.0640,0.8807
33.8405,2545.3285,1290.4712,-3.8514,2070.0060,835.0728,0.8737
33.8509,2545.9784,1290.4279,-3.8514,2070.0046,835.0838,0.8683
33.8611,2546.1572,1290.3793,-3.8514,2069.9907,835.0668,0.8877
33.8702,2545.9510,1290.3506,-3.8514,2069.9966,835.0859,0.8758
33.8805,2545.6302,1290.4291,-3.8514,2070.0015,835.0817,0.8744
33.8916,2545.3169,1290.5082,-3.8514,2069.9846,835.0680,0.8911
33.9011,2545.0831,1290.5123,-3.8514,2069.9846,835.0764,0.8847
33.9103,2544.8892,1290.5145,-3.8514,2069.9858,835.0576,0.8908
33.9203,2544.9772,1290.5676,-3.8514,2069.9880,835.0721,0.8763
33.9306,2545.5336,1290.5445,-3.8514,2069.9950,835.0671,0.8765
33.9403,2546.5048,1290.4256,-3.8514,2070.0004,835.0772,0.8722
33.9511,2547.6459,1290.3198,-3.8514,2069.9971,835.0914,0.8673
33.9609,2548.7595,1290.2229,-3.8514,2069.9914,835.0709,0.8890
33.9706,2549.8320,1290.1460,-3.8514,2069.9853,835.0865,0.8853
33.9803,2550.8497,1290.1022,-3.8514,2069.9891,835.0706,0.8859
33.9905,2551.8263,1290.0793,-3.8514,2069.9921,835.0752,0.8977
34.0012,2552.8534,1290.0338,-3.8514,2069.9861,835.0730,0.8832
34.0107,2553.9281,1289.9305,-3.8514,2070.0051,835.0633,0.8862
34.0213,2554.9906,1289.8406,-3.8514,2069.9966,835.0803,0.8715
34.0301,2555.9771,1289.7274,-3.8514,2069.9920,835.0719,0.8813
34.0404,2557.0195,1289.6520,-3.8514,2069.9781,835.0792,0.8845
34.0512,2558.0459,1289.5357,-3.8514,2069.9846,835.0747,0.8792
34.0606,2559.1661,1289.4743,-3.8514,2069.9844,835.0739,0.8811
34.0702,2560.2593,1289.4601,-3.8514,2069.9955,835.0803,0.8642
34.0801,2561.3564,1289.4297,-3.8514,2070.0042,835.0671,0.8748
34.0906,2562.5043,1289.3654,-3.8514,2069.9983,835.0788,0.8755
34.1004,2563.6920,1289.2767,-3.8514,2069.9916,835.0722,0.8813
34.1115,2564.8364,1289.1547,-3.8514,2069.9672,835.0620,0.9119
34.1204,2566.0099,1289.0527,-3.8514,2069.9747,835.0830,0.8838
34.1306,2567.1467,1288.9688,-3.8514,2069.9912,835.0639,0.8915
34.1406,2568.2432,1288.9644,-3.8514,2069.9850,835.0786,0.8806
34.1505,2569.2701,1288.9548,-3.8514,2070.0001,835.0812,0.8728
34.1611,2570.2969,1288.8515,-3.8514,2070.0179,835.0767,0.8668
34.1705,2571.3291,1288.7133,-3.8514,2070.0052,835.0825,0.8620
34.1802,2572.3798,1288.5546,-3.8514,2069.9907,835.0622,0.8907
34.1904,2573.4149,1288.4465,-3.8514,2069.9892,835.0769,0.8780
34.2006,2574.5310,1288.3318,-3.8514,2069.9922,835.0636,0.8956
34.2108,2575.6509,1288.2583,-3.8514,2069.9817,835.0785,0.8881
34.2205,2576.7379,1288.1824,-3.8514,2069.9944,835.0835,0.8705
34.2308,2577.7858,1288.1092,-3.8514,2069.9838,835.0646,0.8907
34.2418,2578.8762,1288.0472,-3.8514,2069.9937,835.0869,0.8676
34.2506,2580.0378,1287.9161,-3.8514,2069.9941,835.0703,0.8916
34.2611,2581.1897,1287.8071,-3.8514,2069.9894,835.0730,0.8767
34.2718,2582.2899,1287.7033,-3.8514,2069.9999,835.0866,0.8630
34.2803,2583.3636,1287.5841,-3.8514,2069.9965,835.0731,0.8767
34.2905,2584.4753,1287.5076,-3.8514,2070.0000,835.0882,0.8685
34.3000,2585.6000,1287.4242,-3.8514,2069.9970,835.0739,0.8802
34.3118,2586.6765,1287.4100,-3.8514,2069.9908,835.0814,0.8790
34.3216,2587.7511,1287.3312,-3.8514,2069.9819,835.0818,0.8826
34.3306,2588.8622,1287.2639,-3.8514,2069.9911,835.0679,0.8922
34.3418,2589.9612,1287.1846,-3.8514,2069.9865,835.0795,0.8839
34.3514,2591.0046,1287.0396,-3.8514,2069.9818,835.0641,0.8824
34.3634,2592.1205,1286.9405,-3.8514,2070.0026,835.0822,0.8652
34.3701,2593.2506,1286.8394,-3.8514,2070.0038,835.0838,0.8659
34.3803,2594.3364,1286.7854,-3.8514,2069.9848,835.0715,0.8656
34.3907,2595.4015,1286.7871,-3.8514,2070.0036,835.0858,0.8550
34.4004,2596.4683,1286.7445,-3.8514,2069.9969,835.0637,0.8827
34.4106,2597.5519,1286.6776,-3.8514,2069.9894,835.0758,0.8758
34.4207,2598.6279,1286.5484,-3.8514,2069.9955,835.0756,0.8736
34.4305,2599.6261,1286.4370,-3.8514,2069.9885,835.0618,0.8905
34.4406,2600.6472,1286.3762,-3.8514,2069.9923,835.0850,0.8724
34.4503,2601.6910,1286.2925,-3.8514,2070.0015,835.0697,0.8845
34.4617,2602.7655,1286.2538,-3.8514,2070.0018,835.0934,0.8709
34.4707,2603.7642,1286.1972,-3.8514,2069.9927,835.0773,0.8756
34.4807,2604.7521,1286.1551,-3.8514,2069.9987,835.0768,0.8825
34.4906,2605.8275,1286.0807,-3.8514,2069.9955,835.0850,0.8594
34.5006,2606.9198,1285.9620,-3.8514,2069.9965,835.0637,0.8792
34.5103,2607.9926,1285.8417,-3.8514,2070.0047,835.0844,0.8629
34.5205,2609.0774,1285.7218,-3.8514,2069.9980,835.0717,0.8643
34.5304,2610.1649,1285.6633,-3.8514,2069.9851,835.0737,0.8795
34.5407,2611.1790,1285.6206,-3.8514,2069.9881,835.0890,0.8637
34.5502,2612.1298,1285.5651,-3.8514,2069.9880,835.0662,0.8861
34.5607,2613.0999,1285.5400,-3.8514,2069.9835,835.0872,0.8694
34.5705,2614.0841,1285.4781,-3.8514,2069.9769,835.0734,0.8806
34.5806,2615.0884,1285.3730,-3.8514,2069.9893,835.0727,0.8833
34.5925,2616.0996,1285.2637,-3.8514,2069.9958,835.0834,0.8542
34.6014,2617.1288,1285.1538,-3.8514,2069.9919,835.0677,0.8716
34.6120,2618.2010,1285.0679,-3.8514,2070.0024,835.0852,0.8633
34.6209,2619.2554,1284.9944,-3.8514,2069.9998,835.0715,0.8754
34.6307,2620.2512,1284.9543,-3.8514,2069.9839,835.0800,0.8776
34.6405,2621.2124,1284.9153,-3.8514,2069.9752,835.0804,0.8637
34.6500,2622.2205,1284.8730,-3.8514,2070.0026,835.0712,0.8698
34.6605,2623.2651,1284.8267,-3.8514,2069.9987,835.0950,0.8546
34.6703,2624.2683,1284.7212,-3.8514,2069.9820,835.0710,0.8767
34.6811,2625.2765,1284.6243,-3.8514,2069.9982,835.0877,0.8767
34.6919,2626.3130,1284.5436,-3.8514,2069.9860,835.0782,0.8694
34.7008,2627.3275,1284.4594,-3.8514,2069.9826,835.0739,0.8878
34.7112,2628.3496,1284.4218,-3.8514,2069.9882,835.0829,0.8882
34.7206,2629.3540,1284.3679,-3.8514,2069.9863,835.0657,0.8863
34.7320,2630.3712,1284.3607,-3.8514,2069.9960,835.0859,0.8768
34.7407,2631.4182,1284.3506,-3.8514,2069.9982,835.0760,0.8729
34.7506,2632.4806,1284.2769,-3.8514,2069.9991,835.0721,0.8733
34.7617,2633.5497,1284.1730,-3.8514,2070.0173,835.0973,0.8577
34.7711,2634.5999,1284.0104,-3.8514,2069.9937,835.0641,0.8822
34.7830,2635.6704,1283.9399,-3.8514,2069.9882,835.0770,0.8852
34.7913,2636.6957,1283.9031,-3.8514,2069.9958,835.0786,0.8828
34.8002,2637.6691,1283.8791,-3.8514,2069.9812,835.0747,0.8912
34.8117,2638.6538,1283.8495,-3.8514,2069.9780,835.0819,0.8735
34.8219,2639.6785,1283.8405,-3.8514,2069.9955,835.0759,0.8695
34.8304,2640.7391,1283.8462,-3.8514,2069.9890,835.0805,0.8696
34.8407,2641.8245,1283.7697,-3.8514,2069.9816,835.0653,0.8769
34.8505,2642.8961,1283.6624,-3.8514,2070.0073,835.0764,0.8631
34.8604,2643.9460,1283.5602,-3.8514,2069.9889,835.0821,0.8620
34.8702,2644.9557,1283.4921,-3.8514,2069.9783,835.0580,0.8895
34.8804,2645.9436,1283.4873,-3.8514,2070.0008,835.1015,0.8483
34.8906,2646.8795,1283.4352,-3.8514,2070.0002,835.0866,0.8743
34.9004,2647.8380,1283.3931,-3.8514,2069.9809,835.0790,0.8775
34.9116,2648.8575,1283.3856,-3.8514,2069.9976,835.0909,0.8709
34.9214,2649.8860,1283.3695,-3.8514,2069.9822,835.0741,0.8868
34.9306,2650.9008,1283.3204,-3.8514,2069.9850,835.0807,0.8854
34.9403,2651.9436,1283.2009,-3.8514,2069.9902,835.0782,0.8723
34.9512,2652.9824,1283.1434,-3.8514,2070.0040,835.0869,0.8643
34.9604,2653.9960,1283.0989,-3.8514,2069.9990,835.0846,0.8558
34.9708,2654.9631,1283.0749,-3.8514,2070.0004,835.0742,0.8674
34.9805,2655.9331,1283.0604,-3.8514,2069.9983,835.0953,0.8524
34.9906,2656.9271,1282.9960,-3.8514,2069.9855,835.0623,0.8794
35.0006,2657.9817,1282.9816,-3.8514,2069.9868,835.0729,0.8668
35.0114,2659.0714,1282.9380,-3.8514,2069.9920,835.0763,0.8799
35.0205,2660.1680,1282.8398,-3.8514,2069.9811,835.0672,0.8829
35.0315,2661.2858,1282.7221,-3.8514,2069.9881,835.0868,0.8716
35.0413,2662.3364,1282.6749,-3.8514,2069.9940,835.0777,0.8739
35.0502,2663.3105,1282.6618,-3.0543,2069.9989,835.0883,0.8727
35.0606,2664.2573,1282.6389,-3.0543,2069.9913,835.0808,0.8762
35.0703,2665.2429,1282.6053,-3.0543,2069.9982,835.0723,0.8776
35.0817,2666.2738,1282.5883,-3.0543,2069.9950,835.0946,0.8507
35.0910,2667.2360,1282.5251,-3.0543,2069.9985,835.0621,0.8777
35.1011,2668.1278,1282.4528,-3.0543,2069.9985,835.0774,0.8606
35.1107,2668.9324,1282.3733,-3.0543,2069.9920,835.0761,0.8631
35.1203,2669.6433,1282.3262,-3.0543,2069.9798,835.0782,0.8695
35.1305,2670.3722,1282.2849,-3.0543,2069.9868,835.0838,0.8659
35.1413,2671.1716,1282.2637,-3.0543,2069.9877,835.0788,0.8785
35.1503,2672.0270,1282.2325,-3.0543,2069.9797,835.0865,0.8694
35.1601,2673.0035,1282.1907,-3.0543,2069.9964,835.0712,0.8739
35.1706,2674.0189,1282.1881,-3.0543,2070.0029,835.0820,0.8700
35.1805,2675.0719,1282.1668,-3.0543,2070.0013,835.0901,0.8643
35.1906,2676.0978,1282.1146,-3.0543,2070.0010,835.0696,0.8767
35.2005,2677.0848,1282.0431,-3.0543,2069.9973,835.0918,0.8678
35.2115,2678.0239,1281.9739,-3.0543,2069.9886,835.0687,0.8804
35.2209,2678.9509,1281.9208,-3.0543,2069.9877,835.0813,0.8758
35.2309,2679.8738,1281.8693,-3.0543,2069.9948,835.0811,0.8768
35.2407,2680.8134,1281.8206,-3.0543,2069.9868,835.0714,0.8701
35.2508,2681.7799,1281.7817,-3.0543,2069.9883,835.0847,0.8650
35.2606,2682.7913,1281.7448,-3.0543,2069.9971,835.0688,0.8768
35.2705,2683.8414,1281.7404,-3.0543,2069.9950,835.0803,0.8616
35.2804,2684.9150,1281.6777,-3.0543,2069.9980,835.0880,0.8543
35.2907,2685.9585,1281.5460,-3.0543,2069.9825,835.0769,0.8717
35.3008,2687.0181,1281.4269,-3.0543,2069.9935,835.0947,0.8563
35.3106,2688.0125,1281.3652,-3.0543,2069.9957,835.0773,0.8669
35.3205,2688.9551,1281.3307,-3.0543,2069.9767,835.0728,0.8798
35.3316,2689.9207,1281.2719,-3.0543,2069.9913,835.0815,0.8760
35.3418,2690.9150,1281.2100,-3.0543,2070.0040,835.0719,0.8735
35.3506,2691.9690,1281.1799,-3.0543,2069.9899,835.0776,0.8734
35.3620,2693.0669,1281.1199,-3.0543,2069.9919,835.0743,0.8763
35.3702,2694.1678,1281.0446,-3.0543,2069.9971,835.0987,0.8583
35.3811,2695.2589,1280.9198,-3.0543,2069.9823,835.0746,0.8747
35.3909,2696.3081,1280.8214,-3.0543,2069.9803,835.0771,0.8818
35.4005,2697.2944,1280.7670,-3.0543,2069.9980,835.0969,0.8655
35.4106,2698.2345,1280.7000,-3.0543,2069.9821,835.0603,0.8917
35.4206,2699.2092,1280.6688,-3.0543,2069.9879,835.0729,0.8679
35.4306,2700.2125,1280.6414,-3.0543,2070.0003,835.0735,0.8598
35.4408,2701.2701,1280.6345,-3.0543,2069.9836,835.0722,0.8710
35.4505,2702.3696,1280.5768,-3.0543,2069.9885,835.0837,0.8651
35.4611,2703.4681,1280.4488,-3.0543,2069.9980,835.0841,0.8717
35.4701,2704.5117,1280.3453,-3.0543,2069.9823,835.0878,0.8638
35.4806,2705.5182,1280.2710,-3.0543,2070.0021,835.0768,0.8712
35.4902,2706.5195,1280.2343,-3.0543,2069.9954,835.0854,0.8801
35.5003,2707.5020,1280.1836,-3.0543,2069.9810,835.0825,0.8746
35.5101,2708.5072,1280.1684,-3.0543,2069.9907,835.0643,0.8863
35.5208,2709.5786,1280.2017,-3.0543,2069.9844,835.0880,0.8756
35.5308,2710.6373,1280.1669,-3.0543,2069.9818,835.0752,0.8804
35.5405,2711.6953,1280.0952,-3.0543,2069.9849,835.0820,0.8737
35.5506,2712.7729,1280.0297,-3.0543,2070.0056,835.0872,0.8504
35.5606,2713.7585,1279.9295,-3.0543,2069.9969,835.0829,0.8682
35.5718,2714.7075,1279.8699,-3.0543,2069.9985,835.0887,0.8591
35.5804,2715.6376,1279.7918,-3.0543,2070.0129,835.0677,0.8694
35.5908,2716.5935,1279.7780,-3.0543,2069.9937,835.0845,0.8631
35.6006,2717.6016,1279.7707,-3.0543,2069.9765,835.0775,0.8715
35.6106,2718.6875,1279.7786,-3.0543,2069.9832,835.0688,0.8858
35.6209,2719.7571,1279.7645,-3.0543,2069.9801,835.0872,0.8669
35.6312,2720.7760,1279.6876,-3.0543,2069.9654,835.0721,0.8824
35.6407,2721.7758,1279.6112,-3.0543,2069.9799,835.0831,0.8777
35.6509,2722.7599,1279.5475,-3.0543,2070.0035,835.0863,0.8546
35.6616,2723.6787,1279.4638,-3.0543,2069.9932,835.0705,0.8717
35.6722,2724.6639,1279.4186,-3.0543,2070.0007,835.0823,0.8539
35.6806,2725.6809,1279.4126,-3.0543,2070.0097,835.0749,0.8600
35.6907,2726.7682,1279.4258,-3.0543,2069.9925,835.0870,0.8651
35.7018,2727.8519,1279.3610,-3.0543,2069.9884,835.0786,0.8781
35.7103,2728.9706,1279.2841,-3.0543,2069.9853,835.0811,0.8809
35.7212,2730.0359,1279.1906,-3.0543,2069.9729,835.0860,0.8874
35.7302,2730.9445,1279.0423,-3.0543,2069.9672,835.0594,0.8970
35.7408,2731.8969,1278.9919,-3.0543,2069.9877,835.0862,0.8697
35.7503,2732.8311,1278.9637,-3.0543,2069.9976,835.0729,0.8699
35.7611,2733.7996,1278.9631,-3.0543,2069.9893,835.0678,0.8736
35.7702,2734.8226,1278.9839,-3.0543,2070.0125,835.0886,0.8499
35.7806,2735.8472,1278.9755,-3.0543,2070.0060,835.0715,0.8606
35.7903,2736.9213,1278.9258,-3.0543,2069.9889,835.0957,0.8535
35.8014,2738.0065,1278.8727,-3.0543,2069.9880,835.0774,0.8765
35.8104,2739.0510,1278.7881,-3.0543,2069.9819,835.0764,0.8754
35.8205,2740.0176,1278.6947,-3.0543,2069.9806,835.0826,0.8801
35.8310,2740.9677,1278.6279,-3.0543,2069.9867,835.0656,0.8881
35.8406,2741.9797,1278.6450,-3.0543,2070.0015,835.0868,0.8558
35.8502,2742.9780,1278.6494,-3.0543,2069.9963,835.0729,0.8766
35.8605,2744.0148,1278.6716,-3.0543,2069.9880,835.0837,0.8730
35.8701,2745.0966,1278.6648,-3.0543,2070.0061,835.0934,0.8580
35.8815,2746.1934,1278.6459,-3.0543,2069.9883,835.0808,0.8708
35.8904,2747.2476,1278.5706,-3.0543,2069.9806,835.0916,0.8552
35.9008,2748.2288,1278.4764,-3.0543,2069.9926,835.0765,0.8622
35.9103,2749.1666,1278.4030,-3.0543,2069.9902,835.0795,0.8701
35.9205,2750.0675,1278.3638,-3.0543,2069.9933,835.0746,0.8512
35.9305,2751.0244,1278.3755,-3.0543,2070.0046,835.0714,0.8789
35.9409,2752.0193,1278.4117,-3.0543,2069.9899,835.0888,0.8644
35.9504,2753.0312,1278.4035,-3.0543,2069.9803,835.0714,0.8774
35.9605,2754.0803,1278.4097,-3.0543,2069.9880,835.0940,0.8623
35.9701,2755.1375,1278.3890,-3.0543,2069.9920,835.0903,0.8654
35.9818,2756.0831,1278.2919,-3.0543,2069.9839,835.0791,0.8776
35.9904,2757.0063,1278.1973,-3.0543,2070.0089,835.0893,0.8598
36.0014,2757.8983,1278.1102,-3.0543,2070.0010,835.0702,0.8824
36.0102,2758.8035,1278.0933,-3.0543,2069.9863,835.0828,0.8657
36.0201,2759.7620,1278.0778,-3.0543,2070.0004,835.0735,0.8688
36.0308,2760.7496,1278.0810,-3.0543,2069.9888,835.0731,0.8707
36.0406,2761.7957,1278.0895,-3.0543,2069.9858,835.0891,0.8706
36.0504,2762.8230,1278.0814,-3.0543,2069.9928,835.0803,0.8663
36.0605,2763.8204,1278.0694,-3.0543,2069.9894,835.0888,0.8668
36.0704,2764.7065,1277.9835,-3.0543,2069.9896,835.0783,0.8710
36.0806,2765.5797,1277.9125,-3.0543,2070.0015,835.0887,0.8675
36.0905,2766.4565,1277.8405,-3.0543,2069.9973,835.0822,0.8620
36.1006,2767.3860,1277.8091,-3.0543,2069.9828,835.0733,0.8748
36.1116,2768.3835,1277.8148,-3.0543,2069.9892,835.0896,0.8637
36.1209,2769.4485,1277.8057,-3.0543,2069.9957,835.0706,0.8776
36.1320,2770.5284,1277.8080,-3.0543,2069.9771,835.0799,0.8802
36.1404,2771.6122,1277.8140,-3.0543,2070.0007,835.0866,0.8696
36.1507,2772.6471,1277.7642,-3.0543,2070.0001,835.0709,0.8772
36.1619,2773.6509,1277.6845,-3.0543,2069.9916,835.0779,0.8656
36.1711,2774.5554,1277.5931,-3.0543,2069.9931,835.0739,0.8776
36.1805,2775.4469,1277.5350,-3.0543,2069.9943,835.0880,0.8661
36.1905,2776.4175,1277.4933,-3.0543,2069.9951,835.0921,0.8618
36.2009,2777.3810,1277.5056,-3.0543,2069.9803,835.0769,0.8772
36.2105,2778.4379,1277.4965,-3.0543,2069.9813,835.0937,0.8563
36.2203,2779.5232,1277.4638,-3.0543,2069.9875,835.0757,0.8743
36.2308,2780.6104,1277.4210,-3.0543,2069.9858,835.0832,0.8679
36.2413,2781.6202,1277.3238,-3.0543,2069.9947,835.0733,0.8596
36.2505,2782.5696,1277.2252,-1.5464,2069.9985,835.0684,0.8698
36.2605,2783.4775,1277.1473,-1.5332,2069.9929,835.0855,0.8595
36.2704,2784.3928,1277.0522,-1.5269,2069.9869,835.0703,0.8697
36.2818,2785.3605,1277.0286,-1.5150,2069.9940,835.0896,0.8675
36.2913,2786.4424,1276.9914,-1.2884,2069.9921,835.0905,0.8652
36.3014,2787.6517,1276.7650,-0.6778,2069.9783,835.0794,0.8839
36.3105,2788.7714,1276.8398,-0.6778,2069.9894,835.0858,0.8657
36.3207,2789.6553,1276.5394,-0.6778,2069.9890,835.0693,0.8720
36.3308,2790.7280,1276.1565,-0.6778,2069.9775,835.0818,0.8702
36.3406,2791.8674,1276.3925,-0.6778,2069.9902,835.0730,0.8619
36.3505,2792.6890,1275.8051,-0.6778,2070.0062,835.0768,0.8612
36.3607,2793.3510,1274.9227,-0.6778,2069.9883,835.0862,0.8537
36.3707,2794.3236,1274.6407,-0.6778,2070.0009,835.0734,0.8648
36.3806,2795.5692,1274.5328,-0.6778,2070.0023,835.0915,0.8519
36.3916,2796.5778,1274.2894,-0.6778,2069.9904,835.0826,0.8668
36.4019,2797.3518,1274.2880,-0.6778,2069.9764,835.0706,0.8777
36.4107,2798.2445,1274.4479,-0.6778,2069.9904,835.0845,0.8714
36.4203,2799.2043,1274.6732,-0.6778,2069.9837,835.0729,0.8817
36.4310,2800.1299,1274.7800,-0.6778,2069.9793,835.0823,0.8811
36.4417,2801.1105,1274.8135,-0.6778,2069.9965,835.0784,0.8689
36.4506,2802.0598,1274.9167,-0.6778,2069.9949,835.0828,0.8819
36.4607,2803.0028,1275.0803,-0.6778,2069.9887,835.0840,0.8692
36.4702,2803.9384,1275.1849,-0.6778,2070.0021,835.0751,0.8863
36.4807,2804.9388,1275.2607,-0.6778,2069.9980,835.0999,0.8577
36.4902,2805.9166,1275.3301,-0.6778,2069.9935,835.0723,0.8699
36.5007,2806.8881,1275.4091,-0.6778,2069.9957,835.0828,0.8588
36.5107,2807.8916,1275.5180,-0.6778,2069.9948,835.0801,0.8621
36.5202,2808.9388,1275.6306,-0.6778,2069.9800,835.0711,0.8786
36.5306,2810.0363,1275.7448,-0.6778,2069.9823,835.0933,0.8621
36.5405,2811.0394,1275.8340,-0.6778,2069.9785,835.0658,0.8747
36.5504,2811.9171,1275.9207,-0.6778,2069.9760,835.0774,0.8708
36.5606,2812.8192,1275.9980,-0.6778,2069.9861,835.0809,0.8676
36.5705,2813.7728,1276.0884,-0.6778,2069.9937,835.0786,0.8715
36.5806,2814.7854,1276.2032,-0.6778,2069.9950,835.0908,0.8466
36.5913,2815.7802,1276.2831,-0.6778,2070.0061,835.0821,0.8510
36.6003,2816.8575,1276.3878,-0.6778,2070.0042,835.0876,0.8601
36.6109,2818.0078,1276.5171,-0.6778,2069.9885,835.0797,0.8630
36.6204,2819.0819,1276.6246,-0.6778,2069.9893,835.0807,0.8716
36.6303,2820.0111,1276.7271,-0.6778,2069.9816,835.0823,0.8673
36.6417,2820.8868,1276.8191,-0.6778,2069.9758,835.0678,0.8772
36.6505,2821.8257,1276.9782,-0.6778,2069.9948,835.0966,0.8596
36.6605,2822.8102,1277.0662,-0.6778,2069.9872,835.0747,0.8668
36.6707,2823.7781,1277.1564,-0.6778,2069.9877,835.0733,0.8679
36.6812,2824.8241,1277.2384,-0.6778,2069.9901,835.0898,0.8565
36.6923,2825.9285,1277.3421,-0.6778,2069.9786,835.0623,0.8730
36.7006,2827.0914,1277.5100,-0.6778,2069.9834,835.0816,0.8521
36.7105,2828.1455,1277.6636,-0.6778,2069.9943,835.0782,0.8575
36.7206,2829.0471,1277.7527,-0.6778,2069.9861,835.0767,0.8635
36.7309,2829.9419,1277.8537,-0.6778,2070.0029,835.0811,0.8517
36.7409,2830.8571,1277.9829,-0.6778,2069.9936,835.0715,0.8693
36.7504,2831.8281,1278.1102,-0.6778,2069.9810,835.0801,0.8681
36.7606,2832.7615,1278.1960,-0.6778,2069.9859,835.0700,0.8781
36.7711,2833.8146,1278.2839,-0.6778,2069.9803,835.0804,0.8782
36.7802,2834.9155,1278.4094,-0.6778,2069.9890,835.0873,0.8758
36.7901,2836.0157,1278.5798,-0.6778,2069.9958,835.0762,0.8699
36.8004,2837.0143,1278.7485,-0.6778,2069.9938,835.0996,0.8575
36.8104,2837.8800,1278.8144,-0.6778,2069.9876,835.0712,0.8675
36.8204,2838.7942,1278.9115,-0.6778,2069.9976,835.0817,0.8550
36.8303,2839.7565,1279.0203,-0.6778,2069.9942,835.0735,0.8622
36.8405,2840.7177,1279.1314,-0.6778,2069.9811,835.0608,0.8723
36.8503,2841.7017,1279.1887,-0.6778,2069.9866,835.0819,0.8454
36.8607,2842.6896,1279.2776,-0.6778,2069.9870,835.0627,0.8727
36.8701,2843.7863,1279.4418,-0.6778,2069.9838,835.0850,0.8496
36.8820,2844.8590,1279.6202,-0.6778,2069.9997,835.0955,0.8549
36.8909,2845.8240,1279.7241,-0.6778,2069.9879,835.0766,0.8637
36.9003,2846.7085,1279.7914,-0.6778,2069.9948,835.0940,0.8595
36.9106,2847.5879,1279.9047,-0.6778,2069.9795,835.0793,0.8771
36.9204,2848.5223,1280.0381,-0.6778,2069.9874,835.0755,0.8776
36.9308,2849.5090,1280.1717,-0.6778,2069.9932,835.0746,0.8657
36.9403,2850.5132,1280.2533,-0.6778,2069.9903,835.0734,0.8640
36.9504,2851.6064,1280.3108,-0.6778,2069.9968,835.0860,0.8537
36.9604,2852.7601,1280.4839,-0.6778,2069.9987,835.0743,0.8717
36.9711,2853.8312,1280.6333,-0.6778,2069.9891,835.0831,0.8650
36.9804,2854.7588,1280.7467,-0.6778,2069.9955,835.0756,0.8741
36.9907,2855.6155,1280.8309,-0.6778,2069.9919,835.0804,0.8617
37.0013,2856.5103,1280.9694,-0.6778,2069.9911,835.0833,0.8533
37.0112,2857.4216,1281.1424,-0.6778,2069.9984,835.0690,0.8610
37.0202,2858.3684,1281.3044,-0.6778,2069.9996,835.0942,0.8428
37.0325,2859.3737,1281.3375,-0.6778,2069.9965,835.0743,0.8601
37.0406,2860.4326,1281.4319,-0.6778,2069.9810,835.0729,0.8658
37.0506,2861.5557,1281.6188,-0.6778,2069.9963,835.0845,0.8680
37.0605,2862.5697,1281.7890,-0.6778,2069.9883,835.0708,0.8767
37.0707,2863.4851,1281.9216,-0.6778,2069.9895,835.0798,0.8733
37.0802,2864.3479,1281.9697,-0.6778,2069.9990,835.0746,0.8654
37.0910,2865.2556,1282.1237,-0.6778,2069.9998,835.0905,0.8653
37.1005,2866.1954,1282.2709,-0.6778,2069.9979,835.0940,0.8548
37.1110,2867.1565,1282.3767,-0.6778,2070.0000,835.0742,0.8759
37.1236,2868.2048,1282.4666,-0.6778,2069.9820,835.0911,0.8535
37.1301,2869.3092,1282.6016,-0.6778,2069.9973,835.0789,0.8758
37.1403,2870.4279,1282.7754,-0.6778,2069.9811,835.0750,0.8687
37.1505,2871.4766,1282.9598,-0.6778,2069.9982,835.0790,0.8645
37.1606,2872.4679,1283.1030,-0.6778,2069.9897,835.0717,0.8674
37.1701,2873.4333,1283.2186,-0.6778,2069.9821,835.0814,0.8651
37.1813,2874.4048,1283.3694,-0.6778,2069.9944,835.0706,0.8693
37.1909,2875.4045,1283.4859,-0.6778,2069.9915,835.0923,0.8478
37.2030,2876.4084,1283.5438,-0.6778,2069.9951,835.0784,0.8707
37.2115,2877.4277,1283.6210,-0.6778,2069.9879,835.0777,0.8625
37.2217,2878.4796,1283.7908,-0.6778,2069.9964,835.0915,0.8574
37.2306,2879.4618,1283.9620,-0.6778,2069.9849,835.0701,0.8705
37.2404,2880.4419,1284.1084,-0.6778,2069.9952,835.0795,0.8641
37.2511,2881.4069,1284.2257,-0.6778,2069.9910,835.0822,0.8663
37.2604,2882.3353,1284.3471,-0.6778,2069.9794,835.0808,0.8762
37.2707,2883.2791,1284.5507,-0.6778,2069.9861,835.0845,0.8555
37.2811,2884.3009,1284.6918,-0.6778,2070.0001,835.0833,0.8693
37.2910,2885.3651,1284.8076,-0.6778,2069.9787,835.0926,0.8623
37.3004,2886.4326,1284.9272,-0.6778,2069.9926,835.0791,0.8586
37.3107,2887.5104,1285.0959,-0.6778,2070.0012,835.0817,0.8564
37.3204,2888.5735,1285.3000,-0.6778,2069.9728,835.0815,0.8541
37.3303,2889.6200,1285.4319,-0.6778,2069.9917,835.0747,0.8678
37.3407,2890.6481,1285.5981,-0.6778,2069.9945,835.0931,0.8460
37.3509,2891.6422,1285.7372,-0.6778,2069.9906,835.0793,0.8733
37.3611,2892.6379,1285.8303,-0.6778,2069.9797,835.0794,0.8774
37.3709,2893.6804,1285.9520,-0.6778,2070.0007,835.0894,0.8604
37.3809,2894.7637,1286.0374,-0.6778,2069.9789,835.0660,0.8805
37.3903,2895.7953,1286.2299,-0.6778,2069.9803,835.0838,0.8670
37.4006,2896.8140,1286.3839,-0.6778,2070.0056,835.0833,0.8637
37.4105,2897.8011,1286.4808,-0.6778,2069.9984,835.0895,0.8498
37.4206,2898.7590,1286.5919,-0.6778,2070.0002,835.0887,0.8570
37.4301,2899.6779,1286.7338,-0.6778,2070.0129,835.0802,0.8601
37.4402,2900.6239,1286.8987,-0.6778,2069.9995,835.0913,0.8460
37.4504,2901.6002,1286.9718,-0.6778,2069.9742,835.0634,0.8835
37.4610,2902.6376,1287.0829,-0.6778,2069.9811,835.0748,0.8678
37.4719,2903.6943,1287.1990,-0.6778,2069.9805,835.0725,0.8686
37.4822,2904.6917,1287.3500,-0.6778,2069.9736,835.0703,0.8681
37.4907,2905.6788,1287.4727,-0.6778,2069.9874,835.0928,0.8537
37.5016,2906.5603,1287.5428,-0.6778,2069.9984,835.0806,0.8635
37.5114,2907.4733,1287.6668,-0.6778,2069.9976,835.0854,0.8576
37.5208,2908.3579,1287.8214,-0.6778,2069.9999,835.0785,0.8548
37.5310,2909.2291,1288.0005,7.7963,2069.9896,835.0741,0.8646
37.5406,2910.1543,1288.1288,7.7963,2069.9950,835.0907,0.8534
37.5504,2911.1611,1288.2230,7.7963,2069.9964,835.0688,0.8689
37.5614,2912.2252,1288.3549,7.7963,2069.9993,835.0867,0.8613
37.5711,2913.2053,1288.4806,7.7963,2070.0034,835.0860,0.8631
37.5806,2914.0728,1288.5946,7.7963,2069.9867,835.0761,0.8750
37.5906,2914.8868,1288.6771,7.7963,2069.9839,835.0815,0.8621
37.6014,2915.7388,1288.8196,7.7963,2069.9872,835.0737,0.8682
37.6110,2916.5626,1288.9388,7.7963,2069.9788,835.0826,0.8582
37.6208,2917.3617,1289.0436,7.7963,2069.9913,835.0712,0.8595
37.6313,2918.1508,1289.0680,7.7963,2070.0046,835.0749,0.8610
37.6416,2918.9668,1289.1096,7.7963,2070.0082,835.0880,0.8520
37.6516,2919.8756,1289.2037,7.7963,2069.9968,835.0710,0.8685
37.6620,2920.9550,1289.4212,7.7963,2069.9906,835.0902,0.8610
37.6704,2922.0513,1289.5809,7.7963,2069.9839,835.0796,0.8677
37.6808,2923.1077,1289.6768,7.7963,2069.9775,835.0833,0.8637
37.6904,2924.0574,1289.8248,7.7963,2069.9979,835.0885,0.8546
37.7004,2924.9879,1289.9639,7.7963,2069.9921,835.0835,0.8588
37.7113,2925.9059,1290.1172,7.7963,2069.9966,835.0971,0.8435
37.7204,2926.8969,1290.1825,7.7963,2070.0129,835.0752,0.8647
37.7315,2927.9302,1290.2676,7.7963,2070.0038,835.0831,0.8554
37.7405,2929.0415,1290.3831,7.7963,2069.9838,835.0803,0.8639
37.7506,2930.1300,1290.5609,7.7963,2069.9886,835.0692,0.8705
37.7605,2931.1898,1290.7178,7.7963,2069.9844,835.0876,0.8670
37.7706,2932.1948,1290.8702,7.7963,2069.9745,835.0757,0.8731
37.7809,2933.1631,1291.0501,7.7963,2069.9904,835.0870,0.8568
37.7914,2933.9106,1291.1349,7.7963,2070.0023,835.0867,0.8491
37.8015,2934.8588,1291.2554,7.7963,2069.9955,835.0780,0.8613
37.8105,2935.8275,1291.3554,7.7963,2070.0014,835.0864,0.8408
37.8206,2936.8717,1291.4336,7.7963,2070.0039,835.0689,0.8569
37.8306,2937.9326,1291.6031,7.7963,2069.9905,835.0788,0.8580
37.8405,2938.9907,1291.7732,7.7963,2069.9898,835.0822,0.8534
37.8518,2940.0292,1291.9350,7.7963,2070.0019,835.0741,0.8649
37.8616,2941.0164,1292.1194,7.7963,2069.9948,835.0990,0.8427
37.8703,2941.9481,1292.2638,7.7963,2069.9841,835.0738,0.8717
37.8815,2942.8578,1292.4286,7.7963,2069.9975,835.0881,0.8632
37.8904,2943.7804,1292.5764,7.7963,2069.9981,835.0802,0.8626
37.9001,2944.7039,1292.6943,7.7963,2069.9830,835.0762,0.8702
37.9104,2945.6876,1292.8239,7.7963,2069.9925,835.0801,0.8643
37.9202,2946.6923,1292.9488,7.7963,2069.9998,835.0803,0.8617
37.9306,2947.6918,1293.1096,7.7963,2069.9903,835.1024,0.8522
37.9401,2948.7256,1293.2687,7.7963,2069.9893,835.0784,0.8687
37.9506,2949.7217,1293.4377,7.7963,2069.9891,835.0798,0.8694
37.9607,2950.6936,1293.5609,7.7963,2069.9924,835.0966,0.8550
37.9703,2951.6151,1293.7267,7.7963,2069.9843,835.0667,0.8705
37.9803,2952.5688,1293.8900,7.7963,2069.9988,835.0903,0.8484
37.9906,2953.5082,1294.0668,7.7963,2069.9994,835.0779,0.8495
38.0016,2954.4622,1294.1870,7.7963,2069.9940,835.0822,0.8524
38.0106,2955.4509,1294.2930,7.7963,2069.9991,835.0820,0.8620
38.0202,2956.4706,1294.4625,7.7963,2069.9920,835.0766,0.8752
38.0307,2957.4854,1294.6193,7.7963,2069.9810,835.0885,0.8589
38.0404,2958.4690,1294.7698,7.7963,2069.9897,835.0620,0.8755
38.0505,2959.4253,1294.9548,7.7963,2069.9883,835.0756,0.8643
38.0615,2960.3392,1295.1164,7.7963,2069.9893,835.0755,0.8547
38.0724,2961.2498,1295.2844,7.7963,2069.9952,835.0729,0.8589
38.0804,2962.1849,1295.4389,7.7963,2070.0052,835.0909,0.8437
38.0904,2963.1412,1295.5480,7.7963,2069.9952,835.0830,0.8544
38.1007,2964.1093,1295.6920,7.7963,2069.9958,835.0854,0.8516
38.1109,2965.1241,1295.8246,7.7963,2069.9968,835.0831,0.8569
38.1205,2966.0934,1296.0262,7.7963,2069.9910,835.0718,0.8559
38.1307,2966.9948,1296.2358,7.7963,2069.9951,835.0865,0.8529
38.1405,2967.7904,1296.4389,7.7963,2069.9877,835.0683,0.8704
38.1514,2968.6113,1296.5846,7.7963,2069.9924,835.0859,0.8554
38.1601,2969.4579,1296.6873,7.7963,2069.9976,835.0804,0.8562
38.1712,2970.3522,1296.7454,7.7963,2069.9808,835.0742,0.8600
38.1816,2971.2996,1296.8402,7.7963,2069.9922,835.0910,0.8580
38.1904,2972.2694,1296.9387,7.7963,2069.9943,835.0690,0.8654
38.2006,2973.2770,1297.0566,7.7963,2069.9897,835.0810,0.8519
38.2107,2974.2953,1297.1688,7.7963,2069.9896,835.0756,0.8595
38.2205,2975.3268,1297.3811,7.7963,2069.9955,835.0777,0.8673
38.2303,2976.3857,1297.5559,7.7963,2069.9838,835.0767,0.8596
38.2403,2977.4833,1297.6875,7.7963,2069.9944,835.0715,0.8643
38.2512,2978.5264,1297.7947,7.7963,2069.9869,835.0901,0.8532
38.2618,2979.5247,1297.8762,7.7963,2069.9824,835.0679,0.8654
38.2704,2980.4280,1297.9668,7.7963,2069.9927,835.0753,0.8536
38.2803,2981.2830,1298.0003,7.7963,2070.0051,835.0896,0.8474
38.2911,2982.1388,1298.0859,7.7963,2069.9825,835.0699,0.8652
38.3002,2983.0372,1298.2441,7.7963,2069.9995,835.0851,0.8457
38.3107,2984.0221,1298.3954,7.7963,2069.9990,835.0751,0.8590
38.3206,2984.9951,1298.5196,7.7963,2069.9810,835.0669,0.8731
38.3304,2986.0254,1298.6409,7.7963,2069.9916,835.0815,0.8604
38.3408,2987.0769,1298.7905,7.7963,2069.9925,835.0702,0.8669
38.3503,2988.1344,1298.8713,7.7963,2069.9853,835.0779,0.8607
38.3601,2989.1652,1298.9893,7.7963,2070.0010,835.0748,0.8548
38.3708,2990.1787,1299.1640,7.7963,2070.0063,835.0894,0.8549
38.3805,2991.1870,1299.3603,7.7963,2069.9960,835.0900,0.8540
38.3912,2992.2073,1299.5143,7.7963,2069.9998,835.0711,0.8562
38.4005,2993.2521,1299.6775,7.7963,2070.0085,835.0942,0.8498
38.4109,2994.2878,1299.8052,7.7963,2069.9904,835.0692,0.8581
38.4205,2995.3347,1299.9467,7.7963,2069.9933,835.0768,0.8676
38.4306,2996.4153,1300.0867,7.7963,2069.9921,835.0775,0.8491
38.4407,2997.4526,1300.2369,7.7963,2069.9826,835.0738,0.8658
38.4508,2998.5132,1300.4085,7.7963,2069.9766,835.0791,0.8667
38.4607,2999.5846,1300.5583,7.7963,2069.9993,835.0709,0.8648
38.4705,3000.6217,1300.7447,7.7963,2069.9861,835.0870,0.8613
38.4817,3001.6705,1300.8934,7.7963,2069.9855,835.0758,0.8665
38.4912,3002.6630,1301.0541,7.7963,2069.9964,835.0777,0.8569
38.5004,3003.6667,1301.1871,7.7963,2070.0032,835.0898,0.8556
38.5110,3004.6549,1301.3232,7.7963,2070.0007,835.0674,0.8628
38.5204,3005.6566,1301.4405,7.7963,2069.9963,835.0843,0.8579
38.5311,3006.7084,1301.5993,7.7963,2069.9913,835.0822,0.8595
38.5405,3007.7228,1301.7550,7.7963,2069.9824,835.0829,0.8577
38.5509,3008.7495,1301.8785,7.7963,2069.9811,835.0892,0.8529
38.5630,3009.7817,1302.0212,7.7963,2069.9980,835.0727,0.8605
38.5706,3010.7893,1302.2070,7.7963,2069.9860,835.0839,0.8551
38.5802,3011.7920,1302.3414,7.7963,2069.9974,835.0786,0.8462
38.5910,3012.7766,1302.4742,7.7963,2070.0019,835.0799,0.8490
38.6013,3013.7561,1302.5762,7.7963,2069.9800,835.0851,0.8474
38.6106,3014.7438,1302.6879,7.7963,2069.9926,835.0744,0.8649
38.6203,3015.7661,1302.8492,7.7963,2069.9871,835.0889,0.8510
38.6308,3016.8195,1303.0287,7.7963,2069.9874,835.0737,0.8638
38.6405,3017.8651,1303.1909,7.7963,2069.9899,835.0847,0.8552
38.6506,3018.8904,1303.3093,7.7963,2069.9880,835.0787,0.8675
38.6603,3019.9075,1303.4403,7.7963,2069.9971,835.0728,0.8574
38.6707,3020.8994,1303.5832,7.7963,2069.9988,835.0952,0.8418
38.6806,3021.8606,1303.6953,7.7963,2069.9765,835.0667,0.8811
38.6901,3022.8417,1303.8228,7.7963,2069.9843,835.0780,0.8635
38.7008,3023.8516,1303.9486,7.7963,2069.9959,835.0832,0.8619
38.7117,3024.8608,1304.1129,7.7963,2069.9744,835.0656,0.8769
38.7204,3025.9143,1304.3073,7.7963,2069.9832,835.0867,0.8573
38.7316,3027.0115,1304.4758,7.7963,2069.9870,835.0704,0.8634
38.7408,3028.0311,1304.5960,7.7963,2069.9775,835.0717,0.8627
38.7504,3029.0283,1304.7341,7.7963,2069.9883,835.0765,0.8691
38.7607,3029.9840,1304.8852,7.7963,2069.9938,835.0757,0.8676
38.7705,3030.9148,1305.0313,8.8409,2069.9863,835.0878,0.8526
38.7811,3031.8909,1305.1498,8.8409,2069.9885,835.0742,0.8643
38.7904,3032.9299,1305.2908,8.8409,2069.9906,835.0957,0.8483
38.8005,3033.9554,1305.4653,8.8409,2069.9907,835.0837,0.8513
38.8107,3034.9569,1305.6443,8.8409,2070.0007,835.0751,0.8629
38.8203,3035.8788,1305.7797,8.8409,2069.9944,835.0865,0.8574
38.8302,3036.6749,1305.8826,8.8409,2069.9815,835.0672,0.8741
38.8405,3037.4036,1306.0227,8.8409,2069.9839,835.0807,0.8583
38.8507,3038.1055,1306.1905,8.8409,2069.9751,835.0721,0.8689
38.8606,3038.8104,1306.3409,8.8409,2069.9768,835.0771,0.8665
38.8708,3039.6162,1306.4146,8.8409,2069.9973,835.0918,0.8529
38.8814,3040.5796,1306.5724,8.8409,2069.9909,835.0766,0.8653
38.8904,3041.6547,1306.7723,8.8409,2069.9948,835.0834,0.8443
38.9003,3042.7838,1307.0131,8.8409,2070.0051,835.0779,0.8542
38.9103,3043.9124,1307.2181,8.8409,2069.9864,835.0715,0.8557
38.9205,3045.0117,1307.3296,8.8409,2069.9941,835.0837,0.8555
38.9301,3046.0093,1307.4420,8.8409,2069.9869,835.0721,0.8656
38.9403,3046.9745,1307.6498,8.8409,2069.9752,835.0827,0.8746
38.9503,3047.9564,1307.8741,8.8409,2069.9825,835.0782,0.8716
38.9603,3048.9397,1308.0881,8.8409,2069.9803,835.0877,0.8572
38.9705,3049.9338,1308.3040,8.8409,2069.9810,835.0741,0.8580
38.9802,3050.9974,1308.4670,8.8409,2069.9900,835.0782,0.8619
38.9907,3052.0583,1308.6213,8.8409,2069.9921,835.0863,0.8520
39.0013,3053.0990,1308.7350,8.8409,2069.9960,835.0687,0.8612
39.0115,3054.1183,1308.8545,8.8409,2069.9953,835.0886,0.8469
39.0203,3055.1517,1308.9506,8.8409,2070.0037,835.0849,0.8488
39.0307,3056.1483,1309.0908,8.8409,2069.9810,835.0715,0.8632
39.0407,3057.1685,1309.2349,8.8409,2069.9927,835.0884,0.8486
39.0506,3058.1368,1309.4101,8.8409,2069.9786,835.0757,0.8765
39.0604,3059.0857,1309.5984,8.8409,2069.9724,835.0793,0.8613
39.0714,3060.0854,1309.7559,8.8409,2069.9958,835.0840,0.8545
39.0804,3061.1176,1309.9164,8.8409,2069.9966,835.0828,0.8589
39.0906,3062.1602,1310.0468,8.8409,2069.9924,835.0944,0.8531
39.1009,3063.2372,1310.1567,8.8409,2070.0060,835.0818,0.8555
39.1115,3064.3263,1310.2696,8.8409,2070.0007,835.0917,0.8501
39.1205,3065.3766,1310.3624,8.8409,2069.9766,835.0747,0.8669
39.1303,3066.3181,1310.5070,8.8409,2069.9916,835.0696,0.8655
39.1407,3067.2998,1310.6995,8.8409,2069.9902,835.0864,0.8603
39.1502,3068.2816,1310.8734,8.8409,2069.9778,835.0663,0.8712
39.1610,3069.3278,1311.0281,8.8409,2069.9852,835.0850,0.8586
39.1706,3070.4258,1311.1830,8.8409,2070.0021,835.0900,0.8408
39.1816,3071.4918,1311.3207,8.8409,2069.9852,835.0860,0.8568
39.1905,3072.5292,1311.4733,8.8409,2069.9890,835.0857,0.8530
39.2011,3073.5144,1311.6053,8.8409,2069.9940,835.0745,0.8620
39.2113,3074.4329,1311.7837,8.8409,2069.9839,835.0861,0.8589
39.2205,3075.3337,1311.9106,8.8409,2069.9835,835.0735,0.8649
39.2317,3076.3033,1312.0598,8.8409,2069.9916,835.0760,0.8485
39.2405,3077.3417,1312.2228,8.8409,2069.9955,835.0838,0.8419
39.2500,3078.4443,1312.4393,8.8409,2069.9911,835.0762,0.8668
39.2600,3079.5920,1312.6606,8.8409,2069.9874,835.0908,0.8582
39.2701,3080.6995,1312.8506,8.8409,2069.9913,835.0820,0.8618
39.2808,3081.7102,1313.0070,8.8409,2069.9843,835.0841,0.8582
39.2923,3082.6752,1313.1508,8.8409,2069.9824,835.0820,0.8599
39.3018,3083.6010,1313.3107,8.8409,2070.0063,835.0851,0.8564
39.3108,3084.5659,1313.4328,8.8409,2069.9955,835.0948,0.8418
39.3206,3085.5431,1313.5723,8.8409,2070.0107,835.0789,0.8536
39.3308,3086.5597,1313.7637,8.8409,2070.0074,835.0889,0.8466
39.3408,3087.6157,1313.9672,8.8409,2069.9951,835.0868,0.8594
39.3503,3088.6504,1314.1409,8.8409,2069.9760,835.0686,0.8727
39.3608,3089.6570,1314.2960,8.8409,2069.9864,835.0908,0.8542
39.3707,3090.6228,1314.4453,8.8409,2069.9885,835.0760,0.8623
39.3813,3091.5399,1314.6598,8.8409,2069.9828,835.0775,0.8644
39.3922,3092.5366,1314.8282,8.8409,2070.0085,835.0894,0.8456
39.4016,3093.6090,1314.9971,8.8409,2069.9999,835.0850,0.8588
39.4113,3094.6831,1315.1757,8.8409,2069.9921,835.0861,0.8602
39.4647,3098.9990,1315.9363,9.5851,2069.9935,835.0702,0.8697
39.4657,3099.9415,1316.3074,9.5784,2070.0208,835.1245,0.8585
39.4715,3100.9264,1316.2800,9.6004,2069.9861,835.0785,0.8678
39.4810,3101.9308,1316.4280,9.6447,2069.9837,835.0858,0.8609
39.4911,3102.9921,1316.5974,9.6201,2069.9924,835.0844,0.8684
39.5013,3104.0978,1316.8740,9.2234,2069.9882,835.0768,0.8734
39.5112,3105.2883,1317.1832,9.2234,2069.9851,835.0775,0.8580
39.5211,3106.2837,1317.3605,9.2234,2070.0078,835.0755,0.8562
39.5312,3107.3018,1317.9147,9.2234,2069.9937,835.0884,0.8467
39.5432,3108.2023,1318.1840,9.2234,2069.9952,835.0725,0.8677
39.5542,3109.1438,1318.6634,9.2234,2069.9916,835.0884,0.8575
39.5613,3110.0481,1319.3036,9.2234,2069.9896,835.0925,0.8569
39.5717,3110.9897,1319.8539,9.2234,2069.9826,835.0785,0.8690
39.5823,3111.8060,1320.5750,9.2234,2069.9783,835.0835,0.8643
39.5912,3112.6659,1321.2132,9.2234,2069.9980,835.0797,0.8628
39.6010,3113.5573,1321.6005,9.2234,2069.9869,835.0894,0.8469
39.6110,3114.4674,1321.6983,9.2234,2070.0035,835.0852,0.8501
39.6207,3115.3892,1321.5753,9.2234,2070.0101,835.0832,0.8437
39.6308,3116.2828,1321.3422,9.2234,2069.9985,835.0880,0.8443
39.6409,3117.1465,1321.3354,9.2234,2069.9816,835.0749,0.8704
39.6510,3118.0304,1321.3125,9.2234,2069.9836,835.0856,0.8563
39.6609,3119.0448,1321.2930,9.2234,2069.9810,835.0818,0.8656
39.6709,3120.1980,1321.2134,9.2234,2069.9756,835.0769,0.8623
39.6808,3121.3502,1321.1116,9.2234,2069.9954,835.0932,0.8547
39.6911,3122.4176,1321.2165,9.2234,2069.9992,835.0846,0.8473
39.7009,3123.3276,1321.2190,9.2234,2069.9869,835.0888,0.8404
39.7110,3124.2543,1321.2046,9.2234,2070.0011,835.0859,0.8629
39.7208,3125.1512,1321.1196,9.2234,2069.9910,835.0833,0.8592
39.7309,3126.0547,1321.0499,9.2234,2069.9845,835.0861,0.8621
39.7410,3127.0297,1320.9826,9.2234,2069.9899,835.0725,0.8647
39.7507,3128.0796,1320.9277,9.2234,2069.9970,835.0938,0.8422
39.7607,3129.2046,1320.9084,9.2234,2069.9757,835.0764,0.8607
39.7704,3130.3302,1320.9421,9.2234,2069.9860,835.0732,0.8531
39.7826,3131.4341,1320.9561,9.2234,2070.0101,835.0973,0.8465
39.7904,3132.4672,1321.0020,9.2234,2069.9809,835.0768,0.8715
39.8002,3133.4502,1320.9449,9.2234,2069.9818,835.0823,0.8537
39.8107,3134.3662,1320.9074,9.2234,2070.0145,835.0893,0.8466
39.8203,3135.2887,1320.8647,9.2234,2069.9878,835.0842,0.8572
39.8303,3136.2449,1320.8314,9.2234,2069.9846,835.0814,0.8599
39.8409,3137.2616,1320.7776,9.2234,2070.0164,835.0839,0.8516
39.8520,3138.2704,1320.7816,9.2234,2069.9908,835.0932,0.8456
39.8607,3139.3240,1320.8058,9.2234,2069.9812,835.0719,0.8725
39.8702,3140.3713,1320.8732,9.2234,2069.9995,835.0914,0.8383
39.8805,3141.3713,1320.8705,9.2234,2069.9946,835.0866,0.8516
39.8903,3142.2965,1320.8129,9.2234,2069.9849,835.0686,0.8546
39.9000,3143.1935,1320.7613,9.2234,2070.0085,835.0947,0.8382
39.9102,3144.1079,1320.7219,9.2234,2069.9963,835.0719,0.8581
39.9200,3145.0535,1320.7224,9.2234,2069.9848,835.0779,0.8554
39.9310,3146.0365,1320.7147,9.2234,2069.9902,835.0823,0.8555
39.9409,3147.1257,1320.7287,9.2234,2069.9811,835.0716,0.8614
39.9504,3148.2128,1320.7385,9.2234,2069.9901,835.0920,0.8449
39.9607,3149.2689,1320.7547,9.2234,2069.9934,835.0759,0.8575
39.9704,3150.2544,1320.7358,9.2234,2069.9869,835.0759,0.8583
39.9819,3151.1779,1320.7098,9.2234,2070.0043,835.0876,0.8487
39.9903,3152.0400,1320.6824,9.2234,2069.9996,835.0790,0.8493
40.0005,3152.9723,1320.6735,9.2234,2069.9938,835.0844,0.8514
40.0104,3153.9546,1320.6615,9.2234,2070.0110,835.0843,0.8480
40.0209,3154.9783,1320.6365,9.2234,2069.9966,835.0912,0.8489
40.0316,3156.0967,1320.6508,-0.1541,2069.9868,835.0794,0.8603
40.0412,3157.2384,1320.6865,-0.1541,2069.9990,835.0848,0.8491
40.0502,3158.3058,1320.7101,-0.1541,2069.9961,835.0924,0.8446
40.0612,3159.2559,1320.7018,-0.1541,2069.9893,835.0680,0.8702
40.0710,3160.1708,1320.6846,-0.1541,2069.9918,835.0877,0.8497
40.0815,3161.0953,1320.6702,-0.1541,2069.9970,835.0790,0.8521
40.0915,3162.0461,1320.6802,-0.1541,2069.9909,835.0699,0.8510
40.1006,3163.0037,1320.6658,-0.1541,2070.0018,835.0919,0.8446
40.1108,3163.8909,1320.6332,-0.1541,2070.0026,835.0795,0.8543
40.1201,3164.6671,1320.6474,-0.1541,2069.9941,835.0878,0.8410
40.1302,3165.4265,1320.7031,-0.1541,2070.0045,835.0818,0.8507
40.1408,3166.2767,1320.7657,-0.1541,2069.9851,835.0816,0.8625
40.1501,3167.2456,1320.7894,-0.1541,2069.9948,835.0850,0.8480
40.1621,3168.2438,1320.7662,-0.1541,2070.0117,835.0841,0.8468
40.1706,3169.2167,1320.7198,-0.1541,2069.9840,835.0816,0.8518
40.1803,3170.2075,1320.7159,-0.1541,2069.9971,835.0741,0.8616
40.1904,3171.1808,1320.6974,-0.1541,2069.9986,835.0856,0.8476
40.2014,3172.2101,1320.7147,-0.1541,2069.9811,835.0812,0.8680
40.2109,3173.2024,1320.7398,-0.1541,2069.9886,835.0732,0.8638
40.2210,3174.2374,1320.7821,-0.1541,2070.0029,835.0965,0.8428
40.2304,3175.2715,1320.8307,-0.1541,2069.9877,835.0797,0.8560
40.2407,3176.2633,1320.8020,-0.1541,2069.9954,835.0843,0.8576
40.2511,3177.1908,1320.7576,-0.1541,2070.0060,835.0827,0.8448
40.2608,3178.0872,1320.7357,-0.1541,2070.0059,835.0770,0.8575
40.2706,3178.9607,1320.7278,-0.1541,2069.9831,835.0774,0.8500
40.2807,3179.9148,1320.7780,-0.1541,2069.9941,835.0773,0.8514
40.2906,3180.9204,1320.7672,-0.1541,2069.9838,835.0894,0.8543
40.3002,3181.9834,1320.7805,-0.1541,2069.9829,835.0867,0.8558
40.3106,3183.0657,1320.7849,-0.1541,2069.9969,835.0851,0.8528
40.3204,3184.0929,1320.8029,-0.1541,2070.0010,835.0900,0.8476
40.3309,3185.0557,1320.8192,-0.1541,2070.0035,835.0774,0.8566
40.3412,3185.9589,1320.7691,-0.1541,2069.9931,835.0747,0.8463
40.3524,3186.8658,1320.7123,-0.1541,2069.9960,835.0788,0.8466
40.3619,3187.8228,1320.7084,-0.1541,2069.9873,835.0818,0.8574
40.3725,3188.8350,1320.7485,-0.1541,2069.9846,835.0853,0.8386
40.3816,3189.8958,1320.7850,-0.1541,2069.9991,835.0872,0.8539
40.3915,3190.9490,1320.8056,-0.1541,2070.0010,835.0945,0.8520
40.4003,3192.0659,1320.8549,-0.1541,2069.9920,835.0907,0.8564
40.4101,3193.1300,1320.8563,-0.1541,2069.9917,835.0846,0.8566
40.4218,3194.1467,1320.8633,-0.1541,2069.9883,835.0859,0.8510
40.4305,3195.0905,1320.7967,-0.1541,2069.9951,835.0774,0.8499
40.4406,3196.0311,1320.7318,-0.1541,2069.9917,835.0893,0.8488
40.4507,3197.0500,1320.7220,-0.1541,2069.9901,835.0765,0.8516
40.4608,3198.0889,1320.7432,-0.1541,2070.0128,835.0922,0.8406
40.4712,3199.1304,1320.7641,-0.1541,2069.9987,835.0906,0.8534
40.4804,3200.1826,1320.7738,-0.1541,2069.9905,835.0789,0.8583
40.4921,3201.2377,1320.8015,-0.1541,2069.9967,835.0880,0.8486
40.5016,3202.2773,1320.7968,-0.1541,2069.9838,835.0715,0.8756
40.5120,3203.2377,1320.7717,-0.1541,2069.9869,835.0819,0.8635
40.5218,3204.2119,1320.6976,-0.1541,2069.9993,835.0901,0.8471
40.5312,3205.2358,1320.6492,-0.1541,2069.9904,835.0700,0.8654
40.5409,3206.2874,1320.6440,-0.1541,2069.9944,835.0909,0.8450
40.5508,3207.3304,1320.6353,-0.1541,2070.0090,835.0948,0.8468
40.5610,3208.4147,1320.6208,-0.1541,2069.9880,835.0876,0.8443
40.5710,3209.4904,1320.6140,-0.1541,2070.0001,835.0783,0.8456
40.5810,3210.5624,1320.5956,-0.1541,2070.0146,835.0838,0.8498
40.5910,3211.5326,1320.5774,-0.1541,2069.9886,835.0780,0.8535
40.6008,3212.4514,1320.5330,-0.1541,2069.9946,835.0706,0.8605
40.6109,3213.3646,1320.5346,-0.1541,2069.9968,835.0964,0.8453
40.6201,3214.3563,1320.5544,-0.1541,2069.9777,835.0803,0.8697
40.6308,3215.3715,1320.5387,-0.1541,2069.9783,835.0831,0.8644
40.6409,3216.4635,1320.5223,-0.1541,2070.0038,835.0948,0.8492
40.6508,3217.5540,1320.5145,-0.1541,2069.9834,835.0824,0.8655
40.6610,3218.6459,1320.5043,-0.1541,2069.9918,835.0807,0.8424
40.6706,3219.6735,1320.5075,-0.1541,2070.0173,835.0800,0.8409
40.6807,3220.6534,1320.4935,-0.1541,2069.9902,835.0753,0.8452
40.6909,3221.5815,1320.4794,-0.1541,2069.9900,835.0829,0.8530
40.7010,3222.5798,1320.4880,-0.1541,2069.9947,835.0756,0.8489
40.7107,3223.6088,1320.5286,-0.1541,2069.9911,835.0882,0.8530
40.7208,3224.6677,1320.5164,-0.1541,2069.9744,835.0835,0.8733
40.7309,3225.7251,1320.4930,-0.1541,2069.9788,835.0814,0.8531
40.7406,3226.8234,1320.5095,-0.1541,2069.9891,835.0820,0.8542
40.7507,3227.8987,1320.5140,-0.1541,2069.9869,835.0758,0.8672
40.7613,3228.9174,1320.5129,-0.1541,2069.9901,835.0781,0.8559
40.7709,3229.9432,1320.4337,-0.1541,2069.9992,835.0800,0.8450
40.7808,3230.8972,1320.4311,-0.1541,2069.9928,835.0853,0.8579
40.7917,3231.8655,1320.4637,-0.1541,2069.9925,835.0909,0.8604
40.8005,3232.8596,1320.5211,-0.1541,2069.9990,835.0909,0.8502
40.8109,3233.8406,1320.5054,-0.1541,2069.9904,835.0923,0.8463
40.8204,3234.8839,1320.5016,-0.1541,2069.9838,835.0809,0.8639
40.8308,3235.8905,1320.5027,-0.1541,2069.9926,835.0837,0.8481
40.8413,3236.9602,1320.5269,-0.1541,2069.9971,835.0769,0.8548
40.8505,3237.9578,1320.5161,-0.1541,2069.9832,835.0728,0.8621
40.8626,3238.8899,1320.4647,-0.1541,2069.9990,835.0947,0.8491
40.8704,3239.8583,1320.4502,-0.1541,2069.9912,835.0873,0.8546
40.8808,3240.8370,1320.4872,-0.1541,2069.9863,835.0889,0.8438
40.8918,3241.8383,1320.5084,-0.1541,2069.9970,835.0899,0.8543
40.9007,3242.8226,1320.4767,-0.1541,2069.9943,835.0817,0.8581
40.9101,3243.8557,1320.4760,-0.1541,2069.9851,835.0866,0.8607
40.9203,3244.9044,1320.4714,-0.1541,2070.0032,835.0705,0.8633
40.9308,3245.8932,1320.4570,-0.1541,2070.0038,835.0829,0.8474
40.9403,3246.8467,1320.4196,-0.1541,2069.9903,835.0713,0.8690
40.9508,3247.7876,1320.3694,-0.1541,2069.9966,835.0894,0.8446
40.9607,3248.7334,1320.3967,-0.1541,2069.9978,835.0922,0.8472
40.9703,3249.7283,1320.4700,-0.1541,2069.9818,835.0797,0.8651
40.9808,3250.7163,1320.4891,-0.1541,2069.9987,835.0924,0.8493
40.9906,3251.7509,1320.4672,-0.1541,2070.0140,835.0920,0.8411
41.0002,3252.8558,1320.4534,-0.1541,2069.9963,835.0774,0.8564
41.0108,3253.8914,1320.4620,-0.1541,2069.9971,835.0805,0.8456
41.0201,3254.8933,1320.4380,-0.1541,2070.0099,835.0794,0.8513
41.0304,3255.8608,1320.4435,-0.1541,2069.9807,835.0755,0.8566
41.0404,3256.8154,1320.4420,-0.1541,2069.9758,835.0742,0.8571
41.0504,3257.7605,1320.5013,-0.1541,2069.9973,835.0924,0.8483
41.0603,3258.7147,1320.5789,-0.1541,2069.9842,835.0824,0.8630
41.0704,3259.6812,1320.5648,-0.1541,2070.0003,835.0742,0.8560
41.0815,3260.7134,1320.5425,-0.1541,2070.0087,835.0998,0.8325
41.0913,3261.7717,1320.5609,-0.1541,2069.9980,835.0860,0.8564
41.1015,3262.8284,1320.5654,-0.1541,2069.9926,835.0911,0.8489
41.1111,3263.8212,1320.5524,-0.1541,2069.9975,835.0890,0.8494
41.1202,3264.8715,1320.5380,-0.1541,2069.9713,835.0764,0.8706
41.1307,3265.9045,1320.5609,-0.1541,2069.9786,835.0850,0.8585
41.1414,3266.9052,1320.6516,-0.1541,2069.9999,835.0853,0.8486
41.1502,3267.9309,1320.7377,-0.1541,2069.9984,835.0739,0.8445
41.1603,3268.9589,1320.7653,-0.1541,2070.0110,835.0815,0.8381
41.1710,3269.9789,1320.7592,-0.1541,2070.0143,835.0917,0.8421
41.1822,3271.0859,1320.7831,-0.1541,2069.9832,835.0820,0.8490
41.1901,3272.1885,1320.8305,-0.1541,2069.9833,835.0807,0.8695
41.2010,3273.2560,1320.8495,-0.1541,2069.9915,835.0992,0.8516
41.2122,3274.2618,1320.8184,-0.1541,2069.9792,835.0866,0.8748
41.2201,3275.2949,1320.8132,-0.1541,2069.9810,835.0837,0.8703
41.2309,3276.2992,1320.8685,-0.1541,2070.0049,835.0945,0.8453
41.2406,3277.2290,1320.9061,-0.1541,2069.9830,835.0743,0.8674
41.2504,3278.1139,1320.9140,-0.1541,2069.9801,835.0725,0.8670
41.2618,3279.0840,1320.9055,0.9139,2069.9988,835.0865,0.8524
41.2709,3280.0756,1320.9274,0.9139,2069.9846,835.0790,0.8591
41.2805,3281.1166,1320.9410,0.9139,2069.9924,835.0822,0.8518
41.2913,3282.1195,1320.9288,0.9139,2070.0119,835.0882,0.8407
41.3028,3283.0861,1320.8671,0.9139,2069.9948,835.0974,0.8418
41.3110,3284.0500,1320.8989,0.9139,2069.9779,835.0777,0.8592
41.3208,3284.9833,1320.9978,0.9139,2069.9886,835.0773,0.8600
41.3305,3285.8477,1321.0705,0.9139,2069.9745,835.0799,0.8609
41.3419,3286.6624,1321.0948,0.9139,2069.9736,835.0648,0.8693
41.3518,3287.4934,1321.0640,0.9139,2069.9982,835.0808,0.8460
41.3608,3288.2600,1321.1022,0.9139,2070.0086,835.0813,0.8443
41.3705,3289.0513,1321.1566,0.9139,2069.9963,835.0870,0.8562
41.3810,3289.9387,1321.2044,0.9139,2070.0184,835.0937,0.8254
41.3911,3290.8846,1321.2468,0.9139,2069.9990,835.0887,0.8456
41.4010,3291.9700,1321.2465,0.9139,2069.9811,835.0825,0.8617
41.4108,3293.0569,1321.2462,0.9139,2069.9966,835.0774,0.8570
41.4202,3294.0930,1321.3170,0.9139,2069.9880,835.0855,0.8583
41.4301,3295.0826,1321.4056,0.9139,2069.9798,835.0838,0.8682
41.4414,3296.1154,1321.4398,0.9139,2069.9964,835.0851,0.8593
41.4502,3297.1766,1321.4400,0.9139,2069.9918,835.0901,0.8468
41.4609,3298.2404,1321.4258,0.9139,2069.9872,835.0721,0.8637
41.4707,3299.2764,1321.3970,0.9139,2069.9880,835.0805,0.8526
41.4809,3300.2906,1321.3472,0.9139,2069.9962,835.0864,0.8450
41.4906,3301.2528,1321.3862,0.9139,2069.9919,835.0823,0.8487
41.5004,3302.1998,1321.4640,0.9139,2070.0024,835.0938,0.8404
41.5110,3303.1180,1321.5550,0.9139,2070.0118,835.0883,0.8546
41.5206,3304.0554,1321.5802,0.9139,2069.9747,835.0779,0.8623
41.5307,3305.0531,1321.5684,0.9139,2069.9920,835.0837,0.8682
41.5407,3306.1110,1321.5722,0.9139,2069.9840,835.0771,0.8747
41.5506,3307.2104,1321.5748,0.9139,2069.9677,835.0782,0.8703
41.5620,3308.2487,1321.5052,0.9139,2069.9878,835.0863,0.8558
41.5710,3309.2245,1321.4506,0.9139,2070.0049,835.0936,0.8501
41.5816,3310.2085,1321.5431,0.9139,2070.0042,835.0922,0.8362
41.5907,3311.1187,1321.6537,0.9139,2070.0101,835.0966,0.8402
41.6006,3312.0393,1321.7466,0.9139,2069.9948,835.0843,0.8450
41.6103,3312.9819,1321.7282,0.9139,2069.9930,835.0764,0.8649
41.6201,3313.9818,1321.7466,0.9139,2069.9749,835.0764,0.8657
41.6303,3315.0540,1321.7516,0.9139,2069.9869,835.0700,0.8703
41.6403,3316.1362,1321.7296,0.9139,2069.9904,835.0925,0.8500
41.6503,3317.2272,1321.6887,0.9139,2069.9913,835.0970,0.8431
41.6607,3318.2231,1321.6705,0.9139,2070.0045,835.0829,0.8513
41.6708,3319.2123,1321.7487,0.9139,2070.0002,835.0978,0.8446
41.6807,3320.1847,1321.8204,0.9139,2069.9971,835.0858,0.8533
41.6901,3321.1605,1321.8286,0.9139,2069.9877,835.0733,0.8573
41.7003,3322.1968,1321.7971,0.9139,2069.9946,835.0890,0.8468
41.7101,3323.2795,1321.8153,0.9139,2069.9903,835.0845,0.8626
41.7207,3324.3323,1321.8200,0.9139,2069.9807,835.0872,0.8609
41.7305,3325.4052,1321.7853,0.9139,2070.0070,835.0827,0.8508
41.7408,3326.4510,1321.7670,0.9139,2070.0027,835.0934,0.8435
41.7513,3327.4780,1321.7983,0.9139,2069.9890,835.0851,0.8600
41.7610,3328.4141,1321.8195,0.9139,2069.9985,835.0823,0.8434
41.7700,3329.4247,1321.8348,0.9139,2069.9938,835.0851,0.8469
41.7802,3330.4247,1321.8118,0.9139,2069.9805,835.0757,0.8690
41.7903,3331.5060,1321.8311,0.9139,2069.9838,835.0950,0.8490
41.8001,3332.5978,1321.8470,0.9139,2069.9932,835.0846,0.8523
41.8104,3333.6649,1321.8406,0.9139,2069.9778,835.0878,0.8580
41.8204,3334.7114,1321.8044,0.9139,2069.9780,835.0920,0.8502
41.8304,3335.6986,1321.8136,0.9139,2069.9870,835.0822,0.8643
41.8418,3336.6517,1321.9075,0.9139,2069.9823,835.0879,0.8427
41.8514,3337.5583,1321.9553,0.9139,2069.9872,835.0753,0.8603
41.8608,3338.5364,1321.9488,0.9139,2069.9929,835.0780,0.8568
41.8705,3339.5293,1321.8963,0.9139,2069.9899,835.0861,0.8427
41.8808,3340.6460,1321.9239,0.9139,2069.9941,835.0819,0.8587
41.8909,3341.7578,1321.9245,0.9139,2069.9857,835.0952,0.8573
41.9006,3342.8033,1321.8984,0.9139,2069.9858,835.0917,0.8654
41.9106,3343.8160,1321.9065,0.9139,2069.9763,835.0834,0.8696
41.9204,3344.7729,1321.9612,0.9139,2069.9814,835.0793,0.8589
41.9307,3345.6886,1322.0432,0.9139,2069.9962,835.0784,0.8640
41.9407,3346.6256,1322.0969,0.9139,2069.9850,835.0817,0.8517
41.9505,3347.5619,1322.1310,0.9139,2069.9990,835.0692,0.8585
41.9614,3348.5743,1322.1389,0.9139,2069.9970,835.0881,0.8501
41.9708,3349.6274,1322.1567,0.9139,2069.9953,835.0846,0.8508
41.9815,3350.6874,1322.1215,0.9139,2069.9932,835.0758,0.8681
41.9916,3351.7288,1322.0810,0.9139,2069.9998,835.0966,0.8471
42.0004,3352.7408,1322.1030,0.9139,2069.9797,835.0836,0.8675
42.0114,3353.6819,1322.1609,0.9139,2069.9813,835.0761,0.8769
42.0203,3354.5879,1322.2660,0.9139,2069.9955,835.0857,0.8519
42.0303,3355.4855,1322.3459,0.9139,2069.9880,835.0799,0.8549
42.0406,3356.4078,1322.3888,0.9139,2069.9871,835.0844,0.8560
42.0508,3357.4398,1322.3915,0.9139,2070.0074,835.0897,0.8534
42.0603,3358.5177,1322.3911,0.9139,2069.9966,835.0911,0.8505
42.0706,3359.6498,1322.3763,0.9139,2069.9908,835.0844,0.8621
42.0822,3360.6880,1322.4034,0.9139,2069.9957,835.0821,0.8487
42.0916,3361.7327,1322.4518,0.9139,2069.9946,835.0903,0.8446
42.1015,3362.6892,1322.4935,0.9139,2069.9838,835.0690,0.8569
42.1118,3363.6100,1322.5533,0.9139,2069.9998,835.0865,0.8414
42.1217,3364.5533,1322.6050,0.9139,2070.0072,835.0849,0.8545
42.1315,3365.5264,1322.6473,0.9139,2069.9832,835.0759,0.8574
42.1406,3366.5656,1322.6720,0.9139,2069.9822,835.0847,0.8562
42.1507,3367.6777,1322.6742,0.9139,2069.9849,835.0786,0.8678
42.1616,3368.7338,1322.6951,0.9139,2069.9811,835.0826,0.8557
42.1701,3369.7842,1322.7330,0.9139,2069.9880,835.0782,0.8608
42.1811,3370.7582,1322.8090,0.9139,2070.0033,835.0832,0.8531
42.1905,3371.6570,1322.8701,0.9139,2070.0031,835.0836,0.8479
42.2014,3372.5475,1322.9454,0.9139,2070.0004,835.0759,0.8542
42.2110,3373.4823,1322.9826,0.9139,2069.9960,835.0830,0.8519
42.2209,3374.4692,1323.0026,0.9139,2069.9911,835.0793,0.8660
42.2316,3375.5312,1323.0013,0.9139,2069.9808,835.0770,0.8675
42.2407,3376.6394,1323.0181,0.9139,2069.9854,835.0854,0.8610
42.2513,3377.7189,1323.0678,0.9139,2069.9798,835.0750,0.8751
42.2607,3378.7214,1323.1041,0.9139,2069.9774,835.0843,0.8570
42.2718,3379.6432,1323.1525,0.9139,2069.9973,835.0739,0.8616
42.2804,3380.4940,1323.2570,0.9139,2069.9955,835.0832,0.8487
42.2907,3381.4009,1323.3434,0.9139,2069.9879,835.0810,0.8629
42.3007,3382.3280,1323.3920,0.9139,2069.9926,835.0736,0.8647
42.3114,3383.3357,1323.3840,0.9139,2069.9918,835.0856,0.8440
42.3225,3384.3552,1323.3871,0.9139,2069.9897,835.0784,0.8667
42.3302,3385.4575,1323.3976,0.9139,2069.9957,835.0806,0.8526
42.3405,3386.5598,1323.4212,0.9139,2070.0140,835.0902,0.8454
42.3508,3387.5872,1323.4565,0.9139,2069.9877,835.0837,0.8527
42.3612,3388.4746,1323.5079,0.9139,2069.9879,835.0898,0.8521
42.3705,3389.3524,1323.5961,0.9139,2069.9938,835.0790,0.8599
42.3809,3390.2262,1323.6422,0.9139,2069.9637,835.0814,0.8614
42.3907,3391.1436,1323.6735,0.9139,2069.9750,835.0811,0.8621
42.4018,3392.1040,1323.6468,0.9139,2069.9973,835.0884,0.8510
42.4125,3393.1495,1323.6342,0.9139,2069.9988,835.0849,0.8359
42.4222,3394.2821,1323.6358,0.9139,2070.0036,835.0848,0.8469
42.4303,3395.3630,1323.6750,2.3936,2070.0078,835.0790,0.8450
42.4404,3396.3499,1323.7327,2.3835,2069.9989,835.0838,0.8520
42.4511,3397.2383,1323.8193,2.3705,2069.9813,835.0775,0.8649
42.4614,3398.1317,1323.9284,2.3216,2069.9830,835.0737,0.8672
42.4708,3399.1008,1324.0406,2.0143,2069.9791,835.0787,0.8726
42.4809,3400.4092,1324.2047,1.3756,2069.9816,835.0860,0.8601
42.4914,3401.7192,1324.0363,1.3756,2070.0001,835.0840,0.8553
42.5012,3402.7539,1324.4913,1.3756,2070.0056,835.0855,0.8431
42.5115,3404.0227,1324.6779,-1.9746,2070.0007,835.0857,0.8498
