time[s], wr_x[mm], wr_y[mm] 
0.0001,490.5338,1268.5261,5.7577,1811.5245,1308.2283,-0.5653
3.7262,490.2853,1268.5847,5.7704,1811.5280,1308.2422,-0.5665
3.7341,490.2149,1268.6411,5.7843,1811.5198,1308.2634,-0.5849
3.7408,490.3045,1268.5773,5.7953,1811.5184,1308.2377,-0.5569
3.7467,490.4135,1268.5560,5.7722,1811.5235,1308.2435,-0.5571
3.7630,490.2275,1268.6368,5.7657,1811.5244,1308.2547,-0.5824
3.7644,490.4087,1268.5430,5.7789,1811.5208,1308.2152,-0.5597
3.7719,490.2410,1268.6210,5.6149,1811.5234,1308.2432,-0.5679
3.7806,490.5841,1268.8191,4.9290,1811.5275,1308.2361,-0.5615
3.7912,490.7455,1268.9270,4.1416,1811.5212,1308.2394,-0.5558
3.8051,490.7241,1268.7845,3.1854,1811.5195,1308.2452,-0.5567
3.8107,490.7821,1269.4219,1.8667,1811.5266,1308.2474,-0.5620
3.8207,490.8583,1269.7006,0.4912,1811.5172,1308.2703,-0.5834
3.8306,490.9933,1269.6145,-1.1492,1811.5209,1308.2350,-0.5633
3.8411,491.2062,1270.3737,-2.9283,1811.5331,1308.2526,-0.5787
3.8508,491.4879,1270.6182,-2.9283,1811.5220,1308.2498,-0.5866
3.8643,491.7172,1270.8553,-2.9283,1811.5142,1308.2198,-0.5625
3.8709,492.0304,1271.3879,-2.9283,1811.5247,1308.2575,-0.5900
3.8811,492.4733,1271.7856,-2.9283,1811.5181,1308.2407,-0.5756
3.8907,492.7134,1272.1880,-2.9283,1811.5247,1308.2457,-0.5653
3.9017,493.1183,1272.7608,-2.9283,1811.5283,1308.2527,-0.5739
3.9108,493.5260,1273.3091,-2.9283,1811.5400,1308.2464,-0.5789
3.9208,493.7096,1273.9061,-2.9283,1811.5264,1308.2652,-0.5910
3.9308,494.1750,1274.4506,-2.9283,1811.5243,1308.2345,-0.5603
3.9409,494.5174,1274.9230,-2.9283,1811.5264,1308.2599,-0.5775
3.9518,494.8464,1275.2195,-2.9283,1811.5139,1308.2419,-0.5675
3.9627,495.1573,1275.4658,-2.9283,1811.5120,1308.2311,-0.5471
3.9707,495.4716,1275.5624,-2.9283,1811.5256,1308.2550,-0.5795
3.9807,495.7624,1275.3995,-2.9283,1811.5322,1308.2379,-0.5649
3.9905,495.8100,1275.2161,-2.9283,1811.5223,1308.2457,-0.5754
4.0010,496.1601,1275.0513,-2.9283,1811.5405,1308.2416,-0.5795
4.0112,496.3311,1275.0723,-2.9283,1811.5289,1308.2456,-0.5698
4.0212,496.4714,1275.0408,-2.9283,1811.5233,1308.2435,-0.5741
4.0317,496.7431,1274.8886,-2.9283,1811.5168,1308.2328,-0.5639
4.0412,496.7836,1274.8478,-2.9283,1811.5229,1308.2604,-0.5695
4.0531,496.9454,1274.7670,-2.9283,1811.5099,1308.2273,-0.5567
4.0609,497.0409,1274.7626,-2.9283,1811.5114,1308.2289,-0.5517
4.0704,496.9755,1274.8115,-2.9283,1811.5189,1308.2509,-0.5717
4.0805,497.0197,1274.7437,-2.9283,1811.5189,1308.2211,-0.5508
4.0904,497.0123,1274.7606,-2.9283,1811.5209,1308.2473,-0.5659
4.1012,497.1363,1274.7408,-2.9283,1811.5345,1308.2351,-0.5640
4.1115,497.0491,1274.7694,-2.9283,1811.5179,1308.2427,-0.5663
4.1207,497.1549,1274.7059,-2.9283,1811.5235,1308.2452,-0.5717
4.1306,497.4414,1274.5924,-2.9283,1811.5344,1308.2365,-0.5701
4.1405,497.3203,1274.6345,-2.9283,1811.5104,1308.2460,-0.5771
4.1504,497.3473,1274.6191,-2.9283,1811.5204,1308.2098,-0.5649
4.1610,497.5761,1274.5794,-2.9283,1811.5167,1308.2386,-0.5714
4.1708,497.4168,1274.5917,-2.9283,1811.5054,1308.2225,-0.5612
4.1808,497.6237,1274.4866,-2.9283,1811.5187,1308.2208,-0.5489
4.1907,497.5190,1274.5418,-2.9283,1811.5152,1308.2479,-0.5766
4.2011,497.7819,1274.4409,-2.9283,1811.5263,1308.2306,-0.5625
4.2121,497.6857,1274.4890,-2.9283,1811.5112,1308.2420,-0.5656
4.2215,497.6825,1274.4835,-2.9283,1811.5273,1308.2443,-0.5766
4.2325,497.6695,1274.4602,-2.9283,1811.5204,1308.2294,-0.5659
4.2406,497.7135,1274.4344,-2.9283,1811.5164,1308.2435,-0.5800
4.2517,498.0454,1274.3079,-2.9283,1811.5235,1308.2269,-0.5678
4.2621,498.1800,1274.2847,-2.9283,1811.5248,1308.2571,-0.5776
4.2712,498.3711,1274.1666,-2.9283,1811.5172,1308.2404,-0.5701
4.2822,498.7668,1273.9626,-2.9283,1811.5150,1308.2318,-0.5474
4.2907,499.0326,1273.8800,-2.9283,1811.5156,1308.2545,-0.5714
4.3008,499.4120,1273.7361,-2.9283,1811.5176,1308.2274,-0.5505
4.3109,499.8526,1273.5727,-2.9283,1811.5112,1308.2415,-0.5585
4.3205,500.1719,1273.3788,-2.9283,1811.5224,1308.2480,-0.5818
4.3316,500.3568,1273.2875,-2.9283,1811.5221,1308.2460,-0.5767
4.3423,500.5354,1273.2083,-2.9283,1811.5135,1308.2393,-0.5716
4.3508,501.0858,1273.0068,-2.9283,1811.5239,1308.2305,-0.5611
4.3611,501.4091,1272.9100,-2.9283,1811.5180,1308.2431,-0.5657
4.3715,501.6780,1272.8022,-2.9283,1811.5132,1308.2283,-0.5536
4.3805,502.2353,1272.5748,-2.9283,1811.5221,1308.2431,-0.5578
4.3907,502.6285,1272.3869,-2.9283,1811.5262,1308.2559,-0.5754
4.4034,503.3355,1272.0606,-2.9283,1811.5237,1308.2338,-0.5596
4.4106,504.1911,1271.7611,-2.9283,1811.5209,1308.2647,-0.5748
4.4213,505.2137,1271.3534,-2.9283,1811.5284,1308.2456,-0.5642
4.4311,505.7702,1271.1166,-2.9283,1811.5151,1308.2463,-0.5720
4.4421,506.4546,1270.7890,-2.9283,1811.5216,1308.2446,-0.5726
4.4507,507.2972,1270.3817,-2.9283,1811.5271,1308.2371,-0.5619
4.4607,507.9802,1270.1245,-2.9283,1811.5222,1308.2557,-0.5826
4.4706,508.8037,1269.7774,-2.9283,1811.5201,1308.2297,-0.5639
4.4805,509.6030,1269.4544,-2.9283,1811.5159,1308.2464,-0.5736
4.4907,510.2618,1269.1251,-2.9283,1811.5203,1308.2508,-0.5657
4.5009,511.4479,1268.6271,-2.9283,1811.5169,1308.2355,-0.5578
4.5108,512.2198,1268.3329,-2.9283,1811.5212,1308.2520,-0.5665
4.5208,513.1858,1267.9555,-2.9283,1811.5273,1308.2384,-0.5579
4.5311,513.8837,1267.6525,-2.9283,1811.5172,1308.2435,-0.5683
4.5415,514.9014,1267.2250,-2.9283,1811.5218,1308.2422,-0.5681
4.5520,515.8154,1266.8051,-2.9283,1811.5300,1308.2432,-0.5666
4.5612,516.4135,1266.5544,-2.9283,1811.5239,1308.2499,-0.5720
4.5712,517.2483,1266.2056,-2.9283,1811.5237,1308.2208,-0.5429
4.5808,518.0767,1265.8612,-2.9283,1811.5183,1308.2468,-0.5629
4.5908,519.0839,1265.3793,-2.9283,1811.5084,1308.2339,-0.5538
4.6019,520.0369,1264.9835,-2.9283,1811.5120,1308.2172,-0.5499
4.6123,521.1121,1264.6356,-2.9283,1811.5200,1308.2487,-0.5733
4.6206,522.0582,1264.2380,-2.9283,1811.5218,1308.2360,-0.5684
4.6308,522.6976,1263.8928,-2.9283,1811.5126,1308.2495,-0.5795
4.6407,523.4754,1263.4449,-2.9283,1811.5289,1308.2415,-0.5604
4.6513,524.4081,1263.0078,-2.9283,1811.5209,1308.2433,-0.5673
4.6623,525.2638,1262.7062,-2.9283,1811.5191,1308.2463,-0.5658
4.6712,526.3463,1262.2936,-2.9283,1811.5272,1308.2316,-0.5623
4.6810,527.1103,1261.9421,-2.9283,1811.5209,1308.2382,-0.5684
4.6906,528.1788,1261.4520,-2.9283,1811.5247,1308.2305,-0.5621
4.7007,529.1074,1261.1265,-2.9283,1811.5289,1308.2473,-0.5723
4.7113,530.0173,1260.7767,-2.9283,1811.5270,1308.2465,-0.5707
4.7214,530.9137,1260.2729,-2.9283,1811.5201,1308.2382,-0.5655
4.7315,531.6707,1259.8676,-2.9283,1811.5179,1308.2553,-0.5704
4.7409,532.6928,1259.4268,-2.9283,1811.5149,1308.2396,-0.5639
4.7511,533.7000,1259.0959,-2.9283,1811.5148,1308.2429,-0.5652
4.7610,534.4747,1258.7672,-2.9283,1811.5233,1308.2438,-0.5752
4.7705,535.4606,1258.3157,-2.9283,1811.5323,1308.2352,-0.5643
4.7807,536.3976,1257.9409,-2.9283,1811.5265,1308.2532,-0.5814
4.7903,537.4207,1257.5294,-2.9283,1811.5249,1308.2216,-0.5609
4.8026,538.2979,1257.2285,-2.9283,1811.5213,1308.2390,-0.5666
4.8112,539.0436,1256.8061,-2.9283,1811.5206,1308.2498,-0.5756
4.8211,539.9354,1256.3550,-2.9283,1811.5175,1308.2452,-0.5652
4.8308,540.9688,1255.9524,-2.9283,1811.5322,1308.2637,-0.5921
4.8405,541.8608,1255.6027,-22.1943,1811.5398,1308.2449,-0.5777
4.8515,542.7636,1255.1949,-22.1943,1811.5288,1308.2516,-0.5756
4.8608,543.8517,1254.6797,-22.1943,1811.5269,1308.2366,-0.5621
4.8712,544.9673,1254.2389,-22.1943,1811.5276,1308.2307,-0.5620
4.8806,545.6966,1254.0403,-22.1943,1811.5146,1308.2392,-0.5729
4.8907,546.7080,1253.6342,-22.1943,1811.5212,1308.2173,-0.5429
4.9008,547.4997,1253.3057,-22.1943,1811.5156,1308.2463,-0.5676
4.9107,548.3856,1252.9197,-22.1943,1811.5222,1308.2498,-0.5721
4.9210,549.2289,1252.5951,-22.1943,1811.5250,1308.2377,-0.5608
4.9309,549.9573,1252.3102,-22.1943,1811.5256,1308.2573,-0.5885
4.9407,550.7683,1251.9498,-22.1943,1811.5299,1308.2269,-0.5732
4.9507,551.3755,1251.7410,-22.1943,1811.5295,1308.2470,-0.5785
4.9609,552.2557,1251.3950,-22.1943,1811.5316,1308.2345,-0.5711
4.9705,553.1322,1251.0466,-22.1943,1811.5292,1308.2391,-0.5638
4.9808,553.9597,1250.7678,-22.1943,1811.5150,1308.2468,-0.5697
4.9910,555.1192,1250.3436,-22.1943,1811.5201,1308.2315,-0.5488
5.0007,556.1730,1249.9603,-22.1943,1811.5135,1308.2621,-0.5743
5.0108,557.1276,1249.5156,-22.1943,1811.5173,1308.2346,-0.5552
5.0216,557.9925,1249.1469,-22.1943,1811.5190,1308.2425,-0.5610
5.0310,558.9014,1248.8140,-22.1943,1811.5239,1308.2466,-0.5739
5.0407,559.8600,1248.4371,-22.1943,1811.5209,1308.2283,-0.5600
5.0506,560.6874,1248.0977,-22.1943,1811.5223,1308.2448,-0.5751
5.0609,561.5185,1247.7745,-22.1943,1811.5261,1308.2294,-0.5655
5.0707,562.4237,1247.4924,-22.1943,1811.5178,1308.2455,-0.5704
5.0809,563.2582,1247.1688,-22.1943,1811.5143,1308.2336,-0.5683
5.0904,564.3870,1246.7432,-22.1943,1811.5166,1308.2294,-0.5541
5.1008,565.1599,1246.4222,-22.1943,1811.5120,1308.2611,-0.5783
5.1106,566.1104,1245.9780,-22.1943,1811.5162,1308.2191,-0.5501
5.1211,567.1051,1245.6144,-22.1943,1811.5162,1308.2383,-0.5662
5.1308,568.0857,1245.2520,-22.1943,1811.5202,1308.2450,-0.5778
5.1406,568.8680,1244.9028,-22.1943,1811.5180,1308.2261,-0.5645
5.1527,569.7107,1244.6517,-22.1943,1811.5193,1308.2480,-0.5800
5.1611,570.8066,1244.2742,-22.1943,1811.5339,1308.2391,-0.5673
5.1709,571.6569,1243.8887,-22.1943,1811.5113,1308.2391,-0.5650
5.1808,572.5883,1243.5020,-22.1943,1811.5214,1308.2320,-0.5657
5.1904,573.4625,1243.1076,-22.1943,1811.5229,1308.2365,-0.5618
5.2011,574.3541,1242.7484,-22.1943,1811.5200,1308.2435,-0.5734
5.2110,575.4477,1242.3023,-22.1943,1811.5283,1308.2255,-0.5565
5.2211,576.1458,1242.0106,-22.1943,1811.5250,1308.2510,-0.5746
5.2323,577.0841,1241.6187,-22.1943,1811.5268,1308.2417,-0.5669
5.2411,578.0065,1241.2916,-22.1943,1811.5202,1308.2473,-0.5692
5.2509,578.7296,1241.0488,-22.1943,1811.5248,1308.2559,-0.5763
5.2609,579.7972,1240.5699,-22.1943,1811.5255,1308.2253,-0.5648
5.2705,580.6978,1240.1818,-22.1943,1811.5216,1308.2432,-0.5700
5.2805,581.4181,1239.8572,-22.1943,1811.5204,1308.2324,-0.5695
5.2907,582.4622,1239.4545,-22.1943,1811.5202,1308.2274,-0.5630
5.3006,583.6134,1239.0000,-22.1943,1811.5143,1308.2399,-0.5678
5.3107,584.5074,1238.6336,-22.1943,1811.5253,1308.2314,-0.5485
5.3212,585.1877,1238.3854,-22.1943,1811.5103,1308.2483,-0.5650
5.3311,586.2594,1238.0079,-22.1943,1811.5284,1308.2418,-0.5632
5.3406,587.1834,1237.7005,-22.1943,1811.5323,1308.2499,-0.5717
5.3508,588.0527,1237.3315,-22.1943,1811.5328,1308.2546,-0.5779
5.3605,589.1115,1236.8781,-22.1943,1811.5393,1308.2449,-0.5754
5.3723,589.8121,1236.5687,-22.1943,1811.5320,1308.2510,-0.5834
5.3814,591.0151,1236.0760,-22.1943,1811.5285,1308.2288,-0.5661
5.3915,591.8598,1235.7261,-22.1943,1811.5187,1308.2442,-0.5699
5.4026,592.7931,1235.3538,-22.1943,1811.5137,1308.2414,-0.5605
5.4112,593.7992,1235.0002,-22.1943,1811.5148,1308.2315,-0.5605
5.4219,594.6125,1234.7725,-22.1943,1811.5151,1308.2534,-0.5839
5.4307,595.5485,1234.3953,-22.1943,1811.5270,1308.2358,-0.5703
5.4404,596.5322,1234.0038,-22.1943,1811.5322,1308.2520,-0.5874
5.4502,597.3649,1233.6185,-22.1943,1811.5432,1308.2454,-0.5748
5.4611,598.3725,1233.2001,-22.1943,1811.5295,1308.2394,-0.5737
5.4725,599.4181,1232.8254,-22.1943,1811.5375,1308.2551,-0.5758
5.4818,600.2408,1232.4652,-22.1943,1811.5274,1308.2297,-0.5615
5.4907,601.1643,1232.1005,-22.1943,1811.5122,1308.2501,-0.5683
5.5009,602.1700,1231.7296,-22.1943,1811.5248,1308.2390,-0.5617
5.5106,603.1203,1231.4182,-22.1943,1811.5250,1308.2422,-0.5656
5.5226,603.9218,1231.0757,-22.1943,1811.5230,1308.2488,-0.5830
5.5308,604.8522,1230.6304,-22.1943,1811.5273,1308.2291,-0.5785
5.5406,606.6061,1229.9849,-22.1943,1811.5266,1308.2548,-0.5922
5.5507,607.7895,1229.5132,-22.1943,1811.5190,1308.2350,-0.5729
5.5609,609.0002,1229.0388,-22.1943,1811.5199,1308.2276,-0.5574
5.5705,609.9031,1228.6982,-22.1943,1811.5182,1308.2438,-0.5685
5.5806,610.9913,1228.2437,-22.1943,1811.5134,1308.2164,-0.5485
5.5908,611.9761,1227.9078,-22.1943,1811.5187,1308.2440,-0.5713
5.6008,612.7834,1227.6028,-22.1943,1811.5242,1308.2278,-0.5675
5.6107,613.6429,1227.2870,-22.1943,1811.5264,1308.2380,-0.5758
5.6213,614.5320,1226.8693,-22.1943,1811.5306,1308.2490,-0.5796
5.6309,615.3534,1226.5005,-22.1943,1811.5281,1308.2265,-0.5619
5.6419,616.0742,1226.2305,-22.1943,1811.5224,1308.2524,-0.5814
5.6516,617.0498,1225.8508,-22.1943,1811.5268,1308.2403,-0.5675
5.6605,617.9886,1225.4735,-22.1943,1811.5227,1308.2413,-0.5614
5.6715,618.7477,1225.1713,-22.1943,1811.5177,1308.2482,-0.5751
5.6816,619.7471,1224.7960,-22.1943,1811.5325,1308.2354,-0.5680
5.6906,620.7185,1224.4764,-22.1943,1811.5225,1308.2537,-0.5789
5.7016,621.7234,1224.1141,-22.1943,1811.5258,1308.2310,-0.5684
5.7110,622.5421,1223.7856,-22.1943,1811.5210,1308.2548,-0.5905
5.7208,623.4975,1223.3583,-22.1943,1811.5150,1308.2358,-0.5762
5.7308,624.3523,1223.0326,-22.1943,1811.5219,1308.2285,-0.5690
5.7409,625.3452,1222.6895,-22.1943,1811.5281,1308.2557,-0.5952
5.7506,626.4298,1222.2534,-22.1943,1811.5250,1308.2308,-0.5754
5.7608,627.2528,1221.9948,-22.1943,1811.5244,1308.2410,-0.5726
5.7709,628.1716,1221.6685,-22.1943,1811.5427,1308.2592,-0.5880
5.7810,629.1891,1221.2751,-22.1943,1811.5189,1308.2318,-0.5588
5.7911,630.0364,1220.8974,-22.1943,1811.5197,1308.2447,-0.5769
5.8009,631.0719,1220.4630,-22.1943,1811.5349,1308.2344,-0.5671
5.8106,631.8779,1220.1111,-22.1943,1811.5197,1308.2430,-0.5719
5.8208,632.9677,1219.6967,-22.1943,1811.5207,1308.2307,-0.5727
5.8308,633.8996,1219.3389,-22.1943,1811.5324,1308.2394,-0.5789
5.8413,634.7139,1219.0068,-22.1943,1811.5132,1308.2413,-0.5834
5.8508,635.6813,1218.6188,-22.1943,1811.5167,1308.2197,-0.5650
5.8606,636.6084,1218.3207,-22.1943,1811.5144,1308.2572,-0.5804
5.8709,637.6803,1217.8421,-22.1943,1811.5197,1308.2304,-0.5696
5.8809,638.6025,1217.3982,-22.1943,1811.5067,1308.2260,-0.5563
5.8906,639.5270,1217.0162,-22.1943,1811.5342,1308.2478,-0.5867
5.9007,640.6691,1216.5184,-22.1943,1811.5306,1308.2389,-0.5815
5.9110,641.4750,1216.1823,-22.1943,1811.5161,1308.2440,-0.5793
5.9208,642.4154,1215.7830,-22.1943,1811.5340,1308.2363,-0.5718
5.9318,643.4014,1215.4125,-22.1943,1811.5220,1308.2474,-0.5776
5.9416,644.2211,1215.1014,-22.1943,1811.5054,1308.2446,-0.5663
5.9525,645.1883,1214.7272,-22.1943,1811.5181,1308.2229,-0.5480
5.9606,645.9996,1214.3991,-22.1943,1811.5258,1308.2533,-0.5796
5.9708,646.8195,1214.0160,-22.1943,1811.5224,1308.2335,-0.5661
5.9807,647.7826,1213.6536,-22.1943,1811.5247,1308.2343,-0.5655
5.9907,648.6802,1213.2658,-22.1943,1811.5309,1308.2441,-0.5856
6.0008,649.6807,1212.8086,-22.1943,1811.5130,1308.2338,-0.5640
6.0106,650.5340,1212.4755,-22.1943,1811.5142,1308.2453,-0.5710
6.0211,651.6266,1212.0767,-22.1943,1811.5330,1308.2491,-0.5684
6.0307,652.3929,1211.8198,-22.1943,1811.5228,1308.2471,-0.5738
6.0415,653.2180,1211.4817,-22.1943,1811.5240,1308.2322,-0.5613
6.0507,654.2855,1211.1118,-22.1943,1811.5408,1308.2341,-0.5654
6.0606,655.1033,1210.8063,-22.1943,1811.5295,1308.2413,-0.5790
6.0711,656.0782,1210.3553,-22.1943,1811.5123,1308.2117,-0.5554
6.0810,656.8999,1210.0051,-22.1943,1811.5157,1308.2489,-0.5753
6.0908,657.8382,1209.6303,-22.1943,1811.5240,1308.2429,-0.5645
6.1006,658.7681,1209.2449,-22.1943,1811.5086,1308.2348,-0.5597
6.1119,659.6206,1208.9573,-22.1943,1811.5251,1308.2508,-0.5696
6.1203,660.5573,1208.6244,-22.1943,1811.5334,1308.2458,-0.5755
6.1309,661.3812,1208.3300,-22.1943,1811.5263,1308.2404,-0.5734
6.1408,662.5019,1207.9852,-22.1943,1811.5307,1308.2311,-0.5665
6.1517,663.5813,1207.6240,-22.1943,1811.5428,1308.2443,-0.5773
6.1606,664.3619,1207.2781,-22.1943,1811.5232,1308.2471,-0.5835
6.1706,665.4195,1206.7984,-22.1943,1811.5175,1308.2264,-0.5628
6.1817,666.3740,1206.4435,-22.1943,1811.5237,1308.2581,-0.5897
6.1905,667.2785,1206.1046,-22.1943,1811.5208,1308.2435,-0.5712
6.2008,668.1275,1205.7783,-22.1943,1811.5074,1308.2236,-0.5533
6.2121,668.9984,1205.4956,-22.1943,1811.5341,1308.2457,-0.5763
6.2211,669.9959,1205.1340,-22.1943,1811.5229,1308.2318,-0.5712
6.2312,670.8768,1204.8362,-22.1943,1811.5109,1308.2358,-0.5658
6.2418,671.9625,1204.4499,-22.1943,1811.5266,1308.2404,-0.5764
6.2509,672.7684,1204.1018,-22.1943,1811.5261,1308.2529,-0.5800
6.2609,673.6450,1203.6937,-22.1943,1811.5181,1308.2463,-0.5682
6.2702,674.8043,1203.2316,-22.1943,1811.5198,1308.2310,-0.5679
6.2809,675.5733,1202.9731,-22.1943,1811.5233,1308.2585,-0.5862
6.2907,676.4486,1202.6478,-22.1943,1811.5070,1308.2209,-0.5590
6.3003,677.3959,1202.3204,-22.1943,1811.5178,1308.2292,-0.5622
6.3102,678.5417,1201.9885,-22.1943,1811.5292,1308.2523,-0.5794
6.3211,679.4919,1201.6218,-22.1943,1811.5248,1308.2399,-0.5606
6.3308,680.4322,1201.2242,-22.1943,1811.5219,1308.2598,-0.5770
6.3408,681.4995,1200.7579,-22.1943,1811.5343,1308.2437,-0.5736
6.3507,682.3363,1200.4124,-22.1943,1811.5213,1308.2516,-0.5782
6.3608,683.2664,1200.1332,-22.1943,1811.5231,1308.2345,-0.5758
6.3707,684.1573,1199.7975,-22.1943,1811.5317,1308.2216,-0.5688
6.3814,684.9940,1199.4865,-22.1943,1811.5173,1308.2415,-0.5864
6.3908,685.9465,1199.1642,-22.1943,1811.5226,1308.2269,-0.5702
6.4014,686.8905,1198.8843,-22.1943,1811.5130,1308.2413,-0.5710
6.4112,687.8403,1198.4976,-22.1943,1811.5270,1308.2410,-0.5664
6.4207,688.7453,1198.0573,-22.1943,1811.5135,1308.2399,-0.5593
6.4308,689.6791,1197.6702,-22.1943,1811.5180,1308.2527,-0.5672
6.4406,690.6393,1197.3302,-22.1943,1811.5336,1308.2458,-0.5699
6.4509,691.2931,1197.1149,-22.1943,1811.5270,1308.2441,-0.5819
6.4607,692.2432,1196.7344,-22.1943,1811.5365,1308.2399,-0.5861
6.4703,693.2055,1196.3811,-22.1943,1811.5327,1308.2430,-0.5818
6.4805,694.0724,1196.1124,-22.1943,1811.5194,1308.2463,-0.5816
6.4908,695.0631,1195.7684,-22.1943,1811.5184,1308.2264,-0.5585
6.5006,695.9496,1195.4164,-22.1943,1811.5184,1308.2482,-0.5753
6.5105,696.9501,1194.9587,-22.1943,1811.5160,1308.2424,-0.5725
6.5210,697.8570,1194.5636,-22.1943,1811.5170,1308.2367,-0.5746
6.5312,698.7338,1194.2693,-22.1943,1811.5310,1308.2476,-0.5843
6.5411,699.5441,1193.9378,-22.1943,1811.5306,1308.2397,-0.5761
6.5512,700.3016,1193.6288,-22.1943,1811.5150,1308.2551,-0.5816
6.5610,701.3354,1193.2573,-22.1943,1811.5289,1308.2352,-0.5623
6.5715,702.1945,1192.9877,-22.1943,1811.5140,1308.2462,-0.5672
6.5805,703.0826,1192.7098,-22.1943,1811.5106,1308.2387,-0.5657
6.5903,704.1401,1192.3026,-22.1943,1811.5204,1308.2332,-0.5702
6.6012,705.0953,1191.9039,-22.1943,1811.5306,1308.2592,-0.5924
6.6106,706.0386,1191.4633,-22.1943,1811.5359,1308.2352,-0.5769
6.6204,706.9115,1191.1164,-22.1943,1811.5272,1308.2444,-0.5794
6.6305,707.8153,1190.8098,-22.1943,1811.5245,1308.2539,-0.5837
6.6409,708.6804,1190.4841,-22.1943,1811.5160,1308.2330,-0.5590
6.6511,709.5503,1190.1959,-22.1943,1811.5067,1308.2344,-0.5657
6.6604,710.5667,1189.8837,-22.1943,1811.5258,1308.2357,-0.5687
6.6714,711.5184,1189.5753,-22.1943,1811.5203,1308.2490,-0.5851
6.6816,712.5401,1189.1785,-22.1943,1811.5165,1308.2402,-0.5725
6.6919,713.5368,1188.7209,-22.1943,1811.5353,1308.2382,-0.5738
6.7018,714.4156,1188.3679,-22.1943,1811.5239,1308.2538,-0.5894
6.7123,715.3178,1187.9708,-22.1943,1811.5193,1308.2288,-0.5613
6.7205,716.2325,1187.6549,-22.1943,1811.5215,1308.2421,-0.5732
6.7309,717.1503,1187.3203,-22.1943,1811.5398,1308.2504,-0.5779
6.7423,718.1193,1186.9664,-22.1943,1811.5229,1308.2428,-0.5712
6.7505,719.1746,1186.6581,-22.1943,1811.5302,1308.2578,-0.5896
6.7606,720.2413,1186.2723,-22.1943,1811.5312,1308.2404,-0.5743
6.7719,721.1937,1185.8179,-22.1943,1811.5106,1308.2490,-0.5736
6.7806,722.0959,1185.3619,-22.1943,1811.5118,1308.2303,-0.5538
6.7907,723.0122,1184.9896,-22.1943,1811.5194,1308.2413,-0.5667
6.8009,723.9074,1184.6852,-22.1943,1811.5200,1308.2422,-0.5788
6.8108,724.8307,1184.3129,-22.1943,1811.5235,1308.2285,-0.5675
6.8207,725.6346,1184.0077,-22.1943,1811.5278,1308.2581,-0.5885
6.8311,726.7172,1183.6347,-22.1943,1811.5379,1308.2385,-0.5759
6.8412,727.8220,1183.2886,-22.1943,1811.5225,1308.2369,-0.5695
6.8509,728.7439,1182.9401,-22.1943,1811.5258,1308.2496,-0.5753
6.8606,729.6924,1182.4908,-22.1943,1811.5207,1308.2388,-0.5681
6.8703,730.5126,1182.1147,-22.1943,1811.5159,1308.2521,-0.5730
6.8807,731.6133,1181.6977,-22.1943,1811.5233,1308.2305,-0.5639
6.8910,732.3668,1181.4036,-22.1943,1811.5219,1308.2475,-0.5762
6.9016,733.2611,1181.0144,-22.1943,1811.5204,1308.2476,-0.5765
6.9113,734.3145,1180.6255,-22.1943,1811.5256,1308.2302,-0.5643
6.9207,735.3617,1180.3024,-22.1943,1811.5270,1308.2548,-0.5873
6.9305,736.4114,1179.9311,-22.1943,1811.5200,1308.2266,-0.5602
6.9407,737.3291,1179.5643,-22.1943,1811.5199,1308.2322,-0.5717
6.9510,738.2895,1179.1434,-22.1943,1811.5319,1308.2484,-0.5837
6.9608,739.1585,1178.7740,-22.1943,1811.5327,1308.2334,-0.5685
6.9704,739.9463,1178.5023,-22.1943,1811.5201,1308.2510,-0.5860
6.9809,740.9236,1178.1604,-22.1943,1811.5331,1308.2375,-0.5753
6.9916,741.8617,1177.8499,-22.1943,1811.5193,1308.2417,-0.5681
7.0025,742.9727,1177.4944,-22.1943,1811.5196,1308.2357,-0.5583
7.0108,744.0687,1177.1569,-22.1943,1811.5330,1308.2409,-0.5585
7.0203,744.9727,1176.8289,-22.1943,1811.5137,1308.2474,-0.5725
7.0308,745.9952,1176.3881,-22.1943,1811.5158,1308.2252,-0.5528
7.0407,746.9662,1176.0398,-22.1943,1811.5302,1308.2494,-0.5749
7.0505,747.7778,1175.7137,-22.1943,1811.5256,1308.2384,-0.5745
7.0606,748.5908,1175.4086,-22.1943,1811.5164,1308.2227,-0.5690
7.0703,749.4174,1175.1579,-22.1943,1811.5296,1308.2532,-0.5847
7.0815,750.4360,1174.8153,-22.1943,1811.5295,1308.2298,-0.5651
7.0904,751.3234,1174.5611,-22.1943,1811.5035,1308.2427,-0.5647
7.1005,752.5661,1174.1653,-22.1943,1811.5182,1308.2378,-0.5582
7.1114,753.6205,1173.8304,-22.1943,1811.5244,1308.2457,-0.5597
7.1208,754.4388,1173.5490,-22.1943,1811.5142,1308.2543,-0.5622
7.1308,755.3114,1173.1434,-22.1943,1811.5217,1308.2389,-0.5510
7.1421,756.1324,1172.8208,-22.1943,1811.5229,1308.2530,-0.5667
7.1517,756.9324,1172.4978,-22.1943,1811.5140,1308.2426,-0.5591
7.1614,757.8120,1172.2040,-22.1943,1811.5117,1308.2462,-0.5613
7.1717,758.7527,1171.8936,-22.1943,1811.5299,1308.2440,-0.5700
7.1817,759.8010,1171.5571,-22.1943,1811.5327,1308.2395,-0.5709
7.1910,760.8839,1171.2376,-22.1943,1811.5220,1308.2575,-0.5745
7.2018,761.9486,1170.9028,-22.1943,1811.5396,1308.2403,-0.5625
7.2105,762.8070,1170.5983,-22.1943,1811.5327,1308.2588,-0.5842
7.2208,763.6058,1170.2219,-22.1943,1811.5193,1308.2399,-0.5663
7.2306,764.5111,1169.8483,-22.1943,1811.5313,1308.2381,-0.5522
7.2403,765.2455,1169.5800,-22.1943,1811.5295,1308.2542,-0.5678
7.2511,766.1250,1169.2428,-22.1943,1811.5099,1308.2272,-0.5527
7.2611,767.1006,1168.9263,-22.1943,1811.5127,1308.2390,-0.5611
7.2722,768.1666,1168.5913,-22.1943,1811.5311,1308.2535,-0.5798
7.2812,769.2584,1168.2223,-22.1943,1811.5242,1308.2418,-0.5716
7.2915,770.1201,1167.9490,-22.1943,1811.5298,1308.2520,-0.5876
7.3020,770.9950,1167.5988,-22.1943,1811.5410,1308.2487,-0.5822
7.3110,771.8968,1167.2264,-22.1943,1811.5280,1308.2529,-0.5858
7.3207,772.6719,1166.8624,-22.1943,1811.5245,1308.2379,-0.5704
7.3310,773.4804,1166.5587,-22.1943,1811.5359,1308.2436,-0.5699
7.3405,774.2374,1166.3154,-22.1943,1811.5246,1308.2485,-0.5713
7.3508,775.2844,1165.9446,-22.1943,1811.5167,1308.2377,-0.5637
7.3607,776.2939,1165.6310,-22.1943,1811.5262,1308.2540,-0.5886
7.3705,777.3354,1165.2806,-22.1943,1811.5389,1308.2551,-0.5853
7.3809,778.2257,1164.9688,-22.1943,1811.5349,1308.2475,-0.5780
7.3907,779.1863,1164.6026,-22.1943,1811.5328,1308.2648,-0.5902
7.4008,780.0806,1164.2058,-22.1943,1811.5339,1308.2398,-0.5771
7.4113,780.7647,1163.9288,-22.1943,1811.5272,1308.2484,-0.5741
7.4215,781.8258,1163.5555,-22.1943,1811.5255,1308.2392,-0.5730
7.4323,782.8072,1163.2348,-22.1943,1811.5374,1308.2455,-0.5745
7.4409,783.7411,1162.9578,-22.1943,1811.5285,1308.2609,-0.5905
7.4513,784.8953,1162.5602,-22.1943,1811.5298,1308.2389,-0.5659
7.4613,785.9167,1162.2369,-22.1943,1811.5336,1308.2713,-0.5860
7.4708,786.9187,1161.9113,-22.1943,1811.5300,1308.2582,-0.5713
7.4804,787.7038,1161.5601,-22.1943,1811.5158,1308.2422,-0.5570
7.4906,788.5345,1161.2083,-22.1943,1811.5301,1308.2535,-0.5786
7.5011,789.4276,1160.8486,-22.1943,1811.5317,1308.2462,-0.5684
7.5117,790.3104,1160.5468,-22.1943,1811.5135,1308.2436,-0.5732
7.5211,791.3059,1160.2238,-22.1943,1811.5268,1308.2348,-0.5709
7.5319,792.2808,1159.9691,-22.1943,1811.5245,1308.2533,-0.5744
7.5408,793.3177,1159.5950,-22.1943,1811.5237,1308.2477,-0.5880
7.5507,794.4073,1159.1891,-22.1943,1811.5398,1308.2449,-0.5796
7.5605,795.3383,1158.8741,-22.1943,1811.5239,1308.2580,-0.5844
7.5707,796.2574,1158.4591,-22.1943,1811.5081,1308.2239,-0.5371
7.5809,798.0525,1157.7733,-22.1943,1811.4974,1308.2371,-0.5365
7.5908,799.1564,1157.3632,-22.1943,1811.5010,1308.2391,-0.5370
7.6009,800.2064,1156.9804,-22.1943,1811.5126,1308.2410,-0.5550
7.6106,801.1966,1156.6875,-22.1943,1811.5330,1308.2636,-0.5858
7.6207,802.2795,1156.3356,-22.1943,1811.5417,1308.2568,-0.5929
7.6303,803.2657,1155.9882,-22.1943,1811.5331,1308.2584,-0.5960
7.6404,804.2204,1155.6275,-22.1943,1811.5195,1308.2394,-0.5842
7.6509,805.0575,1155.3105,-22.1943,1811.5242,1308.2357,-0.5665
7.6617,805.8412,1155.0092,-22.1943,1811.5149,1308.2519,-0.5718
7.6708,806.6739,1154.6533,-22.1943,1811.5067,1308.2346,-0.5565
7.6809,807.4976,1154.3371,-22.1943,1811.5170,1308.2444,-0.5656
7.6905,808.4173,1154.0153,-22.1943,1811.5316,1308.2637,-0.5838
7.7012,809.3820,1153.6756,-22.1943,1811.5161,1308.2512,-0.5705
7.7110,810.4037,1153.3542,-22.1943,1811.5192,1308.2418,-0.5636
7.7206,811.4398,1152.9824,-22.1943,1811.5267,1308.2429,-0.5637
7.7312,812.3421,1152.6445,-22.1943,1811.5110,1308.2470,-0.5732
7.7407,813.1977,1152.3228,-22.1943,1811.5243,1308.2325,-0.5627
7.7514,814.0206,1152.0364,-22.1943,1811.5403,1308.2586,-0.5923
7.7612,814.8551,1151.7238,-22.1943,1811.5289,1308.2584,-0.5877
7.7707,815.7302,1151.3662,-22.1943,1811.5291,1308.2432,-0.5592
7.7813,816.6236,1151.0678,-22.1943,1811.5386,1308.2655,-0.5826
7.7908,817.6054,1150.7413,-22.1943,1811.5204,1308.2448,-0.5642
7.8007,818.6030,1150.4774,-22.1943,1811.5092,1308.2361,-0.5548
7.8104,819.6406,1150.1341,-22.1943,1811.5229,1308.2515,-0.5664
7.8204,820.5949,1149.7797,-22.1943,1811.5229,1308.2473,-0.5674
7.8309,821.4437,1149.4824,-19.4917,1811.5157,1308.2454,-0.5818
7.8410,822.2965,1149.1838,-19.4917,1811.5384,1308.2474,-0.5856
7.8514,823.0961,1148.8845,-19.4917,1811.5248,1308.2598,-0.5885
7.8606,823.9640,1148.5395,-19.4917,1811.5089,1308.2385,-0.5744
7.8707,824.8257,1148.2186,-19.4917,1811.5248,1308.2383,-0.5669
7.8809,825.6598,1147.9815,-19.4917,1811.5339,1308.2497,-0.5784
7.8904,826.4785,1147.7445,-19.4917,1811.5240,1308.2473,-0.5708
7.9013,827.2397,1147.5065,-19.4917,1811.5290,1308.2534,-0.5786
7.9108,828.0195,1147.2338,-19.4917,1811.5317,1308.2501,-0.5765
7.9205,828.7946,1146.9604,-19.4917,1811.5242,1308.2455,-0.5709
7.9312,829.5992,1146.6927,-19.4917,1811.5160,1308.2495,-0.5652
7.9408,830.4754,1146.3803,-19.4917,1811.5195,1308.2317,-0.5573
7.9518,831.3296,1146.0225,-19.4917,1811.5192,1308.2529,-0.5845
7.9615,832.2438,1145.6396,-19.4917,1811.5139,1308.2390,-0.5740
7.9717,833.2299,1145.2839,-19.4917,1811.5305,1308.2379,-0.5717
7.9807,834.2480,1144.9905,-19.4917,1811.5296,1308.2578,-0.5944
7.9906,835.3518,1144.5971,-19.4917,1811.5166,1308.2252,-0.5607
8.0009,836.3575,1144.2781,-19.4917,1811.5129,1308.2304,-0.5687
8.0119,837.3395,1143.9012,-19.4917,1811.5209,1308.2433,-0.5685
8.0214,838.1916,1143.5211,-19.4917,1811.5235,1308.2369,-0.5658
8.0307,839.0392,1143.1674,-19.4917,1811.5234,1308.2538,-0.5834
8.0405,839.9744,1142.8090,-19.4917,1811.5356,1308.2626,-0.5777
8.0507,840.8593,1142.4626,-19.4917,1811.5201,1308.2562,-0.5741
8.0614,841.8194,1142.1089,-19.4917,1811.5281,1308.2433,-0.5708
8.0712,842.8660,1141.7831,-19.4917,1811.5358,1308.2525,-0.5715
8.0812,843.8837,1141.4286,-19.4917,1811.5096,1308.2383,-0.5593
8.0907,844.9124,1141.0771,-19.4917,1811.5128,1308.2213,-0.5551
8.1005,845.8256,1140.7768,-19.4917,1811.5331,1308.2521,-0.5864
8.1122,846.6262,1140.4024,-19.4917,1811.5214,1308.2350,-0.5789
8.1222,847.4531,1140.0809,-19.4917,1811.5163,1308.2485,-0.5772
8.1303,848.3635,1139.7229,-19.4917,1811.5329,1308.2563,-0.5969
8.1418,849.3012,1139.3660,-19.4917,1811.5237,1308.2429,-0.5772
8.1508,850.2864,1139.0531,-19.4917,1811.5099,1308.2510,-0.5739
8.1608,851.3753,1138.6556,-19.4917,1811.5293,1308.2408,-0.5622
8.1704,852.4431,1138.2873,-19.4917,1811.5198,1308.2405,-0.5687
8.1808,853.4257,1138.0067,-19.4917,1811.5280,1308.2365,-0.5677
8.1920,854.2788,1137.7094,-19.4917,1811.5447,1308.2391,-0.5700
8.2008,855.0711,1137.4149,-19.4917,1811.5276,1308.2578,-0.5855
8.2121,855.9151,1137.0727,-19.4917,1811.5223,1308.2376,-0.5624
8.2223,856.8130,1136.7092,-19.4917,1811.5225,1308.2479,-0.5736
8.2311,857.7344,1136.4323,-19.4917,1811.5317,1308.2468,-0.5729
8.2404,858.7114,1136.1362,-19.4917,1811.5278,1308.2379,-0.5672
8.2506,859.6821,1135.8170,-19.4917,1811.5264,1308.2523,-0.5741
8.2618,860.7820,1135.5165,-19.4917,1811.5331,1308.2434,-0.5762
8.2708,861.8219,1135.2217,-19.4917,1811.5186,1308.2526,-0.5766
8.2811,862.7452,1134.9079,-19.4917,1811.5128,1308.2482,-0.5654
8.2906,863.6347,1134.5968,-19.4917,1811.5247,1308.2468,-0.5678
8.3009,864.5434,1134.2271,-19.4917,1811.5205,1308.2518,-0.5780
8.3120,865.5017,1133.9042,-19.4917,1811.5181,1308.2410,-0.5682
8.3206,866.4818,1133.6227,-19.4917,1811.5296,1308.2592,-0.5839
8.3308,867.4127,1133.2820,-19.4917,1811.5371,1308.2507,-0.5810
8.3406,868.3630,1132.9393,-19.4917,1811.5258,1308.2480,-0.5726
8.3505,869.3901,1132.6133,-19.4917,1811.5330,1308.2564,-0.5843
8.3610,870.3184,1132.3383,-19.4917,1811.5316,1308.2487,-0.5695
8.3704,871.1659,1132.0328,-19.4917,1811.5020,1308.2399,-0.5602
8.3809,871.9983,1131.6835,-19.4917,1811.5067,1308.2277,-0.5599
8.3910,872.8804,1131.3974,-19.4917,1811.5127,1308.2432,-0.5642
8.4015,873.8282,1131.0667,-19.4917,1811.4974,1308.2351,-0.5673
8.4116,874.8369,1130.7366,-19.4917,1811.5216,1308.2305,-0.5572
8.4205,875.8771,1130.4053,-19.4917,1811.5222,1308.2621,-0.5867
8.4308,876.9578,1130.0500,-19.4917,1811.5289,1308.2382,-0.5742
8.4415,878.0305,1129.7635,-19.4917,1811.5182,1308.2482,-0.5794
8.4522,879.0483,1129.4958,-19.4917,1811.5272,1308.2519,-0.5926
8.4610,879.9702,1129.1255,-19.4917,1811.5243,1308.2428,-0.5731
8.4713,880.8906,1128.7590,-19.4917,1811.5143,1308.2515,-0.5790
8.4806,881.8740,1128.4234,-19.4917,1811.5254,1308.2319,-0.5618
8.4907,882.8532,1128.1370,-19.4917,1811.5087,1308.2377,-0.5662
8.5009,883.8303,1127.8102,-19.4917,1811.5081,1308.2382,-0.5703
8.5105,884.8127,1127.4771,-19.4917,1811.5214,1308.2304,-0.5470
8.5205,885.8290,1127.1651,-19.4917,1811.5142,1308.2490,-0.5701
8.5311,886.7887,1126.8676,-19.4917,1811.5246,1308.2443,-0.5645
8.5407,887.6313,1126.5633,-19.4917,1811.5195,1308.2497,-0.5776
8.5508,888.4413,1126.2127,-19.4917,1811.5259,1308.2515,-0.5911
8.5610,889.3462,1125.8991,-19.4917,1811.5287,1308.2546,-0.5804
8.5705,890.2662,1125.6059,-19.4917,1811.5167,1308.2381,-0.5842
8.5818,891.2421,1125.2863,-19.4917,1811.5130,1308.2267,-0.5672
8.5916,892.2437,1124.9689,-19.4917,1811.5093,1308.2431,-0.5838
8.6010,893.2854,1124.6417,-19.4917,1811.5231,1308.2324,-0.5699
8.6105,894.2597,1124.3542,-19.4917,1811.5186,1308.2433,-0.5763
8.6208,895.0997,1124.1150,-19.4917,1811.5233,1308.2616,-0.5906
8.6305,895.8630,1123.7762,-19.4917,1811.5220,1308.2501,-0.5638
8.6405,896.6401,1123.4871,-19.4917,1811.5120,1308.2543,-0.5810
8.6510,897.5166,1123.2208,-19.4917,1811.5294,1308.2518,-0.5763
8.6610,898.4144,1122.8859,-19.4917,1811.5209,1308.2434,-0.5718
8.6706,899.4208,1122.5624,-19.4917,1811.5323,1308.2440,-0.5765
8.6811,900.4930,1122.1985,-19.4917,1811.5350,1308.2501,-0.5813
8.6919,901.5538,1121.8400,-19.4917,1811.5208,1308.2589,-0.5919
8.7010,902.5432,1121.5402,-19.4917,1811.5284,1308.2438,-0.5732
8.7119,903.4174,1121.2996,-19.4917,1811.5247,1308.2525,-0.5742
8.7216,904.2313,1121.0089,-19.4917,1811.5098,1308.2529,-0.5733
8.7308,905.1180,1120.6561,-19.4917,1811.5226,1308.2495,-0.5657
8.7417,905.9929,1120.3737,-19.4917,1811.5098,1308.2583,-0.5788
8.7511,906.9361,1120.0303,-19.4917,1811.5275,1308.2462,-0.5844
8.7628,907.9332,1119.7121,-19.4917,1811.5320,1308.2523,-0.5857
8.7722,908.9958,1119.3598,-19.4917,1811.5292,1308.2449,-0.5771
8.7803,910.0665,1119.0406,-19.4917,1811.5319,1308.2496,-0.5812
8.7911,911.0539,1118.7328,-19.4917,1811.5111,1308.2550,-0.5796
8.8008,911.9630,1118.4299,-19.4917,1811.5234,1308.2369,-0.5644
8.8108,912.8082,1118.1304,-19.4917,1811.5135,1308.2539,-0.5755
8.8205,913.7163,1117.7825,-19.4917,1811.5225,1308.2584,-0.5732
8.8314,914.6537,1117.4398,-19.4917,1811.5280,1308.2496,-0.5705
8.8425,915.5515,1117.1595,-19.4917,1811.5354,1308.2687,-0.5942
8.8505,916.4969,1116.8268,-19.4917,1811.5334,1308.2615,-0.5830
8.8609,917.5145,1116.5154,-19.4917,1811.5168,1308.2402,-0.5725
8.8715,918.6042,1116.1805,-19.4917,1811.5314,1308.2480,-0.5807
8.8817,919.6044,1115.8431,-19.4917,1811.5227,1308.2518,-0.5760
8.8917,920.4889,1115.5032,-19.4917,1811.5173,1308.2353,-0.5672
8.9011,921.3810,1115.1684,-19.4917,1811.5359,1308.2485,-0.5791
8.9108,922.3161,1114.8376,-19.4917,1811.5313,1308.2620,-0.5921
8.9205,923.2747,1114.4783,-19.4917,1811.5196,1308.2408,-0.5669
8.9305,924.2685,1114.1396,-19.4917,1811.5344,1308.2541,-0.5829
8.9413,925.2701,1113.7629,-19.4917,1811.5316,1308.2593,-0.5900
8.9507,926.3170,1113.4185,-19.4917,1811.5158,1308.2393,-0.5680
8.9614,927.3589,1113.1417,-19.4917,1811.5245,1308.2625,-0.5839
8.9708,928.2878,1112.8242,-19.4917,1811.5327,1308.2584,-0.5845
8.9807,929.1137,1112.4874,-19.4917,1811.5248,1308.2559,-0.5760
8.9908,930.0220,1112.1432,-19.4917,1811.5329,1308.2531,-0.5786
9.0013,931.0135,1111.8283,-19.4917,1811.5343,1308.2530,-0.5725
9.0108,931.9583,1111.4777,-19.4917,1811.5190,1308.2510,-0.5779
9.0206,932.9778,1111.0947,-19.4917,1811.5217,1308.2476,-0.5685
9.0306,934.0266,1110.7451,-19.4917,1811.5278,1308.2547,-0.5838
9.0407,935.0487,1110.4632,-19.4917,1811.5283,1308.2521,-0.5748
9.0510,936.0628,1110.1960,-19.4917,1811.5275,1308.2524,-0.5767
9.0620,936.9460,1109.8840,-19.4917,1811.5211,1308.2595,-0.5848
9.0707,937.7943,1109.5940,-19.4917,1811.5219,1308.2473,-0.5796
9.0810,938.6651,1109.3335,-19.4917,1811.5201,1308.2556,-0.5762
9.0902,939.5937,1109.0338,-19.4917,1811.5219,1308.2509,-0.5709
9.1008,940.5261,1108.6826,-19.4917,1811.5233,1308.2512,-0.5738
9.1110,941.5414,1108.3315,-19.4917,1811.5198,1308.2507,-0.5794
9.1210,942.6242,1107.9915,-19.4917,1811.5276,1308.2402,-0.5704
9.1317,943.6878,1107.7404,-19.4917,1811.5287,1308.2603,-0.5876
9.1419,944.6714,1107.4288,-19.4917,1811.5281,1308.2557,-0.5756
9.1532,945.6133,1107.1306,-19.4917,1811.5190,1308.2483,-0.5697
9.1607,946.5078,1106.9119,-19.4917,1811.5334,1308.2623,-0.5737
9.1707,947.3709,1106.6593,-19.4917,1811.5210,1308.2478,-0.5706
9.1805,948.2474,1106.3632,-19.4917,1811.5233,1308.2466,-0.5674
9.1909,949.1947,1106.0386,-19.4917,1811.5336,1308.2503,-0.5692
9.2009,950.1978,1105.6953,-19.4917,1811.5217,1308.2433,-0.5673
9.2105,951.2274,1105.4017,-19.4917,1811.5180,1308.2408,-0.5646
9.2209,952.2713,1105.1311,-19.4917,1811.5361,1308.2501,-0.5672
9.2310,953.1932,1104.8495,-19.4917,1811.5170,1308.2570,-0.5789
9.2414,954.0929,1104.5613,-19.4917,1811.5168,1308.2414,-0.5629
9.2510,954.9845,1104.2946,-19.4917,1811.5298,1308.2579,-0.5824
9.2605,955.8833,1104.0228,-19.4917,1811.5164,1308.2559,-0.5861
9.2718,956.7954,1103.7169,-19.4917,1811.5232,1308.2369,-0.5715
9.2822,957.7523,1103.3831,-19.4917,1811.5346,1308.2479,-0.5849
9.2908,958.7303,1103.0714,-19.4917,1811.5242,1308.2423,-0.5723
9.3007,959.6821,1102.8234,-19.4917,1811.5124,1308.2338,-0.5636
9.3108,960.6450,1102.5695,-19.4917,1811.5172,1308.2410,-0.5695
9.3208,961.5891,1102.2497,-19.4917,1811.5198,1308.2423,-0.5607
9.3316,962.4795,1101.9459,-19.4917,1811.5142,1308.2509,-0.5746
9.3407,963.4211,1101.6511,-19.4917,1811.5322,1308.2521,-0.5723
9.3508,964.3504,1101.3572,-19.4917,1811.5258,1308.2539,-0.5773
9.3604,965.3056,1101.0389,-19.4917,1811.5251,1308.2496,-0.5889
9.3708,966.2692,1100.7253,-19.4917,1811.5315,1308.2444,-0.5932
9.3808,967.2251,1100.4497,-19.4917,1811.5257,1308.2442,-0.5906
9.3912,968.1856,1100.1899,-19.4917,1811.5273,1308.2378,-0.5748
9.4006,969.1028,1099.9207,-19.4917,1811.5198,1308.2473,-0.5810
9.4107,970.0014,1099.5885,-19.4917,1811.5272,1308.2427,-0.5642
9.4211,970.8799,1099.3268,-19.4917,1811.5105,1308.2540,-0.5752
9.4307,971.7758,1099.0471,-19.4917,1811.5188,1308.2523,-0.5654
9.4405,972.7268,1098.7323,-19.4917,1811.5159,1308.2345,-0.5621
9.4516,973.6773,1098.4357,-19.4917,1811.5194,1308.2484,-0.5830
9.4615,974.6580,1098.1327,-19.4917,1811.5194,1308.2454,-0.5868
9.4708,975.6330,1097.8430,-19.4917,1811.5298,1308.2336,-0.5749
9.4810,976.5739,1097.5836,-19.4917,1811.5325,1308.2551,-0.5891
9.4904,977.5036,1097.2764,-19.4917,1811.5292,1308.2446,-0.5699
9.5009,978.3888,1097.0030,-19.4917,1811.5165,1308.2437,-0.5648
9.5105,979.3469,1096.7162,-19.4917,1811.5210,1308.2495,-0.5696
9.5204,980.2745,1096.4681,-19.4917,1811.5186,1308.2438,-0.5768
9.5308,981.2620,1096.1787,-19.4917,1811.5106,1308.2360,-0.5651
9.5404,982.2507,1095.8386,-19.4917,1811.5306,1308.2489,-0.5731
9.5508,983.2110,1095.5416,-19.4917,1811.5225,1308.2560,-0.5858
9.5611,984.2218,1095.2668,-19.4917,1811.5167,1308.2264,-0.5757
9.5705,985.2376,1095.0349,-19.4917,1811.5291,1308.2554,-0.5729
9.5807,986.2437,1094.7308,-19.4917,1811.5250,1308.2534,-0.5820
9.5903,987.2101,1094.3996,-19.4917,1811.5179,1308.2328,-0.5657
9.6019,988.1691,1094.1160,-19.4917,1811.5225,1308.2399,-0.5631
9.6127,989.1458,1093.8013,-19.4917,1811.5240,1308.2435,-0.5714
9.6205,990.1392,1093.4725,-19.4917,1811.5261,1308.2433,-0.5744
9.6314,991.0922,1093.1485,-19.4917,1811.5204,1308.2421,-0.5687
9.6406,992.1060,1092.8262,-19.4917,1811.5222,1308.2383,-0.5754
9.6507,993.0561,1092.5903,-19.4917,1811.5187,1308.2564,-0.5867
9.6609,994.0285,1092.2496,-19.4917,1811.5241,1308.2397,-0.5629
9.6706,994.9808,1091.9482,-19.4917,1811.5233,1308.2495,-0.5784
9.6807,995.9153,1091.6821,-19.4917,1811.5254,1308.2517,-0.5838
9.6908,996.8253,1091.4213,-19.4917,1811.5226,1308.2363,-0.5755
9.7011,997.7437,1091.1401,-19.4917,1811.5167,1308.2416,-0.5827
9.7107,998.7234,1090.8068,-19.4917,1811.5309,1308.2486,-0.5872
9.7209,999.6751,1090.4679,-19.4917,1811.5156,1308.2379,-0.5768
9.7304,1000.6732,1090.1674,-19.4917,1811.5143,1308.2385,-0.5821
9.7411,1001.6809,1089.9167,-19.4917,1811.5197,1308.2524,-0.5824
9.7526,1002.6237,1089.5930,-19.4917,1811.5197,1308.2462,-0.5721
9.7609,1003.5493,1089.2634,-19.4917,1811.5217,1308.2390,-0.5649
9.7707,1004.4321,1088.9993,-19.4917,1811.5271,1308.2639,-0.5897
9.7809,1005.3624,1088.7388,-19.4917,1811.5296,1308.2496,-0.5825
9.7907,1006.3115,1088.4547,-19.4917,1811.5308,1308.2409,-0.5797
9.8016,1007.2896,1088.1073,-19.4917,1811.5277,1308.2522,-0.5836
9.8114,1008.2734,1087.7415,-19.4917,1811.5156,1308.2390,-0.5689
9.8204,1009.2743,1087.4467,-19.4917,1811.5062,1308.2330,-0.5686
9.8304,1010.2866,1087.1949,-19.4917,1811.5217,1308.2391,-0.5676
9.8407,1011.2405,1086.8969,-19.4917,1811.5155,1308.2420,-0.5741
9.8506,1012.1718,1086.5793,-19.4917,1811.5211,1308.2430,-0.5749
9.8614,1013.1016,1086.2968,-19.4917,1811.5339,1308.2419,-0.5742
9.8714,1013.9915,1086.0818,-19.4917,1811.5264,1308.2484,-0.5935
9.8812,1014.9372,1085.7890,-19.4917,1811.5303,1308.2371,-0.5704
9.8913,1015.8688,1085.4491,-19.4917,1811.5251,1308.2413,-0.5749
9.9014,1016.8400,1085.1378,-19.4917,1811.5259,1308.2542,-0.5788
9.9116,1017.8199,1084.8655,-19.4917,1811.5164,1308.2401,-0.5661
9.9203,1018.8180,1084.5840,-19.4917,1811.5117,1308.2454,-0.5687
9.9307,1019.7744,1084.2640,-19.4917,1811.5272,1308.2511,-0.5668
9.9407,1020.7386,1083.9922,-19.4917,1811.5182,1308.2504,-0.5712
9.9509,1021.6599,1083.7503,-19.4917,1811.5201,1308.2407,-0.5648
9.9608,1022.5633,1083.5256,-19.4917,1811.5295,1308.2532,-0.5774
9.9718,1023.4381,1083.2709,-19.4917,1811.5176,1308.2490,-0.5783
9.9807,1024.3726,1082.9589,-19.4917,1811.5162,1308.2318,-0.5722
9.9904,1025.3374,1082.6859,-19.4917,1811.5240,1308.2525,-0.5848
10.0010,1026.3270,1082.3635,-19.4917,1811.5159,1308.2541,-0.5816
10.0120,1027.3703,1082.0749,-19.4917,1811.5206,1308.2385,-0.5703
10.0213,1028.4286,1081.7813,-19.4917,1811.5214,1308.2542,-0.5944
10.0314,1029.4440,1081.4725,-19.4917,1811.5378,1308.2512,-0.5758
10.0412,1030.3409,1081.1749,-19.4917,1811.5112,1308.2465,-0.5780
10.0505,1031.3182,1080.8478,-19.4917,1811.5243,1308.2493,-0.5727
10.0610,1032.2847,1080.5386,-19.4917,1811.5276,1308.2544,-0.5769
10.0708,1033.2599,1080.1949,-19.4917,1811.5129,1308.2484,-0.5684
10.0812,1034.2628,1079.9251,-19.4917,1811.5261,1308.2369,-0.5626
10.0910,1035.2577,1079.6275,-19.4917,1811.5298,1308.2578,-0.5773
10.1007,1036.2404,1079.2943,-19.4917,1811.5175,1308.2365,-0.5724
10.1120,1037.1731,1078.9782,-19.4917,1811.5197,1308.2394,-0.5707
10.1208,1038.1281,1078.6791,-19.4917,1811.5225,1308.2440,-0.5794
10.1304,1039.0962,1078.3754,-19.4917,1811.5225,1308.2454,-0.5756
10.1403,1040.0562,1078.0380,-19.4917,1811.5120,1308.2435,-0.5719
10.1508,1041.0366,1077.6847,-19.4917,1811.5239,1308.2441,-0.5678
10.1607,1042.0099,1077.4125,-19.4917,1811.5291,1308.2484,-0.5830
10.1707,1043.0155,1077.1000,-19.4917,1811.5210,1308.2445,-0.5763
10.1811,1044.0025,1076.7606,-19.4917,1811.5212,1308.2355,-0.5690
10.1905,1044.9947,1076.4628,-19.4917,1811.5272,1308.2550,-0.5821
10.2013,1045.9400,1076.1774,-19.4917,1811.5223,1308.2416,-0.5720
10.2126,1046.8321,1075.9069,-19.4917,1811.5107,1308.2376,-0.5644
10.2208,1047.7095,1075.6120,-19.4917,1811.5184,1308.2418,-0.5706
10.2307,1048.5828,1075.2945,-19.4917,1811.5137,1308.2319,-0.5597
10.2405,1049.5088,1074.9780,-19.4917,1811.5122,1308.2314,-0.5658
10.2508,1050.4874,1074.7083,-19.4917,1811.5210,1308.2397,-0.5676
10.2611,1051.5107,1074.4252,-19.4917,1811.5197,1308.2500,-0.5800
10.2720,1052.5296,1074.0740,-19.4917,1811.5211,1308.2378,-0.5682
10.2811,1053.5192,1073.8036,-19.4917,1811.5209,1308.2421,-0.5632
10.2907,1054.4157,1073.5559,-19.4917,1811.5173,1308.2478,-0.5740
10.3019,1055.3251,1073.3238,-19.4917,1811.5217,1308.2352,-0.5569
10.3117,1056.1997,1073.0927,-19.4917,1811.5131,1308.2462,-0.5723
10.3206,1057.0980,1072.8185,-19.4917,1811.5229,1308.2587,-0.5761
10.3313,1058.0045,1072.4768,-19.4917,1811.5359,1308.2479,-0.5762
10.3407,1058.9212,1072.1534,-19.4917,1811.5292,1308.2491,-0.5782
10.3507,1059.8870,1071.9048,-19.4917,1811.5236,1308.2510,-0.5824
10.3619,1060.9083,1071.6608,-19.4917,1811.5189,1308.2443,-0.5780
10.3722,1062.0205,1071.4071,-19.4917,1811.5283,1308.2428,-0.5702
10.3807,1063.0928,1071.1096,-19.4917,1811.5197,1308.2513,-0.5750
10.3907,1064.0955,1070.8276,-19.4917,1811.5185,1308.2446,-0.5731
10.4009,1065.0529,1070.5437,-19.4917,1811.5284,1308.2429,-0.5710
10.4108,1065.9584,1070.2921,-19.4917,1811.5278,1308.2614,-0.5870
10.4216,1066.8756,1069.9694,-19.4917,1811.5234,1308.2500,-0.5751
10.4307,1067.7841,1069.6753,-19.4917,1811.5247,1308.2496,-0.5834
10.4414,1068.7411,1069.4090,-19.4917,1811.5286,1308.2449,-0.5764
10.4517,1069.7614,1069.1700,-19.4917,1811.5235,1308.2519,-0.5754
10.4623,1070.7920,1068.9220,-19.4917,1811.5290,1308.2511,-0.5791
10.4704,1071.7786,1068.6533,-19.4917,1811.5381,1308.2426,-0.5753
10.4810,1072.6717,1068.3653,-19.4917,1811.5302,1308.2423,-0.5771
10.4908,1073.5616,1068.1027,-19.4917,1811.5197,1308.2396,-0.5874
10.5008,1074.4918,1067.8137,-19.4917,1811.5301,1308.2411,-0.5625
10.5109,1075.4044,1067.5342,-19.4917,1811.5121,1308.2543,-0.5822
10.5206,1076.3852,1067.2374,-19.4917,1811.5223,1308.2487,-0.5649
10.5314,1077.4088,1066.9716,-19.4917,1811.5156,1308.2495,-0.5806
10.5414,1078.5237,1066.7250,-19.4917,1811.5235,1308.2472,-0.5740
10.5518,1079.6533,1066.4692,-19.4917,1811.5235,1308.2370,-0.5660
10.5621,1080.6449,1066.1669,-19.4917,1811.5250,1308.2326,-0.5716
10.5720,1081.5777,1065.8910,-19.4917,1811.5270,1308.2433,-0.5761
10.5819,1082.4859,1065.6158,-19.4917,1811.5209,1308.2348,-0.5605
10.5922,1083.4146,1065.2961,-19.4917,1811.5202,1308.2344,-0.5655
10.6007,1084.3210,1065.0175,-19.4917,1811.5294,1308.2507,-0.5693
10.6108,1085.2967,1064.7708,-19.4917,1811.5137,1308.2501,-0.5716
10.6221,1086.3388,1064.5057,-19.4917,1811.5297,1308.2365,-0.5639
10.6324,1087.3905,1064.2222,-19.4917,1811.5397,1308.2602,-0.5918
10.6407,1088.3535,1063.8635,-19.4917,1811.5241,1308.2428,-0.5716
10.6507,1089.2776,1063.5911,-19.4917,1811.5234,1308.2396,-0.5697
10.6608,1090.1829,1063.3898,-19.4917,1811.5327,1308.2509,-0.5815
10.6709,1091.0677,1063.1259,-19.4917,1811.5223,1308.2425,-0.5584
10.6807,1091.9231,1062.8063,-19.4917,1811.5162,1308.2375,-0.5639
10.6913,1092.8461,1062.4979,-19.4917,1811.5289,1308.2542,-0.5726
10.7014,1093.7886,1062.2343,-19.4917,1811.5173,1308.2474,-0.5716
10.7107,1094.8308,1061.9536,-19.4917,1811.5101,1308.2368,-0.5732
10.7204,1095.8163,1061.6489,-19.4917,1811.5430,1308.2460,-0.5827
10.7310,1096.7270,1061.3730,-19.4917,1811.5294,1308.2484,-0.5804
10.7406,1097.5786,1061.1025,-19.4917,1811.5301,1308.2394,-0.5725
10.7510,1098.4593,1060.8875,-19.4917,1811.5340,1308.2529,-0.5785
10.7609,1099.3127,1060.5955,-19.4917,1811.5230,1308.2485,-0.5742
10.7708,1100.1792,1060.2746,-19.4917,1811.5259,1308.2430,-0.5565
10.7806,1101.1206,1059.9869,-19.4917,1811.5262,1308.2462,-0.5716
10.7918,1102.1252,1059.6990,-19.4917,1811.5364,1308.2424,-0.5670
10.8015,1103.1497,1059.4297,-19.4917,1811.5272,1308.2488,-0.5760
10.8105,1104.1696,1059.1244,-15.9748,1811.5345,1308.2442,-0.5831
10.8222,1105.1360,1058.8522,-15.9748,1811.5321,1308.2369,-0.5618
10.8317,1106.0739,1058.6274,-15.9748,1811.5262,1308.2487,-0.5711
10.8404,1106.9633,1058.3873,-15.9748,1811.5200,1308.2364,-0.5545
10.8508,1107.8488,1058.1013,-15.9748,1811.5181,1308.2407,-0.5610
10.8605,1108.7454,1057.8062,-15.9748,1811.5300,1308.2513,-0.5685
10.8711,1109.5927,1057.5063,-15.9748,1811.5272,1308.2468,-0.5638
10.8808,1110.4142,1057.2615,-15.9748,1811.5260,1308.2375,-0.5690
10.8904,1111.2902,1057.0600,-15.9748,1811.5399,1308.2485,-0.5786
10.9014,1112.1239,1056.8104,-15.9748,1811.5218,1308.2510,-0.5822
10.9107,1112.9456,1056.5323,-15.9748,1811.5204,1308.2300,-0.5612
10.9221,1113.8059,1056.3379,-15.9748,1811.5290,1308.2504,-0.5750
10.9305,1114.7128,1056.1250,-15.9748,1811.5242,1308.2540,-0.5814
10.9408,1115.6485,1055.8080,-15.9748,1811.5268,1308.2338,-0.5593
10.9514,1116.6118,1055.4542,-15.9748,1811.5228,1308.2456,-0.5718
10.9618,1117.6142,1055.0908,-15.9748,1811.5193,1308.2387,-0.5674
10.9717,1118.6747,1054.7894,-15.9748,1811.5201,1308.2331,-0.5704
10.9810,1119.7780,1054.5261,-15.9748,1811.5264,1308.2385,-0.5737
10.9907,1120.8214,1054.2343,-15.9748,1811.5234,1308.2368,-0.5648
11.0016,1121.7740,1053.9071,-15.9748,1811.5199,1308.2410,-0.5769
11.0111,1122.7449,1053.6313,-15.9748,1811.5266,1308.2366,-0.5675
11.0210,1123.6777,1053.3630,-15.9748,1811.5239,1308.2529,-0.5745
11.0308,1124.6130,1053.0206,-15.9748,1811.5236,1308.2454,-0.5771
11.0406,1125.5584,1052.6722,-15.9748,1811.5240,1308.2373,-0.5559
11.0507,1126.5338,1052.3635,-15.9748,1811.5137,1308.2449,-0.5734
11.0609,1127.6028,1052.0992,-15.9748,1811.5253,1308.2424,-0.5720
11.0705,1128.6658,1051.8419,-15.9748,1811.5280,1308.2468,-0.5780
11.0806,1129.6835,1051.5286,-15.9748,1811.5281,1308.2422,-0.5779
11.0903,1130.6000,1051.2654,-15.9748,1811.5314,1308.2481,-0.5810
11.1002,1131.4799,1051.0330,-15.9748,1811.5244,1308.2446,-0.5772
11.1111,1132.4003,1050.7185,-15.9748,1811.5257,1308.2358,-0.5620
11.1204,1133.3243,1050.3956,-15.9748,1811.5275,1308.2579,-0.5635
11.1323,1134.3132,1050.0840,-15.9748,1811.5137,1308.2326,-0.5560
11.1410,1135.4219,1049.8398,-15.9748,1811.5248,1308.2344,-0.5594
11.1510,1136.5590,1049.5944,-15.9748,1811.5355,1308.2538,-0.5823
11.1602,1137.6439,1049.2498,-15.9748,1811.5251,1308.2322,-0.5767
11.1710,1138.6396,1048.9507,-15.9748,1811.5325,1308.2466,-0.5893
11.1809,1139.5623,1048.7172,-15.9748,1811.5400,1308.2554,-0.5902
11.1907,1140.4325,1048.5505,-15.9748,1811.5240,1308.2455,-0.5712
11.2014,1141.3234,1048.2904,-15.9748,1811.5183,1308.2396,-0.5638
11.2105,1142.2532,1048.0150,-15.9748,1811.5321,1308.2496,-0.5666
11.2204,1143.1667,1047.7103,-15.9748,1811.5148,1308.2461,-0.5670
11.2324,1144.2218,1047.4708,-15.9748,1811.5231,1308.2368,-0.5669
11.2406,1145.3566,1047.2538,-15.9748,1811.5260,1308.2512,-0.5854
11.2506,1146.4348,1046.9291,-15.9748,1811.5220,1308.2453,-0.5825
11.2610,1147.4390,1046.6682,-15.9748,1811.5267,1308.2362,-0.5600
11.2706,1148.3145,1046.4344,-15.9748,1811.5278,1308.2551,-0.5742
11.2816,1149.1650,1046.2340,-15.9748,1811.5184,1308.2394,-0.5668
11.2912,1150.0627,1045.9618,-15.9748,1811.5123,1308.2462,-0.5667
11.3023,1151.0007,1045.6666,-15.9748,1811.5331,1308.2538,-0.5767
11.3112,1151.9465,1045.3687,-15.9748,1811.5308,1308.2526,-0.5759
11.3206,1152.9335,1045.1162,-15.9748,1811.5253,1308.2473,-0.5795
11.3310,1153.9936,1044.8869,-15.9748,1811.5286,1308.2349,-0.5726
11.3406,1154.9926,1044.6523,-15.9748,1811.5267,1308.2515,-0.5717
11.3509,1155.9162,1044.3950,-15.9748,1811.5172,1308.2411,-0.5715
11.3620,1156.7682,1044.1483,-15.9748,1811.5270,1308.2395,-0.5637
11.3708,1157.6022,1043.9396,-15.9748,1811.5269,1308.2507,-0.5806
11.3810,1158.5179,1043.6627,-15.9748,1811.5229,1308.2471,-0.5776
11.3905,1159.4748,1043.3320,-15.9748,1811.5283,1308.2460,-0.5765
11.4010,1160.5258,1043.0356,-15.9748,1811.5319,1308.2536,-0.5785
11.4120,1161.6398,1042.7495,-15.9748,1811.5255,1308.2430,-0.5664
11.4207,1162.7543,1042.4970,-15.9748,1811.5157,1308.2388,-0.5786
11.4311,1163.7833,1042.2781,-15.9748,1811.5288,1308.2405,-0.5656
11.4412,1164.6756,1042.0512,-15.9748,1811.5246,1308.2593,-0.5811
11.4510,1165.5325,1041.7912,-15.9748,1811.5281,1308.2347,-0.5689
11.4623,1166.4476,1041.5310,-15.9748,1811.5330,1308.2557,-0.5798
11.4719,1167.3765,1041.2368,-15.9748,1811.5267,1308.2534,-0.5787
11.4824,1168.3132,1040.9369,-15.9748,1811.5226,1308.2422,-0.5660
11.4907,1169.3049,1040.6970,-15.9748,1811.5233,1308.2534,-0.5761
11.5023,1170.3890,1040.4420,-15.9748,1811.5287,1308.2527,-0.5808
11.5112,1171.4590,1040.1776,-15.9748,1811.5157,1308.2460,-0.5733
11.5220,1172.4337,1039.8801,-15.9748,1811.5235,1308.2391,-0.5741
11.5311,1173.2914,1039.6593,-15.9748,1811.5267,1308.2391,-0.5681
11.5409,1174.1439,1039.4511,-15.9748,1811.5173,1308.2451,-0.5777
11.5508,1175.0678,1039.1867,-15.9748,1811.5244,1308.2311,-0.5670
11.5608,1176.0460,1038.9270,-15.9748,1811.5400,1308.2449,-0.5723
11.5708,1177.0267,1038.6227,-15.9748,1811.5262,1308.2545,-0.5811
11.5812,1178.1039,1038.3407,-15.9748,1811.5250,1308.2403,-0.5628
11.5907,1179.2081,1038.0967,-15.9748,1811.5247,1308.2515,-0.5807
11.6012,1180.2094,1037.8214,-15.9748,1811.5322,1308.2441,-0.5738
11.6124,1181.0797,1037.5596,-15.9748,1811.5221,1308.2471,-0.5670
11.6213,1181.9192,1037.3455,-15.9748,1811.5232,1308.2371,-0.5719
11.6320,1182.7944,1037.1497,-15.9748,1811.5330,1308.2457,-0.5749
11.6414,1183.6734,1036.8982,-15.9748,1811.5222,1308.2453,-0.5730
11.6506,1184.6522,1036.6103,-15.9748,1811.5302,1308.2404,-0.5657
11.6602,1185.6996,1036.3600,-15.9748,1811.5274,1308.2596,-0.5779
11.6704,1186.8394,1036.0602,-15.9748,1811.5172,1308.2444,-0.5781
11.6811,1187.9787,1035.7714,-15.9748,1811.5290,1308.2496,-0.5718
11.6903,1188.9977,1035.5051,-15.9748,1811.5295,1308.2562,-0.5879
11.7007,1189.8905,1035.2717,-15.9748,1811.5318,1308.2433,-0.5744
11.7107,1190.7499,1035.0690,-15.9748,1811.5239,1308.2472,-0.5738
11.7206,1191.6804,1034.8021,-15.9748,1811.5302,1308.2468,-0.5748
11.7306,1192.6562,1034.5043,-15.9748,1811.5283,1308.2514,-0.5696
11.7410,1193.6082,1034.2004,-15.9748,1811.5170,1308.2454,-0.5577
11.7507,1194.6100,1033.9503,-15.9748,1811.5277,1308.2444,-0.5588
11.7605,1195.6509,1033.7112,-15.9748,1811.5228,1308.2530,-0.5798
11.7707,1196.6934,1033.4337,-15.9748,1811.5270,1308.2358,-0.5676
11.7806,1197.6498,1033.1673,-15.9748,1811.5293,1308.2471,-0.5773
11.7913,1198.5386,1032.9250,-15.9748,1811.5276,1308.2497,-0.5912
11.8014,1199.4151,1032.6884,-15.9748,1811.5220,1308.2351,-0.5712
11.8116,1200.3337,1032.4172,-15.9748,1811.5217,1308.2379,-0.5622
11.8213,1201.3286,1032.0993,-15.9748,1811.5172,1308.2367,-0.5724
11.8314,1202.3685,1031.8147,-15.9748,1811.5234,1308.2502,-0.5715
11.8420,1203.4614,1031.5173,-15.9748,1811.5168,1308.2443,-0.5782
11.8505,1204.5773,1031.2624,-15.9748,1811.5357,1308.2470,-0.5716
11.8606,1205.5677,1030.9841,-15.9748,1811.5359,1308.2505,-0.5851
11.8707,1206.4351,1030.6990,-15.9748,1811.5261,1308.2340,-0.5666
11.8808,1207.2920,1030.4973,-15.9748,1811.5237,1308.2488,-0.5731
11.8909,1208.1552,1030.2559,-15.9748,1811.5250,1308.2469,-0.5731
11.9015,1209.0920,1029.9752,-15.9748,1811.5203,1308.2310,-0.5573
11.9107,1210.0292,1029.6780,-15.9748,1811.5225,1308.2449,-0.5735
11.9207,1211.0580,1029.4379,-15.9748,1811.5330,1308.2475,-0.5766
11.9308,1212.1530,1029.1947,-15.9748,1811.5255,1308.2424,-0.5752
11.9403,1213.2111,1028.9223,-15.9748,1811.5228,1308.2367,-0.5747
11.9507,1214.1583,1028.6589,-14.8278,1811.5300,1308.2448,-0.5685
11.9606,1215.0095,1028.3959,-14.8095,1811.5205,1308.2455,-0.5689
11.9705,1215.8828,1028.2106,-14.8066,1811.5287,1308.2349,-0.5589
11.9804,1216.7603,1028.0280,-14.8245,1811.5316,1308.2579,-0.5893
11.9907,1217.8066,1027.7363,-15.0724,1811.5236,1308.2399,-0.5802
12.0011,1219.1428,1027.6290,-15.0724,1811.5295,1308.2484,-0.5793
12.0107,1220.4044,1027.1751,-15.0724,1811.5358,1308.2573,-0.5802
12.0207,1221.4365,1027.0434,-15.0724,1811.5179,1308.2373,-0.5578
12.0313,1222.7745,1027.3841,-15.0724,1811.5201,1308.2440,-0.5653
12.0418,1223.6970,1027.0654,-15.0724,1811.5211,1308.2395,-0.5569
12.0516,1224.6992,1027.4335,-15.0724,1811.5221,1308.2421,-0.5510
12.0623,1225.8514,1027.7742,-15.0724,1811.5277,1308.2505,-0.5719
12.0711,1226.9293,1027.6468,-15.0724,1811.5322,1308.2443,-0.5712
12.0813,1228.0130,1027.7133,-15.0724,1811.5264,1308.2526,-0.5803
12.0906,1229.0659,1027.6168,-15.0724,1811.5373,1308.2402,-0.5756
12.1013,1230.0107,1027.3226,-15.0724,1811.5298,1308.2477,-0.5765
12.1112,1230.8840,1026.8835,-15.0724,1811.5189,1308.2380,-0.5737
12.1214,1231.7488,1026.3542,-15.0724,1811.5319,1308.2434,-0.5619
12.1313,1232.5616,1025.9312,-15.0724,1811.5247,1308.2465,-0.5713
12.1408,1233.3851,1025.6295,-15.0724,1811.5223,1308.2338,-0.5568
12.1503,1234.2059,1025.3044,-15.0724,1811.5231,1308.2560,-0.5782
12.1608,1235.0802,1024.9316,-15.0724,1811.5258,1308.2496,-0.5747
12.1707,1235.9266,1024.5082,-15.0724,1811.5380,1308.2432,-0.5658
12.1808,1236.7364,1024.0582,-15.0724,1811.5325,1308.2512,-0.5742
12.1909,1237.5158,1023.6952,-15.0724,1811.5299,1308.2307,-0.5627
12.2007,1238.3307,1023.3613,-15.0724,1811.5308,1308.2494,-0.5755
12.2107,1239.2402,1022.9917,-15.0724,1811.5338,1308.2443,-0.5724
12.2219,1240.1989,1022.5463,-15.0724,1811.5275,1308.2305,-0.5578
12.2311,1241.1462,1022.1051,-15.0724,1811.5284,1308.2449,-0.5749
12.2403,1242.0469,1021.7384,-15.0724,1811.5301,1308.2446,-0.5746
12.2506,1242.8942,1021.3654,-15.0724,1811.5129,1308.2429,-0.5721
12.2614,1243.7327,1021.0385,-15.0724,1811.5272,1308.2472,-0.5747
12.2710,1244.5894,1020.6993,-15.0724,1811.5312,1308.2462,-0.5776
12.2804,1245.4504,1020.2908,-15.0724,1811.5143,1308.2412,-0.5737
12.2909,1246.3395,1019.8801,-15.0724,1811.5328,1308.2428,-0.5685
12.3008,1247.2242,1019.4711,-15.0724,1811.5255,1308.2519,-0.5789
12.3117,1248.1521,1019.0587,-15.0724,1811.5185,1308.2379,-0.5702
12.3209,1249.1252,1018.6653,-15.0724,1811.5205,1308.2366,-0.5616
12.3309,1250.1305,1018.2735,-15.0724,1811.5251,1308.2380,-0.5705
12.3407,1251.0526,1017.8473,-15.0724,1811.5240,1308.2295,-0.5638
12.3514,1251.9781,1017.4665,-15.0724,1811.5308,1308.2475,-0.5748
12.3613,1252.8801,1017.0868,-15.0724,1811.5307,1308.2438,-0.5713
12.3704,1253.7498,1016.7052,-15.0724,1811.5236,1308.2459,-0.5706
12.3815,1254.6099,1016.3234,-15.0724,1811.5165,1308.2436,-0.5706
12.3913,1255.4982,1015.9161,-15.0724,1811.5148,1308.2350,-0.5521
12.4003,1256.3994,1015.5078,-15.0724,1811.5187,1308.2398,-0.5707
12.4105,1257.3540,1015.0962,-15.0724,1811.5251,1308.2346,-0.5714
12.4202,1258.2567,1014.7263,-15.0724,1811.5224,1308.2471,-0.5661
12.4304,1259.1696,1014.3849,-15.0724,1811.5267,1308.2508,-0.5837
12.4406,1260.0856,1014.0014,-15.0724,1811.5313,1308.2410,-0.5726
12.4509,1260.9174,1013.5853,-15.0724,1811.5078,1308.2318,-0.5647
12.4610,1261.8217,1013.1766,-15.0724,1811.5183,1308.2336,-0.5571
12.4705,1262.7422,1012.7466,-15.0724,1811.5167,1308.2539,-0.5740
12.4813,1263.7213,1012.3123,-15.0724,1811.5135,1308.2258,-0.5588
12.4908,1264.7899,1011.9031,-15.0724,1811.5271,1308.2424,-0.5736
12.5017,1265.8589,1011.4948,-15.0724,1811.5284,1308.2546,-0.5789
12.5109,1266.8400,1011.0576,-15.0724,1811.5242,1308.2263,-0.5595
12.5210,1267.7563,1010.6884,-15.0724,1811.5240,1308.2477,-0.5613
12.5308,1268.6331,1010.3015,-15.0724,1811.5183,1308.2432,-0.5652
12.5409,1269.5312,1009.8806,-15.0724,1811.5139,1308.2301,-0.5498
12.5514,1270.4499,1009.5074,-15.0724,1811.5223,1308.2451,-0.5682
12.5620,1271.3319,1009.0974,-15.0724,1811.5247,1308.2394,-0.5659
12.5713,1272.2892,1008.7468,-15.0724,1811.5200,1308.2416,-0.5730
12.5807,1273.2624,1008.3235,-15.0724,1811.5250,1308.2387,-0.5740
12.5915,1274.1318,1007.9097,-15.0724,1811.5302,1308.2495,-0.5712
12.6019,1274.9577,1007.5330,-15.0724,1811.5240,1308.2410,-0.5798
12.6114,1275.8118,1007.2128,-15.0724,1811.5273,1308.2449,-0.5742
12.6207,1276.6354,1006.8900,-15.0724,1811.5264,1308.2563,-0.5800
12.6305,1277.4432,1006.4861,-15.0724,1811.5233,1308.2394,-0.5739
12.6406,1278.2909,1006.0515,-15.0724,1811.5300,1308.2486,-0.5742
12.6517,1279.1870,1005.6293,-15.0724,1811.5303,1308.2546,-0.5755
12.6609,1280.1608,1005.2101,-15.0724,1811.5396,1308.2451,-0.5694
12.6707,1281.1758,1004.7996,-15.0724,1811.5266,1308.2493,-0.5799
12.6809,1282.1138,1004.3629,-15.0724,1811.5328,1308.2486,-0.5903
12.6907,1282.9855,1004.0001,-15.0724,1811.5433,1308.2716,-0.5882
12.7008,1283.7974,1003.6357,-15.0724,1811.5332,1308.2663,-0.5890
12.7111,1284.6247,1003.2634,-15.0724,1811.5311,1308.2466,-0.5676
12.7209,1285.4681,1002.9078,-15.0724,1811.5372,1308.2634,-0.5804
12.7308,1286.3077,1002.4833,-15.0724,1811.5288,1308.2476,-0.5702
12.7411,1287.1743,1002.0756,-15.0724,1811.5297,1308.2418,-0.5689
12.7509,1288.1305,1001.6765,-15.0724,1811.5403,1308.2466,-0.5972
12.7609,1289.0832,1001.2941,-15.0724,1811.5394,1308.2552,-0.5811
12.7714,1290.0073,1000.8759,-15.0724,1811.5220,1308.2430,-0.5767
12.7804,1290.9194,1000.5253,-15.0724,1811.5368,1308.2549,-0.5761
12.7904,1291.7708,1000.1976,-15.0724,1811.5224,1308.2521,-0.5680
12.8015,1292.5814,999.8137,-15.0724,1811.5154,1308.2345,-0.5617
12.8108,1293.4670,999.4507,-15.0724,1811.5440,1308.2498,-0.5667
12.8213,1294.3562,999.0185,-15.0724,1811.5354,1308.2495,-0.5873
12.8309,1295.2896,998.5890,-15.0724,1811.5255,1308.2258,-0.5567
12.8408,1296.3198,998.2389,-15.0724,1811.5366,1308.2542,-0.5837
12.8506,1297.3097,997.8383,-15.0724,1811.5246,1308.2393,-0.5624
12.8610,1298.2277,997.4423,-15.0724,1811.5025,1308.2321,-0.5466
12.8705,1299.0930,997.1178,-15.0724,1811.5179,1308.2550,-0.5780
12.8809,1299.9102,996.7533,-15.0724,1811.5229,1308.2413,-0.5602
12.8917,1300.7305,996.3841,-15.0724,1811.5121,1308.2426,-0.5713
12.9005,1301.6017,995.9960,-15.0724,1811.5408,1308.2433,-0.5797
12.9109,1302.4886,995.5687,-15.0724,1811.5460,1308.2466,-0.5834
12.9208,1303.4677,995.1479,-15.0724,1811.5240,1308.2383,-0.5760
12.9310,1304.5256,994.7325,-15.0724,1811.5191,1308.2289,-0.5649
12.9407,1305.5441,994.3237,-15.0724,1811.5176,1308.2403,-0.5587
12.9513,1306.4744,993.9277,-15.0724,1811.4978,1308.2236,-0.5475
12.9608,1307.3350,993.5786,-15.0724,1811.5065,1308.2434,-0.5551
12.9706,1308.1684,993.2797,-15.0724,1811.5259,1308.2518,-0.5804
12.9806,1309.0189,992.8892,-15.0724,1811.5332,1308.2418,-0.5709
12.9906,1309.8895,992.4688,-15.0724,1811.5383,1308.2530,-0.5870
13.0011,1310.7654,992.0282,-15.0724,1811.5375,1308.2417,-0.5804
13.0107,1311.7572,991.6355,-15.0724,1811.5319,1308.2502,-0.5776
13.0208,1312.7936,991.2233,-15.0724,1811.5195,1308.2347,-0.5577
13.0305,1313.8198,990.7912,-15.0724,1811.5214,1308.2424,-0.5517
13.0409,1314.7279,990.4188,-15.0724,1811.5186,1308.2548,-0.5767
13.0533,1315.5626,990.0393,-15.0724,1811.5116,1308.2225,-0.5560
13.0608,1316.4344,989.7687,-15.0724,1811.5300,1308.2402,-0.5705
13.0706,1317.2645,989.3601,-15.0724,1811.5287,1308.2541,-0.5884
13.0806,1318.1159,988.8981,-15.0724,1811.5229,1308.2334,-0.5701
13.0906,1319.0065,988.4841,-15.0724,1811.5142,1308.2465,-0.5851
13.1013,1320.0378,988.1020,-15.0724,1811.5410,1308.2499,-0.5792
13.1116,1321.0762,987.6925,-15.0724,1811.5250,1308.2575,-0.5749
13.1207,1322.0748,987.2355,-15.0724,1811.5294,1308.2406,-0.5743
13.1306,1322.9930,986.8284,-22.6325,1811.5397,1308.2530,-0.5647
13.1403,1323.8141,986.5124,-22.6706,1811.5186,1308.2485,-0.5760
13.1529,1324.6550,986.1862,-22.6892,1811.5208,1308.2234,-0.5503
13.1608,1325.4895,985.7793,-22.6864,1811.5197,1308.2502,-0.5675
13.1706,1326.4074,985.3544,-22.8684,1811.5187,1308.2401,-0.5674
13.1808,1327.5879,985.0551,-22.8684,1811.5266,1308.2412,-0.5668
13.1908,1328.4742,984.4936,-22.8684,1811.5223,1308.2553,-0.5822
13.2022,1329.3079,984.5310,-22.8684,1811.5377,1308.2491,-0.5807
13.2116,1330.3732,984.5233,-22.8684,1811.5267,1308.2498,-0.5866
13.2202,1331.2127,983.9701,-22.8684,1811.5189,1308.2269,-0.5712
13.2308,1332.2715,984.1897,-22.8684,1811.5389,1308.2421,-0.5684
13.2420,1333.3587,984.1823,-22.8684,1811.5189,1308.2354,-0.5722
13.2515,1334.4343,983.8421,-22.8684,1811.5168,1308.2219,-0.5475
13.2625,1335.5500,983.8561,-22.8684,1811.5282,1308.2561,-0.5719
13.2719,1336.5731,983.6413,-22.8684,1811.5257,1308.2446,-0.5704
13.2810,1337.5670,983.2202,-22.8684,1811.5199,1308.2486,-0.5715
13.2909,1338.4796,982.6909,-22.8684,1811.5289,1308.2510,-0.5817
13.3013,1339.2580,982.0958,-22.8684,1811.5354,1308.2516,-0.5787
13.3113,1340.0029,981.6155,-22.8684,1811.5183,1308.2537,-0.5834
13.3214,1340.8533,981.1556,-22.8684,1811.5321,1308.2346,-0.5687
13.3310,1341.7358,980.6277,-22.8684,1811.5405,1308.2581,-0.5834
13.3416,1342.6070,979.9509,-22.8684,1811.5163,1308.2393,-0.5764
13.3511,1343.5099,979.3119,-22.8684,1811.5300,1308.2389,-0.5708
13.3613,1344.3859,978.8280,-22.8684,1811.5334,1308.2603,-0.5919
13.3722,1345.2762,978.3995,-22.8684,1811.5237,1308.2357,-0.5651
13.3814,1346.1004,977.9622,-22.8684,1811.5324,1308.2612,-0.5746
13.3907,1346.8569,977.4661,-22.8684,1811.5286,1308.2566,-0.5888
13.4012,1347.5878,976.9768,-22.8684,1811.5252,1308.2472,-0.5684
13.4111,1348.3677,976.5007,-22.8684,1811.5311,1308.2550,-0.5835
13.4215,1349.2083,975.9855,-22.8684,1811.5367,1308.2448,-0.5711
13.4306,1350.0138,975.3856,-22.8684,1811.5271,1308.2501,-0.5699
13.4407,1350.8722,974.7587,-22.8684,1811.5218,1308.2397,-0.5724
13.4506,1351.7988,974.2169,-22.8684,1811.5259,1308.2393,-0.5694
13.4602,1352.7681,973.7463,-22.8684,1811.5259,1308.2549,-0.5844
13.4709,1353.7421,973.2388,-22.8684,1811.5258,1308.2397,-0.5639
13.4809,1354.6324,972.7172,-31.1415,1811.5345,1308.2667,-0.5798
13.4906,1355.4363,972.1598,-31.1415,1811.5383,1308.2562,-0.5814
13.5009,1356.2233,971.6523,-31.1415,1811.5326,1308.2485,-0.5715
13.5111,1357.0204,971.1501,-31.1415,1811.5243,1308.2545,-0.5772
13.5206,1357.8420,970.5594,-31.1415,1811.5298,1308.2446,-0.5686
13.5310,1358.6339,970.0071,-31.1415,1811.5176,1308.2469,-0.5547
13.5409,1359.4606,969.4870,-31.1415,1811.5142,1308.2328,-0.5522
13.5514,1360.2798,969.1298,-31.1415,1811.5293,1308.2510,-0.5722
13.5613,1360.9956,968.7262,-31.1415,1811.5261,1308.2411,-0.5708
13.5715,1361.6257,968.2607,-31.1415,1811.5181,1308.2299,-0.5575
13.5809,1362.2582,967.8605,-31.1415,1811.5401,1308.2614,-0.5878
13.5908,1362.8942,967.4403,-31.1415,1811.5316,1308.2491,-0.5751
13.6014,1363.6176,967.0483,-31.1415,1811.5179,1308.2358,-0.5608
13.6109,1364.4636,966.5630,-31.1415,1811.5331,1308.2572,-0.5902
13.6208,1365.3353,965.9879,-31.1415,1811.5272,1308.2551,-0.5696
13.6318,1366.2108,965.4323,-31.1415,1811.5090,1308.2441,-0.5629
13.6409,1367.1503,964.9274,-31.1415,1811.5322,1308.2495,-0.5696
13.6509,1368.0634,964.4323,-31.1415,1811.5331,1308.2601,-0.5749
13.6613,1368.9276,963.8752,-31.1415,1811.5109,1308.2301,-0.5592
13.6709,1369.7443,963.3602,-31.1415,1811.5335,1308.2318,-0.5590
13.6806,1370.4952,962.8622,-31.1415,1811.5299,1308.2611,-0.5945
13.6907,1371.2612,962.3385,-31.1415,1811.5236,1308.2258,-0.5554
13.7011,1372.0831,961.8281,-31.1415,1811.5322,1308.2597,-0.5876
13.7116,1372.9857,961.3060,-31.1415,1811.5419,1308.2603,-0.5904
13.7215,1373.8593,960.7960,-31.1415,1811.5242,1308.2488,-0.5677
13.7315,1374.7759,960.3037,-31.1415,1811.5222,1308.2542,-0.5834
13.7416,1375.7250,959.7468,-31.1415,1811.5432,1308.2456,-0.5699
13.7509,1376.5993,959.1872,-31.1415,1811.5229,1308.2483,-0.5719
13.7614,1377.4431,958.6294,-31.1415,1811.5256,1308.2332,-0.5609
13.7708,1378.2452,958.1783,-31.1415,1811.5358,1308.2572,-0.5754
13.7811,1379.0838,957.7434,-31.1415,1811.5255,1308.2625,-0.5802
13.7908,1379.9183,957.2513,-31.1415,1811.5227,1308.2346,-0.5617
13.8022,1380.7859,956.7711,-31.1415,1811.5403,1308.2640,-0.5814
13.8109,1381.6227,956.2505,-31.1415,1811.5361,1308.2496,-0.5783
13.8210,1382.5358,955.7667,-31.1415,1811.5198,1308.2386,-0.5729
13.8328,1383.5120,955.2593,-31.1415,1811.5286,1308.2446,-0.5846
13.8407,1384.3738,954.7177,-31.1415,1811.5274,1308.2422,-0.5681
13.8518,1385.1638,954.2191,-31.1415,1811.5188,1308.2465,-0.5660
13.8617,1385.9635,953.7497,-31.1415,1811.5373,1308.2498,-0.5803
13.8720,1386.7608,953.3426,-31.1415,1811.5297,1308.2710,-0.5824
13.8820,1387.5717,952.8686,-31.1415,1811.5223,1308.2522,-0.5752
13.8907,1388.4371,952.3849,-31.1415,1811.5356,1308.2534,-0.5734
13.9017,1389.3154,951.8990,-31.1415,1811.5374,1308.2653,-0.5828
13.9108,1390.2552,951.3556,-31.1415,1811.5281,1308.2416,-0.5782
13.9209,1391.2053,950.8379,-31.1415,1811.5327,1308.2498,-0.5788
13.9308,1392.0904,950.2939,-31.1415,1811.5339,1308.2535,-0.5838
13.9406,1392.8992,949.7523,-31.1415,1811.5261,1308.2441,-0.5641
13.9509,1393.7078,949.2277,-31.1415,1811.5117,1308.2516,-0.5718
13.9613,1394.5918,948.6550,-31.1415,1811.5216,1308.2360,-0.5537
13.9709,1395.4498,948.1518,-31.1415,1811.5190,1308.2600,-0.5625
13.9808,1396.2759,947.6908,-30.6712,1811.5168,1308.2474,-0.5707
13.9909,1397.1426,947.2526,-30.6540,1811.5327,1308.2459,-0.5702
14.0013,1398.0245,946.7663,-30.6201,1811.5349,1308.2617,-0.5927
14.0113,1398.9293,946.2163,-30.6186,1811.5361,1308.2399,-0.5781
14.0208,1399.8605,945.6952,-30.8412,1811.5234,1308.2523,-0.5795
14.0309,1401.0616,945.0742,-30.8412,1811.5341,1308.2490,-0.5741
14.0410,1402.1412,944.1899,-30.8412,1811.5228,1308.2526,-0.5636
14.0512,1403.2708,943.7899,-30.8412,1811.5100,1308.2490,-0.5714
14.0617,1404.5133,943.3537,-30.8412,1811.5261,1308.2361,-0.5623
14.0718,1405.4879,942.6149,-30.8412,1811.5169,1308.2540,-0.5767
14.0820,1406.5180,942.5265,-30.8412,1811.5257,1308.2432,-0.5764
14.0906,1407.6028,942.7841,-30.8412,1811.5385,1308.2545,-0.5802
14.1014,1408.5563,942.7364,-30.8412,1811.5231,1308.2572,-0.5889
14.1108,1409.6325,942.4479,-30.8412,1811.5171,1308.2350,-0.5633
14.1208,1410.6511,942.0794,-30.8412,1811.5251,1308.2623,-0.5780
14.1328,1411.4836,941.5754,-30.8412,1811.5235,1308.2401,-0.5671
14.1420,1412.2668,941.0952,-30.8412,1811.5214,1308.2544,-0.5779
14.1512,1412.9457,940.4374,-30.8412,1811.5282,1308.2579,-0.5937
14.1608,1413.6110,939.7522,-30.8412,1811.5389,1308.2402,-0.5737
14.1707,1414.2568,939.2013,-30.8412,1811.5291,1308.2565,-0.5886
14.1808,1414.9283,938.6657,-30.8412,1811.5273,1308.2404,-0.5791
14.1903,1415.6972,938.0970,-30.8412,1811.5295,1308.2491,-0.5773
14.2005,1416.5002,937.4381,-30.8412,1811.5150,1308.2448,-0.5790
14.2105,1417.2704,936.8109,-30.8412,1811.5238,1308.2320,-0.5572
14.2214,1417.9680,936.3702,-30.8412,1811.5263,1308.2642,-0.5785
14.2318,1418.6271,935.8564,-30.8412,1811.5326,1308.2484,-0.5745
14.2413,1419.3146,935.2572,-30.8412,1811.5273,1308.2539,-0.5691
14.2513,1420.0612,934.5734,-30.8412,1811.5299,1308.2452,-0.5763
14.2608,1420.8484,933.8737,-30.8412,1811.5299,1308.2510,-0.5731
14.2702,1421.6564,933.1750,-30.8412,1811.5262,1308.2502,-0.5804
14.2813,1422.5361,932.4807,-30.8412,1811.5363,1308.2358,-0.5679
14.2907,1423.3876,931.9085,-30.8412,1811.5338,1308.2600,-0.5889
14.3010,1424.2598,931.3365,-30.8412,1811.5273,1308.2444,-0.5807
14.3108,1425.1284,930.7821,-30.8412,1811.5278,1308.2457,-0.5712
14.3212,1425.9135,930.1662,-30.8412,1811.5308,1308.2621,-0.5834
14.3329,1426.6385,929.4682,-30.8412,1811.5208,1308.2427,-0.5664
14.3404,1427.3502,928.7852,-30.8412,1811.5153,1308.2584,-0.5764
14.3507,1428.1074,928.1292,-30.8412,1811.5339,1308.2574,-0.5767
14.3608,1428.8890,927.4627,-30.8412,1811.5159,1308.2441,-0.5781
14.3705,1429.7195,926.8288,-30.8412,1811.5258,1308.2480,-0.5799
14.3807,1430.5720,926.2403,-30.8412,1811.5435,1308.2495,-0.5789
14.3905,1431.3414,925.6901,-30.8412,1811.5314,1308.2531,-0.5735
14.4006,1432.0499,925.1086,-30.8412,1811.5234,1308.2355,-0.5694
14.4116,1432.7420,924.5523,-30.8412,1811.5350,1308.2637,-0.5874
14.4202,1433.4106,923.9483,-30.8412,1811.5284,1308.2595,-0.5819
14.4302,1434.1277,923.2863,-30.8412,1811.5272,1308.2397,-0.5700
14.4402,1434.9012,922.6413,-30.8412,1811.5352,1308.2611,-0.5855
14.4505,1435.6783,921.9343,-30.8412,1811.5239,1308.2438,-0.5781
14.4606,1436.4953,921.2766,-30.8412,1811.5196,1308.2387,-0.5696
14.4714,1437.3293,920.6891,-30.8412,1811.5243,1308.2420,-0.5818
14.4813,1438.0976,920.1206,-30.8412,1811.5228,1308.2357,-0.5636
14.4905,1438.7910,919.5767,-30.8412,1811.5181,1308.2491,-0.5697
14.5009,1439.4760,919.0088,-30.8412,1811.5269,1308.2402,-0.5661
14.5108,1440.1899,918.4465,-30.8412,1811.5325,1308.2553,-0.5781
14.5218,1440.9089,917.8247,-30.8412,1811.5308,1308.2570,-0.5894
14.5303,1441.6363,917.1333,-30.8412,1811.5314,1308.2445,-0.5713
14.5407,1442.4199,916.4290,-30.8412,1811.5291,1308.2481,-0.5865
14.5509,1443.2614,915.7477,-30.8412,1811.5252,1308.2390,-0.5680
14.5606,1444.0672,915.1410,-30.8412,1811.5150,1308.2513,-0.5744
14.5713,1444.8466,914.6119,-30.8412,1811.5288,1308.2490,-0.5722
14.5811,1445.5491,914.1259,-30.8412,1811.5295,1308.2526,-0.5793
14.5906,1446.2222,913.5767,-30.8412,1811.5206,1308.2496,-0.5689
14.6008,1446.9258,912.9941,-30.8412,1811.5277,1308.2303,-0.5652
14.6107,1447.6542,912.3867,-30.8412,1811.5289,1308.2571,-0.5764
14.6207,1448.4241,911.6625,-30.8412,1811.5198,1308.2404,-0.5767
14.6305,1449.2517,910.9179,-30.8412,1811.5311,1308.2365,-0.5614
14.6406,1450.1296,910.2445,-30.8412,1811.5330,1308.2636,-0.5880
14.6508,1450.9529,909.5790,-30.8412,1811.5287,1308.2499,-0.5814
14.6607,1451.7554,909.0421,-30.8412,1811.5191,1308.2601,-0.5733
14.6708,1452.5057,908.5040,-30.8412,1811.5305,1308.2448,-0.5833
14.6807,1453.1693,907.9178,-30.8412,1811.5255,1308.2448,-0.5668
14.6907,1453.8740,907.3160,-30.8412,1811.5186,1308.2355,-0.5718
14.7016,1454.6328,906.6511,-30.8412,1811.5327,1308.2474,-0.5753
14.7117,1455.4280,905.9705,-38.4613,1811.5271,1308.2596,-0.5829
14.7206,1456.2692,905.2480,-38.4534,1811.5258,1308.2454,-0.5714
14.7309,1457.1296,904.6123,-38.4362,1811.5298,1308.2591,-0.5743
14.7406,1457.9446,904.0168,-38.4283,1811.5285,1308.2556,-0.5827
14.7507,1458.7133,903.4581,-38.4237,1811.5309,1308.2355,-0.5607
14.7608,1459.3969,902.9017,-38.4062,1811.5199,1308.2571,-0.5807
14.7704,1460.0248,902.2375,-38.2263,1811.5309,1308.2437,-0.5737
14.7811,1460.4559,901.8474,-37.7104,1811.5236,1308.2488,-0.5778
14.7906,1460.5102,901.3956,-36.9727,1811.5195,1308.2493,-0.5861
14.8010,1460.8456,901.0581,-35.9047,1811.5396,1308.2528,-0.5738
14.8111,1461.2340,900.5500,-34.6766,1811.5245,1308.2584,-0.5868
14.8205,1461.4907,899.8700,-33.2829,1811.5224,1308.2347,-0.5656
14.8307,1462.0128,899.3946,-31.6076,1811.5281,1308.2592,-0.5792
14.8405,1462.4067,898.8948,-29.7592,1811.5252,1308.2571,-0.5886
14.8512,1462.4911,898.1635,-29.7592,1811.5272,1308.2401,-0.5744
14.8607,1462.5860,897.6640,-29.7592,1811.5344,1308.2573,-0.5887
14.8722,1462.4739,896.9943,-29.7592,1811.5367,1308.2399,-0.5834
14.8816,1462.4081,896.3932,-29.7592,1811.5253,1308.2509,-0.5776
14.8906,1461.9501,895.2942,-29.7592,1811.5233,1308.2435,-0.5779
14.9006,1462.0112,894.6838,-29.7592,1811.5295,1308.2502,-0.5730
14.9116,1462.3758,893.9877,-29.7592,1811.5186,1308.2516,-0.5712
14.9215,1462.6074,893.0699,-29.7592,1811.5283,1308.2393,-0.5591
14.9315,1463.3607,892.7203,-29.7592,1811.5278,1308.2643,-0.5871
14.9416,1464.3416,892.2856,-29.7592,1811.5215,1308.2499,-0.5829
14.9517,1465.1583,891.6385,-29.7592,1811.5347,1308.2458,-0.5752
14.9606,1466.0878,891.1105,-29.7592,1811.5350,1308.2606,-0.5892
14.9706,1467.0400,890.6469,-29.7592,1811.5232,1308.2414,-0.5721
14.9804,1468.0352,890.4284,-29.7592,1811.5275,1308.2491,-0.5743
14.9908,1468.9705,890.3398,-29.7592,1811.5285,1308.2436,-0.5718
15.0013,1469.7274,890.3436,-29.7592,1811.5249,1308.2525,-0.5735
15.0103,1470.4145,890.2358,-29.7592,1811.5206,1308.2468,-0.5869
15.0208,1471.2465,890.0567,-29.7592,1811.5329,1308.2380,-0.5705
15.0302,1472.2793,889.8885,-29.7592,1811.5244,1308.2513,-0.5851
15.0403,1473.3927,889.6198,-29.7592,1811.5269,1308.2411,-0.5764
15.0505,1474.3939,889.3031,-29.7592,1811.5258,1308.2441,-0.5716
15.0604,1475.4231,889.0729,-29.7592,1811.5314,1308.2524,-0.5855
15.0717,1476.4734,888.9068,-29.7592,1811.5226,1308.2381,-0.5617
15.0812,1477.5001,888.7937,-29.7592,1811.5246,1308.2641,-0.5864
15.0908,1478.4467,888.6288,-29.7592,1811.5248,1308.2551,-0.5790
15.1009,1479.4211,888.4818,-29.7592,1811.5250,1308.2592,-0.5758
15.1110,1480.4843,888.3292,-29.7592,1811.5267,1308.2516,-0.5811
15.1204,1481.5493,888.0769,-29.7592,1811.5264,1308.2366,-0.5723
15.1308,1482.5555,887.7966,-29.7592,1811.5114,1308.2495,-0.5840
15.1406,1483.5519,887.4483,-29.7592,1811.5201,1308.2263,-0.5676
15.1514,1484.6171,887.2712,-29.7592,1811.5269,1308.2518,-0.5803
15.1617,1485.6312,887.1307,-29.7592,1811.5262,1308.2590,-0.5889
15.1718,1486.6583,887.0044,-29.7592,1811.5304,1308.2503,-0.5705
15.1817,1487.6782,886.8541,-29.7592,1811.5276,1308.2706,-0.5972
15.1904,1488.7064,886.6603,-29.7592,1811.5308,1308.2451,-0.5727
15.2004,1489.6987,886.4726,-29.7592,1811.5226,1308.2558,-0.5816
15.2115,1490.6587,886.1981,-29.7592,1811.5273,1308.2485,-0.5833
15.2208,1491.6302,885.9021,-29.7592,1811.5278,1308.2450,-0.5770
15.2303,1492.6742,885.6885,-29.7592,1811.5262,1308.2578,-0.5821
15.2407,1493.7501,885.4873,-29.7592,1811.5319,1308.2425,-0.5713
15.2533,1494.8026,885.3823,-29.7592,1811.5284,1308.2708,-0.5890
15.2606,1495.8276,885.2043,-29.7592,1811.5215,1308.2563,-0.5864
15.2706,1496.8802,885.0358,-29.7592,1811.5165,1308.2490,-0.5667
15.2808,1497.9637,884.8627,-29.7592,1811.5367,1308.2599,-0.5878
15.2905,1498.9698,884.6072,-29.7592,1811.5289,1308.2402,-0.5825
15.3012,1499.9185,884.3309,-29.7592,1811.5243,1308.2528,-0.5879
15.3105,1500.8765,884.0482,-29.7592,1811.5387,1308.2427,-0.5835
15.3208,1501.8799,883.8762,-29.7592,1811.5312,1308.2525,-0.5828
15.3307,1502.9095,883.7515,-29.7592,1811.5244,1308.2541,-0.5775
15.3409,1503.9220,883.6044,-29.7592,1811.5270,1308.2476,-0.5600
15.3502,1504.9521,883.4369,-29.7592,1811.5278,1308.2698,-0.5815
15.3606,1506.0325,883.2360,-29.7592,1811.5249,1308.2409,-0.5659
15.3715,1507.1100,883.0618,-29.7592,1811.5297,1308.2524,-0.5740
15.3819,1508.1266,882.8129,-29.7592,1811.5412,1308.2676,-0.5998
15.3905,1509.0997,882.5090,-29.7592,1811.5432,1308.2422,-0.5801
15.4012,1510.0922,882.2803,-29.7592,1811.5364,1308.2596,-0.5903
15.4112,1511.1022,882.1133,-29.7592,1811.5350,1308.2509,-0.5809
15.4216,1512.0964,882.0118,-29.7592,1811.5245,1308.2600,-0.5768
15.4304,1513.0830,881.8199,-29.7592,1811.5143,1308.2469,-0.5707
15.4407,1514.1482,881.6338,-29.7592,1811.5319,1308.2418,-0.5666
15.4504,1515.2032,881.4389,-29.7592,1811.5219,1308.2697,-0.5974
15.4607,1516.2318,881.1771,-29.7592,1811.5283,1308.2361,-0.5685
15.4706,1517.1872,880.8788,-29.7592,1811.5283,1308.2568,-0.5917
15.4806,1518.1727,880.6392,-29.7592,1811.5239,1308.2500,-0.5930
15.4907,1519.1809,880.4657,-29.7592,1811.5212,1308.2361,-0.5704
15.5010,1520.2027,880.3510,-29.7592,1811.5168,1308.2531,-0.5690
15.5117,1521.2225,880.1613,-29.7592,1811.5337,1308.2465,-0.5741
15.5204,1522.2470,879.9782,-29.7592,1811.5316,1308.2628,-0.5851
15.5304,1523.3011,879.7924,-29.7592,1811.5358,1308.2458,-0.5778
15.5411,1524.3442,879.6219,-29.7592,1811.5330,1308.2527,-0.5839
15.5511,1525.3344,879.3766,-29.7592,1811.5273,1308.2552,-0.5918
15.5627,1526.3301,879.1049,-29.7592,1811.5284,1308.2275,-0.5619
15.5707,1527.3170,878.9479,-29.7592,1811.5190,1308.2557,-0.5781
15.5809,1528.3207,878.8105,-29.7592,1811.5249,1308.2550,-0.5884
15.5908,1529.3260,878.6429,-29.7592,1811.5334,1308.2452,-0.5652
15.6008,1530.3427,878.4459,-29.7592,1811.5306,1308.2634,-0.5851
15.6107,1531.3989,878.2829,-29.7592,1811.5217,1308.2476,-0.5738
15.6211,1532.4219,878.1135,-29.7592,1811.5232,1308.2461,-0.5791
15.6313,1533.4099,877.9370,-29.7592,1811.5277,1308.2321,-0.5738
15.6407,1534.3619,877.7603,-29.7592,1811.5323,1308.2612,-0.5794
15.6505,1535.2963,877.5828,-29.7592,1811.5168,1308.2475,-0.5759
15.6613,1536.2650,877.4594,-29.7592,1811.5213,1308.2465,-0.5739
15.6710,1537.2349,877.3235,-29.7592,1811.5306,1308.2758,-0.5901
15.6805,1538.2465,877.1442,-29.7592,1811.5242,1308.2396,-0.5680
15.6902,1539.3053,876.9897,-29.7592,1811.5239,1308.2552,-0.5759
15.7012,1540.3793,876.8472,-29.7592,1811.5329,1308.2548,-0.5869
15.7115,1541.3984,876.6472,-29.7592,1811.5220,1308.2341,-0.5646
15.7211,1542.3825,876.4823,-29.7592,1811.5251,1308.2503,-0.5782
15.7308,1543.3408,876.2726,-29.7592,1811.5322,1308.2457,-0.5763
15.7404,1544.2328,876.0895,-29.7592,1811.5182,1308.2493,-0.5746
15.7511,1545.1392,875.9476,-29.7592,1811.5107,1308.2429,-0.5781
15.7605,1546.0743,875.7785,-29.7592,1811.5275,1308.2505,-0.5742
15.7707,1547.0504,875.6345,-29.7592,1811.5126,1308.2653,-0.5823
15.7806,1548.0853,875.4289,-29.7592,1811.5204,1308.2321,-0.5658
15.7908,1549.1708,875.2870,-29.7592,1811.5325,1308.2559,-0.5752
15.8021,1550.2497,875.1272,-9.9016,1811.5274,1308.2519,-0.5854
15.8107,1551.3061,874.8911,-9.9016,1811.5245,1308.2439,-0.5650
15.8204,1552.3016,874.6792,-9.9016,1811.5331,1308.2635,-0.5862
15.8307,1553.2441,874.4742,-9.9016,1811.5281,1308.2485,-0.5691
15.8404,1554.1574,874.3868,-9.9016,1811.5125,1308.2592,-0.5797
15.8505,1555.0145,874.2649,-9.9016,1811.5224,1308.2461,-0.5729
15.8604,1555.8015,874.1024,-9.9016,1811.5312,1308.2600,-0.5840
15.8706,1556.5774,873.9556,-9.9016,1811.5206,1308.2508,-0.5863
15.8808,1557.3481,873.8199,-9.9016,1811.5279,1308.2339,-0.5833
15.8908,1558.1951,873.7112,-9.9016,1811.5319,1308.2693,-0.5936
15.9007,1559.0982,873.4980,-9.9016,1811.5257,1308.2417,-0.5788
15.9106,1560.0733,873.2647,-9.9016,1811.5159,1308.2396,-0.5725
15.9201,1561.0584,873.0813,-9.9016,1811.5305,1308.2618,-0.5842
15.9308,1562.0305,872.9424,-9.9016,1811.5162,1308.2425,-0.5664
15.9403,1563.0187,872.8142,-9.9016,1811.5142,1308.2532,-0.5718
15.9503,1564.0509,872.6423,-9.9016,1811.5334,1308.2499,-0.5759
15.9621,1565.0708,872.4452,-9.9016,1811.5316,1308.2661,-0.5864
15.9720,1566.1104,872.2567,-9.9016,1811.5239,1308.2410,-0.5828
15.9804,1567.1418,872.0683,-9.9016,1811.5361,1308.2471,-0.5824
15.9919,1568.1343,871.9049,-9.9016,1811.5261,1308.2590,-0.5799
16.0002,1569.0875,871.7072,-9.9016,1811.5195,1308.2318,-0.5596
16.0105,1570.0566,871.5875,-9.9016,1811.5245,1308.2492,-0.5728
16.0219,1571.0034,871.4583,-9.9016,1811.5278,1308.2594,-0.5848
16.0320,1571.9708,871.2565,-9.9016,1811.5135,1308.2359,-0.5644
16.0408,1572.9978,871.1104,-9.9016,1811.5137,1308.2476,-0.5781
16.0509,1574.0674,870.9081,-9.9016,1811.5308,1308.2336,-0.5759
16.0607,1575.1538,870.7426,-9.9016,1811.5157,1308.2493,-0.5736
16.0714,1576.2255,870.5530,-9.9016,1811.5198,1308.2385,-0.5733
16.0806,1577.2759,870.3555,-9.9016,1811.5348,1308.2564,-0.5782
16.0906,1578.2828,870.1754,-9.9016,1811.5306,1308.2599,-0.5887
16.1008,1579.2783,869.9974,-9.9016,1811.5205,1308.2332,-0.5707
16.1107,1580.2559,869.8670,-9.9016,1811.5353,1308.2598,-0.5891
16.1209,1581.2549,869.6984,-9.9016,1811.5241,1308.2516,-0.5902
16.1305,1582.2837,869.5343,-9.9016,1811.5209,1308.2343,-0.5657
16.1407,1583.3356,869.3926,-9.9016,1811.5286,1308.2535,-0.5825
16.1506,1584.3644,869.1914,-9.9016,1811.5236,1308.2449,-0.5780
16.1607,1585.3303,868.9803,-9.9016,1811.5094,1308.2441,-0.5612
16.1709,1586.3115,868.7994,-9.9016,1811.5226,1308.2344,-0.5662
16.1805,1587.2612,868.6364,-9.9016,1811.5175,1308.2523,-0.5756
16.1904,1588.1849,868.4756,-9.9016,1811.5175,1308.2494,-0.5774
16.2008,1589.1541,868.2835,-9.9016,1811.5244,1308.2319,-0.5588
16.2107,1590.1688,868.1366,-9.9016,1811.5267,1308.2576,-0.5851
16.2203,1591.2512,867.9687,-9.9016,1811.5199,1308.2424,-0.5744
16.2309,1592.3426,867.7939,-9.9016,1811.5226,1308.2374,-0.5667
16.2412,1593.3550,867.5771,-9.9016,1811.5200,1308.2527,-0.5819
16.2504,1594.2781,867.3602,-9.9016,1811.5189,1308.2350,-0.5619
16.2607,1595.2361,867.2177,-9.9016,1811.5224,1308.2565,-0.5830
16.2701,1596.2124,867.0766,-9.9016,1811.5349,1308.2509,-0.5816
16.2807,1597.1183,866.9228,-9.9016,1811.5247,1308.2572,-0.5723
16.2903,1598.0193,866.7418,-9.9016,1811.5164,1308.2453,-0.5731
16.3006,1599.0309,866.5507,-9.9016,1811.5237,1308.2342,-0.5570
16.3107,1600.0854,866.3917,-9.9016,1811.5152,1308.2504,-0.5826
16.3211,1601.1676,866.1919,-9.9016,1811.5202,1308.2332,-0.5706
16.3307,1602.1830,866.0151,-9.9016,1811.5336,1308.2557,-0.5832
16.3409,1603.0990,865.8528,-9.9016,1811.5326,1308.2538,-0.5920
16.3513,1604.0504,865.7298,-9.9016,1811.5263,1308.2477,-0.5831
16.3619,1604.9738,865.6060,-9.9016,1811.5233,1308.2566,-0.5815
16.3706,1605.9078,865.3957,-9.9016,1811.5212,1308.2374,-0.5659
16.3813,1606.8928,865.2315,-9.9016,1811.5193,1308.2570,-0.5762
16.3909,1607.9537,865.0555,-9.9016,1811.5283,1308.2497,-0.5833
16.4003,1609.0610,864.8843,-9.9016,1811.5289,1308.2479,-0.5707
16.4129,1610.0982,864.6939,-9.9016,1811.5362,1308.2689,-0.5957
16.4204,1611.0756,864.4899,-9.9016,1811.5289,1308.2383,-0.5701
16.4302,1611.9941,864.3560,-9.9016,1811.5203,1308.2541,-0.5720
16.4406,1612.9221,864.2130,-9.9016,1811.5138,1308.2446,-0.5769
16.4504,1613.8320,864.0677,-9.9016,1811.5115,1308.2284,-0.5575
16.4612,1614.7860,863.9248,-9.9016,1811.5180,1308.2524,-0.5769
16.4705,1615.8038,863.7541,-9.9016,1811.5220,1308.2379,-0.5704
16.4822,1616.8542,863.6002,-9.9016,1811.5179,1308.2522,-0.5812
16.4909,1617.9518,863.4160,-9.9016,1811.5266,1308.2440,-0.5723
16.5010,1619.0040,863.2129,-9.9016,1811.5148,1308.2440,-0.5703
16.5110,1620.0190,863.0540,-9.9016,1811.5099,1308.2397,-0.5715
16.5207,1620.9756,862.9233,-9.9016,1811.5197,1308.2313,-0.5602
16.5307,1621.9156,862.8035,-9.9016,1811.5128,1308.2501,-0.5723
16.5417,1622.9066,862.6442,-9.9016,1811.5182,1308.2317,-0.5692
16.5506,1623.9019,862.4818,-9.9016,1811.5241,1308.2477,-0.5819
16.5608,1624.9409,862.3059,-9.9016,1811.5189,1308.2534,-0.5857
16.5705,1626.0128,862.1272,-9.9016,1811.5204,1308.2456,-0.5703
16.5806,1627.0637,861.9131,-9.9016,1811.5124,1308.2520,-0.5778
16.5906,1628.1023,861.6991,-9.9016,1811.5182,1308.2309,-0.5622
16.6009,1629.0925,861.5552,-9.9016,1811.5122,1308.2478,-0.5691
16.6112,1630.0438,861.3941,-9.9016,1811.5255,1308.2421,-0.5730
16.6211,1630.9967,861.2422,-9.9016,1811.5215,1308.2246,-0.5542
16.6311,1631.9677,861.0896,-9.9016,1811.5181,1308.2614,-0.5888
16.6412,1632.9924,860.8888,-9.9016,1811.5298,1308.2335,-0.5694
16.6508,1634.0447,860.7083,-9.9016,1811.5215,1308.2411,-0.5705
16.6614,1635.1223,860.4888,-9.9016,1811.5289,1308.2560,-0.5862
16.6714,1636.1304,860.2704,-9.9016,1811.5272,1308.2484,-0.5812
16.6808,1637.1115,860.0791,-9.9016,1811.5247,1308.2548,-0.5922
16.6905,1638.0439,859.9012,-9.9016,1811.5314,1308.2438,-0.5829
16.7004,1638.9413,859.7607,-9.9016,1811.5250,1308.2591,-0.5935
16.7116,1639.8853,859.6028,-9.9016,1811.5207,1308.2341,-0.5757
16.7213,1640.8655,859.4281,-9.9016,1811.5173,1308.2441,-0.5714
16.7307,1641.8986,859.2541,-9.9016,1811.5081,1308.2589,-0.5811
16.7405,1642.9750,859.0352,-9.9016,1811.5159,1308.2218,-0.5459
16.7508,1644.0492,858.8460,-9.9016,1811.5201,1308.2567,-0.5786
16.7619,1645.0731,858.6770,-9.9016,1811.5259,1308.2526,-0.5777
16.7706,1646.0291,858.5543,-9.9016,1811.5348,1308.2467,-0.5779
16.7816,1646.9299,858.4320,-9.9016,1811.5303,1308.2587,-0.5820
16.7910,1647.8257,858.2591,-9.9016,1811.5327,1308.2396,-0.5682
16.8010,1648.7550,858.0784,-9.9016,1811.5217,1308.2592,-0.5799
16.8106,1649.7709,857.9084,-9.9016,1811.5268,1308.2379,-0.5642
16.8206,1650.7827,857.7242,-9.9016,1811.5168,1308.2459,-0.5736
16.8308,1651.8438,857.5116,-9.9016,1811.5195,1308.2541,-0.5834
16.8407,1652.9474,857.3087,-9.9016,1811.5261,1308.2383,-0.5689
16.8514,1654.0794,857.2490,-9.9016,1811.5198,1308.2545,-0.5881
16.8607,1655.0960,857.1366,-9.9016,1811.5208,1308.2446,-0.5761
16.8706,1656.0151,857.0044,-9.9016,1811.5203,1308.2431,-0.5711
16.8805,1656.9483,856.8252,-9.9016,1811.5202,1308.2491,-0.5805
16.8906,1657.9135,856.6260,-9.9016,1811.5322,1308.2403,-0.5675
16.9005,1658.8779,856.4825,-9.9016,1811.5164,1308.2545,-0.5849
16.9106,1659.8818,856.3134,-9.9016,1811.5274,1308.2408,-0.5767
16.9201,1660.9099,856.1409,-9.9016,1811.5386,1308.2642,-0.5960
16.9310,1661.9285,856.0039,-9.9016,1811.5220,1308.2559,-0.5815
16.9409,1662.8938,855.9031,-9.9016,1811.5317,1308.2353,-0.5738
16.9507,1663.7820,855.8600,-9.9016,1811.5225,1308.2663,-0.6016
16.9604,1664.6776,855.7299,-9.9016,1811.5228,1308.2311,-0.5730
16.9703,1665.6021,855.6048,-9.9016,1811.5205,1308.2500,-0.5800
16.9807,1666.5744,855.4328,-9.9016,1811.5294,1308.2618,-0.5964
16.9906,1667.5502,855.2311,-9.9016,1811.5167,1308.2400,-0.5756
17.0010,1668.5984,855.0800,-9.9016,1811.5205,1308.2545,-0.5867
17.0106,1669.7027,854.9287,-9.9016,1811.5258,1308.2422,-0.5870
17.0205,1670.8129,854.8358,-9.9016,1811.5150,1308.2507,-0.5752
17.0306,1671.8662,854.7364,-9.9016,1811.5150,1308.2325,-0.5663
17.0406,1672.8345,854.6391,-9.9016,1811.5232,1308.2500,-0.5783
17.0507,1673.7774,854.4575,-9.9016,1811.5155,1308.2577,-0.5836
17.0606,1674.7365,854.2426,-9.9016,1811.5201,1308.2280,-0.5611
17.0706,1675.7368,854.1244,-9.9016,1811.5276,1308.2617,-0.5834
17.0805,1676.7647,853.9792,-9.9016,1811.5264,1308.2562,-0.5846
17.0908,1677.7917,853.7620,-9.9016,1811.5211,1308.2347,-0.5727
17.1009,1678.8599,853.6555,-9.9016,1811.5255,1308.2590,-0.5906
17.1115,1679.8442,853.5293,-9.9016,1811.5285,1308.2349,-0.5706
17.1218,1680.7272,853.4080,-9.9016,1811.5160,1308.2439,-0.5798
17.1302,1681.6266,853.2503,-9.9016,1811.5213,1308.2396,-0.5715
17.1400,1682.5153,853.0794,-9.9016,1811.5143,1308.2476,-0.5778
17.1505,1683.4388,852.9437,-9.9016,1811.5144,1308.2461,-0.5740
17.1605,1684.4291,852.7741,-9.9016,1811.5190,1308.2261,-0.5654
17.1707,1685.4749,852.6038,-9.9016,1811.5045,1308.2526,-0.5762
17.1807,1686.5474,852.3821,-9.9016,1811.5187,1308.2346,-0.5732
17.1904,1687.5912,852.2580,-9.9016,1811.5189,1308.2427,-0.5741
17.2018,1688.5345,852.1835,-9.9016,1811.5292,1308.2628,-0.5921
17.2117,1689.3798,852.0896,-9.9016,1811.5309,1308.2486,-0.5678
17.2214,1690.2189,851.9604,-9.9016,1811.5148,1308.2508,-0.5799
17.2309,1691.1102,851.7653,-9.9016,1811.5339,1308.2465,-0.5769
17.2405,1692.0259,851.5918,-9.9016,1811.5127,1308.2524,-0.5823
17.2510,1693.0267,851.3813,-9.9016,1811.5123,1308.2434,-0.5774
17.2610,1694.0995,851.1921,-9.9016,1811.5214,1308.2442,-0.5699
17.2707,1695.1796,851.0116,-9.9016,1811.5180,1308.2615,-0.5919
17.2810,1696.2405,850.8519,-9.9016,1811.5135,1308.2338,-0.5682
17.2918,1697.2252,850.7808,-9.9016,1811.5188,1308.2400,-0.5735
17.3007,1698.1011,850.6883,-9.9016,1811.5212,1308.2460,-0.5846
17.3109,1698.9017,850.4297,-9.9016,1811.5181,1308.2359,-0.5698
17.3211,1699.8094,850.2758,-9.9016,1811.5142,1308.2471,-0.5741
17.3308,1700.7704,850.1031,-9.9016,1811.5268,1308.2385,-0.5696
17.3405,1701.7568,849.9171,-9.9016,1811.5146,1308.2607,-0.5840
17.3502,1702.8386,849.7090,-9.9016,1811.5289,1308.2426,-0.5772
17.3606,1703.9544,849.5301,-9.9016,1811.5289,1308.2527,-0.5746
17.3711,1705.0134,849.4164,-9.9016,1811.5200,1308.2603,-0.5806
17.3806,1705.9953,849.2932,-9.9016,1811.5306,1308.2366,-0.5653
17.3913,1706.8504,849.2280,-9.9016,1811.5234,1308.2640,-0.5901
17.4007,1707.7203,849.0678,-9.9016,1811.5189,1308.2361,-0.5742
17.4125,1708.6514,848.8984,-9.9016,1811.5120,1308.2275,-0.5662
17.4207,1709.6029,848.7161,-9.9016,1811.5199,1308.2490,-0.5801
17.4308,1710.6141,848.5093,-9.9016,1811.5135,1308.2346,-0.5705
17.4404,1711.6906,848.3261,-9.9016,1811.5104,1308.2504,-0.5843
17.4509,1712.8574,848.1706,-9.9016,1811.5321,1308.2502,-0.5835
17.4604,1713.9324,848.0747,-9.9016,1811.5286,1308.2601,-0.5748
17.4702,1714.8978,847.9811,-9.9016,1811.5214,1308.2566,-0.5798
17.4820,1715.8269,847.8297,-9.9016,1811.5332,1308.2392,-0.5666
17.4917,1716.7621,847.6699,-9.9016,1811.5239,1308.2644,-0.5838
17.5017,1717.7281,847.4801,-9.9016,1811.5162,1308.2422,-0.5708
17.5107,1718.7160,847.2613,-9.9016,1811.5255,1308.2441,-0.5681
17.5202,1719.7494,847.0807,-9.9016,1811.5295,1308.2571,-0.5821
17.5312,1720.8311,846.8757,-9.9016,1811.5215,1308.2335,-0.5628
17.5403,1721.9102,846.7852,-9.9016,1811.5196,1308.2579,-0.5882
17.5507,1722.9142,846.6721,-7.9684,1811.5276,1308.2332,-0.5752
17.5607,1723.8188,846.5709,-7.9578,1811.5269,1308.2498,-0.5854
17.5710,1724.7263,846.4027,-7.9394,1811.5199,1308.2482,-0.5795
17.5806,1725.6535,846.2210,-7.8755,1811.5272,1308.2390,-0.5762
17.5906,1726.6376,846.0034,-7.8755,1811.5259,1308.2601,-0.5869
17.6008,1727.7099,845.7347,-7.8755,1811.5179,1308.2385,-0.5737
17.6123,1728.8156,845.7649,-7.8755,1811.5172,1308.2441,-0.5660
17.6206,1729.7008,845.2264,-7.8755,1811.5257,1308.2457,-0.5769
17.6310,1730.6304,845.0581,-7.8755,1811.5189,1308.2349,-0.5610
17.6407,1731.5151,844.8856,-7.8755,1811.5225,1308.2481,-0.5745
17.6506,1731.9803,844.0083,-7.8755,1811.5269,1308.2449,-0.5721
17.6616,1732.7097,843.4492,-7.8755,1811.5180,1308.2536,-0.5862
17.6712,1733.8585,843.2074,-7.8755,1811.5262,1308.2398,-0.5797
17.6806,1734.9620,842.9573,-7.8755,1811.5239,1308.2458,-0.5778
17.6903,1735.8645,842.9093,-7.8755,1811.5203,1308.2617,-0.5896
17.7007,1736.7488,842.9994,-7.8755,1811.5208,1308.2239,-0.5640
17.7117,1737.6548,843.0823,-7.8755,1811.5127,1308.2552,-0.5698
17.7207,1738.6390,842.9703,-7.8755,1811.5171,1308.2444,-0.5769
17.7306,1739.6912,842.8004,-7.8755,1811.5145,1308.2401,-0.5596
17.7407,1740.7916,842.7482,-7.8755,1811.5239,1308.2541,-0.5763
17.7506,1741.8505,842.7556,-7.8755,1811.5214,1308.2492,-0.5757
17.7618,1742.8453,842.8070,-7.8755,1811.5168,1308.2559,-0.5812
17.7716,1743.8810,842.7612,-7.8755,1811.5231,1308.2397,-0.5826
17.7805,1744.9470,842.7397,-7.8755,1811.5253,1308.2493,-0.5806
17.7903,1746.0066,842.7244,-7.8755,1811.5208,1308.2537,-0.5900
17.8005,1747.0176,842.6568,-7.8755,1811.5211,1308.2336,-0.5649
17.8106,1747.9642,842.6142,-7.8755,1811.5260,1308.2608,-0.5843
17.8210,1748.8850,842.4919,-7.8755,1811.5199,1308.2480,-0.5743
17.8303,1749.8189,842.4344,-7.8755,1811.5236,1308.2485,-0.5670
17.8407,1750.7645,842.4696,-7.8755,1811.5298,1308.2579,-0.5773
17.8508,1751.6790,842.4893,-7.8755,1811.5240,1308.2534,-0.5683
17.8608,1752.6425,842.5038,-7.8755,1811.5114,1308.2590,-0.5687
17.8712,1753.6373,842.4469,-7.8755,1811.5198,1308.2424,-0.5675
17.8810,1754.7021,842.4250,-7.8755,1811.5171,1308.2655,-0.5769
17.8905,1755.7517,842.3889,-7.8755,1811.5076,1308.2479,-0.5819
17.9007,1756.7715,842.3342,-7.8755,1811.5221,1308.2288,-0.5587
17.9108,1757.7644,842.2886,-7.8755,1811.5233,1308.2626,-0.5927
17.9206,1758.7318,842.2202,-7.8755,1811.5189,1308.2368,-0.5791
17.9304,1759.6920,842.2805,-7.8755,1811.5257,1308.2487,-0.5804
17.9414,1760.6772,842.3897,-7.8755,1811.5289,1308.2594,-0.5946
17.9517,1761.6740,842.3962,-7.8755,1811.5225,1308.2519,-0.5689
17.9615,1762.7272,842.3127,-7.8755,1811.5195,1308.2589,-0.5765
17.9713,1763.8161,842.1990,-7.8755,1811.5164,1308.2405,-0.5621
17.9806,1764.8832,842.1308,-7.8755,1811.5178,1308.2625,-0.5746
17.9904,1765.9343,842.0453,-7.8755,1811.5117,1308.2458,-0.5665
18.0008,1766.8928,842.0169,-7.8755,1811.5283,1308.2456,-0.5657
18.0109,1767.7617,842.0704,-7.8755,1811.5272,1308.2578,-0.5880
18.0204,1768.6263,842.1042,-7.8755,1811.5281,1308.2314,-0.5627
18.0306,1769.5629,842.1700,-7.8755,1811.5291,1308.2591,-0.5768
18.0405,1770.5291,842.1526,-7.8755,1811.5284,1308.2567,-0.5866
18.0510,1771.4886,842.1044,-7.8755,1811.5224,1308.2507,-0.5745
18.0609,1772.5154,842.1010,-7.8755,1811.5222,1308.2642,-0.5819
18.0706,1773.5925,842.0600,-7.8755,1811.5241,1308.2522,-0.5645
18.0808,1774.6620,842.0359,-7.8755,1811.5203,1308.2626,-0.5765
18.0903,1775.6482,841.9253,-7.8755,1811.5222,1308.2339,-0.5609
18.1011,1776.6143,841.8994,-7.8755,1811.5196,1308.2523,-0.5676
18.1119,1777.5804,841.9720,-7.8755,1811.5142,1308.2599,-0.5762
18.1209,1778.5574,841.9833,-7.8755,1811.5206,1308.2364,-0.5519
18.1310,1779.5414,841.9868,-7.8755,1811.5197,1308.2706,-0.5878
18.1405,1780.5302,841.9021,-7.8755,1811.5247,1308.2481,-0.5679
18.1505,1781.5822,841.8671,-7.8755,1811.5223,1308.2498,-0.5616
18.1613,1782.6779,841.8393,-7.8755,1811.5292,1308.2628,-0.5832
18.1701,1783.7509,841.7418,-7.8755,1811.5284,1308.2449,-0.5558
18.1802,1784.6973,841.6439,-7.8755,1811.5082,1308.2538,-0.5649
18.1908,1785.6294,841.6162,-7.8755,1811.5188,1308.2550,-0.5592
18.2009,1786.5378,841.7097,-7.8755,1811.5156,1308.2667,-0.5690
18.2107,1787.5049,841.7324,-7.8755,1811.5089,1308.2494,-0.5641
18.2213,1788.4978,841.6664,-7.8755,1811.5265,1308.2419,-0.5564
18.2306,1789.4960,841.6117,-7.8755,1811.5189,1308.2704,-0.5812
18.2406,1790.5391,841.5399,-7.8755,1811.5258,1308.2373,-0.5661
18.2504,1791.6014,841.5486,-7.8755,1811.5197,1308.2581,-0.5819
18.2606,1792.5960,841.4973,-7.8755,1811.5244,1308.2581,-0.5811
18.2705,1793.5372,841.4301,-7.8755,1811.5222,1308.2507,-0.5606
18.2803,1794.4469,841.4482,-7.8755,1811.5227,1308.2659,-0.5647
18.2904,1795.3490,841.5143,-7.8755,1811.5153,1308.2538,-0.5624
18.3009,1796.2623,841.5946,-7.8755,1811.5133,1308.2657,-0.5649
18.3111,1797.2612,841.5649,-7.8755,1811.5087,1308.2525,-0.5613
18.3210,1798.2949,841.5107,-7.8755,1811.5238,1308.2534,-0.5591
18.3309,1799.3654,841.4774,-7.8755,1811.5219,1308.2708,-0.5769
18.3402,1800.4625,841.4086,-7.8755,1811.5312,1308.2399,-0.5596
18.3508,1801.4681,841.3578,-7.8755,1811.5233,1308.2716,-0.5802
18.3608,1802.3863,841.3016,-7.8755,1811.5339,1308.2631,-0.5709
18.3706,1803.2935,841.3451,-7.8755,1811.5149,1308.2561,-0.5714
18.3804,1804.2194,841.4526,-7.8755,1811.5248,1308.2590,-0.5720
18.3906,1805.1927,841.4542,-7.8755,1811.5222,1308.2631,-0.5707
18.4019,1806.1844,841.4200,-7.8755,1811.5148,1308.2681,-0.5769
18.4122,1807.2244,841.3456,-0.6606,1811.5239,1308.2444,-0.5642
18.4208,1808.2936,841.3147,-0.6595,1811.5256,1308.2722,-0.5758
18.4308,1809.3447,841.2344,-0.6523,1811.5199,1308.2666,-0.5680
18.4404,1810.3529,841.1074,-0.6160,1811.5160,1308.2442,-0.5506
18.4507,1811.3987,841.0213,-0.3403,1811.5162,1308.2784,-0.5763
18.4612,1812.4916,841.0624,-0.3403,1811.5107,1308.2545,-0.5511
18.4706,1813.4835,841.0037,-0.3403,1811.5111,1308.2578,-0.5465
18.4807,1814.3655,840.3983,-0.3403,1811.5208,1308.2704,-0.5740
18.4916,1815.4105,840.6240,-0.3403,1811.5150,1308.2557,-0.5536
18.5006,1816.3339,840.5631,-0.3403,1811.5143,1308.2716,-0.5708
18.5106,1817.0350,839.7244,-0.3403,1811.5328,1308.2567,-0.5670
18.5206,1817.9653,839.4755,-0.3403,1811.5185,1308.2775,-0.5737
18.5307,1819.1385,839.2271,-0.3403,1811.5151,1308.2604,-0.5589
18.5405,1820.0667,838.6584,-0.3403,1811.5189,1308.2587,-0.5516
18.5507,1820.8651,838.5132,-0.3403,1811.5166,1308.2750,-0.5653
18.5611,1821.7099,838.4774,-0.3403,1811.5056,1308.2440,-0.5420
18.5715,1822.4733,838.5930,-0.3403,1811.5190,1308.2709,-0.5538
18.5808,1823.2498,838.8843,-0.3403,1811.5143,1308.2657,-0.5578
18.5903,1824.0583,838.9622,-0.3403,1811.5172,1308.2575,-0.5489
18.6011,1824.9838,838.9969,-0.3403,1811.5161,1308.2762,-0.5768
18.6126,1826.0524,839.0987,-0.3403,1811.5242,1308.2502,-0.5587
18.6217,1827.1521,839.3078,-0.3403,1811.5136,1308.2681,-0.5712
18.6311,1828.2554,839.4846,-0.3403,1811.5178,1308.2599,-0.5586
18.6424,1829.2886,839.5697,-0.3403,1811.5233,1308.2618,-0.5502
18.6504,1830.2831,839.6695,-0.3403,1811.5121,1308.2778,-0.5647
18.6609,1831.2625,839.7683,-0.3403,1811.5176,1308.2562,-0.5475
18.6703,1832.2143,839.9380,7.9933,1811.5133,1308.2714,-0.5647
18.6808,1833.2054,840.0685,7.9933,1811.5128,1308.2631,-0.5578
18.6904,1834.1938,840.1843,7.9933,1811.5016,1308.2659,-0.5519
18.7021,1835.2363,840.3210,7.9933,1811.5082,1308.2708,-0.5712
18.7106,1836.2589,840.4698,7.9933,1811.5287,1308.2690,-0.5609
18.7212,1837.2315,840.6598,7.9933,1811.5144,1308.2736,-0.5721
18.7307,1838.1321,840.7238,7.9933,1811.5273,1308.2564,-0.5652
18.7403,1838.8999,840.8192,7.9933,1811.5178,1308.2737,-0.5627
18.7504,1839.6412,840.9079,7.9933,1811.5150,1308.2582,-0.5598
18.7614,1840.4280,841.0221,7.9933,1811.5125,1308.2431,-0.5423
18.7703,1841.2898,841.1951,7.9933,1811.5137,1308.2768,-0.5674
18.7810,1842.2573,841.2921,7.9933,1811.5186,1308.2567,-0.5500
18.7906,1843.3279,841.4150,7.9933,1811.5098,1308.2715,-0.5541
18.8007,1844.4599,841.5515,7.9933,1811.5203,1308.2781,-0.5651
18.8113,1845.5159,841.7261,7.9933,1811.5182,1308.2623,-0.5571
18.8207,1846.5060,841.8985,7.9933,1811.5087,1308.2668,-0.5571
18.8305,1847.4644,842.0259,7.9933,1811.5265,1308.2541,-0.5563
18.8405,1848.3630,842.1334,7.9933,1811.5150,1308.2675,-0.5733
18.8504,1849.3268,842.2625,7.9933,1811.5241,1308.2486,-0.5670
18.8604,1850.3076,842.4359,7.9933,1811.5256,1308.2600,-0.5611
18.8708,1851.2808,842.6114,7.9933,1811.5190,1308.2792,-0.5727
18.8807,1852.3450,842.7024,7.9933,1811.5198,1308.2595,-0.5586
18.8906,1853.4520,842.7967,7.9933,1811.5129,1308.2791,-0.5587
18.9008,1854.5302,842.9251,7.9933,1811.5107,1308.2649,-0.5582
18.9117,1855.5294,843.0796,7.9933,1811.5172,1308.2629,-0.5530
18.9209,1856.4691,843.2362,7.9933,1811.5227,1308.2689,-0.5670
18.9309,1857.4156,843.3378,7.9933,1811.5302,1308.2575,-0.5559
18.9403,1858.4119,843.4950,7.9933,1811.5332,1308.2802,-0.5725
18.9508,1859.4174,843.6034,7.9933,1811.5212,1308.2626,-0.5700
18.9606,1860.4498,843.7425,7.9933,1811.5146,1308.2491,-0.5495
18.9706,1861.5400,843.9173,7.9933,1811.5157,1308.2822,-0.5802
18.9804,1862.6251,844.0717,7.9933,1811.5178,1308.2491,-0.5501
18.9904,1863.6326,844.2690,7.9933,1811.5093,1308.2690,-0.5634
19.0006,1864.5972,844.3987,7.9933,1811.5242,1308.2711,-0.5771
19.0107,1865.5358,844.5317,7.9933,1811.5256,1308.2622,-0.5611
19.0213,1866.4936,844.6689,7.9933,1811.5264,1308.2614,-0.5677
19.0321,1867.4789,844.8166,7.9933,1811.5226,1308.2635,-0.5505
19.0405,1868.4744,844.9539,7.9933,1811.5092,1308.2650,-0.5558
19.0506,1869.4930,845.0541,7.9933,1811.5078,1308.2466,-0.5406
19.0606,1870.5854,845.2232,7.9933,1811.5154,1308.2737,-0.5615
19.0706,1871.6295,845.4142,7.9933,1811.5168,1308.2654,-0.5675
19.0814,1872.5883,845.5453,7.9933,1811.5221,1308.2516,-0.5542
19.0906,1873.5067,845.6966,7.9933,1811.5267,1308.2738,-0.5709
19.1017,1874.4298,845.8100,7.9933,1811.5254,1308.2491,-0.5571
19.1112,1875.3909,845.9624,7.9933,1811.5180,1308.2653,-0.5604
19.1210,1876.3696,846.0949,7.9933,1811.5184,1308.2686,-0.5670
19.1324,1877.3469,846.1848,7.9933,1811.5159,1308.2534,-0.5474
19.1417,1878.3887,846.3440,7.9933,1811.5110,1308.2632,-0.5490
19.1507,1879.4568,846.5014,7.9933,1811.5226,1308.2578,-0.5516
19.1619,1880.4790,846.5917,7.9933,1811.5090,1308.2655,-0.5629
19.1725,1881.4849,846.6801,7.9933,1811.5168,1308.2559,-0.5604
19.1807,1882.4785,846.8107,7.9933,1811.5192,1308.2538,-0.5529
19.1907,1883.4633,846.9520,7.9933,1811.5123,1308.2637,-0.5745
19.2005,1884.4464,846.9451,7.9933,1811.5244,1308.2532,-0.5536
19.2111,1885.4559,847.0742,7.9933,1811.5220,1308.2687,-0.5597
19.2203,1886.5135,847.1840,7.9933,1811.5175,1308.2648,-0.5621
19.2313,1887.6283,847.3295,7.9933,1811.5161,1308.2601,-0.5554
19.2414,1888.7179,847.4293,7.9933,1811.5190,1308.2604,-0.5509
19.2521,1889.7640,847.5038,7.9933,1811.5226,1308.2402,-0.5367
19.2612,1890.7610,847.6268,7.9933,1811.5121,1308.2676,-0.5614
19.2716,1891.7567,847.7532,7.9933,1811.5160,1308.2474,-0.5367
19.2808,1892.7635,847.8827,7.9933,1811.5044,1308.2556,-0.5533
19.2903,1893.7951,848.0164,7.9933,1811.5157,1308.2752,-0.5671
19.3006,1894.8226,848.1035,7.9933,1811.5208,1308.2563,-0.5446
19.3121,1895.8870,848.2646,7.9933,1811.5137,1308.2695,-0.5649
19.3203,1896.9775,848.4518,7.9933,1811.5219,1308.2571,-0.5686
19.3310,1898.0386,848.6225,7.9933,1811.5124,1308.2581,-0.5576
19.3404,1899.0949,848.7755,7.9933,1811.5210,1308.2617,-0.5584
19.3519,1900.1124,848.8571,7.9933,1811.5202,1308.2567,-0.5495
19.3620,1901.1041,849.0020,7.9933,1811.5085,1308.2740,-0.5518
19.3706,1902.1219,849.1114,7.9933,1811.5077,1308.2531,-0.5460
19.3821,1903.1166,849.2296,7.9933,1811.5142,1308.2729,-0.5481
19.3922,1904.1500,849.3801,7.9933,1811.5126,1308.2750,-0.5621
19.4004,1905.2068,849.5780,7.9933,1811.5067,1308.2450,-0.5403
19.4125,1906.2474,849.8418,7.9933,1811.5245,1308.2733,-0.5672
19.4206,1907.2528,850.0143,7.9933,1811.5190,1308.2586,-0.5715
19.4307,1908.2054,850.1070,7.9933,1811.5181,1308.2615,-0.5593
19.4410,1909.1669,850.2336,7.9933,1811.5162,1308.2595,-0.5591
19.4505,1910.1423,850.3896,7.9933,1811.5242,1308.2680,-0.5518
19.4605,1911.1306,850.5538,7.9933,1811.5082,1308.2705,-0.5542
19.4710,1912.1581,850.7010,7.9933,1811.5120,1308.2557,-0.5464
19.4807,1913.1976,850.9046,7.9933,1811.5211,1308.2787,-0.5604
19.4905,1914.2325,851.1527,7.9933,1811.5162,1308.2626,-0.5546
19.5007,1915.1910,851.3952,7.9933,1811.5157,1308.2481,-0.5439
19.5108,1916.1762,851.6091,7.9933,1811.5253,1308.2844,-0.5712
19.5216,1917.1258,851.7276,7.9933,1811.5214,1308.2634,-0.5530
19.5304,1918.0977,851.8671,7.9933,1811.5162,1308.2736,-0.5511
19.5401,1919.0884,852.0005,7.9933,1811.5148,1308.2666,-0.5550
19.5512,1920.0739,852.1221,7.9933,1811.5148,1308.2682,-0.5530
19.5607,1921.0687,852.3120,7.9933,1811.5093,1308.2612,-0.5503
19.5702,1922.0594,852.4973,7.9933,1811.5176,1308.2506,-0.5419
19.5808,1923.0125,852.7270,7.9933,1811.5145,1308.2746,-0.5623
19.5914,1923.9214,852.8262,7.9933,1811.5242,1308.2603,-0.5540
19.6007,1924.8058,852.9215,7.9933,1811.5136,1308.2675,-0.5559
19.6105,1925.7427,853.0398,7.9933,1811.5187,1308.2783,-0.5649
19.6204,1926.6859,853.1533,7.9933,1811.5173,1308.2584,-0.5472
19.6308,1927.6888,853.2923,7.9933,1811.5152,1308.2771,-0.5497
19.6417,1928.7051,853.3818,7.9933,1811.5285,1308.2725,-0.5604
19.6506,1929.7203,853.5184,7.9933,1811.5146,1308.2692,-0.5606
19.6610,1930.6878,853.7231,7.9933,1811.5266,1308.2654,-0.5614
19.6708,1931.5900,853.9238,7.9933,1811.5253,1308.2608,-0.5506
19.6811,1932.4647,854.0863,7.9933,1811.5161,1308.2746,-0.5648
19.6917,1933.3333,854.1238,7.9933,1811.5139,1308.2505,-0.5347
19.7019,1934.2358,854.2130,7.9933,1811.5098,1308.2719,-0.5557
19.7120,1935.1907,854.3227,7.9933,1811.5172,1308.2700,-0.5522
19.7218,1936.1976,854.4239,7.9933,1811.5119,1308.2392,-0.5280
19.7310,1937.2066,854.5681,7.9933,1811.5178,1308.2781,-0.5639
19.7417,1938.2556,854.7071,7.9933,1811.5307,1308.2654,-0.5615
19.7506,1939.2300,854.9093,7.9933,1811.5088,1308.2668,-0.5529
19.7607,1940.1566,855.1641,7.9933,1811.5191,1308.2700,-0.5603
19.7711,1941.0447,855.3214,7.9933,1811.5215,1308.2650,-0.5561
19.7809,1941.8995,855.4008,7.9933,1811.5059,1308.2723,-0.5689
19.7902,1942.8525,855.4872,7.9933,1811.5261,1308.2617,-0.5538
19.8017,1943.8296,855.6010,7.9933,1811.5184,1308.2833,-0.5692
19.8108,1944.8492,855.7117,7.9933,1811.5159,1308.2481,-0.5510
19.8202,1945.9012,855.8717,7.9933,1811.5126,1308.2601,-0.5472
19.8308,1946.9724,856.0711,7.9933,1811.5245,1308.2855,-0.5654
19.8403,1947.9351,856.2644,7.9933,1811.5105,1308.2585,-0.5367
19.8515,1948.9007,856.5247,7.9933,1811.5131,1308.2753,-0.5555
19.8606,1949.8088,856.6772,8.9364,1811.5203,1308.2732,-0.5602
19.8701,1950.6967,856.7451,8.9655,1811.5029,1308.2584,-0.5562
19.8801,1951.6292,856.8255,8.9804,1811.5242,1308.2730,-0.5663
19.8907,1952.5767,856.9098,9.0527,1811.5342,1308.2610,-0.5572
19.9007,1953.6230,856.9713,9.0527,1811.5201,1308.2806,-0.5672
19.9104,1954.8172,857.1747,9.0527,1811.5196,1308.2659,-0.5537
19.9205,1955.9353,857.5874,9.0527,1811.5244,1308.2765,-0.5599
19.9306,1956.9004,857.1868,9.0527,1811.5087,1308.2778,-0.5644
19.9402,1957.7481,857.2216,9.0527,1811.5146,1308.2566,-0.5439
19.9512,1958.6573,857.3915,9.0527,1811.5059,1308.2673,-0.5521
19.9610,1959.4081,856.6095,9.0527,1811.5153,1308.2645,-0.5525
19.9722,1960.2203,856.3352,9.0527,1811.5109,1308.2603,-0.5476
19.9802,1961.2944,856.5798,9.0527,1811.5149,1308.2632,-0.5505
19.9906,1962.4200,856.5963,9.0527,1811.5274,1308.2625,-0.5443
20.0023,1963.3618,856.8089,9.0527,1811.5129,1308.2751,-0.5558
20.0107,1964.2297,857.2949,9.0527,1811.5166,1308.2556,-0.5385
20.0210,1964.9924,857.6687,9.0527,1811.5173,1308.2805,-0.5607
20.0322,1965.8069,857.9235,9.0527,1811.5148,1308.2750,-0.5548
20.0407,1966.8528,858.1326,9.0527,1811.5142,1308.2575,-0.5512
20.0507,1968.0848,858.3531,9.0527,1811.5218,1308.2853,-0.5625
20.0609,1969.2911,858.5992,9.0527,1811.5139,1308.2617,-0.5504
20.0710,1970.3238,858.9036,9.0527,1811.5034,1308.2557,-0.5434
20.0806,1971.3217,859.3100,9.0527,1811.5131,1308.2676,-0.5543
20.0904,1972.2180,859.7032,9.0527,1811.5131,1308.2719,-0.5494
20.1007,1973.1609,859.9832,9.0527,1811.5076,1308.2692,-0.5618
20.1108,1974.1447,860.1425,9.0527,1811.5262,1308.2612,-0.5489
20.1206,1975.0759,860.3025,9.0527,1811.5262,1308.2835,-0.5680
20.1308,1975.9987,860.4862,9.0527,1811.5178,1308.2581,-0.5527
20.1406,1976.9198,860.7837,9.0527,1811.5234,1308.2584,-0.5530
20.1516,1977.8467,861.0955,9.0527,1811.5219,1308.2866,-0.5648
20.1610,1978.7510,861.3705,9.0527,1811.5068,1308.2528,-0.5361
20.1707,1979.6962,861.6936,9.0527,1811.5214,1308.2783,-0.5553
20.1803,1980.6947,861.9947,9.0527,1811.5284,1308.2758,-0.5591
20.1905,1981.6500,862.2542,9.0527,1811.5112,1308.2687,-0.5452
20.2020,1982.6314,862.4544,9.0527,1811.5188,1308.2725,-0.5628
20.2117,1983.5775,862.6252,9.0527,1811.5242,1308.2676,-0.5616
20.2203,1984.5020,862.8392,9.0527,1811.5129,1308.2771,-0.5633
20.2310,1985.4931,863.0848,9.0527,1811.5036,1308.2548,-0.5513
20.2422,1986.4900,863.3919,9.0527,1811.5236,1308.2708,-0.5649
20.2501,1987.4819,863.7187,9.0527,1811.5156,1308.2783,-0.5697
20.2601,1988.4931,864.0443,9.0527,1811.5141,1308.2601,-0.5490
20.2708,1989.5356,864.3737,9.0527,1811.5141,1308.2758,-0.5543
20.2819,1990.5405,864.6017,9.0527,1811.5230,1308.2742,-0.5459
20.2917,1991.4897,864.8036,9.0527,1811.5065,1308.2687,-0.5403
20.3011,1992.4475,864.9913,9.0527,1811.5059,1308.2661,-0.5430
20.3108,1993.4055,865.2036,9.0527,1811.5255,1308.2626,-0.5482
20.3206,1994.3763,865.5017,9.0527,1811.5132,1308.2725,-0.5592
20.3306,1995.3386,865.8130,9.0527,1811.5226,1308.2588,-0.5521
20.3411,1996.3160,866.1320,9.0527,1811.5336,1308.2841,-0.5687
20.3505,1997.3046,866.4113,9.0527,1811.5219,1308.2706,-0.5627
20.3606,1998.3245,866.6838,9.0527,1811.5098,1308.2632,-0.5605
20.3703,1999.3282,866.9691,9.0527,1811.5228,1308.2778,-0.5631
20.3808,2000.2564,867.1675,9.0527,1811.5164,1308.2542,-0.5450
20.3903,2001.2240,867.3769,9.0527,1811.5092,1308.2691,-0.5547
20.4004,2002.2080,867.6140,9.0527,1811.5189,1308.2673,-0.5584
20.4114,2003.1556,867.8885,9.0527,1811.5164,1308.2603,-0.5510
20.4206,2004.0892,868.2030,9.0527,1811.5164,1308.2768,-0.5684
20.4314,2005.0579,868.5148,9.0527,1811.5172,1308.2609,-0.5582
20.4405,2006.0247,868.8314,9.0527,1811.5123,1308.2692,-0.5614
20.4508,2007.0741,869.1169,9.0527,1811.5179,1308.2672,-0.5604
20.4623,2008.0773,869.3754,9.0527,1811.5132,1308.2659,-0.5514
20.4707,2009.0501,869.5985,16.1173,1811.5207,1308.2823,-0.5744
20.4809,2009.9997,869.8079,16.1277,1811.5205,1308.2574,-0.5608
20.4909,2010.9785,870.0992,16.1048,1811.5193,1308.2685,-0.5618
20.5006,2011.9374,870.3746,16.0864,1811.5265,1308.2671,-0.5599
20.5103,2012.7930,870.6617,16.1071,1811.5162,1308.2621,-0.5524
20.5207,2013.7154,870.8997,16.4227,1811.5009,1308.2680,-0.5519
20.5305,2014.6440,870.8727,17.1640,1811.5107,1308.2599,-0.5426
20.5415,2015.3846,870.9513,17.9946,1811.5070,1308.2781,-0.5603
20.5505,2016.1299,871.2893,19.1452,1811.5140,1308.2578,-0.5524
20.5608,2016.9479,871.1122,20.5579,1811.5161,1308.2625,-0.5680
20.5705,2017.5970,871.1575,22.0288,1811.5222,1308.2750,-0.5740
20.5805,2018.1628,871.1941,23.8110,1811.5179,1308.2567,-0.5665
20.5904,2018.6934,870.8358,25.7584,1811.5179,1308.2668,-0.5737
20.6004,2019.1710,870.5847,27.8738,1811.5210,1308.2688,-0.5637
20.6117,2019.7240,870.3703,30.1178,1811.5135,1308.2695,-0.5582
20.6205,2020.2920,870.0623,32.4756,1811.5162,1308.2737,-0.5532
20.6304,2020.8703,869.6714,32.4756,1811.5183,1308.2676,-0.5457
20.6405,2021.3481,869.1703,32.4756,1811.4990,1308.2805,-0.5539
20.6516,2021.8992,868.6717,32.4756,1811.5162,1308.2653,-0.5373
20.6615,2022.3721,868.0336,32.4756,1811.5090,1308.2784,-0.5482
20.6706,2022.9794,867.4522,32.4756,1811.5071,1308.2760,-0.5407
20.6804,2023.6370,866.7819,32.4756,1811.5034,1308.2655,-0.5416
20.6901,2024.4081,866.2629,32.4756,1811.5026,1308.2805,-0.5565
20.7020,2025.0560,866.2243,32.4756,1811.5127,1308.2733,-0.5496
20.7123,2025.7773,866.5674,32.4756,1811.5026,1308.2816,-0.5564
20.7221,2026.6323,866.9140,32.4756,1811.5102,1308.2844,-0.5495
20.7322,2027.5021,867.4438,32.4756,1811.5048,1308.2783,-0.5417
20.7402,2028.3809,868.2831,32.4756,1811.5044,1308.2838,-0.5427
20.7521,2029.1245,869.1495,32.4756,1811.5025,1308.2702,-0.5273
20.7606,2029.6714,869.9730,32.4756,1811.4977,1308.2897,-0.5359
20.7703,2030.0944,870.8324,32.4756,1811.5034,1308.2844,-0.5352
20.7808,2030.4736,871.7625,32.4756,1811.5054,1308.2762,-0.5349
20.7903,2031.0620,872.5968,32.4756,1811.4910,1308.2895,-0.5435
20.8004,2031.8640,873.4395,32.4756,1811.5054,1308.2683,-0.5351
20.8106,2032.6589,874.2747,32.4756,1811.4968,1308.2761,-0.5399
20.8213,2033.3301,875.1007,32.4756,1811.5136,1308.2690,-0.5390
20.8313,2033.8256,875.9319,32.4756,1811.5027,1308.2771,-0.5404
20.8405,2034.2954,876.7783,32.4756,1811.5041,1308.2869,-0.5504
20.8506,2034.7502,877.6304,32.4756,1811.5114,1308.2863,-0.5438
20.8610,2035.3561,878.4934,32.4756,1811.5045,1308.2938,-0.5394
20.8705,2036.0503,879.3123,32.4756,1811.5035,1308.2857,-0.5389
20.8803,2036.7198,880.0838,32.4756,1811.5049,1308.2797,-0.5331
20.8901,2037.3624,880.8201,32.4756,1811.4944,1308.2891,-0.5453
20.9011,2037.9390,881.5616,32.4756,1811.4987,1308.2675,-0.5244
20.9107,2038.4440,882.3144,32.4756,1811.4993,1308.2924,-0.5555
20.9207,2038.8779,883.0353,32.4756,1811.5124,1308.2769,-0.5482
20.9316,2039.3267,883.7964,32.4756,1811.5031,1308.2872,-0.5501
20.9409,2039.9152,884.5950,32.4756,1811.5089,1308.2850,-0.5496
20.9503,2040.5039,885.4434,32.4756,1811.5100,1308.2805,-0.5323
20.9604,2041.1171,886.2712,32.4756,1811.4918,1308.2897,-0.5330
20.9704,2041.7509,887.0659,32.4756,1811.4925,1308.2623,-0.5252
20.9807,2042.4147,887.8333,32.4756,1811.5032,1308.2826,-0.5418
20.9914,2043.0382,888.6324,32.4756,1811.4974,1308.2866,-0.5452
21.0005,2043.5931,889.4185,32.4756,1811.4993,1308.2719,-0.5306
21.0104,2044.1145,890.2081,32.4756,1811.5106,1308.2936,-0.5669
21.0209,2044.6758,890.9945,32.4756,1811.5067,1308.2808,-0.5415
21.0306,2045.2663,891.8335,32.4756,1811.4936,1308.2840,-0.5472
21.0405,2045.9219,892.7074,32.4756,1811.5151,1308.2865,-0.5497
21.0508,2046.5605,893.5689,32.4756,1811.5124,1308.2843,-0.5406
21.0608,2047.2598,894.3986,32.4756,1811.4990,1308.2831,-0.5450
21.0722,2047.9432,895.2058,32.4756,1811.5082,1308.2807,-0.5408
21.0812,2048.5131,896.0185,32.4756,1811.5040,1308.2874,-0.5471
21.0905,2049.0469,896.7672,53.9017,1811.5061,1308.2711,-0.5294
21.1013,2049.5842,897.5244,53.9232,1811.4969,1308.2715,-0.5185
21.1117,2050.1453,898.3310,53.9323,1811.4970,1308.2789,-0.5374
21.1206,2050.7505,899.1876,53.9295,1811.4979,1308.2730,-0.5342
21.1306,2051.3730,900.0565,53.9360,1811.5023,1308.2901,-0.5481
21.1411,2052.0180,900.9232,53.7487,1811.5005,1308.2843,-0.5519
21.1505,2052.5574,901.9496,53.1093,1811.5101,1308.2943,-0.5578
21.1607,2053.1954,902.7432,52.3038,1811.5125,1308.2906,-0.5632
21.1707,2053.5833,903.6587,51.2710,1811.5168,1308.2662,-0.5404
21.1802,2054.1584,904.7767,49.9073,1811.5028,1308.2838,-0.5555
21.1906,2054.8408,905.8743,48.3554,1811.5010,1308.2649,-0.5433
21.2005,2055.5438,906.8202,46.7118,1811.5007,1308.2731,-0.5421
21.2121,2055.5804,907.9459,44.7605,1811.5052,1308.2778,-0.5524
21.2208,2055.9180,908.9433,42.6461,1811.5047,1308.2665,-0.5321
21.2341,2056.0926,909.8390,40.4007,1811.5079,1308.2856,-0.5545
21.2405,2056.0384,910.8708,38.0099,1811.5056,1308.2733,-0.5503
21.2512,2055.7936,911.9661,38.0099,1811.5068,1308.2719,-0.5512
21.2608,2055.8155,913.0117,38.0099,1811.5081,1308.2714,-0.5647
21.2708,2055.7536,914.1095,38.0099,1811.5152,1308.2587,-0.5409
21.2810,2055.4575,915.3197,38.0099,1811.5068,1308.2692,-0.5712
21.2905,2055.3411,916.4417,38.0099,1811.5077,1308.2659,-0.5556
21.3007,2055.3152,917.5214,38.0099,1811.4996,1308.2708,-0.5555
21.3106,2054.9085,918.9493,38.0099,1811.5053,1308.2745,-0.5619
21.3206,2054.9529,919.9922,38.0099,1811.5143,1308.2646,-0.5569
21.3316,2055.5856,920.7062,38.0099,1811.5011,1308.2722,-0.5618
21.3415,2056.4207,921.4433,38.0099,1811.5060,1308.2571,-0.5495
21.3521,2056.9293,922.2802,38.0099,1811.5107,1308.2786,-0.5716
21.3602,2057.5041,922.7290,38.0099,1811.5120,1308.2707,-0.5551
21.3706,2058.4266,922.9767,38.0099,1811.5032,1308.2607,-0.5582
21.3809,2059.6208,923.1327,38.0099,1811.5089,1308.2781,-0.5677
21.3904,2060.5920,923.2363,38.0099,1811.5070,1308.2633,-0.5534
21.4007,2061.3538,923.6154,38.0099,1811.5052,1308.2775,-0.5646
21.4107,2062.2317,924.0011,38.0099,1811.5174,1308.2755,-0.5691
21.4219,2063.2239,924.2791,38.0099,1811.5179,1308.2723,-0.5621
21.4320,2064.1595,924.4935,38.0099,1811.5182,1308.2781,-0.5690
21.4418,2065.0416,924.7319,38.0099,1811.5149,1308.2748,-0.5678
21.4503,2065.9157,924.9833,38.0099,1811.5029,1308.2791,-0.5660
21.4604,2066.8983,925.2164,38.0099,1811.5057,1308.2719,-0.5563
21.4709,2067.9881,925.5059,38.0099,1811.5075,1308.2805,-0.5594
21.4823,2069.0793,925.8402,38.0099,1811.5036,1308.2732,-0.5567
21.4907,2070.1158,926.1926,38.0099,1811.5090,1308.2595,-0.5472
21.5004,2071.0656,926.5099,38.0099,1811.5141,1308.2822,-0.5798
21.5107,2071.9747,926.7637,38.0099,1811.5102,1308.2574,-0.5526
21.5213,2072.9032,927.0605,38.0099,1811.5097,1308.2689,-0.5678
21.5310,2073.8264,927.3692,38.0099,1811.5219,1308.2850,-0.5724
21.5413,2074.7646,927.5914,38.0099,1811.5070,1308.2587,-0.5508
21.5514,2075.7693,927.8235,38.0099,1811.5068,1308.2781,-0.5611
21.5613,2076.7872,928.0832,38.0099,1811.5264,1308.2770,-0.5547
21.5706,2077.7519,928.4474,38.0099,1811.5034,1308.2641,-0.5506
21.5806,2078.6635,928.7675,38.0099,1811.5094,1308.2652,-0.5575
21.5905,2079.6035,929.0186,38.0099,1811.5226,1308.2629,-0.5655
21.6015,2080.5140,929.2986,38.0099,1811.5018,1308.2667,-0.5704
21.6103,2081.4377,929.5969,38.0099,1811.5077,1308.2578,-0.5520
21.6202,2082.3464,929.9077,38.0099,1811.5214,1308.2774,-0.5718
21.6308,2083.2919,930.1770,38.0099,1811.5072,1308.2671,-0.5737
21.6405,2084.3204,930.5038,38.0099,1811.5137,1308.2658,-0.5688
21.6507,2085.3275,930.8498,38.0099,1811.5082,1308.2751,-0.5689
21.6615,2086.2481,931.1677,38.0099,1811.5096,1308.2583,-0.5613
21.6717,2087.1363,931.4407,38.0099,1811.5001,1308.2649,-0.5683
21.6814,2087.9871,931.7185,38.0099,1811.5092,1308.2631,-0.5573
21.6903,2088.8586,932.0185,38.0099,1811.5138,1308.2661,-0.5641
21.7006,2089.7184,932.2879,38.0099,1811.5074,1308.2654,-0.5567
21.7101,2090.6312,932.5392,38.0099,1811.5072,1308.2534,-0.5486
21.7206,2091.6467,932.8393,38.0099,1811.5134,1308.2798,-0.5757
21.7307,2092.6834,933.1745,38.0099,1811.5123,1308.2665,-0.5625
21.7406,2093.7479,933.5264,38.0099,1811.4985,1308.2622,-0.5638
21.7510,2094.7396,933.8519,38.0099,1811.5124,1308.2749,-0.5730
21.7606,2095.6173,934.1122,38.0099,1811.5152,1308.2623,-0.5670
21.7719,2096.4530,934.3862,38.0099,1811.4932,1308.2632,-0.5645
21.7820,2097.3260,934.6525,38.0099,1811.5173,1308.2658,-0.5644
21.7907,2098.2375,934.8774,38.0099,1811.5139,1308.2731,-0.5702
21.8006,2099.2083,935.0705,38.0099,1811.4983,1308.2615,-0.5581
21.8104,2100.2637,935.3455,38.0099,1811.5225,1308.2576,-0.5565
21.8202,2101.3398,935.7085,38.0099,1811.5069,1308.2698,-0.5708
21.8308,2102.3907,936.1035,38.0099,1811.5027,1308.2503,-0.5544
21.8404,2103.4356,936.4929,38.0099,1811.5140,1308.2698,-0.5692
21.8513,2104.3756,936.7908,38.0099,1811.5136,1308.2720,-0.5820
21.8605,2105.2599,937.0639,38.0099,1811.5135,1308.2560,-0.5654
21.8718,2106.1689,937.3482,38.0099,1811.5115,1308.2700,-0.5831
21.8806,2107.1143,937.5821,38.0099,1811.5159,1308.2671,-0.5792
21.8903,2108.1169,937.8052,38.0099,1811.5051,1308.2559,-0.5652
21.9006,2109.1412,938.0734,38.0099,1811.5095,1308.2554,-0.5675
21.9112,2110.1845,938.4186,38.0099,1811.5214,1308.2657,-0.5679
21.9210,2111.1572,938.7742,38.0099,1811.5129,1308.2723,-0.5750
21.9320,2112.1121,939.0978,38.0099,1811.5153,1308.2475,-0.5584
21.9401,2112.9987,939.3811,38.0099,1811.5165,1308.2770,-0.5819
21.9504,2113.8749,939.6490,38.0099,1811.5089,1308.2686,-0.5745
21.9608,2114.7419,939.9253,38.0099,1811.5076,1308.2631,-0.5668
21.9708,2115.6549,940.2081,38.0099,1811.5140,1308.2653,-0.5773
21.9811,2116.6254,940.4863,38.0099,1811.5190,1308.2620,-0.5766
21.9902,2117.6324,940.7973,38.0099,1811.5026,1308.2645,-0.5713
22.0008,2118.7010,941.1606,38.0099,1811.5145,1308.2578,-0.5686
22.0117,2119.7637,941.5807,38.0099,1811.5258,1308.2764,-0.5789
22.0204,2120.7819,941.9315,38.0099,1811.5093,1308.2694,-0.5682
22.0306,2121.7728,942.2399,38.0099,1811.5117,1308.2615,-0.5593
22.0404,2122.7266,942.5244,38.0099,1811.5089,1308.2814,-0.5779
22.0507,2123.6553,942.8056,38.0099,1811.5051,1308.2635,-0.5572
22.0603,2124.6542,943.1380,38.0099,1811.5054,1308.2638,-0.5637
22.0705,2125.6782,943.5076,38.0099,1811.5255,1308.2869,-0.5915
22.0809,2126.6552,943.8272,38.0099,1811.5114,1308.2625,-0.5704
22.0919,2127.6022,944.1674,38.0099,1811.5067,1308.2614,-0.5716
22.1010,2128.5445,944.4719,38.0099,1811.5264,1308.2684,-0.5799
22.1122,2129.4030,944.7327,38.0099,1811.4995,1308.2621,-0.5638
22.1215,2130.2866,944.9905,38.0099,1811.5023,1308.2620,-0.5667
22.1304,2131.1987,945.2737,38.0099,1811.5209,1308.2767,-0.5730
22.1404,2132.0807,945.5538,38.0099,1811.5086,1308.2817,-0.5813
22.1506,2133.0752,945.8465,38.0099,1811.5018,1308.2603,-0.5629
22.1605,2134.1379,946.1564,38.0099,1811.5248,1308.2793,-0.5828
22.1702,2135.2071,946.5237,38.0099,1811.5111,1308.2748,-0.5850
22.1804,2136.2220,946.8419,38.0099,1811.5044,1308.2519,-0.5543
22.1904,2137.1433,947.1208,38.0099,1811.5162,1308.2717,-0.5742
22.2009,2137.9785,947.3535,38.0099,1811.5161,1308.2598,-0.5707
22.2105,2138.8165,947.6259,38.0099,1811.4965,1308.2548,-0.5662
22.2205,2139.7012,947.9114,38.0099,1811.5162,1308.2624,-0.5681
22.2320,2140.6051,948.1566,38.0099,1811.5207,1308.2608,-0.5752
22.2414,2141.5389,948.3997,38.0099,1811.5082,1308.2746,-0.5767
22.2504,2142.5591,948.7059,38.0099,1811.5067,1308.2588,-0.5616
22.2606,2143.6373,949.0947,38.0099,1811.5116,1308.2782,-0.5695
22.2712,2144.6481,949.4529,38.0099,1811.5063,1308.2710,-0.5630
22.2814,2145.6304,949.7294,38.0099,1811.5040,1308.2568,-0.5517
22.2903,2146.5756,949.9784,38.0099,1811.5172,1308.2659,-0.5671
22.3003,2147.4645,950.2415,38.0099,1811.5086,1308.2599,-0.5689
22.3105,2148.3328,950.5530,38.0099,1811.5035,1308.2584,-0.5738
22.3217,2149.2611,950.8388,38.0099,1811.5087,1308.2526,-0.5578
22.3325,2150.2279,951.1064,38.0099,1811.5078,1308.2629,-0.5595
22.3421,2151.1957,951.4220,38.0099,1811.5006,1308.2742,-0.5701
22.3508,2152.1887,951.7832,38.0099,1811.5062,1308.2521,-0.5512
22.3604,2153.1487,952.1822,38.0099,1811.5106,1308.2776,-0.5761
22.3704,2154.0967,952.4463,38.0099,1811.5076,1308.2651,-0.5695
22.3811,2155.0316,952.6600,38.0099,1811.5101,1308.2609,-0.5636
22.3902,2155.9329,952.9119,38.0099,1811.5143,1308.2667,-0.5781
22.4003,2156.8242,953.2025,38.0099,1811.5104,1308.2616,-0.5580
22.4103,2157.7378,953.5096,38.0099,1811.5000,1308.2606,-0.5678
22.4206,2158.7103,953.8079,38.0099,1811.5146,1308.2634,-0.5638
22.4312,2159.7123,954.1604,38.0099,1811.4986,1308.2684,-0.5674
22.4406,2160.7341,954.5034,38.0099,1811.5045,1308.2666,-0.5714
22.4512,2161.7466,954.8447,38.0099,1811.5151,1308.2673,-0.5681
22.4603,2162.6914,955.1145,38.0099,1811.5074,1308.2853,-0.5891
22.4710,2163.6064,955.3505,38.0099,1811.5060,1308.2596,-0.5638
22.4807,2164.5149,955.6422,38.0099,1811.5117,1308.2693,-0.5713
22.4903,2165.4036,955.9419,38.0099,1811.5075,1308.2715,-0.5696
22.5004,2166.3281,956.2271,38.0099,1811.5017,1308.2526,-0.5536
22.5106,2167.3286,956.5809,17.8463,1811.5060,1308.2650,-0.5686
22.5202,2168.3225,956.9519,17.8463,1811.5122,1308.2747,-0.5722
22.5309,2169.3721,957.3123,17.8463,1811.5084,1308.2766,-0.5750
22.5403,2170.3695,957.6342,17.8463,1811.5153,1308.2688,-0.5745
22.5502,2171.3110,957.8600,17.8463,1811.5268,1308.2694,-0.5722
22.5606,2172.1301,958.1071,17.8463,1811.5032,1308.2776,-0.5802
22.5712,2172.9663,958.3530,17.8463,1811.5059,1308.2571,-0.5620
22.5813,2173.7794,958.6462,17.8463,1811.5174,1308.2709,-0.5757
22.5908,2174.6051,958.9185,17.8463,1811.5021,1308.2681,-0.5756
22.6006,2175.4795,959.1649,17.8463,1811.5078,1308.2496,-0.5547
22.6109,2176.2834,959.4318,17.8463,1811.5168,1308.2707,-0.5797
22.6203,2177.0654,959.7260,17.8463,1811.5087,1308.2583,-0.5609
22.6306,2177.9587,960.0453,17.8463,1811.4993,1308.2638,-0.5665
22.6419,2178.9332,960.3499,17.8463,1811.5190,1308.2659,-0.5666
22.6507,2179.9115,960.6317,17.8463,1811.5106,1308.2638,-0.5612
22.6611,2180.8744,960.8918,17.8463,1811.5097,1308.2717,-0.5822
22.6714,2181.8169,961.1487,17.8463,1811.5255,1308.2650,-0.5686
22.6806,2182.7622,961.4529,17.8463,1811.5120,1308.2720,-0.5822
22.6914,2183.7540,961.7852,17.8463,1811.5086,1308.2607,-0.5684
22.7002,2184.7482,962.1456,17.8463,1811.5132,1308.2587,-0.5579
22.7107,2185.7434,962.4873,17.8463,1811.5083,1308.2651,-0.5708
22.7207,2186.7719,962.8241,17.8463,1811.5105,1308.2509,-0.5517
22.7321,2187.7905,963.1165,17.8463,1811.5039,1308.2650,-0.5651
22.7405,2188.7683,963.3661,17.8463,1811.5112,1308.2595,-0.5593
22.7507,2189.7324,963.6512,17.8463,1811.5062,1308.2589,-0.5656
22.7606,2190.6902,963.9472,17.8463,1811.5135,1308.2699,-0.5709
22.7707,2191.6470,964.2639,17.8463,1811.5079,1308.2538,-0.5604
22.7812,2192.6107,964.6185,17.8463,1811.5074,1308.2681,-0.5768
22.7904,2193.6008,964.9592,17.8463,1811.5134,1308.2591,-0.5641
22.8003,2194.6078,965.3127,17.8463,1811.5164,1308.2614,-0.5664
22.8105,2195.6527,965.6505,17.8463,1811.5176,1308.2692,-0.5779
22.8205,2196.6395,965.9074,17.8463,1811.5116,1308.2576,-0.5614
22.8306,2197.5894,966.1827,17.8463,1811.5006,1308.2614,-0.5681
22.8407,2198.5433,966.4523,17.8463,1811.5080,1308.2542,-0.5592
22.8516,2199.4849,966.8051,17.8463,1811.5070,1308.2686,-0.5678
22.8603,2200.4558,967.1687,17.8463,1811.5096,1308.2547,-0.5597
22.8707,2201.4633,967.5094,17.8463,1811.5184,1308.2700,-0.5671
22.8812,2202.4951,967.8431,17.8463,1811.5086,1308.2712,-0.5712
22.8908,2203.5723,968.1790,17.8463,1811.5231,1308.2607,-0.5669
22.9008,2204.5992,968.5161,17.8463,1811.5190,1308.2652,-0.5792
22.9112,2205.5784,968.7854,17.8463,1811.5142,1308.2635,-0.5635
22.9210,2206.5256,969.0594,17.8463,1811.5026,1308.2502,-0.5587
22.9316,2207.4954,969.4115,17.8463,1811.5170,1308.2669,-0.5699
22.9408,2208.4292,969.7970,17.8463,1811.5153,1308.2563,-0.5541
22.9511,2209.3435,970.1205,17.8463,1811.5129,1308.2617,-0.5645
22.9605,2210.2606,970.4192,17.8463,1811.5283,1308.2728,-0.5790
22.9709,2211.1263,970.6899,17.8463,1811.5168,1308.2653,-0.5692
22.9808,2212.0481,970.9540,17.8463,1811.5115,1308.2581,-0.5756
22.9902,2213.0410,971.2357,17.8463,1811.5226,1308.2612,-0.5675
23.0005,2214.0088,971.5121,17.8463,1811.5147,1308.2716,-0.5829
23.0109,2214.9541,971.7986,17.8463,1811.5201,1308.2493,-0.5638
23.0206,2215.8943,972.1355,17.8463,1811.5262,1308.2673,-0.5864
23.0310,2216.8186,972.4922,17.8463,1811.5263,1308.2679,-0.5886
23.0408,2217.7362,972.8150,17.8463,1811.5114,1308.2635,-0.5703
23.0523,2218.7001,973.0919,17.8463,1811.5080,1308.2635,-0.5713
23.0604,2219.6487,973.3618,17.8463,1811.5147,1308.2647,-0.5580
23.0705,2220.5754,973.6554,17.8463,1811.5070,1308.2673,-0.5606
23.0805,2221.5422,973.9284,17.8463,1811.5136,1308.2613,-0.5623
23.0906,2222.5133,974.2063,17.8463,1811.5305,1308.2698,-0.5794
23.1007,2223.4406,974.5157,17.8463,1811.5167,1308.2729,-0.5877
23.1105,2224.3574,974.8759,17.8463,1811.5208,1308.2519,-0.5684
23.1203,2225.2667,975.2372,17.8463,1811.5214,1308.2618,-0.5748
23.1304,2226.2134,975.5591,17.8463,1811.5123,1308.2614,-0.5693
23.1409,2227.1796,975.8592,17.8463,1811.5042,1308.2582,-0.5651
23.1520,2228.1805,976.1599,17.8463,1811.5151,1308.2629,-0.5690
23.1603,2229.1611,976.4624,17.8463,1811.5193,1308.2661,-0.5712
23.1707,2230.1444,976.7555,17.8463,1811.5146,1308.2736,-0.5777
23.1810,2231.0919,977.0247,17.8463,1811.5134,1308.2592,-0.5702
23.1905,2232.0299,977.3890,17.8463,1811.5129,1308.2641,-0.5728
23.2017,2232.9563,977.7821,17.8463,1811.5112,1308.2709,-0.5852
23.2108,2233.8647,978.1234,17.8463,1811.5023,1308.2469,-0.5530
23.2204,2234.8428,978.4347,17.8463,1811.5148,1308.2560,-0.5689
23.2305,2235.8401,978.7062,17.8463,1811.5239,1308.2687,-0.5849
23.2401,2236.8024,979.0058,17.8463,1811.5143,1308.2629,-0.5739
23.2507,2237.7660,979.2969,17.8463,1811.5174,1308.2684,-0.5886
23.2611,2238.7012,979.5767,17.8463,1811.5291,1308.2666,-0.5721
23.2707,2239.6426,979.8745,17.8463,1811.5021,1308.2640,-0.5825
23.2807,2240.6124,980.2179,17.8463,1811.5215,1308.2520,-0.5587
23.2907,2241.5764,980.6099,17.8463,1811.5281,1308.2763,-0.5778
23.3009,2242.5255,980.9413,17.8463,1811.5104,1308.2743,-0.5818
23.3102,2243.5082,981.2401,17.8463,1811.5110,1308.2528,-0.5727
23.3205,2244.5076,981.5277,17.8463,1811.5150,1308.2760,-0.5811
23.3313,2245.4630,981.8008,17.8463,1811.5132,1308.2615,-0.5593
23.3416,2246.3866,982.0573,17.8463,1811.5076,1308.2543,-0.5581
23.3508,2247.3156,982.3035,17.8463,1811.5206,1308.2607,-0.5746
23.3602,2248.2208,982.6246,17.8463,1811.5293,1308.2715,-0.5821
23.3705,2249.0925,982.9779,17.8463,1811.5195,1308.2676,-0.5818
23.3809,2249.9730,983.3487,17.8463,1811.5254,1308.2604,-0.5745
23.3906,2250.9431,983.6973,17.8463,1811.5181,1308.2752,-0.5864
23.4006,2251.9354,983.9706,17.8463,1811.4992,1308.2565,-0.5575
23.4105,2252.9514,984.2663,17.8463,1811.4979,1308.2474,-0.5499
23.4206,2253.9406,984.5515,17.8463,1811.5090,1308.2757,-0.5745
23.4306,2254.8778,984.8139,17.8463,1811.5052,1308.2545,-0.5587
23.4405,2255.8204,985.1013,17.8463,1811.5096,1308.2490,-0.5687
23.4507,2256.7861,985.4586,17.8463,1811.5270,1308.2781,-0.5907
23.4615,2257.6858,985.8256,17.8463,1811.5204,1308.2531,-0.5714
23.4706,2258.6053,986.2014,17.8463,1811.5071,1308.2488,-0.5672
23.4815,2259.5835,986.5248,17.8463,1811.5267,1308.2639,-0.5670
23.4910,2260.5468,986.8087,17.8463,1811.5052,1308.2581,-0.5593
23.5012,2261.5048,987.0505,17.8463,1811.4926,1308.2399,-0.5497
23.5103,2262.4858,987.3233,17.8463,1811.5161,1308.2515,-0.5596
23.5204,2263.4147,987.6075,17.8463,1811.5140,1308.2690,-0.5890
23.5302,2264.3188,987.8929,17.8463,1811.5027,1308.2394,-0.5559
23.5404,2265.2465,988.2737,17.8463,1811.5189,1308.2632,-0.5688
23.5515,2266.1503,988.6496,17.8463,1811.5045,1308.2584,-0.5710
23.5621,2267.0839,988.9753,17.8463,1811.4965,1308.2435,-0.5449
23.5704,2268.1577,989.2925,17.8463,1811.5109,1308.2592,-0.5685
23.5805,2269.1907,989.6126,17.8463,1811.5192,1308.2615,-0.5714
23.5905,2270.1702,989.9296,17.8463,1811.5093,1308.2494,-0.5701
23.6004,2271.1571,990.1889,17.8463,1811.5179,1308.2493,-0.5767
23.6126,2272.1112,990.4681,17.8463,1811.5222,1308.2521,-0.5784
23.6204,2273.0665,990.7946,17.8463,1811.5095,1308.2511,-0.5744
23.6317,2274.0020,991.1841,17.8463,1811.5097,1308.2396,-0.5675
23.6411,2274.8528,991.5587,17.8463,1811.5186,1308.2642,-0.5666
23.6515,2275.7378,991.8501,17.8463,1811.4969,1308.2547,-0.5490
23.6617,2276.7137,992.1376,17.8463,1811.5093,1308.2495,-0.5509
23.6718,2277.7041,992.4287,17.8463,1811.5240,1308.2676,-0.5788
23.6820,2278.6385,992.7059,17.8463,1811.5208,1308.2598,-0.5711
23.6909,2279.5232,992.9632,17.8463,1811.5114,1308.2486,-0.5683
23.7008,2280.4224,993.2654,17.8463,1811.5162,1308.2424,-0.5684
23.7119,2281.2994,993.6428,17.8463,1811.5019,1308.2510,-0.5656
23.7204,2282.1860,994.0490,17.8463,1811.5036,1308.2435,-0.5622
23.7323,2283.0709,994.4601,17.8463,1811.5229,1308.2524,-0.5645
23.7410,2284.0282,994.7924,17.8463,1811.5172,1308.2624,-0.5779
23.7504,2284.9882,995.0695,17.8463,1811.5070,1308.2516,-0.5648
23.7608,2285.9366,995.3562,17.8463,1811.5143,1308.2549,-0.5650
23.7723,2286.8898,995.6499,17.8463,1811.5279,1308.2647,-0.5789
23.7807,2287.7893,995.9715,17.8463,1811.5092,1308.2550,-0.5659
23.7904,2288.6729,996.3151,17.8463,1811.5076,1308.2482,-0.5713
23.8007,2289.5432,996.6905,17.8463,1811.5214,1308.2531,-0.5745
23.8115,2290.3787,997.0426,17.8463,1811.5046,1308.2499,-0.5730
23.8212,2291.3101,997.3865,17.8463,1811.5101,1308.2361,-0.5603
23.8304,2292.3262,997.7275,17.8463,1811.5279,1308.2589,-0.5851
23.8402,2293.3376,998.0182,17.8463,1811.5201,1308.2593,-0.5773
23.8505,2294.3433,998.3162,17.8463,1811.5115,1308.2400,-0.5544
23.8604,2295.3419,998.6341,17.8463,1811.5203,1308.2572,-0.5683
23.8714,2296.2939,998.9157,17.8463,1811.5157,1308.2548,-0.5729
23.8805,2297.1510,999.2300,17.8463,1811.5065,1308.2419,-0.5517
23.8907,2298.0081,999.5779,17.8463,1811.5057,1308.2493,-0.5721
23.9004,2298.8850,999.8959,17.8463,1811.5184,1308.2574,-0.5673
23.9104,2299.8080,1000.1808,17.8463,1811.5086,1308.2516,-0.5619
23.9205,2300.8206,1000.5005,17.8463,1811.5206,1308.2532,-0.5631
23.9310,2301.8994,1000.8765,17.8463,1811.5227,1308.2675,-0.5778
23.9403,2302.9490,1001.2264,17.8463,1811.5139,1308.2620,-0.5748
23.9506,2303.9983,1001.3955,17.8463,1811.5189,1308.2537,-0.5617
23.9604,2304.9886,1001.6921,17.8463,1811.5211,1308.2703,-0.5792
23.9703,2305.9431,1002.0069,17.8463,1811.5138,1308.2596,-0.5719
23.9804,2306.7897,1002.3914,17.8463,1811.5059,1308.2510,-0.5598
23.9902,2307.6107,1002.7512,17.8463,1811.5193,1308.2578,-0.5624
24.0003,2308.5106,1003.0215,17.8463,1811.4989,1308.2443,-0.5583
24.0108,2309.4484,1003.2884,17.8463,1811.4965,1308.2374,-0.5580
24.0204,2310.4802,1003.5929,17.8463,1811.5167,1308.2543,-0.5638
24.0307,2311.5155,1003.9388,17.8463,1811.5144,1308.2637,-0.5790
24.0410,2312.5660,1004.2491,17.8463,1811.5179,1308.2546,-0.5746
24.0505,2313.5754,1004.5653,17.8463,1811.5405,1308.2628,-0.5816
24.0603,2314.4473,1004.9339,17.8463,1811.5234,1308.2728,-0.5900
24.0707,2315.3096,1005.3404,17.8463,1811.5089,1308.2529,-0.5698
24.0814,2316.1893,1005.7380,17.8463,1811.5127,1308.2528,-0.5672
24.0903,2317.1456,1006.0376,17.8463,1811.5052,1308.2563,-0.5662
24.1009,2318.1428,1006.3701,17.8463,1811.5051,1308.2513,-0.5596
24.1111,2319.1886,1006.6837,17.8463,1811.5126,1308.2519,-0.5705
24.1207,2320.1952,1007.0499,17.8463,1811.5292,1308.2610,-0.5777
24.1306,2321.2148,1007.4229,17.8463,1811.5125,1308.2663,-0.5856
24.1404,2322.2056,1007.7996,17.8463,1811.5226,1308.2500,-0.5718
24.1508,2323.1046,1008.1899,19.3529,1811.5272,1308.2606,-0.5740
24.1607,2323.9799,1008.5781,19.3250,1811.5063,1308.2550,-0.5816
24.1703,2324.9045,1008.9430,19.3350,1811.5248,1308.2449,-0.5603
24.1811,2325.9115,1009.3033,19.3328,1811.5208,1308.2603,-0.5796
24.1906,2326.9688,1009.6474,19.0554,1811.5283,1308.2558,-0.5770
24.2005,2328.0463,1010.2052,19.0554,1811.5239,1308.2558,-0.5741
24.2107,2329.1086,1010.5060,19.0554,1811.5298,1308.2553,-0.5689
24.2204,2330.0135,1010.9823,19.0554,1811.5180,1308.2531,-0.5665
24.2309,2330.9380,1011.6552,19.0554,1811.5035,1308.2562,-0.5619
24.2407,2332.0342,1012.0378,19.0554,1811.5208,1308.2417,-0.5585
24.2515,2332.8053,1012.8386,19.0554,1811.5227,1308.2660,-0.5848
24.2612,2333.5208,1013.6306,19.0554,1811.5243,1308.2630,-0.5802
24.2704,2334.3358,1014.4080,19.0554,1811.5309,1308.2557,-0.5879
24.2808,2335.3090,1015.1109,19.0554,1811.5385,1308.2659,-0.5932
24.2922,2336.2791,1015.5924,19.0554,1811.5208,1308.2487,-0.5784
24.3022,2337.1581,1015.9014,19.0554,1811.5189,1308.2438,-0.5686
24.3103,2337.8647,1016.1032,19.0554,1811.5254,1308.2538,-0.5705
24.3220,2338.5468,1016.1646,19.0554,1811.5161,1308.2480,-0.5584
24.3316,2339.3191,1016.2148,19.0554,1811.5172,1308.2540,-0.5771
24.3406,2340.1432,1016.3826,19.0554,1811.5405,1308.2612,-0.5709
24.3514,2340.9574,1016.5629,19.0554,1811.5272,1308.2567,-0.5811
24.3611,2341.8772,1016.7067,19.0554,1811.5186,1308.2477,-0.5712
24.3707,2342.9313,1016.8224,19.0554,1811.5275,1308.2480,-0.5735
24.3809,2344.0481,1016.9556,19.0554,1811.5152,1308.2488,-0.5867
24.3908,2345.1680,1017.1837,19.0554,1811.5300,1308.2448,-0.5775
24.4007,2346.2136,1017.4554,19.0554,1811.5359,1308.2637,-0.5936
24.4111,2347.1348,1017.6516,19.0554,1811.5327,1308.2515,-0.5910
24.4203,2348.0421,1017.7867,19.0554,1811.5160,1308.2371,-0.5749
24.4303,2348.9545,1017.9204,19.0554,1811.5284,1308.2437,-0.5877
24.4404,2349.8628,1018.1006,19.0554,1811.5255,1308.2416,-0.5662
24.4507,2350.8314,1018.2715,19.0554,1811.5162,1308.2469,-0.5721
24.4621,2351.8954,1018.4150,19.0554,1811.5287,1308.2432,-0.5783
24.4719,2352.9778,1018.5650,19.0554,1811.5247,1308.2534,-0.5784
24.4821,2354.0576,1018.7482,19.0554,1811.5183,1308.2540,-0.5846
24.4907,2355.0614,1018.9785,19.0554,1811.5307,1308.2494,-0.5815
24.5008,2355.9972,1019.1687,19.0554,1811.5364,1308.2527,-0.5885
24.5123,2356.9208,1019.2973,19.0554,1811.5182,1308.2410,-0.5758
24.5204,2357.9054,1019.4670,19.0554,1811.5174,1308.2422,-0.5756
24.5308,2358.9177,1019.6314,19.0554,1811.5233,1308.2546,-0.5778
24.5419,2359.9296,1019.8041,19.0554,1811.5198,1308.2584,-0.5790
24.5524,2361.0350,1019.9503,19.0554,1811.5275,1308.2733,-0.5903
24.5608,2362.1746,1020.1140,19.0554,1811.5336,1308.2609,-0.5737
24.5702,2363.2021,1020.2878,19.0554,1811.5295,1308.2678,-0.5754
24.5803,2364.1355,1020.4777,19.0554,1811.5102,1308.2546,-0.5743
24.5906,2365.0601,1020.6258,19.0554,1811.5101,1308.2446,-0.5636
24.6015,2365.9968,1020.7892,19.0554,1811.5120,1308.2558,-0.5803
24.6110,2366.9520,1020.9609,19.0554,1811.5165,1308.2518,-0.5698
24.6204,2367.9604,1021.1456,19.0554,1811.5233,1308.2562,-0.5729
24.6306,2368.9678,1021.3008,19.0554,1811.5291,1308.2596,-0.5780
24.6404,2370.0197,1021.4577,19.0554,1811.5225,1308.2725,-0.5781
24.6506,2371.0599,1021.6106,19.0554,1811.5243,1308.2629,-0.5781
24.6605,2372.0471,1021.7925,19.0554,1811.5275,1308.2623,-0.5642
24.6706,2372.9780,1021.9770,19.0554,1811.5235,1308.2631,-0.5667
24.6808,2373.8818,1022.1300,19.0554,1811.5110,1308.2531,-0.5680
24.6908,2374.8192,1022.2746,19.0554,1811.5207,1308.2610,-0.5624
24.7006,2375.7687,1022.4408,19.0554,1811.5140,1308.2575,-0.5701
24.7108,2376.7772,1022.6064,19.0554,1811.5164,1308.2513,-0.5625
24.7212,2377.8335,1022.7665,19.0554,1811.5168,1308.2623,-0.5751
24.7314,2378.8741,1022.9130,19.0554,1811.5188,1308.2557,-0.5626
24.7418,2379.8805,1023.0987,19.0554,1811.5134,1308.2542,-0.5755
24.7502,2380.8757,1023.2948,19.0554,1811.5234,1308.2531,-0.5690
24.7620,2381.8087,1023.4785,19.0554,1811.5287,1308.2619,-0.5669
24.7713,2382.7625,1023.6285,19.0554,1811.5124,1308.2545,-0.5702
24.7801,2383.7338,1023.8149,19.0554,1811.5255,1308.2585,-0.5676
24.7905,2384.7184,1024.0252,19.0554,1811.5155,1308.2685,-0.5679
24.8005,2385.7496,1024.2205,19.0554,1811.5034,1308.2574,-0.5563
24.8104,2386.8405,1024.3885,19.0554,1811.5177,1308.2593,-0.5621
24.8211,2387.8807,1024.5466,19.0554,1811.5092,1308.2552,-0.5643
24.8301,2388.8958,1024.7442,19.0554,1811.5143,1308.2515,-0.5636
24.8413,2389.8846,1024.9406,19.0554,1811.5234,1308.2609,-0.5693
24.8518,2390.8518,1025.1225,19.0554,1811.5281,1308.2532,-0.5788
24.8603,2391.8004,1025.2815,19.0554,1811.5202,1308.2606,-0.5797
24.8716,2392.7633,1025.4531,19.0554,1811.5121,1308.2628,-0.5746
24.8826,2393.7506,1025.6232,19.0554,1811.5205,1308.2462,-0.5561
24.8903,2394.7352,1025.8136,19.0554,1811.5095,1308.2535,-0.5607
24.9023,2395.7472,1025.9853,19.0554,1811.5070,1308.2547,-0.5669
24.9110,2396.7932,1026.1591,19.0554,1811.5228,1308.2514,-0.5661
24.9222,2397.7632,1026.3375,19.0554,1811.5297,1308.2623,-0.5815
24.9304,2398.6952,1026.5262,19.0554,1811.5294,1308.2618,-0.5702
24.9404,2399.6438,1026.7007,19.0554,1811.5194,1308.2489,-0.5669
24.9505,2400.5790,1026.8520,19.0554,1811.5323,1308.2566,-0.5699
24.9608,2401.5485,1027.0093,19.0554,1811.5168,1308.2612,-0.5814
24.9702,2402.5125,1027.1730,19.0554,1811.5104,1308.2510,-0.5597
24.9809,2403.5181,1027.3569,19.0554,1811.5245,1308.2567,-0.5658
24.9911,2404.4500,1027.5328,19.0554,1811.5128,1308.2599,-0.5748
25.0005,2405.4309,1027.6735,19.0554,1811.5055,1308.2448,-0.5693
25.0104,2406.4015,1027.8464,19.0554,1811.5215,1308.2534,-0.5735
25.0201,2407.3392,1028.0313,19.0554,1811.5159,1308.2652,-0.5773
25.0303,2408.2762,1028.1969,19.0554,1811.5226,1308.2505,-0.5668
25.0405,2409.2299,1028.3799,19.0554,1811.5232,1308.2548,-0.5687
25.0524,2410.1661,1028.5362,19.0554,1811.5258,1308.2481,-0.5641
25.0620,2411.1136,1028.7086,19.0554,1811.5098,1308.2526,-0.5449
25.0704,2412.0763,1028.8985,19.0554,1811.5149,1308.2476,-0.5558
25.0803,2413.0643,1029.0855,19.0554,1811.5233,1308.2468,-0.5513
25.0905,2414.0712,1029.2675,19.0554,1811.5217,1308.2579,-0.5886
25.1007,2415.0453,1029.4416,19.0554,1811.5331,1308.2529,-0.5701
25.1104,2415.9941,1029.6335,19.0554,1811.5270,1308.2527,-0.5767
25.1204,2416.9236,1029.7902,19.0554,1811.5159,1308.2443,-0.5684
25.1322,2417.8859,1029.9447,19.0554,1811.5139,1308.2430,-0.5494
25.1405,2418.8617,1030.0989,19.0554,1811.5010,1308.2427,-0.5568
25.1509,2419.8712,1030.2806,19.0554,1811.5156,1308.2441,-0.5591
25.1605,2420.8906,1030.4926,19.0554,1811.5283,1308.2589,-0.5841
25.1705,2421.9064,1030.6667,19.0554,1811.5355,1308.2620,-0.5798
25.1805,2422.9199,1030.8772,19.0554,1811.5400,1308.2670,-0.5899
25.1905,2423.8583,1031.0515,19.0554,1811.5337,1308.2686,-0.5888
25.2007,2424.7678,1031.2104,19.0554,1811.5309,1308.2389,-0.5445
25.2103,2425.6882,1031.3826,19.0554,1811.5119,1308.2534,-0.5563
25.2207,2426.6711,1031.5755,19.0554,1811.5200,1308.2474,-0.5511
25.2304,2427.6495,1031.7466,19.0554,1811.5310,1308.2578,-0.5753
25.2422,2428.6230,1031.9232,19.0554,1811.5378,1308.2700,-0.5949
25.2508,2429.5447,1032.1209,19.0554,1811.5504,1308.2791,-0.6046
25.2619,2430.5148,1032.2957,19.0554,1811.5367,1308.2643,-0.5878
25.2710,2431.4271,1032.4574,19.0554,1811.5273,1308.2526,-0.5692
25.2804,2432.3817,1032.6256,19.0554,1811.5140,1308.2595,-0.5681
25.2914,2433.3438,1032.7782,19.0554,1811.5175,1308.2535,-0.5654
25.3004,2434.3137,1032.9495,19.0554,1811.5170,1308.2463,-0.5528
25.3107,2435.2905,1033.1359,19.0554,1811.5223,1308.2642,-0.5780
25.3217,2436.2583,1033.3168,19.0554,1811.5222,1308.2590,-0.5753
25.3304,2437.2140,1033.4919,19.0554,1811.5329,1308.2574,-0.5754
25.3406,2438.1517,1033.6775,19.0554,1811.5273,1308.2647,-0.5913
25.3507,2439.1053,1033.8552,19.0554,1811.5361,1308.2554,-0.5785
25.3607,2440.0667,1034.0490,19.0554,1811.5266,1308.2515,-0.5751
25.3706,2441.0161,1034.2046,19.0554,1811.5264,1308.2567,-0.5716
25.3806,2442.0164,1034.3585,10.8168,1811.5275,1308.2646,-0.5814
25.3906,2443.0146,1034.5116,10.8068,1811.5242,1308.2537,-0.5662
25.4008,2443.9885,1034.6809,10.8145,1811.5213,1308.2542,-0.5535
25.4109,2444.9316,1034.8817,10.7739,1811.5114,1308.2608,-0.5626
25.4207,2445.9373,1035.1627,10.4935,1811.5156,1308.2443,-0.5447
25.4322,2447.1295,1035.6370,10.4935,1811.5104,1308.2518,-0.5527
25.4408,2448.3938,1035.7552,10.4935,1811.5207,1308.2602,-0.5840
25.4508,2449.3418,1036.0256,10.4935,1811.5338,1308.2535,-0.5776
25.4605,2450.2994,1036.7460,10.4935,1811.5316,1308.2610,-0.5891
25.4707,2451.3630,1036.9118,10.4935,1811.5334,1308.2585,-0.5785
25.4806,2452.0302,1037.5853,10.4935,1811.5261,1308.2620,-0.5784
25.4906,2452.6045,1038.6498,10.4935,1811.5276,1308.2498,-0.5654
25.5004,2453.3027,1039.2340,10.4935,1811.5166,1308.2480,-0.5520
25.5106,2454.2173,1039.7823,10.4935,1811.5179,1308.2549,-0.5566
25.5211,2455.0502,1040.2452,10.4935,1811.5258,1308.2538,-0.5648
25.5308,2455.8826,1040.3197,10.4935,1811.5247,1308.2595,-0.5729
25.5410,2456.7390,1040.2465,10.4935,1811.5283,1308.2516,-0.5738
25.5507,2457.6232,1040.1700,10.4935,1811.5179,1308.2500,-0.5537
25.5621,2458.5002,1040.1554,1.0381,1811.5152,1308.2437,-0.5568
25.5705,2459.4044,1040.2104,1.0381,1811.5175,1308.2515,-0.5624
25.5807,2460.3523,1040.1814,1.0381,1811.5273,1308.2596,-0.5847
25.5905,2461.3003,1040.1593,1.0381,1811.5360,1308.2602,-0.5855
25.6008,2462.2050,1040.1915,1.0381,1811.5328,1308.2657,-0.5844
25.6106,2463.0885,1040.2430,1.0381,1811.5261,1308.2546,-0.5791
25.6218,2463.9619,1040.2523,1.0381,1811.5236,1308.2416,-0.5527
25.6303,2464.7800,1040.2358,1.0381,1811.5088,1308.2590,-0.5708
25.6407,2465.5985,1040.2276,1.0381,1811.5099,1308.2488,-0.5529
25.6504,2466.3855,1040.2460,1.0381,1811.5075,1308.2467,-0.5471
25.6603,2467.2400,1040.2586,1.0381,1811.5192,1308.2602,-0.5792
25.6707,2468.1804,1040.2208,1.0381,1811.5330,1308.2601,-0.5818
25.6805,2469.1573,1040.2094,1.0381,1811.5267,1308.2581,-0.5877
25.6907,2470.1484,1040.2228,1.0381,1811.5262,1308.2512,-0.5804
25.7008,2471.1656,1040.2657,1.0381,1811.5281,1308.2396,-0.5698
25.7107,2472.1615,1040.2428,1.0381,1811.5075,1308.2265,-0.5505
25.7205,2473.2393,1040.2391,1.0381,1811.5133,1308.2305,-0.5418
25.7308,2474.3812,1040.2811,1.0381,1811.5251,1308.2640,-0.5832
25.7407,2475.5483,1040.2977,1.0381,1811.5223,1308.2537,-0.5669
25.7510,2476.7157,1040.3336,1.0381,1811.5239,1308.2710,-0.5753
25.7607,2477.7786,1040.3217,1.0381,1811.5228,1308.2676,-0.5794
25.7706,2478.7367,1040.3431,1.0381,1811.5190,1308.2516,-0.5594
25.7808,2479.6532,1040.4031,1.0381,1811.5054,1308.2362,-0.5609
25.7901,2480.6617,1040.4677,1.0381,1811.5273,1308.2500,-0.5653
25.8003,2481.6578,1040.4503,1.0381,1811.5150,1308.2527,-0.5749
25.8107,2482.6980,1040.4070,1.0381,1811.5162,1308.2338,-0.5613
25.8208,2483.8225,1040.4212,1.0381,1811.5343,1308.2603,-0.5749
25.8313,2484.9731,1040.4481,1.0381,1811.5105,1308.2609,-0.5736
25.8410,2486.1012,1040.4344,1.0381,1811.5134,1308.2423,-0.5523
25.8507,2487.0966,1040.4397,1.0381,1811.5092,1308.2637,-0.5742
25.8613,2488.0050,1040.4688,1.0381,1811.5214,1308.2520,-0.5621
25.8717,2488.9498,1040.5864,1.0381,1811.5251,1308.2542,-0.5669
25.8808,2489.9330,1040.6902,1.0381,1811.5326,1308.2653,-0.5753
25.8912,2490.9575,1040.7289,1.0381,1811.5313,1308.2576,-0.5699
25.9005,2491.9991,1040.7224,1.0381,1811.5156,1308.2581,-0.5792
25.9107,2493.1174,1040.7328,1.0381,1811.5171,1308.2455,-0.5564
25.9222,2494.2307,1040.7728,1.0381,1811.5089,1308.2470,-0.5590
25.9306,2495.3158,1040.7682,1.0381,1811.5102,1308.2443,-0.5692
25.9405,2496.3214,1040.7838,1.0381,1811.5234,1308.2518,-0.5664
25.9506,2497.2544,1040.8386,1.0381,1811.5167,1308.2600,-0.5819
25.9601,2498.2389,1040.9739,1.0381,1811.5312,1308.2570,-0.5818
25.9706,2499.2417,1041.0761,1.0381,1811.5355,1308.2661,-0.5864
25.9809,2500.2408,1041.0662,1.0381,1811.5214,1308.2553,-0.5744
25.9909,2501.3182,1041.0417,1.0381,1811.5239,1308.2512,-0.5493
26.0002,2502.4226,1041.0270,1.0381,1811.5159,1308.2560,-0.5659
26.0107,2503.4427,1041.0222,1.0381,1811.5203,1308.2465,-0.5473
26.0207,2504.4098,1041.0140,1.0381,1811.5223,1308.2619,-0.5749
26.0307,2505.3260,1041.0320,1.0381,1811.5380,1308.2530,-0.5801
26.0420,2506.2317,1041.0732,1.0381,1811.5392,1308.2656,-0.5847
26.0518,2507.1521,1041.1514,1.0381,1811.5259,1308.2606,-0.5959
26.0617,2508.0942,1041.1702,1.0381,1811.5287,1308.2533,-0.5723
26.0706,2509.0974,1041.1857,1.0381,1811.5335,1308.2587,-0.5828
26.0817,2510.1539,1041.1854,1.0381,1811.5273,1308.2616,-0.5823
26.0903,2511.2490,1041.1564,1.0381,1811.5253,1308.2534,-0.5734
26.1008,2512.2539,1041.1016,1.0381,1811.5203,1308.2648,-0.5832
26.1104,2513.1248,1041.0799,1.0381,1811.5197,1308.2582,-0.5658
26.1212,2513.9613,1041.1076,1.0381,1811.5098,1308.2579,-0.5641
26.1304,2514.8202,1041.1880,1.0381,1811.5217,1308.2474,-0.5580
26.1407,2515.7090,1041.2570,1.0381,1811.5349,1308.2687,-0.5718
26.1508,2516.6141,1041.2672,1.0381,1811.5227,1308.2573,-0.5754
26.1620,2517.6412,1041.2819,1.0381,1811.5442,1308.2601,-0.5809
26.1702,2518.7340,1041.3000,1.0381,1811.5427,1308.2772,-0.6012
26.1807,2519.7932,1041.2678,1.0381,1811.5269,1308.2599,-0.5813
26.1908,2520.8159,1041.2137,1.0381,1811.5229,1308.2607,-0.5658
26.2011,2521.7488,1041.1901,1.0381,1811.5203,1308.2593,-0.5659
26.2106,2522.6289,1041.2255,1.0381,1811.5142,1308.2456,-0.5453
26.2201,2523.5378,1041.3408,1.0381,1811.5099,1308.2512,-0.5638
26.2320,2524.4659,1041.4189,1.0381,1811.5219,1308.2593,-0.5713
26.2404,2525.4585,1041.4588,1.0381,1811.5244,1308.2715,-0.5866
26.2505,2526.5392,1041.4565,1.0381,1811.5213,1308.2597,-0.5750
26.2602,2527.6498,1041.4667,1.0381,1811.5316,1308.2642,-0.5671
26.2703,2528.7345,1041.4943,1.0381,1811.5227,1308.2673,-0.5740
26.2804,2529.7181,1041.4901,1.0381,1811.5240,1308.2481,-0.5637
26.2907,2530.6169,1041.5056,1.0381,1811.5228,1308.2535,-0.5708
26.3018,2531.5525,1041.5708,1.0381,1811.5273,1308.2567,-0.5768
26.3105,2532.4702,1041.6732,1.0381,1811.5414,1308.2640,-0.5851
26.3202,2533.3759,1041.7450,1.0381,1811.5240,1308.2600,-0.5822
26.3304,2534.3662,1041.7535,1.0381,1811.5304,1308.2540,-0.5669
26.3410,2535.4486,1041.7939,1.0381,1811.5180,1308.2750,-0.5791
26.3506,2536.5369,1041.7899,1.0381,1811.5163,1308.2424,-0.5533
26.3604,2537.5875,1041.8151,1.0381,1811.5151,1308.2570,-0.5697
26.3713,2538.5690,1041.8589,1.0381,1811.5283,1308.2723,-0.6010
26.3803,2539.4602,1041.8884,1.0381,1811.5253,1308.2453,-0.5708
26.3904,2540.3802,1041.9743,1.0381,1811.5372,1308.2616,-0.5880
26.4010,2541.3119,1042.0502,1.0381,1811.5414,1308.2675,-0.5985
26.4105,2542.2635,1042.1214,1.0381,1811.5297,1308.2579,-0.5663
26.4217,2543.2880,1042.1428,1.0381,1811.5155,1308.2516,-0.5649
26.4309,2544.3873,1042.1678,1.0381,1811.5345,1308.2594,-0.5587
26.4406,2545.4773,1042.1880,1.0381,1811.5106,1308.2657,-0.5659
26.4513,2546.5062,1042.2097,2.0757,1811.5238,1308.2572,-0.5635
26.4603,2547.4564,1042.2566,2.0964,1811.5385,1308.2841,-0.5893
26.4706,2548.3361,1042.2786,2.1159,1811.5295,1308.2557,-0.5793
26.4806,2549.2440,1042.3497,2.1439,1811.5228,1308.2504,-0.5691
26.4904,2550.2379,1042.4746,2.3879,1811.5315,1308.2641,-0.5803
26.5015,2551.3420,1042.4501,2.3879,1811.5296,1308.2523,-0.5852
26.5107,2552.3700,1042.5283,2.3879,1811.5157,1308.2566,-0.5769
26.5210,2553.3579,1042.4781,2.3879,1811.5272,1308.2589,-0.5825
26.5305,2554.4321,1042.3185,2.3879,1811.5286,1308.2649,-0.5792
26.5408,2555.2046,1042.3502,2.3879,1811.5283,1308.2593,-0.5765
26.5509,2555.9622,1041.8550,2.3879,1811.5215,1308.2548,-0.5681
26.5604,2556.8833,1041.5344,2.3879,1811.5275,1308.2617,-0.5740
26.5705,2558.0259,1041.6447,2.3879,1811.5267,1308.2499,-0.5720
26.5802,2559.1138,1041.4282,2.3879,1811.5215,1308.2537,-0.5595
26.5901,2560.1017,1041.1402,2.3879,1811.5257,1308.2719,-0.5860
26.6006,2561.1510,1041.1958,2.3879,1811.5330,1308.2601,-0.5659
26.6121,2562.1948,1041.4394,2.3879,1811.5228,1308.2648,-0.5767
26.6210,2563.1519,1041.7759,2.3879,1811.5358,1308.2622,-0.5792
26.6311,2564.0671,1042.0134,2.3879,1811.5229,1308.2548,-0.5669
26.6405,2565.0913,1042.1732,2.3879,1811.5132,1308.2512,-0.5707
26.6519,2566.3069,1042.3723,2.3879,1811.5356,1308.2565,-0.5730
26.6605,2567.5039,1042.5870,2.3879,1811.5201,1308.2751,-0.5853
26.6704,2568.6049,1042.7333,2.3879,1811.5247,1308.2543,-0.5652
26.6812,2569.5983,1042.9031,2.3879,1811.5276,1308.2688,-0.5782
26.6902,2570.5509,1043.0622,2.3879,1811.5201,1308.2733,-0.5825
26.7003,2571.6230,1043.2480,2.3879,1811.5190,1308.2483,-0.5647
26.7108,2572.6746,1043.4755,2.3879,1811.5256,1308.2674,-0.5791
26.7208,2573.6589,1043.6731,2.3879,1811.5294,1308.2654,-0.5668
26.7307,2574.6536,1043.8298,2.3879,1811.5262,1308.2610,-0.5624
26.7402,2575.6842,1043.9797,2.3879,1811.5310,1308.2626,-0.5756
26.7506,2576.6484,1044.1044,2.3879,1811.5275,1308.2611,-0.5762
26.7616,2577.5153,1044.2200,2.3879,1811.5178,1308.2575,-0.5703
26.7701,2578.4308,1044.3785,2.3879,1811.5233,1308.2528,-0.5681
26.7807,2579.3555,1044.5574,2.3879,1811.5324,1308.2691,-0.5789
26.7906,2580.3027,1044.7905,2.3879,1811.5168,1308.2603,-0.5735
26.8014,2581.2802,1045.0254,2.3879,1811.5170,1308.2593,-0.5664
26.8106,2582.2855,1045.2018,2.3879,1811.5221,1308.2710,-0.5769
26.8205,2583.2931,1045.3395,2.3879,1811.5204,1308.2536,-0.5714
26.8308,2584.3082,1045.4727,2.3879,1811.5093,1308.2562,-0.5717
26.8404,2585.2980,1045.6329,2.3879,1811.5152,1308.2494,-0.5764
26.8507,2586.2373,1045.8019,2.3879,1811.5317,1308.2585,-0.5708
26.8604,2587.2257,1045.9666,2.3879,1811.5186,1308.2557,-0.5729
26.8727,2588.2623,1046.1136,2.3879,1811.5212,1308.2469,-0.5579
26.8814,2589.3151,1046.3050,2.3879,1811.5345,1308.2731,-0.5845
26.8901,2590.3075,1046.5273,2.3879,1811.5163,1308.2520,-0.5704
26.9007,2591.2664,1046.7491,2.3879,1811.5267,1308.2496,-0.5552
26.9106,2592.3008,1046.9005,2.3879,1811.5245,1308.2668,-0.5780
26.9203,2593.3059,1047.0319,2.3879,1811.5217,1308.2501,-0.5613
26.9313,2594.2378,1047.1790,2.3879,1811.5148,1308.2468,-0.5611
26.9407,2595.2277,1047.3478,2.3879,1811.5235,1308.2503,-0.5766
26.9514,2596.2295,1047.5366,2.3879,1811.5264,1308.2568,-0.5790
26.9621,2597.2881,1047.7036,2.3879,1811.5075,1308.2480,-0.5808
26.9709,2598.2751,1047.9064,2.3879,1811.5215,1308.2449,-0.5664
26.9821,2599.2517,1048.1398,2.3879,1811.5239,1308.2765,-0.5897
26.9909,2600.2000,1048.3472,2.3879,1811.5173,1308.2476,-0.5683
27.0010,2601.1942,1048.5092,2.3879,1811.5276,1308.2571,-0.5710
27.0105,2602.2227,1048.6671,2.3879,1811.5373,1308.2722,-0.5936
27.0206,2603.2188,1048.8002,2.3879,1811.5255,1308.2487,-0.5631
27.0305,2604.2552,1049.0002,2.3879,1811.5215,1308.2589,-0.5711
27.0410,2605.3093,1049.2003,2.3879,1811.5262,1308.2562,-0.5697
27.0510,2606.3099,1049.4097,2.3879,1811.5282,1308.2528,-0.5586
27.0610,2607.2706,1049.6062,2.3879,1811.5237,1308.2523,-0.5697
27.0707,2608.1753,1049.8130,2.3879,1811.5339,1308.2596,-0.5686
27.0804,2609.1577,1050.0360,2.3879,1811.5247,1308.2671,-0.5860
27.0901,2610.1500,1050.1783,2.3879,1811.5286,1308.2485,-0.5657
27.1008,2611.1097,1050.2982,2.3879,1811.5229,1308.2618,-0.5742
27.1111,2612.0742,1050.4391,2.3879,1811.5168,1308.2623,-0.5791
27.1210,2613.0824,1050.6218,2.3879,1811.5203,1308.2476,-0.5631
27.1307,2614.1216,1050.8499,2.3879,1811.5210,1308.2590,-0.5744
27.1404,2615.1061,1051.0176,2.3879,1811.5283,1308.2504,-0.5709
27.1505,2616.0266,1051.2162,2.3879,1811.5189,1308.2466,-0.5633
27.1607,2616.9419,1051.4066,2.3879,1811.5218,1308.2470,-0.5719
27.1707,2617.9104,1051.5933,2.3879,1811.5261,1308.2698,-0.5801
27.1809,2618.8373,1051.7438,2.3879,1811.5217,1308.2662,-0.5774
27.1905,2619.8234,1051.8933,2.3879,1811.5316,1308.2454,-0.5627
27.2008,2620.8009,1052.0458,10.8565,1811.5292,1308.2692,-0.5826
27.2114,2621.8140,1052.2249,10.8565,1811.5220,1308.2557,-0.5734
27.2202,2622.8010,1052.4050,10.8565,1811.5152,1308.2523,-0.5653
27.2314,2623.7803,1052.6083,10.8565,1811.5241,1308.2616,-0.5833
27.2418,2624.6764,1052.8013,10.8565,1811.5189,1308.2432,-0.5612
27.2519,2625.5627,1053.0070,10.8565,1811.5104,1308.2533,-0.5667
27.2607,2626.5312,1053.1752,10.8565,1811.5314,1308.2531,-0.5656
27.2704,2627.3215,1053.2708,10.8565,1811.5294,1308.2618,-0.5680
27.2810,2628.1913,1053.4086,10.8565,1811.5068,1308.2592,-0.5671
27.2902,2628.9606,1053.5497,10.8565,1811.5350,1308.2534,-0.5568
27.3009,2629.7235,1053.6934,10.8565,1811.5265,1308.2734,-0.5774
27.3104,2630.5516,1053.8710,10.8565,1811.5099,1308.2468,-0.5641
27.3205,2631.4749,1054.0922,10.8565,1811.5314,1308.2558,-0.5595
27.3304,2632.4857,1054.3068,10.8565,1811.5307,1308.2573,-0.5779
27.3401,2633.4644,1054.5324,10.8565,1811.5219,1308.2452,-0.5609
27.3505,2634.4829,1054.7750,10.8565,1811.5226,1308.2576,-0.5705
27.3611,2635.4901,1054.9816,10.8565,1811.5309,1308.2529,-0.5723
27.3702,2636.4951,1055.1185,10.8565,1811.5159,1308.2607,-0.5786
27.3802,2637.4424,1055.2471,10.8565,1811.5199,1308.2603,-0.5710
27.3904,2638.4373,1055.4224,10.8565,1811.5240,1308.2525,-0.5703
27.4004,2639.3945,1055.6346,10.8565,1811.5195,1308.2571,-0.5748
27.4109,2640.3295,1055.8239,10.8565,1811.5226,1308.2440,-0.5606
27.4205,2641.2701,1056.0100,10.8565,1811.5267,1308.2641,-0.5720
27.4316,2642.2262,1056.2139,10.8565,1811.5245,1308.2523,-0.5752
27.4403,2643.2156,1056.4328,10.8565,1811.5264,1308.2510,-0.5639
27.4505,2644.2181,1056.5945,10.8565,1811.5118,1308.2618,-0.5735
27.4608,2645.2288,1056.7199,10.8565,1811.5319,1308.2587,-0.5721
27.4711,2646.2550,1056.8778,10.8565,1811.5249,1308.2711,-0.5804
27.4803,2647.2732,1057.0641,10.8565,1811.5264,1308.2604,-0.5782
27.4910,2648.2722,1057.2731,10.8565,1811.5321,1308.2681,-0.5821
27.5006,2649.2306,1057.4664,10.8565,1811.5275,1308.2695,-0.5882
27.5108,2650.1448,1057.6386,10.8565,1811.5269,1308.2397,-0.5667
27.5205,2651.1152,1057.8513,10.8565,1811.5222,1308.2679,-0.5771
27.5303,2652.1107,1058.0269,10.8565,1811.5120,1308.2472,-0.5712
27.5408,2653.1232,1058.1823,10.8565,1811.5178,1308.2491,-0.5655
27.5507,2654.1481,1058.3090,10.8565,1811.5159,1308.2628,-0.5798
27.5609,2655.1864,1058.4717,10.8565,1811.5259,1308.2523,-0.5714
27.5709,2656.2142,1058.6733,10.8565,1811.5147,1308.2585,-0.5879
27.5807,2657.2024,1058.8846,10.8565,1811.5311,1308.2546,-0.5755
27.5910,2658.1675,1059.0919,10.8565,1811.5278,1308.2623,-0.5801
27.6010,2659.1305,1059.3116,10.8565,1811.5283,1308.2562,-0.5718
27.6105,2660.1355,1059.5486,10.8565,1811.5222,1308.2573,-0.5718
27.6202,2661.1101,1059.7623,10.8565,1811.5281,1308.2795,-0.5907
27.6307,2662.1007,1059.8997,10.8565,1811.5255,1308.2512,-0.5699
27.6402,2663.0844,1060.0792,10.8565,1811.5259,1308.2556,-0.5749
27.6506,2664.1152,1060.2729,10.8565,1811.5276,1308.2595,-0.5844
27.6605,2665.1366,1060.4664,10.8565,1811.5203,1308.2474,-0.5651
27.6703,2666.1040,1060.6539,10.8565,1811.5156,1308.2502,-0.5726
27.6817,2667.0441,1060.8691,10.8565,1811.5270,1308.2422,-0.5715
27.6914,2668.0300,1061.1418,10.8565,1811.5229,1308.2651,-0.5868
27.7012,2669.0302,1061.3453,10.8565,1811.5190,1308.2524,-0.5731
27.7109,2670.0637,1061.5421,10.8565,1811.5237,1308.2546,-0.5780
27.7206,2671.1075,1061.6979,10.8565,1811.5306,1308.2834,-0.5898
27.7324,2672.1742,1061.8630,10.8565,1811.5277,1308.2437,-0.5625
27.7401,2673.2395,1062.0743,10.8565,1811.5346,1308.2604,-0.5771
27.7505,2674.2355,1062.2573,10.8565,1811.5384,1308.2643,-0.5902
27.7604,2675.1511,1062.4455,10.8565,1811.5327,1308.2478,-0.5644
27.7702,2676.1316,1062.6785,10.8565,1811.5254,1308.2701,-0.5903
27.7803,2677.1632,1062.9463,10.8565,1811.5399,1308.2634,-0.5741
27.7905,2678.1591,1063.1452,10.8565,1811.5229,1308.2722,-0.5778
27.8001,2679.1362,1063.2828,10.8565,1811.5172,1308.2560,-0.5623
27.8115,2680.1230,1063.4540,10.8565,1811.5201,1308.2551,-0.5642
27.8206,2681.0897,1063.6338,10.8565,1811.5126,1308.2516,-0.5743
27.8309,2682.0762,1063.7982,10.8565,1811.5187,1308.2378,-0.5596
27.8406,2683.0500,1063.9987,10.8565,1811.5306,1308.2655,-0.5957
27.8519,2683.9879,1064.1909,10.8565,1811.5363,1308.2535,-0.5850
27.8623,2684.9558,1064.4731,10.8565,1811.5258,1308.2511,-0.5628
27.8722,2685.9346,1064.7184,10.8565,1811.5267,1308.2665,-0.5825
27.8806,2686.8564,1064.9023,10.8565,1811.5232,1308.2522,-0.5660
27.8915,2687.7959,1065.0743,10.8565,1811.5212,1308.2683,-0.5789
27.9011,2688.7623,1065.2433,10.8565,1811.5256,1308.2546,-0.5755
27.9104,2689.7952,1065.4158,10.8565,1811.5285,1308.2523,-0.5755
27.9206,2690.7743,1065.5883,10.8565,1811.5220,1308.2511,-0.5861
27.9316,2691.7375,1065.7808,10.8565,1811.5291,1308.2425,-0.5683
27.9406,2692.7311,1066.0031,10.8565,1811.5174,1308.2535,-0.5866
27.9515,2693.7469,1066.2413,10.8565,1811.5148,1308.2372,-0.5619
27.9619,2694.7529,1066.4423,10.8565,1811.5143,1308.2532,-0.5637
27.9713,2695.7418,1066.5649,10.8565,1811.5170,1308.2571,-0.5745
27.9818,2696.7086,1066.6918,10.8565,1811.5238,1308.2504,-0.5774
27.9901,2697.7046,1066.9049,10.8565,1811.5247,1308.2557,-0.5761
28.0005,2698.7181,1067.0975,10.8565,1811.5288,1308.2442,-0.5775
28.0107,2699.7212,1067.2823,10.8565,1811.5287,1308.2597,-0.5774
28.0211,2700.6715,1067.4523,10.8565,1811.5154,1308.2485,-0.5688
28.0308,2701.6392,1067.7009,10.8565,1811.5171,1308.2490,-0.5537
28.0406,2702.6844,1067.9506,10.8565,1811.5220,1308.2761,-0.5787
28.0520,2703.7711,1068.1236,10.8565,1811.5173,1308.2328,-0.5556
28.0619,2704.9049,1068.2929,10.8565,1811.5187,1308.2579,-0.5712
28.0705,2706.0304,1068.4524,10.8565,1811.5325,1308.2591,-0.5889
28.0804,2707.0936,1068.6329,10.8565,1811.5238,1308.2448,-0.5703
28.0913,2708.0546,1068.8345,10.8565,1811.5181,1308.2567,-0.5719
28.1006,2708.9678,1069.0026,10.8565,1811.5300,1308.2502,-0.5683
28.1106,2709.8575,1069.2023,10.8565,1811.5156,1308.2590,-0.5663
28.1204,2710.8171,1069.4325,10.8565,1811.5155,1308.2410,-0.5530
28.1303,2711.8126,1069.6478,10.8565,1811.5236,1308.2574,-0.5687
28.1416,2712.8284,1069.8156,10.8565,1811.5256,1308.2650,-0.5777
28.1504,2713.8158,1069.9297,10.8565,1811.5208,1308.2443,-0.5647
28.1602,2714.8282,1070.1331,10.8565,1811.5276,1308.2689,-0.5880
28.1717,2715.8059,1070.3480,10.8565,1811.5258,1308.2509,-0.5752
28.1815,2716.7570,1070.5459,10.8565,1811.5189,1308.2460,-0.5694
28.1903,2717.7008,1070.7489,10.8565,1811.5136,1308.2640,-0.5800
28.2012,2718.6735,1070.9874,10.8565,1811.5192,1308.2468,-0.5687
28.2104,2719.6707,1071.3047,10.8565,1811.5151,1308.2583,-0.5698
28.2215,2720.7410,1071.5991,10.8565,1811.5215,1308.2455,-0.5729
28.2308,2721.8386,1071.8450,10.8565,1811.5229,1308.2586,-0.5687
28.2408,2722.8955,1072.0128,10.8565,1811.5153,1308.2563,-0.5697
28.2503,2723.8586,1072.1876,10.8565,1811.5225,1308.2452,-0.5607
28.2602,2724.7615,1072.4084,10.8565,1811.5217,1308.2654,-0.5789
28.2703,2725.6760,1072.6279,10.8565,1811.5165,1308.2477,-0.5688
28.2806,2726.5999,1072.8533,10.8565,1811.5251,1308.2551,-0.5699
28.2907,2727.5826,1073.1318,10.8565,1811.5273,1308.2645,-0.5845
28.3007,2728.5739,1073.3988,10.8565,1811.5204,1308.2540,-0.5676
28.3110,2729.6027,1073.6131,10.8565,1811.5228,1308.2547,-0.5836
28.3208,2730.5574,1073.7901,10.8565,1811.5253,1308.2546,-0.5759
28.3312,2731.4463,1073.9519,10.8565,1811.5144,1308.2545,-0.5737
28.3405,2732.3083,1074.1324,10.8565,1811.5139,1308.2498,-0.5685
28.3521,2733.1724,1074.3116,10.8565,1811.5173,1308.2518,-0.5677
28.3606,2734.0471,1074.5117,10.8565,1811.5179,1308.2648,-0.5754
28.3704,2734.9681,1074.7021,10.8565,1811.5129,1308.2408,-0.5626
28.3810,2735.9474,1074.9714,10.8565,1811.5167,1308.2609,-0.5717
28.3903,2736.9310,1075.2383,10.8565,1811.5200,1308.2513,-0.5721
28.4007,2737.8755,1075.4682,10.8565,1811.5185,1308.2427,-0.5681
28.4105,2738.7953,1075.6597,10.8565,1811.5250,1308.2603,-0.5802
28.4218,2739.6720,1075.8222,10.8565,1811.5253,1308.2563,-0.5827
28.4307,2740.6251,1076.0445,10.8565,1811.5229,1308.2559,-0.5835
28.4401,2741.6104,1076.2287,10.8565,1811.5325,1308.2454,-0.5814
28.4507,2742.5930,1076.3854,10.8565,1811.5280,1308.2609,-0.5842
28.4612,2743.5519,1076.5823,10.8565,1811.5173,1308.2558,-0.5818
28.4706,2744.5200,1076.8383,10.8565,1811.5185,1308.2430,-0.5661
28.4804,2745.5463,1077.1359,10.8565,1811.5177,1308.2711,-0.5777
28.4905,2746.6161,1077.3155,10.8565,1811.5138,1308.2534,-0.5720
28.5009,2747.6721,1077.4465,10.8565,1811.5137,1308.2515,-0.5596
28.5107,2748.6519,1077.5844,10.8565,1811.5215,1308.2618,-0.5869
28.5205,2749.5441,1077.7827,10.8565,1811.5213,1308.2523,-0.5766
28.5304,2750.4768,1077.9964,10.8565,1811.5206,1308.2559,-0.5859
28.5416,2751.4054,1078.1778,10.8565,1811.5305,1308.2523,-0.5818
28.5513,2752.3646,1078.4181,10.8565,1811.5370,1308.2692,-0.5859
28.5604,2753.3848,1078.6823,10.8565,1811.5134,1308.2573,-0.5806
28.5702,2754.4564,1078.9587,10.8565,1811.5247,1308.2538,-0.5674
28.5806,2755.5190,1079.1624,10.8565,1811.5230,1308.2773,-0.5868
28.5902,2756.5616,1079.2706,12.4034,1811.5156,1308.2431,-0.5619
28.6011,2757.5376,1079.4023,12.4013,1811.5234,1308.2628,-0.5701
28.6105,2758.4415,1079.5947,12.4109,1811.5155,1308.2626,-0.5837
28.6206,2759.3182,1079.8315,12.4140,1811.5240,1308.2499,-0.5737
28.6304,2760.1953,1080.0450,12.3902,1811.5087,1308.2651,-0.5785
28.6409,2761.0995,1080.3563,12.1208,1811.5250,1308.2473,-0.5693
28.6510,2762.1156,1080.8024,11.4333,1811.5207,1308.2700,-0.5835
28.6605,2763.1191,1080.7382,10.5613,1811.5148,1308.2545,-0.5731
28.6704,2763.8102,1081.4702,9.3452,1811.5317,1308.2639,-0.5812
28.6806,2764.8075,1082.0209,7.9591,1811.5331,1308.2744,-0.5995
28.6903,2765.7174,1082.0358,6.3506,1811.5292,1308.2468,-0.5721
28.7006,2766.4355,1082.9062,4.5428,1811.5258,1308.2736,-0.5841
28.7109,2767.1942,1083.4199,2.6394,1811.5335,1308.2617,-0.5825
28.7209,2767.9260,1083.8839,0.5446,1811.5219,1308.2485,-0.5539
28.7307,2768.7653,1084.4329,0.5446,1811.5144,1308.2678,-0.5707
28.7406,2769.5748,1085.0192,0.5446,1811.5331,1308.2580,-0.5663
28.7504,2770.3384,1085.5840,0.5446,1811.5178,1308.2739,-0.5837
28.7601,2770.9761,1086.3856,0.5446,1811.5305,1308.2512,-0.5757
28.7704,2771.6056,1087.3702,0.5446,1811.5356,1308.2599,-0.5929
28.7806,2772.1746,1088.4067,0.5446,1811.5328,1308.2670,-0.5961
28.7909,2772.9019,1089.3061,0.5446,1811.5257,1308.2382,-0.5628
28.8005,2773.7404,1089.9995,0.5446,1811.5216,1308.2779,-0.5959
28.8110,2774.6918,1090.3190,0.5446,1811.5333,1308.2612,-0.5747
28.8202,2775.8187,1090.4716,0.5446,1811.5196,1308.2575,-0.5635
28.8304,2776.8667,1090.5995,0.5446,1811.5234,1308.2740,-0.5825
28.8403,2777.8019,1090.6576,0.5446,1811.5303,1308.2575,-0.5710
28.8508,2778.6677,1090.4744,0.5446,1811.5154,1308.2568,-0.5740
28.8612,2779.4834,1089.9920,0.5446,1811.5298,1308.2496,-0.5703
28.8711,2780.2860,1089.5715,0.5446,1811.5268,1308.2661,-0.5848
28.8814,2781.1666,1089.3558,0.5446,1811.5209,1308.2510,-0.5811
28.8922,2782.1403,1089.1426,0.5446,1811.5223,1308.2490,-0.5767
28.9007,2783.1530,1088.7639,0.5446,1811.5238,1308.2697,-0.5899
28.9108,2784.0840,1088.2715,0.5446,1811.5133,1308.2471,-0.5703
28.9206,2784.9622,1087.9358,0.5446,1811.5231,1308.2581,-0.5731
28.9306,2785.7435,1087.7201,0.5446,1811.5327,1308.2672,-0.5868
28.9413,2786.5145,1087.4858,0.5446,1811.5251,1308.2512,-0.5574
28.9518,2787.4019,1087.1954,0.5446,1811.5193,1308.2665,-0.5826
28.9621,2788.2825,1086.9073,0.5446,1811.5373,1308.2562,-0.5789
28.9703,2789.1367,1086.6766,0.5446,1811.5222,1308.2651,-0.5765
28.9802,2790.0112,1086.3413,0.5446,1811.5245,1308.2593,-0.5730
28.9903,2791.0011,1085.9606,0.5446,1811.5339,1308.2587,-0.5800
29.0005,2791.8524,1085.4415,0.5446,1811.5201,1308.2634,-0.5900
29.0104,2792.8352,1085.0938,0.5446,1811.5216,1308.2350,-0.5630
29.0202,2793.7227,1084.7948,0.5446,1811.5226,1308.2625,-0.5831
29.0311,2794.5778,1084.5353,0.5446,1811.5259,1308.2493,-0.5726
29.0406,2795.4897,1084.2955,0.5446,1811.5186,1308.2486,-0.5626
29.0509,2796.4578,1084.0336,0.5446,1811.5257,1308.2693,-0.5806
29.0606,2797.3888,1083.7318,0.5446,1811.5286,1308.2592,-0.5697
29.0709,2798.3712,1083.4014,0.5446,1811.5178,1308.2712,-0.5752
29.0802,2799.3885,1082.9753,0.5446,1811.5284,1308.2556,-0.5773
29.0923,2800.4010,1082.5837,0.5446,1811.5259,1308.2620,-0.5752
29.1018,2801.3619,1082.1918,0.5446,1811.5172,1308.2551,-0.5741
29.1107,2802.2074,1081.8810,0.5446,1811.5243,1308.2429,-0.5628
29.1204,2803.0774,1081.6276,0.5446,1811.5316,1308.2731,-0.5932
29.1302,2803.9778,1081.3837,0.5446,1811.5235,1308.2488,-0.5794
29.1405,2804.8796,1081.0931,0.5446,1811.5306,1308.2579,-0.5688
29.1506,2805.8052,1080.7583,0.5446,1811.5317,1308.2686,-0.5850
29.1606,2806.7542,1080.3640,0.5446,1811.5163,1308.2552,-0.5703
29.1706,2807.8090,1079.9147,0.5446,1811.5071,1308.2571,-0.5710
29.1802,2808.8502,1079.5042,0.5446,1811.5179,1308.2471,-0.5607
29.1912,2809.7761,1079.1220,0.5446,1811.5255,1308.2671,-0.5679
29.2006,2810.6382,1078.8389,0.5446,1811.5182,1308.2528,-0.5717
29.2109,2811.5294,1078.5604,0.5446,1811.5272,1308.2493,-0.5713
29.2205,2812.4890,1078.2744,0.5446,1811.5339,1308.2720,-0.5925
29.2315,2813.4072,1077.9601,0.5446,1811.5175,1308.2473,-0.5738
29.2415,2814.3805,1077.6345,0.5446,1811.5242,1308.2643,-0.5776
29.2520,2815.4011,1077.2197,0.5446,1811.5259,1308.2666,-0.5809
29.2606,2816.4261,1076.7869,0.5446,1811.5214,1308.2498,-0.5731
29.2701,2817.4172,1076.3736,0.5446,1811.5326,1308.2664,-0.5878
29.2806,2818.2744,1076.0533,0.5446,1811.5354,1308.2568,-0.5780
29.2899,2819.1212,1075.7880,0.5446,1811.5182,1308.2669,-0.5768
29.3006,2820.0001,1075.5007,0.5446,1811.5223,1308.2495,-0.5658
29.3105,2820.9218,1075.2413,0.5446,1811.5181,1308.2557,-0.5648
29.3204,2821.8335,1074.9169,0.5446,1811.5058,1308.2617,-0.5729
29.3304,2822.8104,1074.5748,0.5446,1811.5156,1308.2442,-0.5742
29.3409,2823.8983,1074.1929,0.5446,1811.5370,1308.2715,-0.5915
29.3522,2824.9614,1073.7731,0.5446,1811.5284,1308.2463,-0.5908
29.3606,2825.9254,1073.4000,0.5446,1811.5320,1308.2544,-0.5804
29.3703,2826.8430,1073.1072,0.5446,1811.5328,1308.2611,-0.5867
29.3812,2827.7327,1072.8269,0.5446,1811.5184,1308.2402,-0.5597
29.3907,2828.6583,1072.5561,0.5446,1811.5026,1308.2589,-0.5741
29.4012,2829.5668,1072.2757,0.5446,1811.5214,1308.2548,-0.5640
29.4108,2830.5012,1071.9794,0.5446,1811.5207,1308.2662,-0.5609
29.4214,2831.4606,1071.6092,0.5446,1811.5112,1308.2603,-0.5763
29.4301,2832.4836,1071.2098,0.5446,1811.5391,1308.2496,-0.5762
29.4402,2833.5093,1070.8125,0.5446,1811.5287,1308.2701,-0.5882
29.4505,2834.4479,1070.4661,0.5446,1811.5222,1308.2432,-0.5787
29.4614,2835.3230,1070.1667,0.5446,1811.5256,1308.2507,-0.5799
29.4703,2836.2075,1069.9120,0.5446,1811.5300,1308.2552,-0.5877
29.4808,2837.0933,1069.6716,0.5446,1811.5281,1308.2498,-0.5750
29.4902,2838.0211,1069.4266,0.5446,1811.5248,1308.2690,-0.5904
29.5004,2838.9788,1069.1488,0.5446,1811.5323,1308.2480,-0.5822
29.5106,2839.9849,1068.7714,0.5446,1811.5215,1308.2738,-0.5882
29.5218,2840.9941,1068.3694,0.5446,1811.5148,1308.2530,-0.5677
29.5316,2841.9282,1068.0100,0.5446,1811.5211,1308.2402,-0.5615
29.5403,2842.8025,1067.7069,0.5446,1811.5212,1308.2698,-0.5836
29.5506,2843.6042,1067.4597,0.5446,1811.5189,1308.2363,-0.5639
29.5607,2844.4778,1067.1898,0.5446,1811.5338,1308.2692,-0.5843
29.5705,2845.3605,1066.9249,0.5446,1811.5370,1308.2665,-0.5924
29.5803,2846.2500,1066.6488,0.5446,1811.5255,1308.2523,-0.5703
29.5917,2847.2546,1066.2896,0.5446,1811.5258,1308.2621,-0.5876
29.6010,2848.2931,1065.8755,0.5446,1811.5412,1308.2599,-0.5797
29.6101,2849.3467,1065.4280,0.5446,1811.5166,1308.2598,-0.5756
29.6204,2850.3073,1065.0566,0.5446,1811.5217,1308.2435,-0.5731
29.6317,2851.2073,1064.7476,0.5446,1811.5391,1308.2649,-0.5779
29.6421,2852.0532,1064.4446,0.5446,1811.5179,1308.2712,-0.5887
29.6514,2852.9388,1064.1523,0.5446,1811.5197,1308.2396,-0.5582
29.6607,2853.8322,1063.8947,0.5446,1811.5288,1308.2828,-0.5867
29.6707,2854.7518,1063.5592,0.5446,1811.5151,1308.2515,-0.5689
29.6812,2855.7271,1063.1627,0.5446,1811.5204,1308.2498,-0.5712
29.6903,2856.8633,1062.7413,0.5446,1811.5322,1308.2652,-0.5955
29.7013,2858.0068,1062.3154,0.5446,1811.5257,1308.2462,-0.5782
29.7108,2859.0947,1061.9615,0.5446,1811.5233,1308.2631,-0.5819
29.7203,2860.0260,1061.6263,0.5446,1811.5336,1308.2531,-0.5774
29.7305,2860.9456,1061.3298,0.5446,1811.5302,1308.2709,-0.5707
29.7401,2861.9127,1061.0277,0.5446,1811.5123,1308.2699,-0.5782
29.7502,2862.8480,1060.7189,0.5446,1811.5208,1308.2507,-0.5566
29.7604,2863.7909,1060.3810,0.5446,1811.5218,1308.2795,-0.5870
29.7705,2864.7499,1059.9550,0.5446,1811.5201,1308.2511,-0.5717
29.7805,2865.7898,1059.5765,0.5446,1811.5167,1308.2598,-0.5818
29.7905,2866.8079,1059.2554,0.5446,1811.5359,1308.2656,-0.5847
29.8006,2867.7399,1058.9582,0.5446,1811.5251,1308.2552,-0.5814
29.8108,2868.6124,1058.6242,0.5446,1811.5128,1308.2570,-0.5793
29.8205,2869.5343,1058.3018,0.5446,1811.5245,1308.2412,-0.5704
29.8315,2870.4568,1058.0538,0.5446,1811.5193,1308.2631,-0.5807
29.8405,2871.4037,1057.7706,0.5446,1811.5180,1308.2466,-0.5760
29.8502,2872.3933,1057.4968,0.5446,1811.5339,1308.2507,-0.5668
29.8607,2873.4308,1057.1769,0.5446,1811.5287,1308.2831,-0.5986
29.8710,2874.4601,1056.8068,0.5446,1811.5183,1308.2481,-0.5734
29.8812,2875.4545,1056.4567,0.5446,1811.5258,1308.2672,-0.5751
29.8912,2876.4160,1056.1370,0.5446,1811.5281,1308.2607,-0.5809
29.9015,2877.3286,1055.8420,0.5446,1811.5098,1308.2451,-0.5656
29.9109,2878.3220,1055.5753,0.5446,1811.5095,1308.2638,-0.5862
29.9210,2879.2915,1055.2922,0.5446,1811.5278,1308.2576,-0.5868
29.9301,2880.2565,1054.9996,0.5446,1811.5161,1308.2653,-0.5923
29.9402,2881.2578,1054.6885,0.5446,1811.5281,1308.2471,-0.5882
29.9506,2882.2698,1054.3531,0.5446,1811.5316,1308.2578,-0.5857
29.9607,2883.2146,1053.9812,0.5446,1811.5215,1308.2656,-0.5877
29.9703,2884.0829,1053.5851,0.5446,1811.5229,1308.2468,-0.5683
29.9804,2884.9333,1053.2906,0.5446,1811.5213,1308.2725,-0.5644
29.9903,2885.8481,1052.9920,0.5446,1811.5250,1308.2585,-0.5660
30.0009,2886.7728,1052.7419,0.5446,1811.5200,1308.2661,-0.5685
30.0111,2887.7048,1052.4414,0.5446,1811.5224,1308.2621,-0.5763
30.0207,2888.6726,1052.0888,0.5446,1811.5215,1308.2538,-0.5745
30.0307,2889.7098,1051.7083,0.5446,1811.5157,1308.2653,-0.5750
30.0422,2890.7275,1051.3012,0.5446,1811.5210,1308.2454,-0.5760
30.0523,2891.6768,1050.9344,0.5446,1811.5331,1308.2595,-0.5770
30.0605,2892.5603,1050.6341,0.5446,1811.5236,1308.2662,-0.5910
30.0703,2893.4224,1050.3634,0.5446,1811.5228,1308.2417,-0.5632
30.0805,2894.3295,1050.1008,0.5446,1811.5253,1308.2727,-0.5861
30.0904,2895.1875,1049.8271,0.5446,1811.5258,1308.2600,-0.5692
30.1008,2896.0560,1049.5112,-18.3528,1811.5073,1308.2540,-0.5510
30.1103,2897.0042,1049.2154,-18.3281,1811.5173,1308.2485,-0.5702
30.1208,2897.9564,1048.8914,-18.2859,1811.5179,1308.2521,-0.5626
30.1304,2898.8881,1048.5271,-18.2469,1811.5071,1308.2585,-0.5757
30.1401,2899.7076,1048.1900,-18.1972,1811.5334,1308.2518,-0.5728
30.1519,2900.5060,1047.8450,-17.9387,1811.5355,1308.2704,-0.5941
30.1610,2901.4205,1047.6060,-17.2768,1811.5214,1308.2549,-0.5818
30.1703,2902.0201,1047.1234,-16.4153,1811.5267,1308.2565,-0.5779
30.1806,2902.5443,1046.7146,-15.3119,1811.5297,1308.2720,-0.5871
30.1904,2903.4320,1046.6993,-14.0125,1811.5167,1308.2504,-0.5683
30.2018,2904.0422,1046.2002,-12.4956,1811.5215,1308.2678,-0.5823
30.2123,2904.4081,1045.7639,-10.8462,1811.5253,1308.2618,-0.5790
30.2206,2904.7706,1045.2882,-8.9353,1811.5142,1308.2654,-0.5771
30.2311,2905.0100,1044.9853,-6.9374,1811.5161,1308.2615,-0.5747
30.2423,2905.0177,1044.1392,-4.7336,1811.5154,1308.2396,-0.5617
30.2508,2905.0669,1043.4899,-2.4987,1811.5105,1308.2671,-0.5795
30.2604,2905.2795,1043.1594,-0.1880,1811.5159,1308.2446,-0.5709
30.2704,2905.2616,1042.2663,2.2790,1811.5312,1308.2641,-0.5774
30.2803,2905.2374,1041.4418,4.8199,1811.5347,1308.2753,-0.6050
30.2901,2905.1678,1040.5907,7.4627,1811.5350,1308.2546,-0.5651
30.3009,2905.1696,1039.7898,10.1724,1811.5276,1308.2685,-0.5883
30.3119,2905.1317,1038.7985,10.1724,1811.5269,1308.2602,-0.5777
30.3210,2905.1934,1037.8105,10.1724,1811.5095,1308.2583,-0.5618
30.3306,2905.3381,1037.0024,10.1724,1811.5102,1308.2578,-0.5672
30.3404,2905.4873,1035.9586,10.1724,1811.5199,1308.2569,-0.5649
30.3504,2905.6956,1035.0138,10.1724,1811.5195,1308.2727,-0.5794
30.3604,2905.9807,1033.9289,10.1724,1811.5262,1308.2496,-0.5692
30.3715,2906.3320,1032.9541,10.1724,1811.5305,1308.2726,-0.5941
30.3812,2906.7877,1032.6045,10.1724,1811.5335,1308.2674,-0.5944
30.3904,2907.4082,1032.4713,10.1724,1811.5280,1308.2420,-0.5666
30.4006,2908.1338,1032.2575,10.1724,1811.5270,1308.2728,-0.5868
30.4109,2908.8411,1032.5843,10.1724,1811.5283,1308.2559,-0.5706
30.4228,2909.6675,1033.1051,10.1724,1811.5151,1308.2556,-0.5701
30.4303,2910.5891,1033.4652,10.1724,1811.5293,1308.2736,-0.5898
30.4405,2911.4294,1033.9908,10.1724,1811.5193,1308.2645,-0.5720
30.4507,2912.1606,1034.5592,10.1724,1811.5059,1308.2620,-0.5724
30.4610,2912.8663,1035.1369,10.1724,1811.5252,1308.2546,-0.5641
30.4709,2913.6744,1035.6581,10.1724,1811.5172,1308.2687,-0.5828
30.4802,2914.5314,1036.2016,10.1724,1811.5156,1308.2427,-0.5629
30.4926,2915.3838,1036.7092,10.1724,1811.5295,1308.2510,-0.5759
30.5002,2916.2050,1037.1772,10.1724,1811.5256,1308.2748,-0.5955
30.5106,2916.8883,1037.6991,10.1724,1811.5161,1308.2457,-0.5732
30.5206,2917.6488,1038.2248,10.1724,1811.5248,1308.2647,-0.5812
30.5311,2918.4609,1038.7837,10.1724,1811.5293,1308.2596,-0.5733
30.5404,2919.3135,1039.3579,10.1724,1811.5059,1308.2498,-0.5643
30.5516,2920.2256,1039.9710,10.1724,1811.5208,1308.2693,-0.5773
30.5610,2921.1289,1040.5739,10.1724,1811.5252,1308.2534,-0.5677
30.5705,2922.0344,1041.1179,10.1724,1811.5219,1308.2711,-0.5722
30.5802,2922.8766,1041.6257,10.1724,1811.5270,1308.2588,-0.5790
30.5903,2923.7174,1042.1747,10.1724,1811.5255,1308.2707,-0.5769
30.6021,2924.4995,1042.7236,10.1724,1811.5153,1308.2646,-0.5802
30.6109,2925.2888,1043.2785,10.1724,1811.5259,1308.2515,-0.5745
30.6207,2926.1321,1043.8570,10.1724,1811.5261,1308.2659,-0.5869
30.6310,2927.0146,1044.4492,10.1724,1811.5162,1308.2487,-0.5798
30.6408,2927.9259,1045.0475,10.1724,1811.5165,1308.2470,-0.5746
30.6521,2928.8396,1045.6504,10.1724,1811.5279,1308.2640,-0.5924
30.6618,2929.6759,1046.2351,10.1724,1811.5326,1308.2502,-0.5769
30.6712,2930.5242,1046.8115,10.1724,1811.5233,1308.2695,-0.5826
30.6823,2931.2979,1047.3894,10.1724,1811.5344,1308.2573,-0.5725
30.6911,2932.1273,1047.9530,10.1724,1811.5223,1308.2757,-0.5840
30.7006,2932.9329,1048.5172,10.1724,1811.5109,1308.2606,-0.5668
30.7118,2933.7845,1049.1076,10.1724,1811.5251,1308.2449,-0.5621
30.7202,2934.6610,1049.7392,10.1724,1811.5263,1308.2672,-0.5904
30.7305,2935.5634,1050.3523,10.1724,1811.5170,1308.2408,-0.5635
30.7406,2936.4954,1050.9694,10.1724,1811.5248,1308.2518,-0.5850
30.7503,2937.3977,1051.5728,10.1724,1811.5328,1308.2598,-0.5988
30.7611,2938.1910,1052.1677,10.1724,1811.5217,1308.2516,-0.5767
30.7708,2938.9827,1052.7194,10.1724,1811.5119,1308.2523,-0.5741
30.7808,2939.7762,1053.2522,10.1724,1811.5321,1308.2478,-0.5695
30.7920,2940.6060,1053.8178,10.1724,1811.5129,1308.2664,-0.5740
30.8003,2941.4165,1054.3696,10.1724,1811.5125,1308.2514,-0.5657
30.8118,2942.2703,1054.9608,10.1724,1811.5312,1308.2576,-0.5704
30.8203,2943.1047,1055.5603,34.0596,1811.5240,1308.2628,-0.5853
30.8306,2943.8590,1056.0599,34.0596,1811.5154,1308.2357,-0.5583
30.8404,2944.6155,1056.5744,34.0596,1811.5286,1308.2669,-0.5775
30.8506,2945.3542,1057.0851,34.0596,1811.5283,1308.2493,-0.5864
30.8606,2946.0973,1057.5451,34.0596,1811.5192,1308.2528,-0.5721
30.8718,2946.7544,1058.0327,34.0596,1811.5172,1308.2653,-0.5853
30.8819,2947.3292,1058.4507,34.0596,1811.5321,1308.2563,-0.5829
30.8902,2947.9167,1058.8519,34.0596,1811.5211,1308.2684,-0.5790
30.9013,2948.5828,1059.2524,34.0596,1811.5152,1308.2483,-0.5714
30.9117,2949.3918,1059.7387,34.0596,1811.5220,1308.2648,-0.5754
30.9210,2950.3126,1060.3326,34.0596,1811.5070,1308.2704,-0.5773
30.9303,2951.2308,1060.9614,34.0596,1811.5153,1308.2331,-0.5510
30.9415,2952.1661,1061.6197,34.0596,1811.5242,1308.2723,-0.5793
30.9506,2952.9941,1062.2474,34.0596,1811.5302,1308.2534,-0.5755
30.9606,2953.8289,1062.8110,34.0596,1811.5139,1308.2499,-0.5678
30.9704,2954.7075,1063.3708,34.0596,1811.5306,1308.2610,-0.5860
30.9811,2955.5476,1063.9083,34.0596,1811.5344,1308.2584,-0.5839
30.9902,2956.4192,1064.4651,34.0596,1811.5087,1308.2600,-0.5859
31.0005,2957.2864,1065.0156,34.0596,1811.5270,1308.2454,-0.5763
31.0102,2958.1960,1065.5454,34.0596,1811.5206,1308.2757,-0.5854
31.0203,2959.0881,1066.0672,34.0596,1811.5107,1308.2605,-0.5706
31.0307,2959.9280,1066.6552,34.0596,1811.5132,1308.2471,-0.5644
31.0402,2960.7715,1067.2531,34.0596,1811.5324,1308.2756,-0.5860
31.0506,2961.5642,1067.8069,34.0596,1811.5071,1308.2455,-0.5649
31.0605,2962.4561,1068.3849,34.0596,1811.5145,1308.2465,-0.5702
31.0715,2963.4023,1069.0006,34.0596,1811.5202,1308.2630,-0.5848
31.0807,2964.3333,1069.6064,34.0596,1811.5117,1308.2509,-0.5706
31.0902,2965.2595,1070.1430,34.0596,1811.5112,1308.2542,-0.5696
31.1005,2966.1132,1070.6685,34.0596,1811.5256,1308.2496,-0.5819
31.1110,2966.9247,1071.2510,34.0596,1811.5205,1308.2668,-0.5902
31.1208,2967.7264,1071.8118,34.0596,1811.5179,1308.2455,-0.5740
31.1305,2968.5334,1072.3636,34.0596,1811.5297,1308.2474,-0.5729
31.1414,2969.3802,1072.8971,34.0596,1811.5244,1308.2675,-0.5832
31.1511,2970.2444,1073.4547,34.0596,1811.5129,1308.2446,-0.5556
31.1604,2971.1438,1074.0677,34.0596,1811.5206,1308.2722,-0.5778
31.1708,2972.0240,1074.6137,34.0596,1811.5181,1308.2604,-0.5751
31.1808,2972.8663,1075.1166,34.0596,1811.5034,1308.2636,-0.5701
31.1911,2973.7036,1075.6419,34.0596,1811.5164,1308.2620,-0.5760
31.2003,2974.5300,1076.2312,34.0596,1811.5297,1308.2503,-0.5738
31.2105,2975.3718,1076.8083,34.0596,1811.5188,1308.2736,-0.5893
31.2206,2976.2125,1077.3416,34.0596,1811.5247,1308.2504,-0.5781
31.2309,2977.0972,1077.9235,34.0596,1811.5256,1308.2555,-0.5762
31.2411,2977.9833,1078.4962,34.0596,1811.5100,1308.2767,-0.5853
31.2518,2978.8511,1079.0630,34.0596,1811.5157,1308.2529,-0.5620
31.2604,2979.7128,1079.5884,34.0596,1811.5174,1308.2786,-0.5770
31.2705,2980.5739,1080.0820,34.0596,1811.5191,1308.2609,-0.5628
31.2809,2981.4044,1080.6082,34.0596,1811.5116,1308.2552,-0.5637
31.2906,2982.1954,1081.1683,34.0596,1811.5280,1308.2660,-0.5771
31.3004,2982.9908,1081.7214,34.0596,1811.5247,1308.2618,-0.5802
31.3102,2983.8480,1082.2771,34.0596,1811.5127,1308.2679,-0.5844
31.3219,2984.7194,1082.8441,34.0596,1811.5229,1308.2544,-0.5773
31.3306,2985.6444,1083.4731,34.0596,1811.5269,1308.2742,-0.5923
31.3404,2986.5363,1084.0446,34.0596,1811.5081,1308.2538,-0.5814
31.3505,2987.4601,1084.5502,34.0596,1811.5199,1308.2453,-0.5749
31.3608,2988.3446,1085.0820,34.0596,1811.5286,1308.2805,-0.5975
31.3705,2989.1355,1085.6349,34.0596,1811.5125,1308.2431,-0.5597
31.3806,2989.9457,1086.2175,34.0596,1811.5070,1308.2657,-0.5809
31.3910,2990.7816,1086.7838,34.0596,1811.5348,1308.2713,-0.5902
31.4006,2991.6426,1087.3147,34.0596,1811.5137,1308.2587,-0.5721
31.4104,2992.5183,1087.8663,34.0596,1811.5084,1308.2627,-0.5789
31.4219,2993.4009,1088.4487,34.0596,1811.5290,1308.2529,-0.5784
31.4307,2994.2321,1089.0228,34.0596,1811.5176,1308.2597,-0.5805
31.4408,2995.0715,1089.5552,34.0596,1811.5197,1308.2460,-0.5823
31.4504,2995.8944,1090.0998,34.0596,1811.5366,1308.2584,-0.5833
31.4606,2996.6908,1090.6269,34.0596,1811.5176,1308.2681,-0.5979
31.4705,2997.4995,1091.1589,34.0596,1811.5192,1308.2480,-0.5677
31.4808,2998.3853,1091.7269,34.0596,1811.5149,1308.2686,-0.5887
31.4905,2999.2325,1092.3157,34.0596,1811.5190,1308.2668,-0.5814
31.5013,3000.0891,1092.8945,34.0596,1811.5074,1308.2530,-0.5645
31.5110,3000.9833,1093.4949,34.0596,1811.5134,1308.2590,-0.5814
31.5204,3001.8197,1094.0308,34.0596,1811.5214,1308.2518,-0.5697
31.5304,3002.6117,1094.5280,34.0596,1811.5152,1308.2714,-0.5896
31.5408,3003.4065,1095.0380,34.0596,1811.5137,1308.2502,-0.5753
31.5516,3004.1780,1095.5831,34.0596,1811.5266,1308.2643,-0.5822
31.5606,3004.9990,1096.1453,34.0596,1811.5102,1308.2678,-0.5849
31.5701,3005.8312,1096.7112,34.0596,1811.5193,1308.2398,-0.5594
31.5806,3006.7400,1097.2816,34.0596,1811.5097,1308.2649,-0.5755
31.5902,3007.5514,1097.8640,34.0596,1811.5178,1308.2524,-0.5772
31.6003,3008.3347,1098.4578,34.0596,1811.5098,1308.2646,-0.5815
31.6107,3009.1539,1098.9800,34.0596,1811.5183,1308.2691,-0.5821
31.6208,3009.9319,1099.5356,34.0596,1811.5240,1308.2593,-0.5786
31.6305,3010.7440,1100.0863,34.0596,1811.5114,1308.2729,-0.5788
31.6403,3011.5348,1100.6071,34.0596,1811.5263,1308.2468,-0.5637
31.6507,3012.3534,1101.1528,34.0596,1811.5095,1308.2715,-0.5727
31.6604,3013.1600,1101.6307,34.0596,1811.5084,1308.2557,-0.5823
31.6714,3013.8922,1102.1179,34.0596,1811.5203,1308.2429,-0.5675
31.6813,3014.6360,1102.6230,34.0596,1811.5312,1308.2783,-0.5868
31.6907,3015.3180,1103.1549,34.0596,1811.5198,1308.2450,-0.5765
31.7010,3016.0187,1103.7101,34.0596,1811.5190,1308.2650,-0.5842
31.7108,3016.8231,1104.2481,34.0596,1811.5225,1308.2681,-0.5771
31.7207,3017.7074,1104.7977,34.0596,1811.5214,1308.2580,-0.5590
31.7304,3018.6232,1105.3575,34.0596,1811.5130,1308.2740,-0.5822
31.7416,3019.5258,1105.9600,34.0596,1811.5234,1308.2469,-0.5639
31.7504,3020.4363,1106.5720,34.0596,1811.5065,1308.2640,-0.5801
31.7614,3021.3528,1107.1811,34.0596,1811.5137,1308.2568,-0.5694
31.7720,3022.2483,1107.7637,34.0596,1811.5198,1308.2599,-0.5707
31.7814,3023.1406,1108.3430,34.0596,1811.5125,1308.2733,-0.5928
31.7903,3023.9542,1108.9058,34.0596,1811.5142,1308.2538,-0.5789
31.8003,3024.8223,1109.4958,34.0596,1811.5158,1308.2676,-0.5853
31.8102,3025.6729,1110.0521,34.0596,1811.5236,1308.2574,-0.5835
31.8203,3026.5475,1110.6363,34.0596,1811.5176,1308.2540,-0.5736
31.8307,3027.4640,1111.2454,34.0596,1811.5121,1308.2632,-0.5749
31.8401,3028.3699,1111.8649,34.0596,1811.5150,1308.2493,-0.5658
31.8504,3029.2589,1112.4580,34.0596,1811.5049,1308.2655,-0.5719
31.8603,3030.1412,1113.0200,34.0596,1811.5098,1308.2512,-0.5690
31.8707,3030.9639,1113.5854,34.0596,1811.5107,1308.2660,-0.5755
31.8810,3031.7625,1114.1467,34.0596,1811.5131,1308.2689,-0.5938
31.8902,3032.5507,1114.6841,34.0596,1811.5199,1308.2542,-0.5765
31.9004,3033.3774,1115.2521,34.0596,1811.5215,1308.2711,-0.5904
31.9106,3034.0131,1115.7923,34.0596,1811.5209,1308.2554,-0.5883
31.9200,3034.9313,1116.3760,34.0596,1811.5206,1308.2574,-0.5846
31.9305,3035.8737,1116.9738,34.0596,1811.5259,1308.2596,-0.5834
31.9404,3036.7739,1117.5521,34.0596,1811.5193,1308.2585,-0.5781
31.9511,3037.6604,1118.1169,34.0596,1811.5037,1308.2713,-0.5817
31.9627,3038.5028,1118.6707,34.0596,1811.5104,1308.2466,-0.5650
31.9704,3039.2988,1119.2633,34.0596,1811.5175,1308.2719,-0.5813
31.9806,3040.0944,1119.8112,34.0596,1811.5071,1308.2637,-0.5846
31.9903,3040.9015,1120.3661,34.0596,1811.5200,1308.2483,-0.5707
32.0009,3041.7797,1120.9578,34.0596,1811.5228,1308.2750,-0.5973
32.0107,3042.7006,1121.5784,34.0596,1811.5265,1308.2477,-0.5783
32.0203,3043.6128,1122.1981,34.0596,1811.5169,1308.2667,-0.5882
32.0305,3044.5535,1122.7484,34.0596,1811.5292,1308.2619,-0.5845
32.0401,3045.4358,1123.2979,34.0596,1811.5173,1308.2518,-0.5688
32.0501,3046.2529,1123.8830,34.0596,1811.5108,1308.2723,-0.5837
32.0603,3047.0315,1124.4557,34.0596,1811.5264,1308.2518,-0.5679
32.0712,3047.8339,1125.0082,34.0596,1811.5074,1308.2659,-0.5774
32.0816,3048.6508,1125.5693,34.0596,1811.5059,1308.2497,-0.5656
32.0903,3049.5055,1126.1595,34.0596,1811.5149,1308.2627,-0.5744
32.1007,3050.3914,1126.7592,34.0596,1811.5167,1308.2748,-0.5930
32.1109,3051.2605,1127.3001,34.0596,1811.5083,1308.2532,-0.5788
32.1205,3052.1246,1127.8051,34.0596,1811.5177,1308.2643,-0.5797
32.1305,3052.9231,1128.3419,34.0596,1811.5148,1308.2606,-0.5771
32.1401,3053.6738,1128.9263,34.0596,1811.5145,1308.2565,-0.5742
32.1508,3054.4161,1129.4854,34.0596,1811.5109,1308.2620,-0.5858
32.1608,3055.2107,1130.0320,34.0596,1811.5189,1308.2498,-0.5742
32.1706,3056.0394,1130.6127,34.0596,1811.5143,1308.2839,-0.5975
32.1805,3056.9238,1131.1984,34.0596,1811.5020,1308.2563,-0.5711
32.1906,3057.8403,1131.7729,34.0596,1811.5173,1308.2681,-0.5775
32.2004,3058.7205,1132.3434,34.0596,1811.5138,1308.2811,-0.5918
32.2104,3059.5599,1132.8730,34.0596,1811.5096,1308.2477,-0.5650
32.2203,3060.3076,1133.4167,34.0596,1811.5065,1308.2670,-0.5750
32.2308,3061.0062,1133.9783,34.0596,1811.5262,1308.2618,-0.5837
32.2405,3061.7041,1134.5344,34.0596,1811.5070,1308.2567,-0.5778
32.2506,3062.4994,1135.0995,34.0596,1811.5190,1308.2546,-0.5787
32.2604,3063.3176,1135.6827,34.0596,1811.5233,1308.2700,-0.5892
32.2709,3064.1926,1136.2396,34.0596,1811.5098,1308.2668,-0.5876
32.2803,3065.0924,1136.8233,34.0596,1811.5159,1308.2535,-0.5727
32.2904,3065.9894,1137.4399,34.0596,1811.5201,1308.2823,-0.5936
32.3004,3066.7845,1138.0123,34.0596,1811.5143,1308.2748,-0.5882
32.3104,3067.4784,1138.5913,34.0596,1811.5130,1308.2568,-0.5745
32.3208,3068.2244,1139.1755,34.0596,1811.5305,1308.2872,-0.5944
32.3311,3068.9739,1139.7381,34.0596,1811.5122,1308.2581,-0.5737
32.3408,3069.7906,1140.2856,34.0596,1811.5114,1308.2603,-0.5687
32.3510,3070.6501,1140.8635,34.0596,1811.5153,1308.2606,-0.5794
32.3609,3071.5466,1141.4813,34.0596,1811.5046,1308.2588,-0.5742
32.3706,3072.4333,1142.0740,34.0596,1811.5073,1308.2656,-0.5879
32.3804,3073.3596,1142.6887,34.0596,1811.5268,1308.2565,-0.5887
32.3902,3074.1759,1143.2419,34.0596,1811.5145,1308.2827,-0.6035
32.4022,3074.9607,1143.7718,34.0596,1811.5123,1308.2603,-0.5869
32.4105,3075.7362,1144.3381,34.0596,1811.5215,1308.2625,-0.5796
32.4219,3076.5286,1144.8957,34.0596,1811.5209,1308.2797,-0.5973
32.4317,3077.3578,1145.4586,34.0596,1811.5106,1308.2584,-0.5705
32.4404,3078.2755,1146.0283,34.0596,1811.5118,1308.2745,-0.5804
32.4502,3079.1859,1146.6668,34.0596,1811.5194,1308.2670,-0.5806
32.4604,3080.0925,1147.3162,34.0596,1811.5059,1308.2661,-0.5738
32.4703,3080.9850,1147.8962,34.0596,1811.5126,1308.2659,-0.5831
32.4812,3081.7935,1148.4609,34.0596,1811.5192,1308.2608,-0.5791
32.4907,3082.6102,1148.9847,34.0596,1811.5103,1308.2755,-0.5968
32.5006,3083.4353,1149.4786,34.0596,1811.5164,1308.2508,-0.5831
32.5103,3084.2769,1150.0407,34.0596,1811.5336,1308.2656,-0.5881
32.5203,3085.1757,1150.5831,34.0596,1811.5215,1308.2728,-0.5966
32.5303,3086.0544,1151.1539,34.0596,1811.5154,1308.2525,-0.5729
32.5408,3086.9688,1151.7508,34.0596,1811.5269,1308.2811,-0.5891
32.5508,3087.7758,1152.3475,34.0596,1811.5095,1308.2629,-0.5667
32.5601,3088.5194,1152.8988,34.0596,1811.4929,1308.2591,-0.5567
32.5706,3089.2443,1153.4096,34.0596,1811.5169,1308.2682,-0.5854
32.5813,3090.0088,1153.8892,34.0596,1811.5211,1308.2612,-0.5713
32.5919,3090.8337,1154.3810,34.0596,1811.5068,1308.2659,-0.5924
32.6006,3091.6725,1154.9310,34.0596,1811.5314,1308.2570,-0.5923
32.6117,3092.5553,1155.5300,34.0596,1811.5241,1308.2739,-0.5993
32.6204,3093.4294,1156.0908,34.0596,1811.5170,1308.2601,-0.5895
32.6306,3094.3184,1156.6906,34.0596,1811.5294,1308.2582,-0.5808
32.6419,3095.1123,1157.2849,34.0596,1811.5192,1308.2739,-0.5871
32.6510,3095.8070,1157.8237,34.0596,1811.5120,1308.2427,-0.5634
32.6608,3096.4940,1158.3886,34.0596,1811.5139,1308.2728,-0.5855
32.6703,3097.1921,1158.8998,34.0596,1811.5087,1308.2658,-0.5694
32.6807,3097.9441,1159.4069,34.0596,1811.5032,1308.2538,-0.5678
32.6905,3098.7594,1159.9277,34.0596,1811.5236,1308.2697,-0.5906
32.7003,3099.6366,1160.4940,34.0596,1811.5215,1308.2556,-0.5785
32.7106,3100.5507,1161.1522,34.0596,1811.5059,1308.2621,-0.5884
32.7206,3101.4847,1161.8193,34.0596,1811.5309,1308.2592,-0.5951
32.7304,3102.3224,1162.4586,34.0596,1811.5219,1308.2607,-0.5839
32.7404,3103.0707,1163.0317,34.0596,1811.5067,1308.2617,-0.5863
32.7507,3103.8165,1163.5611,34.0596,1811.5153,1308.2491,-0.5697
32.7606,3104.5204,1164.1370,34.0596,1811.5168,1308.2583,-0.5809
32.7702,3105.2546,1164.6843,34.0596,1811.5118,1308.2538,-0.5714
32.7817,3106.0674,1165.2099,34.0596,1811.5068,1308.2615,-0.5826
32.7908,3106.9407,1165.7671,34.0596,1811.5131,1308.2626,-0.5967
32.8010,3107.8298,1166.4191,34.0596,1811.5231,1308.2566,-0.5812
32.8101,3108.7654,1167.1274,34.0596,1811.5195,1308.2824,-0.5902
32.8202,3109.6237,1167.8255,34.0596,1811.5181,1308.2540,-0.5774
32.8311,3110.4392,1168.4441,34.0596,1811.5253,1308.2637,-0.5825
32.8408,3111.2054,1169.0078,34.0596,1811.5123,1308.2628,-0.5807
32.8512,3112.0044,1169.5004,34.0596,1811.5143,1308.2420,-0.5707
32.8603,3112.8483,1170.0574,34.0596,1811.5234,1308.2676,-0.5891
32.8703,3113.6932,1170.6275,34.0596,1811.5236,1308.2646,-0.5802
32.8809,3114.5593,1171.2238,34.0596,1811.5103,1308.2639,-0.5742
32.8909,3115.4309,1171.8339,34.0596,1811.5225,1308.2608,-0.5894
32.9007,3116.2686,1172.4567,34.0596,1811.5148,1308.2626,-0.5737
32.9107,3117.0121,1173.0554,34.0596,1811.5111,1308.2646,-0.5734
32.9200,3117.7699,1173.5820,34.0596,1811.5258,1308.2466,-0.5724
32.9310,3118.5336,1174.0976,34.0596,1811.5159,1308.2620,-0.5826
32.9403,3119.3778,1174.6514,34.0596,1811.5175,1308.2600,-0.5834
32.9503,3120.2494,1175.2277,34.0596,1811.5198,1308.2564,-0.5700
32.9613,3121.1481,1175.8295,34.0596,1811.5187,1308.2662,-0.5918
32.9703,3122.0431,1176.4196,34.0596,1811.5170,1308.2443,-0.5757
32.9802,3122.9281,1177.0833,35.7351,1811.5154,1308.2703,-0.5796
32.9905,3123.7302,1177.7672,35.7298,1811.5210,1308.2586,-0.5862
33.0013,3124.5238,1178.4230,35.7240,1811.5216,1308.2581,-0.5733
33.0121,3125.2794,1178.9947,35.7533,1811.5182,1308.2722,-0.5802
33.0204,3126.0791,1179.4861,35.7885,1811.5219,1308.2532,-0.5692
33.0307,3126.8732,1180.0391,35.6734,1811.5212,1308.2744,-0.5858
33.0405,3127.6630,1180.8549,35.0898,1811.5077,1308.2617,-0.5785
33.0506,3128.5785,1181.4274,34.3003,1811.5091,1308.2549,-0.5812
33.0603,3129.1074,1182.0793,33.1819,1811.5216,1308.2747,-0.5983
33.0701,3129.5811,1182.9971,33.1819,1811.5120,1308.2419,-0.5728
33.0805,3130.4822,1183.5380,33.1819,1811.5075,1308.2585,-0.5909
33.0911,3130.9365,1184.4313,33.1819,1811.5286,1308.2635,-0.5897
33.1010,3131.4646,1185.4501,33.1819,1811.5145,1308.2624,-0.5897
33.1103,3132.0815,1185.9488,33.1819,1811.5182,1308.2563,-0.5813
33.1202,3132.1006,1187.2971,33.1819,1811.5267,1308.2620,-0.5714
33.1309,3132.4465,1188.3461,33.1819,1811.5009,1308.2786,-0.5826
33.1405,3133.2812,1188.8973,33.1819,1811.5087,1308.2444,-0.5527
33.1502,3133.9578,1189.8638,33.1819,1811.5128,1308.2670,-0.5688
33.1616,3134.7782,1190.6379,33.1819,1811.5121,1308.2572,-0.5753
33.1723,3135.7501,1191.1913,33.1819,1811.5051,1308.2328,-0.5586
33.1812,3136.8115,1191.5229,33.1819,1811.5256,1308.2661,-0.5986
33.1904,3137.8497,1191.6001,33.1819,1811.5263,1308.2603,-0.5856
33.2005,3138.7913,1191.7801,33.1819,1811.5081,1308.2615,-0.5853
33.2114,3139.6252,1192.1774,33.1819,1811.5295,1308.2682,-0.5895
33.2202,3140.5109,1192.5903,33.1819,1811.5137,1308.2625,-0.5859
33.2306,3141.4104,1192.9632,33.1819,1811.5091,1308.2708,-0.5903
33.2407,3142.3367,1193.2693,33.1819,1811.5196,1308.2512,-0.5772
33.2504,3143.2419,1193.5862,33.1819,1811.5160,1308.2660,-0.5781
33.2606,3144.1080,1193.9273,33.1819,1811.5013,1308.2440,-0.5711
33.2705,3144.9442,1194.2085,33.1819,1811.5126,1308.2398,-0.5629
33.2804,3145.7950,1194.4937,33.1819,1811.5126,1308.2666,-0.5859
33.2904,3146.7050,1194.7282,33.1819,1811.5158,1308.2474,-0.5650
33.3005,3147.6134,1195.0322,33.1819,1811.5186,1308.2679,-0.5822
33.3105,3148.4998,1195.3661,33.1819,1811.5208,1308.2586,-0.5901
33.3203,3149.3878,1195.7445,33.1819,1811.5310,1308.2703,-0.5903
33.3305,3150.3380,1196.0887,33.1819,1811.5195,1308.2661,-0.5969
33.3414,3151.3268,1196.4604,33.1819,1811.5251,1308.2433,-0.5809
33.3511,3152.3263,1196.8370,33.1819,1811.5189,1308.2775,-0.5983
33.3606,3153.3361,1197.1846,33.1819,1811.5048,1308.2511,-0.5718
33.3704,3154.2981,1197.4789,33.1819,1811.5027,1308.2486,-0.5661
33.3808,3155.1996,1197.7700,33.1819,1811.5176,1308.2862,-0.6046
33.3906,3156.0364,1198.0684,33.1819,1811.5154,1308.2536,-0.5770
33.4008,3156.8978,1198.3894,33.1819,1811.5168,1308.2650,-0.5829
33.4104,3157.7827,1198.7295,33.1819,1811.5319,1308.2625,-0.5855
33.4204,3158.6857,1199.0571,33.1819,1811.5200,1308.2582,-0.5827
33.4309,3159.6711,1199.4063,33.1819,1811.5137,1308.2530,-0.5800
33.4407,3160.7228,1199.8097,33.1819,1811.5153,1308.2472,-0.5715
33.4524,3161.7659,1200.1741,33.1819,1811.4999,1308.2714,-0.5936
33.4619,3162.7651,1200.4600,33.1819,1811.5103,1308.2547,-0.5748
33.4704,3163.6729,1200.7259,33.1819,1811.5145,1308.2800,-0.5783
33.4805,3164.5946,1201.0236,33.1819,1811.5129,1308.2735,-0.5870
33.4902,3165.4757,1201.3608,33.1819,1811.5197,1308.2591,-0.5762
33.5016,3166.3997,1201.7250,33.1819,1811.5203,1308.2730,-0.5947
33.5106,3167.3517,1202.0590,33.1819,1811.5164,1308.2511,-0.5799
33.5205,3168.3358,1202.4435,33.1819,1811.5174,1308.2568,-0.5790
33.5303,3169.3732,1202.7994,33.1819,1811.5167,1308.2574,-0.5869
33.5422,3170.3654,1203.1934,33.1819,1811.5178,1308.2615,-0.5844
33.5523,3171.3037,1203.5122,33.1819,1811.5053,1308.2808,-0.5954
33.5615,3172.1882,1203.7976,33.1819,1811.5190,1308.2564,-0.5825
33.5704,3173.0820,1204.0835,33.1819,1811.5081,1308.2729,-0.5908
33.5803,3173.9282,1204.4189,33.1819,1811.5127,1308.2632,-0.5852
33.5900,3174.8256,1204.7827,33.1819,1811.5195,1308.2457,-0.5662
33.6003,3175.8110,1205.1308,33.1819,1811.5219,1308.2787,-0.5931
33.6106,3176.8412,1205.5090,33.1819,1811.5181,1308.2607,-0.5762
33.6213,3177.9076,1205.9056,33.1819,1811.5073,1308.2687,-0.5764
33.6303,3178.8912,1206.2953,33.1819,1811.5170,1308.2722,-0.5811
33.6407,3179.8079,1206.6100,33.1819,1811.5156,1308.2693,-0.5836
33.6513,3180.6785,1206.8903,33.1819,1811.5053,1308.2592,-0.5822
33.6606,3181.5773,1207.1718,33.1819,1811.5106,1308.2458,-0.5783
33.6707,3182.4697,1207.5376,33.1819,1811.5177,1308.2689,-0.5944
33.6803,3183.3368,1207.8810,33.1819,1811.5053,1308.2443,-0.5779
33.6905,3184.2716,1208.2599,33.1819,1811.5193,1308.2553,-0.5825
33.7009,3185.2992,1208.6332,33.1819,1811.5172,1308.2866,-0.5997
33.7113,3186.3516,1208.9924,33.1819,1811.4999,1308.2437,-0.5573
33.7202,3187.3135,1209.3369,33.1819,1811.5012,1308.2695,-0.5818
33.7308,3188.1478,1209.6272,33.1819,1811.5231,1308.2565,-0.5854
33.7402,3188.9675,1209.8749,33.1819,1811.5083,1308.2575,-0.5885
33.7506,3189.8619,1210.1475,33.1819,1811.5128,1308.2592,-0.5972
33.7601,3190.7400,1210.5042,33.1819,1811.5323,1308.2558,-0.5940
33.7705,3191.6858,1210.8768,33.1819,1811.5199,1308.2676,-0.5980
33.7814,3192.6707,1211.2624,33.1819,1811.5150,1308.2551,-0.5731
33.7905,3193.7279,1211.6017,33.1819,1811.5098,1308.2654,-0.5756
33.8007,3194.7721,1211.9417,33.1819,1811.4979,1308.2620,-0.5748
33.8105,3195.7235,1212.2964,33.1819,1811.5023,1308.2443,-0.5683
33.8207,3196.5818,1212.6102,33.1819,1811.5010,1308.2641,-0.5838
33.8307,3197.4253,1212.9109,33.1819,1811.5181,1308.2561,-0.5785
33.8403,3198.3157,1213.2188,33.1819,1811.5114,1308.2692,-0.6002
33.8507,3199.2179,1213.5491,33.1819,1811.5153,1308.2565,-0.5923
33.8604,3200.1213,1213.9269,33.1819,1811.5176,1308.2606,-0.5742
33.8708,3201.0890,1214.3073,33.1819,1811.5121,1308.2807,-0.5889
33.8813,3202.0994,1214.7030,33.1819,1811.5179,1308.2547,-0.5606
33.8907,3203.0798,1215.0766,33.1819,1811.5171,1308.2766,-0.5885
33.9005,3203.9337,1215.3990,33.1819,1811.5131,1308.2693,-0.5896
33.9108,3204.7250,1215.6854,33.1819,1811.5193,1308.2404,-0.5746
33.9204,3205.4590,1215.9171,33.1819,1811.5135,1308.2659,-0.5888
33.9303,3206.3635,1216.2537,33.1819,1811.5181,1308.2573,-0.5854
33.9404,3207.2855,1216.6193,33.1819,1811.5063,1308.2640,-0.5843
33.9507,3208.2833,1216.9760,33.1819,1811.5045,1308.2513,-0.5737
33.9606,3209.3580,1217.3612,33.1819,1811.5071,1308.2605,-0.5736
33.9706,3210.3773,1217.7225,33.1819,1811.4999,1308.2671,-0.5814
33.9804,3211.2688,1218.0591,33.1819,1811.5125,1308.2551,-0.5777
33.9901,3212.0747,1218.3444,33.1819,1811.5099,1308.2764,-0.5964
34.0003,3212.8624,1218.6029,33.1819,1811.5233,1308.2546,-0.5788
34.0115,3213.7106,1218.9208,33.1819,1811.5168,1308.2560,-0.5887
34.0204,3214.6251,1219.2605,33.1819,1811.5193,1308.2629,-0.5868
34.0306,3215.4729,1219.5770,33.1819,1811.5120,1308.2559,-0.5830
34.0403,3216.4415,1219.9126,33.1819,1811.5114,1308.2720,-0.5907
34.0507,3217.4926,1220.2895,33.1819,1811.5048,1308.2637,-0.5786
34.0602,3218.5176,1220.6708,33.1819,1811.5029,1308.2709,-0.5809
34.0706,3219.4270,1220.9780,33.1819,1811.5043,1308.2689,-0.5805
34.0812,3220.2474,1221.2751,33.1819,1811.5190,1308.2567,-0.5781
34.0914,3221.0472,1221.5695,33.1819,1811.5052,1308.2754,-0.5842
34.1001,3221.8795,1221.9144,33.1819,1811.5067,1308.2430,-0.5798
34.1113,3222.7565,1222.2079,33.1819,1811.5216,1308.2624,-0.5865
34.1212,3223.6696,1222.5244,33.1819,1811.5176,1308.2769,-0.5966
34.1310,3224.6520,1222.9269,33.1819,1811.5135,1308.2598,-0.5785
34.1412,3225.7396,1223.3250,33.1819,1811.5132,1308.2713,-0.5925
34.1508,3226.7794,1223.6724,33.1819,1811.5192,1308.2632,-0.5861
34.1607,3227.6902,1224.0076,33.1819,1811.5065,1308.2601,-0.5740
34.1707,3228.4712,1224.3036,33.1819,1811.5124,1308.2548,-0.5726
34.1803,3229.2982,1224.6389,33.1819,1811.5120,1308.2623,-0.5819
34.1901,3230.1704,1224.9888,33.1819,1811.5013,1308.2657,-0.5857
34.2007,3231.0623,1225.3240,33.1819,1811.5129,1308.2570,-0.5776
34.2106,3232.0701,1225.6626,33.1819,1811.5108,1308.2768,-0.5923
34.2200,3233.1154,1226.0386,33.1819,1811.5030,1308.2502,-0.5792
34.2303,3234.1848,1226.4462,33.1819,1811.5014,1308.2547,-0.5753
34.2401,3235.2150,1226.8076,33.1819,1811.5214,1308.2745,-0.5990
34.2501,3236.1399,1227.0935,33.1819,1811.5141,1308.2524,-0.5843
34.2610,3236.9847,1227.4286,33.1819,1811.5146,1308.2657,-0.5916
34.2713,3237.8092,1227.7713,33.1819,1811.5127,1308.2576,-0.5919
34.2802,3238.7041,1228.1260,33.1819,1811.5045,1308.2577,-0.5845
34.2904,3239.6091,1228.4425,33.1819,1811.5039,1308.2698,-0.5886
34.3013,3240.5504,1228.7844,33.1819,1811.5117,1308.2556,-0.5728
34.3124,3241.6019,1229.2100,33.1819,1811.5083,1308.2776,-0.5849
34.3209,3242.6696,1229.6018,33.1819,1811.5120,1308.2558,-0.5706
34.3306,3243.7037,1229.9745,33.1819,1811.5126,1308.2686,-0.5762
34.3407,3244.6663,1230.2836,33.1819,1811.5128,1308.2600,-0.5840
34.3508,3245.5110,1230.6422,33.1819,1811.5107,1308.2513,-0.5839
34.3605,3246.3516,1230.9965,33.1819,1811.5114,1308.2646,-0.5889
34.3701,3247.2556,1231.3710,33.1819,1811.5168,1308.2534,-0.5749
34.3806,3248.1986,1231.6857,33.1819,1811.5081,1308.2550,-0.5760
34.3906,3249.1776,1232.0427,33.1819,1811.5081,1308.2682,-0.5853
34.4003,3250.2070,1232.4571,33.1819,1811.5150,1308.2729,-0.5849
34.4104,3251.2286,1232.8137,33.1819,1811.5074,1308.2740,-0.5873
34.4213,3252.2104,1233.1161,33.1819,1811.5236,1308.2521,-0.5763
34.4306,3253.1270,1233.4470,33.1819,1811.5172,1308.2733,-0.5813
34.4399,3253.9442,1233.8164,33.1819,1811.5125,1308.2737,-0.5816
34.4516,3254.8497,1234.1860,33.1819,1811.5143,1308.2573,-0.5869
34.4616,3255.7804,1234.5222,33.1819,1811.5036,1308.2643,-0.5960
34.4706,3256.7223,1234.8438,33.1819,1811.5155,1308.2544,-0.5758
34.4810,3257.7117,1235.2278,33.1819,1811.5114,1308.2670,-0.5871
34.4900,3258.7537,1235.6240,33.1819,1811.5095,1308.2637,-0.5954
34.5001,3259.7567,1235.9676,33.1819,1811.5156,1308.2558,-0.5738
34.5103,3260.6471,1236.2780,33.1819,1811.5072,1308.2733,-0.6049
34.5201,3261.4832,1236.6021,33.1819,1811.5238,1308.2560,-0.5763
34.5308,3262.2969,1237.0031,33.1819,1811.5131,1308.2744,-0.5935
34.5405,3263.1312,1237.3307,33.1819,1811.5187,1308.2691,-0.5842
34.5505,3263.9657,1237.6452,33.1819,1811.5166,1308.2589,-0.5731
34.5613,3264.9233,1237.9500,33.1819,1811.5128,1308.2691,-0.5920
34.5708,3265.9630,1238.3444,33.1819,1811.5235,1308.2595,-0.5840
34.5802,3267.0576,1238.7128,33.1819,1811.5179,1308.2728,-0.6025
34.5901,3268.0588,1239.0570,33.1819,1811.5160,1308.2543,-0.5807
34.6017,3268.9288,1239.3724,33.1819,1811.5168,1308.2703,-0.5997
34.6122,3269.7793,1239.7083,33.1819,1811.5052,1308.2662,-0.5856
34.6204,3270.5459,1240.0904,33.1819,1811.5096,1308.2446,-0.5722
34.6316,3271.3844,1240.4932,33.1819,1811.5129,1308.2772,-0.5879
34.6403,3272.2540,1240.8063,33.1819,1811.5056,1308.2635,-0.5866
34.6502,3273.2188,1241.1265,33.1819,1811.5095,1308.2667,-0.5852
34.6605,3274.2285,1241.5314,33.1819,1811.5164,1308.2731,-0.5864
34.6704,3275.2893,1241.9341,33.1819,1811.5061,1308.2642,-0.5835
34.6804,3276.3103,1242.3163,33.1819,1811.5244,1308.2763,-0.5964
34.6903,3277.2499,1242.6614,33.1819,1811.5285,1308.2612,-0.5883
34.7017,3278.1254,1243.0588,33.1819,1811.5240,1308.2708,-0.5900
34.7114,3278.9977,1243.4180,33.1819,1811.5042,1308.2679,-0.5936
34.7209,3279.9268,1243.7299,33.1819,1811.5117,1308.2563,-0.5733
34.7317,3280.8875,1244.0315,33.1819,1811.5043,1308.2740,-0.5856
34.7414,3281.9071,1244.4178,33.1819,1811.5024,1308.2606,-0.5683
34.7508,3282.9023,1244.8442,33.1819,1811.5002,1308.2629,-0.5724
34.7615,3283.6248,1244.9523,33.1819,1811.5045,1308.2649,-0.5895
34.7707,3284.6085,1245.3652,33.1819,1811.5093,1308.2613,-0.5774
34.7807,3285.5001,1245.6954,33.1819,1811.5003,1308.2687,-0.5831
34.7905,3286.4695,1246.0740,33.1819,1811.5154,1308.2498,-0.5835
34.8007,3287.4249,1246.4860,33.1819,1811.5132,1308.2715,-0.5848
34.8105,3288.4789,1246.8886,33.1819,1811.5117,1308.2663,-0.5859
34.8206,3289.3519,1247.0892,33.1819,1811.5153,1308.2613,-0.5697
34.8306,3290.3877,1247.5145,33.1819,1811.5165,1308.2750,-0.5883
34.8406,3291.3354,1247.9031,33.1819,1811.5085,1308.2434,-0.5595
34.8504,3292.3048,1248.4064,33.1819,1811.5048,1308.2653,-0.5747
34.8603,3293.2565,1248.8369,33.1819,1811.5181,1308.2610,-0.5805
34.8706,3294.2002,1249.2532,33.1819,1811.4994,1308.2596,-0.5715
34.8808,3295.1628,1249.6148,33.1819,1811.5074,1308.2656,-0.5776
34.8906,3296.0430,1249.8122,33.1819,1811.5186,1308.2684,-0.5926
34.9020,3297.0883,1250.2350,33.1819,1811.5067,1308.2657,-0.5840
34.9123,3298.1534,1250.6552,33.1819,1811.5104,1308.2543,-0.5769
34.9202,3299.1919,1251.1045,33.1819,1811.5129,1308.2679,-0.5926
34.9308,3300.1254,1251.5435,33.1819,1811.5059,1308.2552,-0.5880
34.9408,3301.0115,1251.8802,33.1819,1811.5189,1308.2473,-0.5776
34.9510,3301.8546,1252.2425,33.1819,1811.5108,1308.2778,-0.6052
34.9604,3302.6501,1252.5903,33.1819,1811.5167,1308.2598,-0.5755
34.9702,3303.4865,1252.9861,33.1819,1811.5107,1308.2716,-0.5704
34.9809,3304.1401,1253.0765,33.1819,1811.5063,1308.2795,-0.5840
34.9902,3305.1270,1253.4626,33.1819,1811.5062,1308.2630,-0.5705
35.0003,3306.1542,1253.8445,33.1819,1811.5082,1308.2708,-0.5902
35.0106,3307.2104,1254.2734,33.1819,1811.5218,1308.2604,-0.5730
35.0201,3308.0684,1254.5521,33.1819,1811.5114,1308.2619,-0.5910
35.0307,3308.9822,1254.9203,33.1819,1811.5112,1308.2533,-0.5870
35.0421,3309.8627,1255.2915,33.1819,1811.5228,1308.2512,-0.5737
35.0517,3310.7139,1255.6652,33.1819,1811.5067,1308.2770,-0.5892
35.0614,3311.5273,1256.0143,33.1819,1811.5125,1308.2678,-0.5760
35.0710,3312.3059,1256.2170,33.1819,1811.5182,1308.2874,-0.5943
35.0808,3313.3308,1256.5987,33.1819,1811.5137,1308.2743,-0.5892
35.0903,3314.3896,1256.9927,33.1819,1811.5051,1308.2644,-0.5813
35.1004,3315.6000,1257.4659,33.1819,1811.5030,1308.2661,-0.5938
35.1104,3316.5305,1257.7759,33.1819,1811.5140,1308.2520,-0.5829
35.1205,3317.4783,1258.1879,33.1819,1811.5006,1308.2581,-0.5802
35.1316,3318.4026,1258.5521,33.1819,1811.5114,1308.2496,-0.5702
35.1401,3319.3098,1258.9374,33.1819,1811.5102,1308.2686,-0.5786
35.1505,3320.2880,1259.3066,33.1819,1811.5063,1308.2744,-0.5896
35.1605,3321.2330,1259.5874,33.1819,1811.5095,1308.2570,-0.5715
35.1709,3322.3262,1260.0381,33.1819,1811.5132,1308.2800,-0.5916
35.1804,3323.4104,1260.4557,33.1819,1811.5120,1308.2673,-0.5839
35.1914,3324.4335,1260.8821,33.1819,1811.5101,1308.2562,-0.5750
35.2009,3325.3412,1261.1995,33.1819,1811.5104,1308.2688,-0.5898
35.2104,3326.1764,1261.5493,33.1819,1811.5192,1308.2574,-0.5776
35.2207,3326.9977,1261.8782,33.1819,1811.4961,1308.2685,-0.5920
35.2304,3327.8300,1262.2325,33.1819,1811.5117,1308.2673,-0.5903
35.2407,3328.6840,1262.5876,33.1819,1811.5023,1308.2734,-0.5896
35.2523,3329.6277,1262.8716,33.1819,1811.5060,1308.2720,-0.5838
35.2613,3330.6412,1263.2651,33.1819,1811.5245,1308.2597,-0.5781
35.2705,3331.7397,1263.6951,33.1819,1811.5098,1308.2709,-0.5916
35.2802,3332.7292,1264.1550,33.1819,1811.5056,1308.2498,-0.5741
35.2902,3333.5791,1264.4631,33.1819,1811.5173,1308.2665,-0.5810
35.3002,3334.4679,1264.8480,33.1819,1811.5140,1308.2739,-0.5941
35.3104,3335.3220,1265.2092,33.1819,1811.5093,1308.2630,-0.5697
35.3201,3336.2147,1265.5445,33.1819,1811.5039,1308.2784,-0.5872
35.3308,3337.1329,1265.8698,33.1819,1811.5112,1308.2596,-0.5597
35.3407,3338.1251,1266.2465,33.1819,1811.5054,1308.2649,-0.5752
35.3513,3339.1566,1266.6548,33.1819,1811.5110,1308.2642,-0.5853
35.3612,3340.0709,1267.0165,33.1819,1811.5168,1308.2578,-0.5785
35.3715,3341.0078,1267.4466,33.1819,1811.5186,1308.2737,-0.5985
35.3804,3341.8309,1267.7970,33.1819,1811.5139,1308.2594,-0.5866
35.3904,3342.6678,1268.1320,33.1819,1811.5073,1308.2732,-0.5947
35.4004,3343.4623,1268.4653,33.1819,1811.5162,1308.2689,-0.5833
35.4106,3344.2605,1268.7381,33.1819,1811.5008,1308.2606,-0.5726
35.4204,3345.1592,1269.1292,33.1819,1811.4996,1308.2605,-0.5794
35.4307,3346.1881,1269.4775,33.1819,1811.5182,1308.2576,-0.5687
35.4402,3347.2446,1269.8684,33.1819,1811.5036,1308.2734,-0.5928
35.4505,3348.2920,1270.2831,33.1819,1811.5189,1308.2601,-0.5721
35.4604,3349.2114,1270.7126,33.1819,1811.5219,1308.2673,-0.5870
35.4704,3350.1116,1271.1077,33.1819,1811.5215,1308.2726,-0.5963
35.4811,3350.9204,1271.4728,33.1819,1811.5154,1308.2544,-0.5663
35.4902,3351.7709,1271.8170,33.1819,1811.5176,1308.2737,-0.5943
35.5011,3352.6034,1272.0753,33.1819,1811.5172,1308.2682,-0.5878
35.5104,3353.5063,1272.4482,33.1819,1811.5109,1308.2561,-0.5826
35.5207,3354.4707,1272.7548,33.1819,1811.5146,1308.2695,-0.5914
35.5310,3355.5100,1273.1622,33.1819,1811.5213,1308.2599,-0.5856
35.5411,3356.5017,1273.5590,33.1819,1811.5098,1308.2643,-0.5905
35.5511,3357.4673,1273.9890,33.1819,1811.5118,1308.2666,-0.5793
35.5603,3358.3800,1274.4062,33.1819,1811.5094,1308.2758,-0.5836
35.5708,3359.2626,1274.7611,33.1819,1811.5060,1308.2669,-0.5839
35.5809,3360.1095,1275.1035,33.1819,1811.5065,1308.2664,-0.5758
35.5903,3361.0254,1275.4626,33.1819,1811.5140,1308.2847,-0.6061
35.6003,3361.9865,1275.8159,33.1819,1811.5189,1308.2607,-0.5943
35.6104,3363.0042,1276.1888,33.1819,1811.5105,1308.2635,-0.5909
35.6200,3364.0668,1276.5840,33.1819,1811.5244,1308.2679,-0.5945
35.6303,3365.0502,1277.0236,33.1819,1811.5217,1308.2683,-0.5855
35.6404,3365.9673,1277.4590,33.1819,1811.5110,1308.2769,-0.5820
35.6507,3366.8367,1277.8743,33.1819,1811.5027,1308.2686,-0.5741
35.6603,3367.7076,1278.2388,33.1819,1811.4969,1308.2754,-0.5893
35.6712,3368.5714,1278.5895,33.1819,1811.4989,1308.2639,-0.5810
35.6807,3369.4958,1278.8779,33.1819,1811.5124,1308.2612,-0.5839
35.6904,3370.4915,1279.2246,33.1819,1811.5198,1308.2702,-0.6018
35.7002,3371.5587,1279.6060,33.1819,1811.5171,1308.2516,-0.5813
35.7102,3372.5347,1280.0360,33.1819,1811.5070,1308.2606,-0.5784
35.7209,3373.5101,1280.5065,33.1819,1811.5116,1308.2717,-0.5908
35.7307,3374.4309,1280.9717,33.1819,1811.5022,1308.2604,-0.5752
35.7401,3375.3901,1281.3575,33.1819,1811.4926,1308.2584,-0.5752
35.7515,3376.3007,1281.7122,33.1819,1811.5048,1308.2708,-0.5876
35.7616,3377.2357,1282.0397,33.1819,1811.5136,1308.2748,-0.5944
35.7702,3378.2581,1282.3565,33.1819,1811.5075,1308.2559,-0.5865
35.7800,3379.1925,1282.7427,33.1819,1811.5234,1308.2597,-0.5811
35.7905,3380.1466,1283.1255,33.1819,1811.5092,1308.2654,-0.5823
35.8001,3381.0537,1283.5433,33.1819,1811.5024,1308.2444,-0.5572
35.8114,3381.9463,1283.9189,33.1819,1811.4979,1308.2635,-0.5759
35.8233,3382.8790,1284.3271,33.1819,1811.5081,1308.2632,-0.5724
35.8314,3383.7949,1284.6921,33.1819,1811.5069,1308.2636,-0.5874
35.8406,3384.6810,1285.0474,22.4329,1811.5212,1308.2740,-0.5898
35.8503,3385.5857,1285.4515,22.4451,1811.5103,1308.2638,-0.5867
35.8601,3386.6064,1285.7748,22.4801,1811.4982,1308.2576,-0.5901
35.8700,3387.5770,1286.1193,22.4576,1811.5146,1308.2509,-0.5785
35.8808,3388.6309,1286.6026,22.1373,1811.4996,1308.2540,-0.5784
35.8903,3389.8221,1287.2714,22.1373,1811.4913,1308.2591,-0.5855
35.9012,3390.8483,1287.6583,22.1373,1811.5104,1308.2582,-0.5753
35.9106,3391.5983,1288.3611,22.1373,1811.5093,1308.2853,-0.5916
35.9204,3392.5934,1289.0521,22.1373,1811.5176,1308.2548,-0.5845
35.9304,3393.6578,1289.4166,22.1373,1811.5074,1308.2636,-0.5735
35.9409,3394.3499,1290.4767,22.1373,1811.5113,1308.2590,-0.5828
35.9511,3395.0272,1291.2768,22.1373,1811.5081,1308.2483,-0.5613
35.9612,3395.7751,1292.0902,22.1373,1811.5075,1308.2627,-0.5838
35.9725,3396.5908,1292.9177,22.1373,1811.5179,1308.2613,-0.5701
35.9818,3397.5110,1293.4144,22.1373,1811.5126,1308.2794,-0.5894
35.9902,3398.4664,1293.7568,22.1373,1811.5112,1308.2722,-0.5831
36.0010,3399.3190,1293.9315,22.1373,1811.5152,1308.2589,-0.5762
36.0119,3400.1593,1294.0449,22.1373,1811.5083,1308.2819,-0.5965
36.0205,3400.9208,1294.2125,12.4505,1811.5026,1308.2470,-0.5640
